Form,Section,Variable,Question,Answer Options,Definition,Completion Guideline,Form Translation Reviewers,Section Translation Reviewers,Question Translation Reviewers,Definition Translation Reviewers,Completion Guideline Translation Reviewers,Answer Options Translation Reviewers
apresentação,,subjid,Número de identificação do participante (PIN),,O número de identificação do participante ou o PIN é um número exclusivo usado para identificar os dados do paciente (participante).,Escreva o número de identificação do participante (PIN).,0,,0,0,0,
apresentação,CRITÉRIOS DE INCLUSÃO,inclu_disease,Infecção suspeita ou confirmada,,Isso se refere a qualquer infecção suspeita ou confirmada.,"Se houver suspeita de mais de uma infecção, selecione a mais provável e complete a seção de teste de patógenos com confirmação de laboratório.",0,0,0,0,0,
apresentação,CRITÉRIOS DE INCLUSÃO,inclu_reason,A infecção suspeita ou confirmada é o motivo da entrada hospitalar?,"1, Sim | 0, Não | 99, Desconhecido",Isso refere -se a se a infecção suspeita ou confirmada com o patógeno de interesse se o motivo (indicação) para a admissão hospitalar.,"Indique 'sim' se suspeita ou confirmada infecção com o patógeno de interesse, se o motivo (indicação) para a admissão hospitalar. Indique 'não' se a infecção suspeita ou confirmada com o patógeno de interesse não for o motivo (indicação) para a admissão hospitalar.",0,0,0,0,0,0
apresentação,CRITÉRIOS DE INCLUSÃO,inclu_case,Status do caso,"1, Confirmado | 2, Provável | 3, Suspeito | 4, Descartado | 5, Erro","Confirmado refere-se a um caso confirmado em laboratório e que pode cumprir os critérios clínicos descritos na definição do caso. Provável refere-se a uma doença clinicamente compatível que está epidemiologicamente ligada a um caso confirmado sem confirmação laboratorial de infecção pelo patógeno de interesse. Suspeito refere-se a uma doença clinicamente compatível sem ligação epidemiológica ou confirmação laboratorial. Descartado refere-se a um paciente com um teste laboratorial negativo e que não cumpriu os critérios para um caso suspeito, provável ou confirmado. ","Selecione a opção mais adequada que representa o status do caso. ",0,0,0,0,0,0
apresentação,CRITÉRIOS DE INCLUSÃO,inclu_testreason,Razão pela qual o paciente foi testado,"1, Sintomático | 2, Assintomático, contato rastreado | 3, Assintomático, campanha de testagem em massa | 4, Não testado",Isso se refere à razão pela qual o paciente foi testado para o patógeno de interesse.,Selecione a opção mais apropriada que corresponde ao motivo pelo qual o paciente foi testado para o patógeno de interesse.,0,0,0,0,0,0
apresentação,CRITÉRIOS DE INCLUSÃO,inclu_testreason_otth,Especifique outro motivo,,Refere-se ao motivo pelo qual o paciente foi testado para o patógeno de interesse.,Selecione a opção mais adequada que corresponde ao motivo pelo qual o paciente foi testado para o patógeno de interesse.,0,0,0,0,0,
apresentação,CRITÉRIOS DE INCLUSÃO,inclu_consentdes,Consentimento,,,,0,0,0,,,
apresentação,CRITÉRIOS DE INCLUSÃO,inclu_consent,O participante (ou seu representante) forneceu consentimento para participar deste estudo.,"1, Sim | 0, Não, o participante não concordou em participar do estudo | 2, Não, o comitê de ética aprovou uma isenção de consentimento | 99, Desconhecido",Isso se refere ao fornecimento de consentimento informado pelo paciente ou seu representante para participação neste estudo.,Indique 'sim' se o paciente ou seu representante tiver fornecido seu consentimento informado para a participação neste estudo.,0,0,0,0,0,0
apresentação,CRITÉRIOS DE INCLUSÃO,inclu_consent_date,Data de consentimento,,Isso se refere até o momento em que o consentimento informado foi dado para a inclusão dos participantes neste estudo.,Escreva a data em que o consentimento informado foi dado para a inclusão dos participantes neste estudo. Use formato dd/mm/yyyy.,0,0,0,0,0,
apresentação,CRITÉRIOS DE INCLUSÃO,inclu_consent_who,Consentimento fornecido por,"1, Participante | 2, Pai/mãe/responsável | 3, Consultor | 4, Médico independente",Isso se refere a quem forneceu o consentimento para a participação neste estudo.,Selecione a opção mais apropriada que representa quem forneceu o consentimento para a participação neste estudo.,0,0,0,0,0,0
apresentação,CRITÉRIOS DE INCLUSÃO,inclu_consent_whopg,Se os pais/responsáveis ​​fornecem consentimento: a criança ou jovem dá seu consentimento?,"1, Sim | 0, Não | 2, Não competente","Isso se refere ao consentimento dado por um menor ou adulto que não consegue consentir em seu próprio nome, para participar de um estudo. O consentimento deve ser acompanhado pelo consentimento de um pai ou responsável legal para a participação total no estudo.",Selecione a opção mais apropriada que representa se foi concedido consentimento para a participação neste estudo.,0,0,0,0,0,0
apresentação,CRITÉRIOS DE INCLUSÃO,inclu_consent2des,"Uso secundário dos dados coletados, o participante concordou com as seguintes declarações:",,,,0,0,0,,,
apresentação,CRITÉRIOS DE INCLUSÃO,inclu_consent_secrsch,"Uso futuro de dados pseudonimizados em pesquisas aprovadas eticamente, incluindo pesquisas em outros países","1, Sim | 0, Não",Refere-se ao consentimento para uso secundário futuro de dados pseudonimizados em pesquisas aprovadas eticamente,Esta é uma pergunta opcional de consentimento e não é necessária para a conclusão do restante do CRF.,0,0,0,0,0,0
apresentação,CRITÉRIOS DE INCLUSÃO,inclu_consent_secprod,"Uso futuro de dados pseudonimizados para fabricar testes, tratamentos ou outros produtos, incluindo produtos comerciais","1, Sim | 0, Não","Refere-se ao consentimento para uso secundário futuro de dados pseudonimizados para fabricar testes, tratamentos ou outros produtos, incluindo produtos comerciais",Esta é uma pergunta opcional de consentimento e não é necessária para a conclusão do restante do CRF.,0,0,0,0,0,0
apresentação,CRITÉRIOS DE INCLUSÃO,inclu_consent_secgen,"Uso futuro de dados genéticos pseudonimizados em pesquisas aprovadas eticamente, incluindo pesquisas em outros países","1, Sim | 0, Não",Refere-se ao consentimento para uso secundário futuro de dados genéticos pseudonimizados em pesquisas aprovadas eticamente,Esta é uma pergunta opcional de consentimento e não é necessária para a conclusão do restante do CRF.,0,0,0,0,0,0
apresentação,CRITÉRIOS DE INCLUSÃO,inclu_consentsecsamp,"Uso secundário de amostras coletadas, o participante concordou com as seguintes declarações:",,,,0,0,0,,,
apresentação,CRITÉRIOS DE INCLUSÃO,inclu_consent_secsamprsch,"Uso futuro de amostras pseudonimizadas em pesquisas aprovadas eticamente, incluindo pesquisas em outros países","1, Sim | 0, Não","Refere-se ao consentimento para uso secundário futuro de amostras pseudonimizadas em pesquisas aprovadas eticamente, incluindo pesquisas em outros países",Esta é uma pergunta opcional de consentimento e não é necessária para a conclusão do restante do CRF.,0,0,0,0,0,0
apresentação,CRITÉRIOS DE INCLUSÃO,inclu_consent_secsampprod,"Uso futuro de amostras ou materiais pseudonimizados ou dados derivados dessas amostras para fabricar testes, tratamentos ou outros produtos, incluindo produtos comerciais","1, Sim | 0, Não","Refere-se ao consentimento para uso secundário futuro de amostras ou materiais pseudonimizados ou dados derivados dessas amostras para fabricar testes, tratamentos ou outros produtos, incluindo produtos comerciais",Esta é uma pergunta opcional de consentimento e não é necessária para a conclusão do restante do CRF.,0,0,0,0,0,0
apresentação,CRITÉRIOS DE INCLUSÃO,inclu_consent_secsampgen,"Uso futuro de amostras genéticas pseudonimizadas em pesquisas aprovadas eticamente, incluindo pesquisas em outros países","1, Sim | 0, Não","Refere-se ao consentimento para uso secundário futuro de amostras genéticas pseudonimizadas em pesquisas aprovadas eticamente, incluindo pesquisas em outros países",Esta é uma pergunta opcional de consentimento e não é necessária para a conclusão do restante do CRF.,0,0,0,0,0,0
apresentação,CRITÉRIOS DE INCLUSÃO,inclu_consentcont,Contato,,,,0,0,0,,,
apresentação,CRITÉRIOS DE INCLUSÃO,inclu_consent_contnstudy,"Ser contatado para participar de trabalhos futuros, incluindo estudos de pesquisa","1, Sim | 0, Não","Refere-se ao contato a ser feito para participar de trabalhos futuros, incluindo estudos de pesquisa",Esta é uma pergunta opcional de consentimento e não é necessária para a conclusão do restante do CRF.,0,0,0,0,0,0
apresentação,INÍCIO E APRESENTAÇÃO,pres_onsetdate,Data de início do primeiro/mais antigo sintoma,,Refere-se à data de início do primeiro/mais antigo sintoma clinicamente relacionado ao episódio atual da doença.,Informe a data do primeiro sintoma que você clinicamente acredita estar relacionado a este episódio da doença no formato DD/MM/AAAA.,0,0,0,0,0,
apresentação,INÍCIO E APRESENTAÇÃO,pres_symptpres,Sintomático na apresentação inicial?,"1, Sim | 0, Não | 99, Desconhecido",Refere-se ao fato de o paciente apresentar sintomas na apresentação inicial.,Indique “Sim” se o paciente apresentava sintomas na consulta inicial.,0,0,0,0,0,0
apresentação,INÍCIO E APRESENTAÇÃO,pres_firstsym,Sintoma(s) durante as primeiras 24 horas da doença (selecione todos os que se aplicam),,"Refere-se ao primeiro sintoma, ou sintomas (se vários ocorreram ao mesmo tempo), que você clinicamente acredita estar relacionado a este episódio da doença.",Selecione todos os sintomas que o paciente apresentou durante as primeiras 24 horas da doença (selecione todos os que se aplicam).,0,0,0,0,0,
apresentação,INÍCIO E APRESENTAÇÃO,pres_consultdate,Data da primeira consulta clínica,,Refere-se à data da primeira consulta clínica relacionada ao episódio atual da doença.,Forneça a data da primeira consulta clínica relacionada ao episódio atual da doença no formato DD/MM/AAAA.,0,0,0,0,0,
apresentação,INÍCIO E APRESENTAÇÃO,pres_date,Data da apresentação/admissão mais recente nesta instituição,,Refere-se à data da hospitalização/admissão do paciente em seu local para o tratamento da doença atual.,Insira a data da hospitalização/admissão em seu local (no formato DD/MM/AAAA).,0,0,0,0,0,
apresentação,INÍCIO E APRESENTAÇÃO,pres_adm,Admitido no hospital,"1, Sim | 0, Não | 99, Desconhecido",Refere-se à admissão do paciente em seu local para o tratamento da doença atual.,Indique “Sim” se o paciente foi admitido em seu local.,0,0,0,0,0,0
apresentação,INÍCIO E APRESENTAÇÃO,pres_adm_reas,Motivo da hospitalização,,Refere-se ao motivo (indicação) da hospitalização.,"Se “Sim”, especifique o motivo (indicação) da hospitalização.",0,0,0,0,0,0
apresentação,INÍCIO E APRESENTAÇÃO,pres_adm_reasoth,Especifique outro motivo,,,,0,0,0,,,
apresentação,INÍCIO E APRESENTAÇÃO,pres_adm_time,Hora da admissão no hospital,,Refere-se à admissão do paciente em seu local para o tratamento da doença atual.,Insira a hora da admissão no seu local no formato de 24 horas (00:00 - 24:00 horas).,0,0,0,0,0,
apresentação,INÍCIO E APRESENTAÇÃO,pres_enrolmentdate,Data de inscrição/início da coleta de dados,,Refere-se à data de inscrição/início da coleta de dados.,Insira a data de inscrição do paciente no estudo no formato dia/mês/ano (DD/MM/AAAA).,0,0,0,0,0,
apresentação,READMISSÃO E PIN ANTERIOR,readm_prev,O paciente foi internado anteriormente ou transferido de outra instituição durante este episódio da doença?,"1, SIM - admitido anteriormente nesta instituição e recebeu alta | 2, SIM - admitido em outra instituição e recebeu alta | 3, SIM - admitido em outra instituição e transferido para esta instituição | 0, Não | 99, Desconhecido",Refere-se à admissão anterior em uma unidade de saúde ou transferência de outra unidade de saúde durante o episódio atual da doença.,Selecione a opção mais adequada que representa se o paciente foi admitido anteriormente ou transferido de qualquer outra instituição durante este episódio da doença.,0,0,0,0,0,0
apresentação,READMISSÃO E PIN ANTERIOR,readm_prev_site,Nome da instituição de transferência,,Refere-se ao nome da unidade da qual o paciente foi admitido ou transferido anteriormente.,Insira o nome da instituição da qual o paciente foi admitido ou transferido anteriormente.,0,0,0,0,0,
apresentação,READMISSÃO E PIN ANTERIOR,readm_prev_date,Data da apresentação na instituição anterior,,Refere-se à data de apresentação na unidade na qual o paciente foi admitido ou transferido anteriormente.,Insira a data de apresentação na instituição na qual o paciente foi admitido ou transferido anteriormente.,0,0,0,0,0,
apresentação,READMISSÃO E PIN ANTERIOR,readm_prev_num,Número total de internações anteriores para esta infecção,,Refere-se ao número de vezes (para esta infecção) que o paciente foi admitido em uma unidade de saúde.,Indique o número de vezes (para esta infecção) que o paciente foi admitido em uma unidade de saúde.,0,0,0,0,0,
apresentação,READMISSÃO E PIN ANTERIOR,readm_firstadmdate,Data da admissão mais precoce para esta infecção,,"Refere-se à data da primeira admissão por esta doença. Se o paciente foi primeiro “admitido em outra unidade e depois transferido para esta unidade”, registre a data em que o paciente foi admitido na outra unidade de saúde.",Escreva a data no formato DD/MM/AAAA.,0,0,0,0,0,
apresentação,READMISSÃO E PIN ANTERIOR,readm_difpin,Os dados do paciente foram coletados anteriormente sob um número diferente de identificação do participante (PIN)?,"1, Sim | 0, Não | 99, Desconhecido",Refere-se à coleta anterior dos dados do paciente sob um número de identificação do participante (PIN) diferente.,Indique 'sim' se os dados do paciente foram coletados anteriormente sob um número diferente de identificação do participante (PIN),0,0,0,0,0,0
apresentação,READMISSÃO E PIN ANTERIOR,readm_prevpin,Número anterior de identificação do participante (PIN),,O número de identificação do participante ou o PIN é um número exclusivo usado para identificar os dados do paciente (participante).,Escreva o número de identificação do participante (PIN).,0,0,0,0,0,
apresentação,READMISSÃO E PIN ANTERIOR,readm_reas,O paciente está sendo readmitido ou devido à infecção com patógeno de interesse?,"1, Sim | 0, Não | 99, Desconhecido",Isso se refere à re-admissão do paciente com ou devido à infecção com patógeno de interesse.,Indique 'sim' se o paciente estiver sendo re-admitido ou devido à infecção com patógeno de interesse.,0,0,0,0,0,0
apresentação,DEMOGRAFIA,demog_birthknow,A data de nascimento é conhecida?,"1, Sim | 0, Não",Refere-se à data do calendário em que o paciente nasceu.,Registre a data de nascimento dos participantes no formato DD/MM/AAAA.,0,0,0,0,0,0
apresentação,DEMOGRAFIA,demog_birthdate,Data de nascimento,,Isso se refere à data do calendário em que o paciente nasceu.,Registre a data dos participantes de nascimento em formato dd/mm/yyyy.,0,0,0,0,0,
apresentação,DEMOGRAFIA,demog_age,Idade,,Isso se refere à idade do paciente.,"Para participantes com mais de dois anos, relate a idade em anos. Para crianças menores de um ano, informe -se em meses. Para neonatos abaixo dos anos de um mês, informe -se em dias.",0,0,0,0,0,
apresentação,DEMOGRAFIA,demog_age_units,Unidades etárias,"1, Anos | 2, Meses | 3, Dias",Isso se refere à idade do paciente na apresentação do centro de saúde.,Selecione as unidades mais apropriadas para a idade.,0,0,0,0,0,0
apresentação,DEMOGRAFIA,demog_calcage_days,Idade calculada (dias),"if([demog_birthknow]='1',datediff([demog_birthdate],[pres_date],""d""),if([demog_age_units]='1',[demog_ag e]*365,if([demog_age_units]='2',round([demog_age]*365/12,0),if([demog_age_units]='3',[demog_age],''))))",Refere-se à idade do paciente em dias.,"A idade é calculada, se a data de nascimento for conhecida, como a diferença entre a data de nascimento e a data mais recente de apresentação ou admissão na instituição.",0,0,0,0,0,0
apresentação,DEMOGRAFIA,demog_sex,Sexo no nascimento,"1, Masculino | 2, Feminino | 99, Não especificado/Desconhecido | 88, Outro",Isso se refere às características sexuais físicas ao nascer.,Selecione a opção mais apropriada que representa as características sexuais físicas no nascimento.,0,0,0,0,0,0
apresentação,DEMOGRAFIA,demog_sex_oth,Se o outro: especifique sexo no nascimento,,Isso se refere às características sexuais físicas ao nascer.,"Se 'outro', especifique as características sexuais físicas no nascimento.",0,0,0,0,0,
apresentação,DEMOGRAFIA,demog_gender,Gênero,"1, Homem | 2, Mulher | 3, Não binário | 99, Desconhecido | 88, Outro","Refere-se ao sentimento interno de uma pessoa em relação ao seu gênero, que pode ou não corresponder ao sexo genotípico ou fenotípico do indivíduo. ",Selecione a opção mais apropriada que representa a identidade de gênero do paciente.,0,0,0,0,0,0
apresentação,DEMOGRAFIA,demog_gender_oth,Se o outro: especificar gênero,,"Refere-se à percepção interna que uma pessoa tem do seu género, que pode ou não corresponder ao sexo genotípico ou fenotípico do indivíduo.",Se 'outros' especificar a identidade de gênero do paciente.,0,0,0,0,0,
apresentação,DEMOGRAFIA,demog_country,País,,Refere-se ao país de inscrição,Indicar o país de inscrição,0,0,0,0,0,
apresentação,DEMOGRAFIA,demog_outcountry,O paciente nasceu fora do país que está relatando?,"1, Sim | 0, Não | 99, Desconhecido",Refere-se ao nascimento do participante fora do país de notificação.,Indique se o participante nasceu fora do país de notificação,0,0,0,0,0,0
apresentação,DEMOGRAFIA,demog_height,Altura (unidades selecionadas),,Estimativa real ou mais próxima da altura no momento da admissão.,,0,0,0,0,,
apresentação,DEMOGRAFIA,demog_height_units,Altura (selecionar unidades),"1, cm | 2, em",,,0,0,0,,,0
apresentação,DEMOGRAFIA,demog_height_cm,Altura (cm),,"Isso se refere à distância da sola à coroa da cabeça com o corpo em pé em uma superfície plana e totalmente estendido, medido em centímetros. Para crianças menores de 2 anos, use o comprimento do corpo (medido enquanto deitado supino).","Indique a altura do paciente em centímetros (cm). Para crianças menores de 2 anos, use comprimento.",0,0,0,0,0,
apresentação,DEMOGRAFIA,demog_height_in,Altura (in),,"Isso se refere à distância da sola à coroa da cabeça com o corpo em pé em uma superfície plana e totalmente estendida, medida em polegadas. Para crianças menores de 2 anos, use o comprimento do corpo (medido enquanto deitado supino).","Indique a altura do paciente em polegadas (in). Para crianças menores de 2 anos, use comprimento.",0,0,0,0,0,
apresentação,DEMOGRAFIA,demog_weight,Peso (unidades selecionadas),,Estimativa real ou mais próxima do peso no momento da admissão.,,0,0,0,0,,
apresentação,DEMOGRAFIA,demog_weight_units,Peso (selecionar unidades),"1,kg | 2, libras",,,0,0,0,,,0
apresentação,DEMOGRAFIA,demog_weight_kg,Peso (kg),,"Isso se refere ao peso de um sujeito, expresso em quilogramas (kg).",Indique o peso do paciente em quilogramas (kg).,0,0,0,0,0,
apresentação,DEMOGRAFIA,demog_weight_lb,Peso (lb),,"Isso se refere ao peso de um sujeito, expresso em libras (lb).",Indique o peso do paciente em libras (lb).,0,0,0,0,0,
apresentação,DEMOGRAFIA,demog_race,Corrida (selecione tudo o que se aplica),,Isso se refere a uma categoria de origem ancestral geográfica atribuída a um grupo populacional baseado principalmente em características físicas que se consideram distintas e inerentes.,Selecione tudo o que se aplica.,0,0,0,0,0,
apresentação,DEMOGRAFIA,demog_healthcare,Empregado como trabalhador de saúde,"1, Sim | 0, Não | 99, Desconhecido",Refere-se a um paciente que trabalha no setor de saúde.,Selecione a opção mais apropriada.,0,0,0,0,0,0
apresentação,DEMOGRAFIA,demog_healthcare_ptfacing,Paciente voltado,"1, Sim | 0, Não | 99, Desconhecido","Refere-se a um paciente que trabalha no setor de saúde prestando cuidados em ambientes de atendimento ao paciente (ou seja, funções que envolvem interação direta com pacientes). ",Selecione a opção mais apropriada.,0,0,0,0,0,0
apresentação,DEMOGRAFIA,demog_healthcare_expbiosample,Exposto a amostras biológicas,"1, Sim | 0, Não | 99, Desconhecido","Refere-se a um paciente que trabalha no setor de saúde prestando cuidados em ambientes que não envolvem contato direto com pacientes, mas que está exposto a amostras biológicas (por exemplo, funcionários de laboratório, manipuladores de resíduos médicos).",Selecione a opção mais apropriada.,0,0,0,0,0,0
apresentação,DEMOGRAFIA,demog_riskoccupa,Ocupação do paciente,,Isso se refere à principal atividade que uma pessoa faz para ganhar a vida.,Selecione tudo o que se aplica.,0,0,0,0,0,
apresentação,DEMOGRAFIA,demog_occupation,Localização primária de ocupação,"1, Trabalho em casa ou desempregado | 2, Interior - escritório/saúde/educação/hotelaria/negócios/residências | 3, Interior - fábrica | 8, Exterior - contato com animais (veterinário, criador de animais, trabalhador de matadouro) | 4, Ao ar livre - agricultura/silvicultura/pesca | 5, Ao ar livre - construção/indústria/mineração | 6, Forças Armadas | 7, Estudante | 99, Desconhecido | 88, Outros","Refere-se ao local onde o paciente realiza a maior parte do trabalho relacionado à sua ocupação atual. ",Selecione a opção mais apropriada que representa a localização principal da ocupação.,0,0,0,0,0,0
apresentação,DEMOGRAFIA,demog_occupation_oth,Se o outro: especifique a localização primária da ocupação,,Refere-se ao local onde o paciente realiza a maior parte do trabalho relacionado à sua ocupação atual.,"Se 'outro', especifique a localização principal da ocupação.",0,0,0,0,0,
apresentação,DEMOGRAFIA,demog_residence,Cidade da residência do paciente,"1, O mesmo que o estabelecimento de saúde | 2, Diferente do estabelecimento de saúde | 99, Desconhecido",Refere-se à cidade onde uma pessoa reside mais do que temporariamente ou vive permanentemente.,"Se a cidade de residência do paciente for diferente da cidade em que esta instalação de saúde está localizada, especifique a região de residência do paciente abaixo.",0,0,0,0,0,0
apresentação,DEMOGRAFIA,demog_residence_oth,"Se diferente da instalação de casos de saúde, especifique a região de residência do paciente.",,Refere-se à cidade onde uma pessoa reside mais do que temporariamente ou vive permanentemente.,"Se 'diferente de instalações de casos de saúde', especifique a região de residência do paciente.",0,0,0,0,0,
apresentação,HISTÓRICO DE EXPOSIÇÃO NOS ÚLTIMOS 14 DIAS,expo14_travel,O paciente viajou para fora de sua região de origem nos últimos 14 dias?,"1, Sim | 0, Não | 99, Desconhecido","Refere-se a viagens para outra cidade/município ou região, outra parte do país ou para o exterior, para outro país, nos 14 dias anteriores ao início dos sintomas relacionados à doença atual.","Indique “Sim” se o paciente viajou para outra cidade/município ou região, outra parte do país ou para o exterior para outro país nos 14 dias anteriores ao início dos sintomas relacionados à doença atual.",0,0,0,0,0,0
apresentação,HISTÓRICO DE EXPOSIÇÃO NOS ÚLTIMOS 14 DIAS,expo14_travel_loc,Especifique todas as cidades ou vilas e regiões de viagem,,Refere-se a todas as cidades ou vilas e regiões para as quais o paciente viajou nos 14 dias anteriores ao início dos sintomas relacionados com a doença atual.,"Se o paciente viajou para fora do seu local de residência habitual nos 14 dias anteriores ao início dos sintomas, insira o(s) local(is) visitado(s).",0,0,0,0,0,
apresentação,HISTÓRICO DE EXPOSIÇÃO NOS ÚLTIMOS 14 DIAS,expo14_yn,História de contato com o caso humano suspeito ou confirmado do mesmo patógeno?,"1, Sim | 0, Não | 99, Desconhecido","Isso se refere ao paciente ter um histórico de contato com qualquer pessoa que apresente sintomas semelhantes ou com caso confirmado conhecido, ou com material contaminado de um caso suspeito ou confirmado (por exemplo, fluidos corporais, objetos, cama etc.).","Indique 'sim', se o paciente tiver um histórico de contato com qualquer pessoa que apresente sintomas semelhantes ou com caso confirmado conhecido, ou com material contaminado de um caso suspeito ou confirmado (por exemplo, fluidos corporais, objetos, roupas de cama etc.).",0,0,0,0,0,0
apresentação,HISTÓRICO DE EXPOSIÇÃO NOS ÚLTIMOS 14 DIAS,expo14_typecomm,Contato da comunidade,"1, Sim | 0, Não | 99, Desconhecido",Refere-se ao modo de exposição a um caso suspeito ou confirmado. O contato comunitário refere-se a um evento de exposição fora do ambiente de saúde.,Indique 'sim' se o paciente experimentou esse modo de exposição a um caso humano suspeito ou confirmado.,0,0,0,0,0,0
apresentação,HISTÓRICO DE EXPOSIÇÃO NOS ÚLTIMOS 14 DIAS,expo14_typevert,Transmissão vertical,"1, Sim | 0, Não | 99, Desconhecido",Refere-se ao modo de exposição a um caso suspeito ou confirmado. A transmissão vertical refere-se à transmissão de mãe para filho.,Indique 'sim' se o paciente experimentou esse modo de exposição a um caso humano suspeito ou confirmado.,0,0,0,0,0,0
apresentação,HISTÓRICO DE EXPOSIÇÃO NOS ÚLTIMOS 14 DIAS,expo14_typehcw,Exposição dos trabalhadores da saúde,"1, Sim | 0, Não | 99, Desconhecido",Isso se refere ao modo de exposição a um caso suspeito ou confirmado. A exposição aos trabalhadores da saúde refere -se a um evento de exposição em um ambiente de saúde.,Indique 'sim' se o paciente experimentou esse modo de exposição a um caso humano suspeito ou confirmado.,0,0,0,0,0,0
apresentação,HISTÓRICO DE EXPOSIÇÃO NOS ÚLTIMOS 14 DIAS,expo14_typesext,Transmissão sexual,"1, Sim | 0, Não | 99, Desconhecido",Isso se refere ao modo de exposição a um caso suspeito ou confirmado. A transmissão sexual refere -se à infecção propagada pelo contato sexual.,Indique 'sim' se o paciente experimentou esse modo de exposição a um caso humano suspeito ou confirmado.,0,0,0,0,0,0
apresentação,HISTÓRICO DE EXPOSIÇÃO NOS ÚLTIMOS 14 DIAS,expo14_typefaml,Contatos familiares / domésticos,"1, Sim | 0, Não | 99, Desconhecido","Isso se refere ao modo de exposição a um caso suspeito ou confirmado. O contato familiar / doméstico refere -se à transmissão de infecção de indivíduos que esperam compartilhar acomodações de vida na maioria dos dias (e, portanto, para quem contínuo contato próximo é inevitável)",Indique 'sim' se o paciente experimentou esse modo de exposição a um caso humano suspeito ou confirmado.,0,0,0,0,0,0
apresentação,HISTÓRICO DE EXPOSIÇÃO NOS ÚLTIMOS 14 DIAS,expo14_typeschool,Exposição em creches/escolas,"1, Sim | 0, Não | 99, Desconhecido",Refere-se ao modo de exposição a um caso suspeito ou confirmado ocorrido em creches ou exposições relacionadas à escola.,Indique “Sim” se o paciente tiver sido exposto a um caso humano suspeito ou confirmado.,0,0,0,0,0,0
apresentação,HISTÓRICO DE EXPOSIÇÃO NOS ÚLTIMOS 14 DIAS,expo14_typeoth,Outro tipo de exposição humana,"1, Sim | 0, Não | 99, Desconhecido",Isso se refere a outros modos de exposição a um caso suspeito ou confirmado não especificado acima.,Indique 'sim' se o paciente experimentou esse modo de exposição a um caso humano suspeito ou confirmado.,0,0,0,0,0,0
apresentação,HISTÓRICO DE EXPOSIÇÃO NOS ÚLTIMOS 14 DIAS,expo14_typeoth_spec,Especifique outro tipo de exposição humana,,Refere-se a outros modos de exposição a um caso suspeito ou confirmado não especificados acima.,"Se “Outro”, especifique o modo de exposição a um caso suspeito ou confirmado.",0,0,0,0,0,
apresentação,HISTÓRICO DE EXPOSIÇÃO NOS ÚLTIMOS 14 DIAS,expo14_date,Data de contato com caso suspeito ou confirmado,,"Isso se refere à data de contato com qualquer pessoa que apresente sintomas semelhantes ou com casos confirmados conhecidos, ou com material contaminado de um caso suspeito ou confirmado (por exemplo, fluidos corporais, objetos, cama etc.).",Escreva a data de contato com o caso humano suspeito ou confirmado no formato dd/mm/aaaaaaaaaaaaaaaaaaaaaaaaaaaaaaaaaa,0,0,0,0,0,
apresentação,HISTÓRICO DE EXPOSIÇÃO NOS ÚLTIMOS 14 DIAS,expo14_setting,Configuração de contato,"1, Domicílio | 2, Profissional | 4, Centro de saúde | 99, Desconhecido | 88, Outro",Isso se refere ao ambiente em que a pessoa pode ter entrado em contato com um caso suspeito ou confirmado.,Selecione a opção mais apropriada que representa a configuração de contato com um caso humano confirmado ou suspeito.,0,0,0,0,0,0
apresentação,HISTÓRICO DE EXPOSIÇÃO NOS ÚLTIMOS 14 DIAS,expo14_setting_oth,Se o outro: especifique a configuração de contato,,Isso se refere ao ambiente em que a pessoa pode ter entrado em contato com um caso suspeito ou confirmado.,"Se 'outro', especifique a configuração de contato com um caso confirmado ou suspeito.",0,0,0,0,0,
apresentação,HISTÓRICO DE EXPOSIÇÃO NOS ÚLTIMOS 14 DIAS,expo14_ancon,"Qualquer contato com animais, criadouros, carnes ou outros produtos de origem animal nos últimos 14 dias?","1, Sim | 0, Não | 99, Desconhecido","Refere-se ao contato com animais, locais onde vivem animais, carnes ou outros produtos de origem animal ocorrido nos últimos 14 dias.","Indique “Sim” se o paciente teve contato com animais, locais onde vivem animais, carnes ou outros produtos de origem animal nos últimos 14 dias.",0,0,0,0,0,0
apresentação,HISTÓRICO DE EXPOSIÇÃO NOS ÚLTIMOS 14 DIAS,expo14_ancon_date,Data do contato com fonte animal suspeita ou confirmada,,"Refere-se à data do contato com animais, locais onde vivem animais, carnes ou outros produtos de origem animal ocorrido nos últimos 14 dias.","Escreva a data do contato com animais, locais onde vivem animais, carnes ou outros produtos de origem animal nos últimos 14 dias, no formato DD/MM/AAAA.",0,0,0,0,0,
apresentação,HISTÓRICO DE EXPOSIÇÃO NOS ÚLTIMOS 14 DIAS,expo14_ancon_lstock,Contato com gado,"1, Sim | 0, Não | 99, Desconhecido","Refere-se ao contato com aves vivas (por exemplo, galinhas, perus, patos) ocorrido nos últimos 14 dias.",Indique “Sim” se o paciente apresentou isso nos últimos 14 dias.,0,0,0,0,0,0
apresentação,HISTÓRICO DE EXPOSIÇÃO NOS ÚLTIMOS 14 DIAS,expo14_ancon_lstock_bird,"Contato com aves ou outras aves (por exemplo, galinhas, perus, patos, aves exóticas)","1, Sim | 0, Não | 99, Desconhecido","Refere-se ao contato com aves vivas (por exemplo, galinhas, perus, patos) ocorrido nos últimos 14 dias.",Indique “Sim” se o paciente apresentou isso nos últimos 14 dias.,0,0,0,0,0,0
apresentação,HISTÓRICO DE EXPOSIÇÃO NOS ÚLTIMOS 14 DIAS,expo14_ancon_lstock_cow,Contato com vacas leiteiras e/ou equipamentos de ordenha,"1, Sim | 0, Não | 99, Desconhecido",Refere-se ao contato com vacas leiteiras e/ou equipamentos de ordenha ocorrido nos últimos 14 dias.,Indique “Sim” se o paciente apresentou isso nos últimos 14 dias.,0,0,0,0,0,0
apresentação,HISTÓRICO DE EXPOSIÇÃO NOS ÚLTIMOS 14 DIAS,expo14_ancon_lstock_othercow,Contato com gado que não seja vacas leiteiras,"1, Sim | 0, Não | 99, Desconhecido",Refere-se ao contato com gado que não seja vaca leiteira ocorrido nos últimos 14 dias.,Indique “Sim” se o paciente apresentou isso nos últimos 14 dias.,0,0,0,0,0,0
apresentação,HISTÓRICO DE EXPOSIÇÃO NOS ÚLTIMOS 14 DIAS,expo14_ancon_lstock_pig,Contato com porcos,"1, Sim | 0, Não | 99, Desconhecido",Refere-se ao contato com suínos ocorrido nos últimos 14 dias.,Indique “Sim” se o paciente apresentou isso nos últimos 14 dias.,0,0,0,0,0,0
apresentação,HISTÓRICO DE EXPOSIÇÃO NOS ÚLTIMOS 14 DIAS,expo14_ancon_lstock_cttype,Especifique o tipo de contato,"1, Caça | 2, Preparação | 3, Manuseio | 4, Consumo (não processado/mal cozido/cru) | 5, Comércio | 6, Fezes ou ninhos de animais | 7, Animal doente ou morto | 99, Desconhecido | 88, Outros","Refere-se ao(s) tipo(s) de contato com animais ocorrido(s) nos últimos 14 dias. A caça inclui encontrar ou matar animais para alimentação ou esporte. A preparação inclui esfolar, limpar ou abater animais para consumo. O manuseio inclui tocar, acariciar ou compartilhar o espaço de convivência com animais. O consumo inclui a ingestão de partes não processadas, mal cozidas ou cruas de animais. O comércio inclui o contato com animais proveniente da venda, compra ou troca de animais. Fezes ou ninhos de animais incluem o contato com fezes, ninhos ou habitações de animais. Animais doentes ou mortos referem-se ao contato com um animal doente ou morto, mas não à participação em cirurgias ou necropsias em animais (pergunta separada).",Selecione todos os tipos de contato com animais que ocorreram nos últimos 14 dias.,0,0,0,0,0,0
apresentação,HISTÓRICO DE EXPOSIÇÃO NOS ÚLTIMOS 14 DIAS,expo14_ancon_nhprim,Contato com primatas não humanos,"1, Sim | 0, Não | 99, Desconhecido","Refere-se ao contato com primatas não humanos (um grupo de mamíferos composto por símios, macacos e prosímios, como lêmures) que ocorreu nos últimos 14 dias.",Indique “Sim” se o paciente apresentou isso nos últimos 14 dias.,0,0,0,0,0,0
apresentação,HISTÓRICO DE EXPOSIÇÃO NOS ÚLTIMOS 14 DIAS,expo14_ancon_nhprim_monkey,Contato com macacos,"1, Sim | 0, Não | 99, Desconhecido",Refere-se ao contato com macacos que ocorreu nos últimos 14 dias.,Indique “Sim” se o paciente apresentou isso nos últimos 14 dias.,0,0,0,0,0,0
apresentação,HISTÓRICO DE EXPOSIÇÃO NOS ÚLTIMOS 14 DIAS,expo14_ancon_nhprim_ape,Contato com símios,"1, Sim | 0, Não | 99, Desconhecido",Refere-se ao contato com macacos ocorrido nos últimos 14 dias.,Indique “Sim” se o paciente apresentou isso nos últimos 14 dias.,0,0,0,0,0,0
apresentação,HISTÓRICO DE EXPOSIÇÃO NOS ÚLTIMOS 14 DIAS,expo14_ancon_nhprim_cttype,Especifique o tipo de contato,"1, Caça | 2, Preparação | 3, Manuseio | 4, Consumo (não processado/mal cozido/cru) | 5, Comércio | 6, Fezes ou ninhos de animais | 7, Animais doentes ou mortos | 99, Desconhecido | 88, Outros","Refere-se ao(s) tipo(s) de contato com animais ocorrido(s) nos últimos 14 dias. A caça inclui encontrar ou matar animais para alimentação ou esporte. A preparação inclui esfolar, limpar ou abater animais para consumo. O manuseio inclui tocar, acariciar ou compartilhar o espaço de convivência com animais. O consumo inclui a ingestão de partes de animais não processadas, mal cozidas ou cruas. O comércio inclui o contato com animais proveniente da venda, compra ou troca de animais. Fezes ou ninhos de animais incluem o contato com fezes, ninhos ou habitações de animais. Animais doentes ou mortos referem-se ao contato com um animal doente ou morto, mas não à participação em cirurgias ou necropsias de animais (pergunta separada). ",Selecione todos os tipos de contato com animais que ocorreram nos últimos 14 dias.,0,0,0,0,0,0
apresentação,HISTÓRICO DE EXPOSIÇÃO NOS ÚLTIMOS 14 DIAS,expo14_ancon_rodent,Contato com roedores,"1, Sim | 0, Não | 99, Desconhecido","Refere-se ao contato com roedores (por exemplo, ratos, camundongos, esquilos) que ocorreu nos últimos 14 dias.",Indique “Sim” se o paciente apresentou isso nos últimos 14 dias.,0,0,0,0,0,0
apresentação,HISTÓRICO DE EXPOSIÇÃO NOS ÚLTIMOS 14 DIAS,expo14_ancon_rodent_rat,Contato com ratos,"1, Sim | 0, Não | 99, Desconhecido",Refere-se ao contato com ratos que ocorreu nos últimos 14 dias.,Indique “Sim” se o paciente apresentou isso nos últimos 14 dias.,0,0,0,0,0,0
apresentação,HISTÓRICO DE EXPOSIÇÃO NOS ÚLTIMOS 14 DIAS,expo14_ancon_rodent_mice,Contato com camundongos,"1, Sim | 0, Não | 99, Desconhecido",Refere-se ao contato com camundongos que ocorreu nos últimos 14 dias.,Indique “Sim” se o paciente apresentou isso nos últimos 14 dias.,0,0,0,0,0,0
apresentação,HISTÓRICO DE EXPOSIÇÃO NOS ÚLTIMOS 14 DIAS,expo14_ancon_rodent_squirrel,Contato com esquilos,"1, Sim | 0, Não | 99, Desconhecido",Refere-se ao contato com esquilos que ocorreu nos últimos 14 dias.,Indique “Sim” se o paciente apresentou isso nos últimos 14 dias.,0,0,0,0,0,0
apresentação,HISTÓRICO DE EXPOSIÇÃO NOS ÚLTIMOS 14 DIAS,expo14_ancon_rodent_cttype,Especifique o tipo de contato,"1, Caça | 2, Preparação | 3, Manuseamento | 4, Consumo (não transformado/mal cozinhado/cru) | 5, Comércio | 6, Fezes ou ninhos de animais | 7, Animal doente ou morto | 99, Desconhecido | 88, Outros","Refere-se ao(s) tipo(s) de contato com animais ocorrido(s) nos últimos 14 dias. A caça inclui encontrar ou matar animais para alimentação ou esporte. A preparação inclui esfolar, limpar ou abater animais para consumo. O manuseio inclui tocar, acariciar ou compartilhar o espaço de convivência com animais. O consumo inclui a ingestão de partes de animais não processadas, mal cozidas ou cruas. O comércio inclui o contato com animais proveniente da venda, compra ou troca de animais. Fezes ou ninhos de animais incluem o contato com fezes, ninhos ou habitações de animais. Animais doentes ou mortos referem-se ao contato com um animal doente ou morto, mas não à participação em cirurgias ou necropsias de animais (pergunta separada). ",Selecione todos os tipos de contato com animais que ocorreram nos últimos 14 dias.,0,0,0,0,0,0
apresentação,HISTÓRICO DE EXPOSIÇÃO NOS ÚLTIMOS 14 DIAS,expo14_ancon_pets,Contato com animais de estimação,"1, Sim | 0, Não | 99, Desconhecido",Refere-se ao contato com animais de estimação domésticos (excluindo roedores) que ocorreu nos últimos 14 dias.,Indique “Sim” se o paciente apresentou isso nos últimos 14 dias.,0,0,0,0,0,0
apresentação,HISTÓRICO DE EXPOSIÇÃO NOS ÚLTIMOS 14 DIAS,expo14_ancon_pets_cats,Contato com gatos,"1, Sim | 0, Não | 99, Desconhecido",Refere-se ao contato com gatos que ocorreu nos últimos 14 dias.,Indique “Sim” se o paciente apresentou isso nos últimos 14 dias.,0,0,0,0,0,0
apresentação,HISTÓRICO DE EXPOSIÇÃO NOS ÚLTIMOS 14 DIAS,expo14_ancon_pets_dogs,Contato com cães,"1, Sim | 0, Não | 99, Desconhecido",Refere-se ao contato com cães que ocorreu nos últimos 14 dias.,Indique “Sim” se o paciente apresentou isso nos últimos 14 dias.,0,0,0,0,0,0
apresentação,HISTÓRICO DE EXPOSIÇÃO NOS ÚLTIMOS 14 DIAS,expo14_ancon_pets_cttype,Especifique o tipo de contato,"1, Caça | 2, Preparação | 3, Manuseio | 4, Consumo (não processado/mal cozido/cru) | 5, Comércio | 6, Fezes ou ninhos de animais | 7, Animais doentes ou mortos | 99, Desconhecido | 88, Outros","Refere-se ao(s) tipo(s) de contato com animais que ocorreu(ram) nos últimos 14 dias. Caça inclui encontrar ou matar animais para alimentação ou esporte. A preparação inclui esfolar, limpar ou abater animais para consumo. O manuseio inclui tocar, acariciar ou compartilhar a área de convivência com animais. O consumo inclui a ingestão de partes não processadas, mal cozidas ou cruas de animais. O comércio inclui o contato com animais proveniente da venda, compra ou troca de animais. Fezes ou ninhos de animais incluem contato com fezes, ninhos ou habitações de animais. Animais doentes ou mortos referem-se ao contato com um animal doente ou morto, mas não à participação em cirurgias ou necropsias em animais (pergunta separada).",Selecione todos os tipos de contato com animais que ocorreram nos últimos 14 dias.,0,0,0,0,0,0
apresentação,HISTÓRICO DE EXPOSIÇÃO NOS ÚLTIMOS 14 DIAS,expo14_ancon_wildlife,Contato com animais selvagens,"1, Sim | 0, Não | 99, Desconhecido",Refere-se ao contato com animais considerados selvagens ou não domesticados ou não adaptados para uso doméstico que ocorreu nos últimos 14 dias.,Indique “Sim” se o paciente apresentou isso nos últimos 14 dias.,0,0,0,0,0,0
apresentação,HISTÓRICO DE EXPOSIÇÃO NOS ÚLTIMOS 14 DIAS,expo14_ancon_wildelife_bat,Contato com morcegos,"1, Sim | 0, Não | 99, Desconhecido",Refere-se ao contato com morcegos que ocorreu nos últimos 14 dias.,Indique “Sim” se o paciente apresentou isso nos últimos 14 dias.,0,0,0,0,0,0
apresentação,HISTÓRICO DE EXPOSIÇÃO NOS ÚLTIMOS 14 DIAS,expo14_ancon_wildlife_cttype,Especifique o tipo de contato,"1, Caça | 2, Preparação | 3, Manuseamento | 4, Consumo (não transformado/mal cozinhado/cru) | 5, Comércio | 6, Fezes ou ninhos de animais | 7, Animais doentes ou mortos | 99, Desconhecido | 88, Outros","Refere-se ao(s) tipo(s) de contato com animais que ocorreu nos últimos 14 dias. Caça inclui encontrar ou matar animais para alimentação ou esporte. Preparar inclui esfolar, limpar ou abater animais para consumo. Manuseio inclui tocar, acariciar ou compartilhar área de convivência com animais. Consumo inclui ingerir partes de animais não processadas, mal cozidas ou cruas. Comércio inclui contato com animais proveniente da venda, compra ou troca de animais. Fezes ou ninhos de animais incluem contato com fezes, ninhos ou habitações de animais. Animais doentes ou mortos refere-se ao contato com um animal doente ou morto, mas não à participação em cirurgias ou necropsias em animais (pergunta separada).",Selecione todos os tipos de contato com animais que ocorreram nos últimos 14 dias.,0,0,0,0,0,0
apresentação,HISTÓRICO DE EXPOSIÇÃO NOS ÚLTIMOS 14 DIAS,expo14_ancon_unpasteur,Contato com ou consumo de leite não pasteurizado ou produtos lácteos crus,"1, Sim | 0, Não | 99, Desconhecido",Refere-se ao contato ou consumo de leite não pasteurizado ou produtos lácteos ocorrido nos últimos 14 dias.,Indique “Sim” se o paciente apresentou isso nos últimos 14 dias.,0,0,0,0,0,0
apresentação,HISTÓRICO DE EXPOSIÇÃO NOS ÚLTIMOS 14 DIAS,expo14_ancon_visitzoo,"Visita a mercado de animais vivos, fazenda ou zoológico","1, Sim | 0, Não | 99, Desconhecido","Refere-se à visita a mercados de animais vivos, fazendas ou zoológicos ocorrida nos últimos 14 dias.",Indique “Sim” se o paciente apresentou isso nos últimos 14 dias.,0,0,0,0,0,0
apresentação,HISTÓRICO DE EXPOSIÇÃO NOS ÚLTIMOS 14 DIAS,expo14_ancon_animalsurg,Participação em cirurgia ou necropsia de animais,"1, Sim | 0, Não | 99, Desconhecido",Refere-se à participação em cirurgias ou necropsias em animais ocorridas nos últimos 14 dias.,Indique “Sim” se o paciente apresentou isso nos últimos 14 dias.,0,0,0,0,0,0
apresentação,HISTÓRICO DE EXPOSIÇÃO NOS ÚLTIMOS 14 DIAS,expo14_ancon_other,Outro contato com animais não listado acima,"1, Sim | 0, Não | 99, Desconhecido","Refere-se a outros contatos com animais, não listados acima, ocorridos nos últimos 14 dias.",Indique “Sim” se o paciente apresentou isso nos últimos 14 dias.,0,0,0,0,0,0
apresentação,HISTÓRICO DE EXPOSIÇÃO NOS ÚLTIMOS 14 DIAS,expo14_ancon_other_spec,Especifique os contatos com animais não listados acima,,"Refere-se a outros contatos com animais, não listados acima, ocorridos nos últimos 14 dias.","Se “Sim”, especifique qualquer outro contato com animais ocorrido nos últimos 14 dias.",0,0,0,0,0,
apresentação,HISTÓRICO DE EXPOSIÇÃO NOS ÚLTIMOS 14 DIAS,expo14_ancon_other_cttype,Especifique o tipo de contato,"1, Caça | 2, Preparação | 3, Manuseio | 4, Consumo (não processado/mal cozido/cru) | 5, Comércio | 6, Fezes ou ninhos de animais | 7, Animal doente ou morto | 99, Desconhecido | 88, Outros","Refere-se ao(s) tipo(s) de contato com animais ocorrido(s) nos últimos 14 dias. A caça inclui encontrar ou matar animais para alimentação ou esporte. A preparação inclui esfolar, limpar ou abater animais para consumo. O manuseio inclui tocar, acariciar ou compartilhar o espaço de convivência com animais. O consumo inclui ingerir partes de animais não processadas, mal cozidas ou cruas. Comércio inclui contato com animais proveniente da venda, compra ou troca de animais. Fezes ou ninhos de animais incluem contato com fezes, ninhos ou habitações de animais. Animais doentes ou mortos referem-se ao contato com um animal doente ou morto, mas não à participação em cirurgias ou necropsias de animais (pergunta separada).",Selecione todos os tipos de contato com animais que ocorreram nos últimos 14 dias.,0,0,0,0,0,0
apresentação,HISTÓRICO DE EXPOSIÇÃO NOS ÚLTIMOS 14 DIAS,expo14_house,"Algum membros do mal, nas duas semanas anteriores à admissão do caso?","1, Sim | 0, Não | 99, Desconhecido","Refere-se a qualquer membro da família do caso suspeito/confirmado que tenha estado doente nas duas semanas anteriores à admissão do caso. ",Indique “Sim” se algum membro da família do caso suspeito/confirmado esteve indisposto nas duas semanas anteriores à admissão do caso.,0,0,0,0,0,0
apresentação,HISTÓRICO DE EXPOSIÇÃO NOS ÚLTIMOS 14 DIAS,expo14_house_sys,Qual(is) sistema(s) está(ão) afetado(s)? (marque todas as opções aplicáveis),"1, Respiratório | 2, Gastrointestinal | 3, Cardiovascular | 4, Sistema nervoso central | 5, Sistema nervoso periférico | 6, Mucocutâneo | 7, Ocular | 99, Desconhecido | 88, Outros",Refere-se ao(s) sistema(s) corporal(es) dos membros do agregado familiar que estiveram doentes durante a doença.,Selecione todos os sistemas que foram afetados.,0,0,0,0,0,0
apresentação,HISTÓRICO DE EXPOSIÇÃO NOS ÚLTIMOS 14 DIAS,expo14_house_sys_oth,Especifique outro(s) sistema(s) afetado(s),,Refere-se ao(s) sistema(s) corporal(es) dos membros do agregado familiar que estiveram doentes durante a doença.,"Se “Outro”, especifique o(s) sistema(s) afetado(s).",0,0,0,0,0,
apresentação,HISTÓRICO DE EXPOSIÇÃO NOS ÚLTIMOS 14 DIAS,expo14_housecon,Os membros da família tiveram algum contato com um caso confirmado da mesma infecção?,"1, Sim | 0, Não | 99, Desconhecido",Refere-se a qualquer membro do agregado familiar que tenha tido qualquer tipo de contacto com um caso confirmado do agente patogénico em questão.,"Indique “Sim” se algum membro da família teve qualquer tipo de contato com um caso confirmado do patógeno de interesse. ",0,0,0,0,0,0
apresentação,COMORBIDADES E FATORES DE RISCO: Existentes antes da doença atual e em curso,comor_cns,Comorbidades neurológicas,,Refere-se a comorbilidades relacionadas com o sistema nervoso.,,0,0,0,0,,
apresentação,COMORBIDADES E FATORES DE RISCO: Existentes antes da doença atual e em curso,comor_chrneurolo,Transtorno neurológico crônico,"1, Sim | 0, Não | 99, Desconhecido","Inclui distúrbios do cérebro, medula espinhal, nervos cranianos, nervos periféricos, raízes nervosas, sistema nervoso autonômico, junção neuromuscular e músculo. Isso pode incluir qualquer paralisia cerebral, esclerose múltipla, doença do neurônio motor, distrofia muscular, miastenia gravis, doença de Parkinson, derrame e dificuldade de aprendizado grave.","Indique 'sim', se essa condição existia antes da admissão com essa doença atual e continua sendo uma condição médica ativa.",0,0,0,0,0,0
apresentação,COMORBIDADES E FATORES DE RISCO: Existentes antes da doença atual e em curso,comor_epilepsy,Epilepsia,"1, Sim | 0, Não | 99, Desconhecido",Refere-se a um distúrbio que causa convulsões recorrentes e não provocadas.,"Indique “Sim” se o paciente apresentou isso em qualquer momento desde o início da doença até a apresentação. ",0,0,0,0,0,0
apresentação,COMORBIDADES E FATORES DE RISCO: Existentes antes da doença atual e em curso,comor_dementia,Demência,"1, Sim | 0, Não | 99, Desconhecido","Definido como evidência do exame de história e estado mental que indica grande comprometimento na aprendizagem e memória, além de comprometimento em pelo menos um dos seguintes: lidar com tarefas complexas; capacidade de raciocínio; habilidade e orientação espacial; linguagem. Os sintomas cognitivos devem interferir significativamente no desempenho do trabalho do indivíduo, atividades sociais usuais ou relacionamentos com outras pessoas. Isso deve representar um declínio significativo de um nível anterior de funcionamento. Os distúrbios não estão ocorrendo exclusivamente durante o curso do delírio, e os distúrbios não são melhor explicados por um grande diagnóstico psiquiátrico. O déficit cognitivo crônico está incluído.","Indique 'sim', se essa condição existia antes da admissão com essa doença atual e continua sendo uma condição médica ativa.",0,0,0,0,0,0
apresentação,COMORBIDADES E FATORES DE RISCO: Existentes antes da doença atual e em curso,comor_strokecva,Acidente de derrame / cerebrovascular,"1, Sim | 0, Não | 99, Desconhecido","Definido como uma perda súbita de função neurológica secundária à hemorragia ou isquemia no parênquima cerebral devido a um evento vascular. O AVC pode ser um diagnóstico clínico, com ou sem achados radiológicos de suporte.",Indique “Sim” se esta condição existia antes da admissão com a doença atual e continua sendo uma condição médica ativa.,0,0,0,0,0,0
apresentação,COMORBIDADES E FATORES DE RISCO: Existentes antes da doença atual e em curso,comor_hemipleg,Hemiplegia,"1, Sim | 0, Não | 99, Desconhecido","Refere-se à perda grave ou completa da função motora de um lado do corpo; frequentemente causada por doenças cerebrais localizadas no hemisfério cerebral oposto ao lado da fraqueza; menos frequentemente, lesões do tronco cerebral; doenças da medula espinhal cervical, doenças do sistema nervoso periférico e outras condições podem se manifestar como hemiplegia.","Indique 'sim', se essa condição existia antes da admissão com essa doença atual e continua sendo uma condição médica ativa.",0,0,0,0,0,0
apresentação,COMORBIDADES E FATORES DE RISCO: Existentes antes da doença atual e em curso,comor_parapleg,Paraplegia,"1, Sim | 0, Não | 99, Desconhecido","Isso se refere à paralisia completa da metade inferior do corpo, incluindo as duas pernas, geralmente causadas por danos à medula espinhal.","Indique 'sim', se essa condição existia antes da admissão com essa doença atual e continua sendo uma condição médica ativa.",0,0,0,0,0,0
apresentação,COMORBIDADES E FATORES DE RISCO: Existentes antes da doença atual e em curso,comor_cvs,Comorbidades cardiovasculares,,Refere-se a comorbidades relacionadas ao sistema cardiovascular.,,0,0,0,0,,
apresentação,COMORBIDADES E FATORES DE RISCO: Existentes antes da doença atual e em curso,comor_chrcardiac,Doença cardíaca crônica (não hipertensão),"1, Sim | 0, Não | 99, Desconhecido",Definido como uma doença que causa progressivamente a deterioração do coração e seu funcionamento.,Indique “Sim” se esta condição existia antes da admissão com a doença atual e continua sendo uma condição médica ativa.,0,0,0,0,0,0
apresentação,COMORBIDADES E FATORES DE RISCO: Existentes antes da doença atual e em curso,comor_chrcardiac_mi,Infarto do miocárdio,"1, Sim | 0, Não | 99, Desconhecido","Definido como necrose bruta do miocárdio, como resultado da interrupção do suprimento sanguíneo para a área, como na trombose coronariana. Isso inclui infarto anterior (histórico de) do miocárdio.","Indique “Sim” se esta condição existia antes da admissão com a doença atual e continua sendo uma condição médica ativa. ",0,0,0,0,0,0
apresentação,COMORBIDADES E FATORES DE RISCO: Existentes antes da doença atual e em curso,comor_chrcardiac_chf,Insuficiência cardíaca congestiva,"1, Sim | 0, Não | 99, Desconhecido","Definado como falha do coração em bombear uma quantidade suficiente de sangue para atender às necessidades dos tecidos do corpo, resultando em congestionamento e edema do tecido.",Indique “Sim” se esta condição existia antes da admissão com a doença atual e continua sendo uma condição médica ativa.,0,0,0,0,0,0
apresentação,COMORBIDADES E FATORES DE RISCO: Existentes antes da doença atual e em curso,comor_hypertensi,Hipertensão (médico diagnosticado),"1, Sim | 0, Não | 99, Desconhecido",Definido como pressão arterial arterial elevada diagnosticada clinicamente (pressão arterial sistólica> 140 mmHg de pressão arterial sistólica e/ou diastólica> 90mmHg) ou para a qual um paciente recebe um anti-hipertensivo.,Indique “Sim” se esta condição existia antes da admissão com a doença atual e continua sendo uma condição médica ativa.,0,0,0,0,0,0
apresentação,COMORBIDADES E FATORES DE RISCO: Existentes antes da doença atual e em curso,comor_perivascdis,Doença vascular periférica,"1, Sim | 0, Não | 99, Desconhecido","Refere-se ao desvio ou interrupção da estrutura ou função normal dos vasos sanguíneos fora do coração; doenças da circulação periférica, em oposição à circulação cardíaca.","Indique 'sim', se essa condição existia antes da admissão com essa doença atual e continua sendo uma condição médica ativa.",0,0,0,0,0,0
apresentação,COMORBIDADES E FATORES DE RISCO: Existentes antes da doença atual e em curso,comor_resp,Comorbidades respiratórias,,Refere-se a comorbidades relacionadas ao sistema respiratório.,,0,0,0,0,,
apresentação,COMORBIDADES E FATORES DE RISCO: Existentes antes da doença atual e em curso,comor_chrpulmona,Doença pulmonar crônica (não asma),"1, Sim | 0, Não | 99, Desconhecido","Definido como qualquer condição pulmonar que não seja a asma, que é uma doença ou desordem de progressão lenta e longa duração que causa períodos contínuos ou episódicos de doença e/ou incapacidade.",Indique “Sim” se esta condição existia antes da admissão com a doença atual e continua sendo uma condição médica ativa.,0,0,0,0,0,0
apresentação,COMORBIDADES E FATORES DE RISCO: Existentes antes da doença atual e em curso,comor_asthma,Asma (médico diagnosticado),"1, Sim | 0, Não | 99, Desconhecido","Isso é definido como asma diagnosticada pelo clínico, um distúrbio crônico das vias aéreas caracterizado por sintomas variáveis ​​e recorrentes de obstrução do fluxo de ar, hiper-responsividade brônquica e/ou inflamação subjacente. A intervenção farmacêutica atual - para prevenção ou tratamento de sintomas - não é um pré -requisito para a inclusão desse diagnóstico.",Indique “Sim” se esta condição existia antes da admissão com a doença atual e continua sendo uma condição médica ativa.,0,0,0,0,0,0
apresentação,COMORBIDADES E FATORES DE RISCO: Existentes antes da doença atual e em curso,comor_git,Comorbidades gastrointestinais,,Refere-se a comorbidades relacionadas ao sistema gastrointestinal.,,0,0,0,0,,
apresentação,COMORBIDADES E FATORES DE RISCO: Existentes antes da doença atual e em curso,comor_peptulcdis,Doença da úlcera péptica,"1, Sim | 0, Não | 99, Desconhecido","Isso se refere à lesão péptica ácida do trato digestivo, resultando em interrupção da mucosa atingindo a submucosa. As úlceras pépticas geralmente estão localizadas no estômago ou no duodeno proximal, mas também podem ser encontradas no esôfago ou no divertículo de Meckel.","Indique 'sim', se essa condição existia antes da admissão com essa doença atual e continua sendo uma condição médica ativa.",0,0,0,0,0,0
apresentação,COMORBIDADES E FATORES DE RISCO: Existentes antes da doença atual e em curso,comor_liverdisease,Doença hepática,"1, Sim | 0, Não | 99, Desconhecido","Definido como qualquer distúrbio do sistema hepatobiliar. As manifestações podem incluir sinais e sintomas de colestase, hipertensão portal e/ou testes de função hepática anormais.","Indique 'sim', se essa condição existia antes da admissão e está em andamento.",0,0,0,0,0,0
apresentação,COMORBIDADES E FATORES DE RISCO: Existentes antes da doença atual e em curso,comor_liverdisease_type,Tipo de doença hepática,"1, Leve | 2, Moderada ou grave | 99, Desconhecido","Definido como hepatite ou cirrose leve - crônica sem hipertensão portal e cirrose moderada ou grave com hipertensão portal, com ou sem sangramento ou um histórico de sangramento variceal.","Indique o tipo de doença hepática. Mild: hepatite crônica ou cirrose sem hipertensão portal. Moderado ou grave: cirrose com hipertensão portal, com ou sem sangramento ou histórico de sangramento variceal.",0,0,0,0,0,0
apresentação,COMORBIDADES E FATORES DE RISCO: Existentes antes da doença atual e em curso,comor_renalgut,Comorbidades renais/geniturinárias,,Refere-se a comorbidades relacionadas ao sistema renal/geniturinário.,Indique “Sim” se esta condição existia antes da admissão com a doença atual e continua sendo uma condição médica ativa.,0,0,0,0,0,
apresentação,COMORBIDADES E FATORES DE RISCO: Existentes antes da doença atual e em curso,comor_chrkidney,Doença renal crônica,"1, Sim | 0, Não | 99, Desconhecido","Isso é definido como uma doença renal crônica diagnosticada por clínico (DRC, também conhecida como insuficiência renal crônica). A definição Kdigo e Kdoqi de doença renal crônica é danos nos rins por 3 meses, conforme definido por anormalidades estruturais ou funcionais do rim, com ou sem diminuição da taxa de filtração glomerular (TFG), que pode levar à diminuição da GFR, manifestada por: patológica anormalidades; ou marcadores de danos nos rins, incluindo anormalidades na composição do sangue ou urina, ou anormalidades nos testes de imagem; ou GFR <60 ml/min/1,73 m^2 por 3 meses, com ou sem danos nos rins.","Indique “Sim” se esta condição existia antes da admissão com a doença atual e continua sendo uma condição médica ativa. ",0,0,0,0,0,0
apresentação,COMORBIDADES E FATORES DE RISCO: Existentes antes da doença atual e em curso,comor_chrkidney_type,Estágio da doença renal crônica,"1, Estágio 1 | 2, Estágio 2 | 3, Estágio 3a | 4, Estágio 3b | 5, Estágio 4 | 6, Estágio 5 | 99, Desconhecido","Refere-se ao estágio da doença renal crônica (DRC) com base na taxa de filtração glomerular estimada (TFGe). Estágios da DRC: 1 - Lesão renal, eTFG normal (90 ml/min); 2 - Lesão renal, diminuição leve da TFG (60-89 ml/min); 3a - Diminuição moderada da TFG (45-59 ml/min); 3b - Diminuição moderada a grave da TFG (30-44 ml/min); 4 - Diminuição grave da TFG (15-29 ml/min); 5 - Insuficiência renal (<15 ml/min ou em diálise).",Selecione a opção mais adequada que corresponda ao estágio da DRC com base na eGFR.,0,0,0,0,0,0
apresentação,COMORBIDADES E FATORES DE RISCO: Existentes antes da doença atual e em curso,comor_inf,Comorbidades infecciosas,,Refere-se a comorbidades relacionadas a infecções.,,0,0,0,0,,
apresentação,COMORBIDADES E FATORES DE RISCO: Existentes antes da doença atual e em curso,comor_aids,HIV,"1, Sim | 0, Não | 99, Desconhecido","Definido como uma pessoa que vive com o vírus da imunodeficiência humana confirmada por laboratório (HIV) 1 ou 2 infecção, ou um paciente com uma síndrome de deficiência de imunidade adquirida (AIDS). Isso é independente da contagem/porcentagem de linfócitos CD4 ou da carga viral do HIV no sangue. A arte refere-se à terapia anti-retroviral e é distinta da profilaxia pré-exposição (preparação) ou profilaxia pós-exposição (PEP).",Indique a opção mais apropriada que reflete o status de HIV/AIDS do paciente e se eles estão tomando terapia anti-retroviral (TARV).,0,0,0,0,0,0
apresentação,COMORBIDADES E FATORES DE RISCO: Existentes antes da doença atual e em curso,comor_aids_art,Se HIV positivo: o paciente está na terapia anti-retroviral (TARV)?,"1, Sim | 0, Não | 99, Desconhecido","A terapia anti-retroviral (TARV) refere-se à terapia medicamentosa, para pacientes com infecção pelo HIV, que visa a função do retrovírus por múltiplos mecanismos para suprimir agressivamente a replicação do HIV. É distinto da profilaxia da pré-exposição (preparação) ou profilaxia pós-exposição (PEP).",Indique a opção mais apropriada que reflete o status de HIV/AIDS do paciente e se eles estão tomando terapia anti-retroviral (TARV).,0,0,0,0,0,0
apresentação,COMORBIDADES E FATORES DE RISCO: Existentes antes da doença atual e em curso,comor_aids_arttype,Se sim: especifique arte,,"Isso se refere à terapia anti -retroviral (TARV) usada no tratamento de infecções por HIV com medicamentos que visam o vírus diretamente, limitando a capacidade das células infectadas de produzir novas partículas de vírus. É distinto da profilaxia da pré-exposição (preparação) ou profilaxia pós-exposição (PEP).",Escreva os medicamentos para terapia anti -retroviral (ART) usados ​​no tratamento do HIV.,0,0,0,0,0,
apresentação,COMORBIDADES E FATORES DE RISCO: Existentes antes da doença atual e em curso,comor_aids_cd4date,Se HIV positivo: data de contagem de CD4,,Isso se refere à data da contagem de células CD4 mais recente de Laboratório disponível.,Escreva a data em formato dd/mm/yyyy.,0,0,0,0,0,
apresentação,COMORBIDADES E FATORES DE RISCO: Existentes antes da doença atual e em curso,comor_aids_cd4count,Se HIV positivo: contagem de CD4 mais recente (células/uL),,Refere-se à data da contagem de células CD4 mais recente disponível em laboratório.,Escreva a data no formato DD/MM/AAAA.,0,0,0,0,0,
apresentação,COMORBIDADES E FATORES DE RISCO: Existentes antes da doença atual e em curso,comor_aids_vrl,Se HIV positivo: a carga viral do HIV é detectável,"1, Sim | 0, Não | 99, Desconhecido","Detectável normalmente inclui suprimido (detectado, mas <= 1000 cópias/ml) e não suprimido (> 1000 cópias/ml). Undetectável refere -se à carga viral não detectada pelo teste usado.","Indique 'sim' se detectável (inclui; suprimido (detectado, mas <= 1000 cópias/ml) e não suprimido (> 1000 cópias/ml)). Indique 'não' se indetectável (carga viral não detectada pelo teste usado).",0,0,0,0,0,0
apresentação,COMORBIDADES E FATORES DE RISCO: Existentes antes da doença atual e em curso,comor_aids_vrlno,Se HIV positivo: mais recente carga viral do HIV (cópias/ml),,"Definido como a carga viral HIV mais recente de laboratório disponível, expressa em cópias/ml.",Indique a carga viral HIV mais recente de laboratório disponível expressa em cópias/ml.,0,0,0,0,0,
apresentação,COMORBIDADES E FATORES DE RISCO: Existentes antes da doença atual e em curso,comor_aids_vrlnodate,Data da carga viral do HIV,,Refere-se à data da contagem de células CD4 mais recente disponível em laboratório.,Escreva a data no formato DD/MM/AAAA.,0,0,0,0,0,
apresentação,COMORBIDADES E FATORES DE RISCO: Existentes antes da doença atual e em curso,comor_tuberculos,Tuberculose,"1, Sim | 0, Não | 99, Desconhecido","Definida como pacientes atualmente recebendo tratamento para tuberculose, uma infecção causada pela bactéria Mycobacterium tuberculosis. A tuberculose latente não deve ser incluída aqui. Pacientes que foram curados de tuberculose não devem ser incluídos aqui. Aqueles que têm sequelas pulmonares crônicas após sua tuberculose devem ser incluídas como doença pulmonar crônica.","Indique 'sim', se essa condição existia antes da admissão com essa doença atual e continua sendo uma condição médica ativa.",0,0,0,0,0,0
apresentação,COMORBIDADES E FATORES DE RISCO: Existentes antes da doença atual e em curso,comor_tuberculos_type,Especificar o tipo de tuberculose,"1, Pulmonar ativo | 4, Extrapulmonar ativo | 3, Latente | 99, Desconhecido","Refere-se ao tipo de infecção por Mycobacterium tuberculosis. TB pulmonar ativa refere-se à infecção bacteriana que afeta os pulmões e é causada pela Mycobacterium tuberculosis, com sinais e sintomas que incluem tosse crônica com expectoração com sangue, suores noturnos, febre, fadiga e perda de peso. TB extrapulmonar ativa refere-se à infecção por Mycobacterium tuberculosis que envolve órgãos além dos pulmões (por exemplo, pleura, gânglios linfáticos, abdômen, trato geniturinário, pele, articulações e ossos ou meninges). A TB latente refere-se à presença assintomática de Mycobacterium tuberculosis no organismo, determinada por um resultado positivo no teste cutâneo da tuberculina ou no ensaio de liberação de interferon-gama.",Selecione a(s) opção(ões) mais adequada(s) que representa(m) o tipo de infecção por Mycobacterium tuberculosis.,0,0,0,0,0,0
apresentação,COMORBIDADES E FATORES DE RISCO: Existentes antes da doença atual e em curso,comor_hepbc,Infecção crônica de hepatite b/c,"1, Sim | 0, Não | 99, Desconhecido",Definido como hepatite crônica devido à infecção pelo vírus da hepatite B (HBV) ou da hepatite C (HCV). Não inclua aqueles com uma cura documentada de hepatite C.,"Indique 'sim', se essa condição existia antes da admissão com essa doença atual e continua sendo uma condição médica ativa.",0,0,0,0,0,0
apresentação,COMORBIDADES E FATORES DE RISCO: Existentes antes da doença atual e em curso,comor_heme,Comorbidades hematológicas,,Refere-se a comorbidades relacionadas ao sistema hematológico.,,0,0,0,0,,
apresentação,COMORBIDADES E FATORES DE RISCO: Existentes antes da doença atual e em curso,comor_chrhematol,Doença Hematológica Crônica,"1, Sim | 0, Não | 99, Desconhecido","Refere-se a doenças crônicas do sangue e dos tecidos formadores do sangue. Exemplos incluem policitemia vera, síndromes mielodisplásicas (MDS). Não inclui leucemia, linfoma ou mieloma, que devem ser inseridos em malignidade. Não inclui anemia por deficiência de ferro explicada por dieta ou perda crônica de sangue.","Indique 'sim', se essa condição existia antes da admissão com essa doença atual e continua sendo uma condição médica ativa.",0,0,0,0,0,0
apresentação,COMORBIDADES E FATORES DE RISCO: Existentes antes da doença atual e em curso,comor_recentblood,Transfusão de sangue no último mês,"1, Sim | 0, Não | 99, Desconhecido",Refere-se a um histórico de transfusão de sangue no último mês de um ano civil.,"Indique “Sim” se esta condição existia antes da admissão com a doença atual e continua sendo uma condição médica ativa. ",0,0,0,0,0,0
apresentação,COMORBIDADES E FATORES DE RISCO: Existentes antes da doença atual e em curso,comor_sickle,Anemia falciforme,"1, Sim | 0, Não | 99, Desconhecido",Refere-se a uma doença genética do sangue caracterizada pelo aparecimento de glóbulos vermelhos em forma de foice e anemia.,"Indique “Sim” se esta condição existia antes da admissão com a doença atual e continua sendo uma condição médica ativa. ",0,0,0,0,0,0
apresentação,COMORBIDADES E FATORES DE RISCO: Existentes antes da doença atual e em curso,comor_sys,Comorbidades sistêmicas/gerais,,Refere-se a comorbidades sistêmicas/gerais.,,0,0,0,0,,
apresentação,COMORBIDADES E FATORES DE RISCO: Existentes antes da doença atual e em curso,comor_rheumatolo,Transtorno reumatológico,"1, Sim | 0, Não | 99, Desconhecido","Definido como um distúrbio do tecido conjuntivo, especialmente as articulações e estruturas relacionadas caracterizadas por inflamação, degeneração ou perturbação metabólica. Inclui artropatias crônicas e artrite, distúrbios do tecido conjuntivo e vasculitídeos.","Indique 'sim', se essa condição existia antes da admissão com essa doença atual e continua sendo uma condição médica ativa.",0,0,0,0,0,0
apresentação,COMORBIDADES E FATORES DE RISCO: Existentes antes da doença atual e em curso,comor_asplenia,Asplenia,"1, Sim | 0, Não | 99, Desconhecido","Definido como a ausência anatômica do baço ou asplenia funcional secundária a uma variedade de estados de doença. Isso pode incluir ausência congênita (nascer sem baço) ou ausência adquirida, por exemplo, secundária à remoção cirúrgica. ","Indique 'sim', se essa condição existia antes da admissão com essa doença atual e continua sendo uma condição médica ativa.",0,0,0,0,0,0
apresentação,COMORBIDADES E FATORES DE RISCO: Existentes antes da doença atual e em curso,comor_benignn,Neoplasia benigna,"1, Sim | 0, Não | 99, Desconhecido",Isso se refere a uma neoplasia caracterizada pela ausência de características citológicas e arquitetônicas atípicas ou malignas e ausência de características invasivas ou potencial metastático.,"Indique 'sim', se essa condição existia antes da admissão com essa doença atual e continua sendo uma condição médica ativa.",0,0,0,0,0,0
apresentação,COMORBIDADES E FATORES DE RISCO: Existentes antes da doença atual e em curso,comor_malignantn,Neoplasia maligna,"1, Sim | 0, Não | 99, Desconhecido","Definido como um tumor composto por células neoplásicas atípicas, geralmente pleomórficas que invadem outros tecidos. Inclui neoplasias hematológicas, que são consideradas biologicamente ativas. As neoplasias malignas mais comuns são carcinomas (adenocarcinomas ou carcinomas de células escamosas), linfomas hodgkin e não-hodgkin, leucemias, melanomas e sarcomas. Especificamente, não inclui malignidades que foram curadas ou onde não há evidências de doenças em andamento relacionadas a essa malignidade após o tratamento.","Indique “Sim” se esta condição existia antes da admissão com a doença atual e continua sendo uma condição médica ativa. ",0,0,0,0,0,0
apresentação,COMORBIDADES E FATORES DE RISCO: Existentes antes da doença atual e em curso,comor_malignantn_sol,Neoplasia sólida maligna,"1, Sim | 0, Não | 99, Desconhecido",Definido como uma neoplasia maligna decorrente de tecidos que não incluem áreas fluidas. Exemplos representativos incluem carcinomas (adenocarcinomas ou carcinomas de células escamosas) e sarcomas. As neoplasias do tecido hematopoiético e linfóide não são consideradas neoplasias sólidas.,Indique “Sim” se esta condição existia antes da admissão com a doença atual e continua sendo uma condição médica ativa.,0,0,0,0,0,0
apresentação,COMORBIDADES E FATORES DE RISCO: Existentes antes da doença atual e em curso,comor_malignantn_leuk,Leucemia,"1, Sim | 0, Não | 99, Desconhecido","Definido como uma doença progressiva e maligna dos órgãos formadores de sangue, caracterizados por proliferação e desenvolvimento distorcidos de leucócitos e seus precursores no sangue e na medula óssea. As leucemias foram originalmente denominadas agudas ou crônicas com base na expectativa de vida, mas agora são classificadas de acordo com a maturidade celular.",Indique “Sim” se esta condição existia antes da admissão com a doença atual e continua sendo uma condição médica ativa.,0,0,0,0,0,0
apresentação,COMORBIDADES E FATORES DE RISCO: Existentes antes da doença atual e em curso,comor_malignantn_lymp,Linfoma,"1, Sim | 0, Não | 99, Desconhecido","Definido como uma proliferação maligna (clonal) de b-linfócitos ou t-linfócitos que envolve os linfonodos, medula óssea e/ou locais extranodais. Esta categoria inclui linfomas não-Hodgkin e linfomas de Hodgkin.","Indique “Sim” se esta condição existia antes da admissão com a doença atual e continua sendo uma condição médica ativa. ",0,0,0,0,0,0
apresentação,COMORBIDADES E FATORES DE RISCO: Existentes antes da doença atual e em curso,comor_obesity,Obesidade,"1, Sim | 0, Não | 99, Desconhecido",Refere -se ao peso corporal grosseiramente acima do padrão recomendado. IMC> = 30 kg/m2 ou outro corte IMC localmente apropriado pode ser usado para definir a obesidade.,Indique “Sim” se essa condição existia antes da admissão com a doença atual e continua sendo uma condição médica ativa.,0,0,0,0,0,0
apresentação,COMORBIDADES E FATORES DE RISCO: Existentes antes da doença atual e em curso,comor_malnutriti,Desnutrição,"1, Sim | 0, Não | 99, Desconhecido","Isso se refere a qualquer deficiência de ingestão identificada clinicamente, de energia total ou de nutrientes específicos, que levou a uma intervenção dietética ou encaminhamento antes dessa admissão.","Indique 'sim', se essa condição existia antes da admissão com essa doença atual e continua sendo uma condição médica ativa.",0,0,0,0,0,0
apresentação,COMORBIDADES E FATORES DE RISCO: Existentes antes da doença atual e em curso,comor_diabetes,Diabetes mellitus,"1, Sim | 0, Não | 99, Desconhecido","Definido como um distúrbio metabólico caracterizado por níveis anormalmente altos de açúcar no sangue devido à diminuição da produção de resistência ou dessensibilização à insulina ou insulina. Isso inclui diabetes mellitus tipo 1, diabetes mellitus tipo 2 ou diabetes gestacional que requer tratamento oral ou subcutâneo.","Indique 'sim', se essa condição existia antes da admissão com essa doença atual e continua sendo uma condição médica ativa.",0,0,0,0,0,0
apresentação,COMORBIDADES E FATORES DE RISCO: Existentes antes da doença atual e em curso,comor_diabetes_type,Tipo de diabetes mellitus,"1, Tipo 1| 2, Tipo 2 | 3, Diabetes gestacional | 99, Desconhecido","Refere-se a um subtipo de diabetes mellitus caracterizado por deficiência de insulina; manifesta-se pelo aparecimento súbito de hiperglicemia grave, progressão rápida para cetoacidose diabética e morte, a menos que seja tratado com insulina; a doença pode ocorrer em qualquer idade, mas é mais comum na infância ou adolescência.",Indique “Sim” se esta condição existia antes da admissão com a doença atual e continua sendo uma condição médica ativa.,0,0,0,0,0,0
apresentação,COMORBIDADES E FATORES DE RISCO: Existentes antes da doença atual e em curso,comor_diabetes_endorg,Dano de órgão final do diabetes,"1, Sim | 0, Não | 99, Desconhecido","Refere -se a danos irreparáveis ​​a múltiplos órgãos/sistemas, o resultado de complicações crônicas do diabetes. Os órgãos/sistemas afetados incluem o sistema cardiovascular, rins, olhos, sistema nervoso, articulações e pés.","Indique 'sim', se essa condição existia antes da admissão com essa doença atual e continua sendo uma condição médica ativa.",0,0,0,0,0,0
apresentação,COMORBIDADES E FATORES DE RISCO: Existentes antes da doença atual e em curso,comor_hba1c,Resultado HbA1c nos últimos 6 meses (unidades selecionadas),,"A hemoglobina A1C (HbA1c) é um exame de sangue que mede o nível médio de glicose no sangue nos três meses anteriores ao resultado do teste. Pode ser relatado em diferentes unidades (mmol/mol, mmol/l ou %).","Selecione a opção que melhor se encaixa no resultado. Se não houver resultado para o paciente nos últimos seis meses, prossiga para a próxima pergunta.",0,0,0,0,0,
apresentação,COMORBIDADES E FATORES DE RISCO: Existentes antes da doença atual e em curso,comor_hba1c_units,Resultado de HbA1C nos últimos 6 meses (unidades selecionadas),"1, mmol/mol | 2,%",,,0,0,0,,,0
apresentação,COMORBIDADES E FATORES DE RISCO: Existentes antes da doença atual e em curso,comor_hba1c_mmolmol,Resultado de HbA1c nos últimos 6 meses (mmol/mol),,"A hemoglobina A1C (HbA1c) é um exame de sangue que mede o nível médio de glicose no sangue nos três meses anteriores ao resultado do teste. Pode ser relatado em diferentes unidades (mmol/mol, mmol/l ou %).",Digite o valor numérico para o nível de HbA1c expresso em mmol/mol.,0,0,0,0,0,
apresentação,COMORBIDADES E FATORES DE RISCO: Existentes antes da doença atual e em curso,comor_hba1c_pcnt,Resultados de HbA1C nos últimos 6 meses (%),,"A hemoglobina A1C (HbA1C) é um exame de sangue que mede o nível médio de glicose no sangue nos três meses anteriores ao resultado do exame. Pode ser relatada em diferentes unidades (mmol/mol, mmol/L ou %).",Insira o valor numérico do nível de HbA1C expresso em porcentagem %.,0,0,0,0,0,
apresentação,COMORBIDADES E FATORES DE RISCO: Existentes antes da doença atual e em curso,comor_smoking,Sempre fumado,"1, Sim | 0, Não | 99, Desconhecido","Refere-se ao consumo de cigarros, charutos, cachimbos ou equivalentes. Nunca fumante é definido como uma pessoa que nunca fumou no momento da avaliação ou fumou menos de 100 dos itens acima em toda a sua vida. Não inclua produtos de tabaco sem fumo, como tabaco de mascar ou dispositivos eletrônicos de liberação de nicotina.","Indique 'sim', se essa condição existia antes da admissão com essa doença atual e continua sendo uma condição médica ativa. Indique 'não' se o paciente nunca fumou (definido como uma pessoa que nunca fumou no momento da avaliação ou fumou menos de 100 dos itens acima em sua vida).",0,0,0,0,0,0
apresentação,COMORBIDADES E FATORES DE RISCO: Existentes antes da doença atual e em curso,comor_smoking_type,Situação tabágica,"1, Fumante atual | 2, Ex-fumante","Refere-se ao consumo de cigarros, charutos, cachimbos ou equivalentes. Nunca fumante é definido como uma pessoa que nunca fumou no momento da avaliação ou fumou menos de 100 dos itens acima em toda a sua vida. Não inclua produtos de tabaco sem fumo, como tabaco de mascar ou dispositivos eletrônicos de liberação de nicotina. ",Indique “Sim” se esta condição existia antes da admissão com a doença atual e continua sendo uma condição médica ativa. Indique “Não” se o paciente nunca fumou (definido como uma pessoa que nunca fumou no momento da avaliação ou fumou menos de 100 dos itens acima em sua vida).,0,0,0,0,0,0
apresentação,COMORBIDADES E FATORES DE RISCO: Existentes antes da doença atual e em curso,comor_smoking_passive,Tabagismo passivo (vive na mesma casa que um fumador),"1, Sim | 0, Não | 99, Desconhecido",Isso se refere ao aumento do risco de exposição a produtos de fumo entre indivíduos que não fumam. Isso pode resultar do convívio com um fumante ou da transferência placentária da mãe para o feto.,"Indique “Sim” se esta condição existia antes da admissão com a doença atual e continua sendo uma condição médica ativa. ",0,0,0,0,0,0
apresentação,COMORBIDADES E FATORES DE RISCO: Existentes antes da doença atual e em curso,comor_orgtrans,Receptor de transplante,"1, Sim | 0, Não | 99, Desconhecido",Isso se refere a um indivíduo que recebe (ou recebeu) tecidos ou órgãos transferidos de outro indivíduo da mesma ou de espécies diferentes ou do mesmo indivíduo.,Indique “Sim” se essa condição existia antes da admissão com a doença atual e continua sendo uma condição médica ativa.,0,0,0,0,0,0
apresentação,COMORBIDADES E FATORES DE RISCO: Existentes antes da doença atual e em curso,comor_orgtrans_organ,Se sim: especifique órgãos transplantados,"1, Pulmão | 2, Coração | 3, Rim | 4, Fígado | 5, Osso  | 6, Célula-tronco hematopoiética","Refere-se ao(s) tecido(s) ou órgão(s) específico(s) transferido(s) de outro indivíduo da mesma espécie ou de espécie diferente, ou de dentro do mesmo indivíduo.",Selecione tudo o que se aplica.,0,0,0,0,0,0
apresentação,COMORBIDADES E FATORES DE RISCO: Existentes antes da doença atual e em curso,comor_primaryimmuno,Imunodeficiência primária,"1, Sim | 0, Não | 99, Desconhecido","Refere-se a uma doença de imunodeficiência que surge independentemente de outro processo patológico, doença ou lesão.",Indique “Sim” se essa condição existia antes da admissão com a doença atual e continua sendo uma condição médica ativa.,0,0,0,0,0,0
apresentação,COMORBIDADES E FATORES DE RISCO: Existentes antes da doença atual e em curso,comor_chemotherapy,Quimioterapia,"1, Sim | 0, Não | 99, Desconhecido","Refere-se ao tratamento que utiliza medicamentos para impedir o crescimento das células cancerosas, seja matando as células ou impedindo-as de se dividir.","Indique “Sim” se essa condição existia antes da admissão com a doença atual e continua sendo uma condição médica ativa. ",0,0,0,0,0,0
apresentação,COMORBIDADES E FATORES DE RISCO: Existentes antes da doença atual e em curso,comor_radiotherapy,Radioterapia,"1, Sim | 0, Não | 99, Desconhecido","Refere-se ao uso de radiação de alta energia proveniente de raios X, raios gama, nêutrons, prótons e outras fontes para matar células cancerosas e reduzir tumores.",Indique “Sim” se essa condição existia antes da admissão com a doença atual e continua sendo uma condição médica ativa.,0,0,0,0,0,0
apresentação,COMORBIDADES E FATORES DE RISCO: Existentes antes da doença atual e em curso,comor_steroidtherapy,Terapia com corticosteroides de longa duração ou em doses elevadas,"1, Sim | 0, Não | 99, Desconhecido",Refere-se ao uso de corticosteroides exógenos em altas doses ou por longos períodos (normalmente por mais de 4 semanas) para o tratamento de qualquer doença ou distúrbio.,Indique “Sim” se essa condição existia antes da admissão com a doença atual e continua sendo uma condição médica ativa.,0,0,0,0,0,0
apresentação,COMORBIDADES E FATORES DE RISCO: Existentes antes da doença atual e em curso,comor_skincon,Condição(ões) cutânea(s) relevante(s) (dermatite atópica ou condições cutâneas esfoliativas ativas),"1, Sim | 0, Não | 99, Desconhecido",Refere-se a qualquer desvio da estrutura ou função normal da pele ou do tecido subcutâneo que se manifesta por um conjunto característico de sintomas e sinais.,Indique “Sim” se esta condição existia antes da admissão com a doença atual e continua sendo uma condição médica ativa.,0,0,0,0,0,0
apresentação,COMORBIDADES E FATORES DE RISCO: Existentes antes da doença atual e em curso,comor_skincondesc,Descreva a(s) condição(ões) cutânea(s),,Refere-se a qualquer desvio da estrutura ou função normal da pele ou do tecido subcutâneo que se manifesta por um conjunto característico de sintomas e sinais.,"Se “Sim”, descreva a(s) condição(ões) da pele.",0,0,0,0,0,
apresentação,COMORBIDADES E FATORES DE RISCO: Existentes antes da doença atual e em curso,comor_paed,Comorbidades específicas da pediatria,,,,0,0,0,,,
apresentação,COMORBIDADES E FATORES DE RISCO: Existentes antes da doença atual e em curso,comor_premature,Prematuridade (<37 semanas),"1, sim | 0, Não | 99, Desconhecido",Refere-se ao nascimento de um feto com menos de 37 semanas e 0 dias de idade gestacional.,Indique “Sim” se esta condição existia antes da admissão com a doença atual e continua sendo uma condição médica ativa.,0,0,0,0,0,0
apresentação,COMORBIDADES E FATORES DE RISCO: Existentes antes da doença atual e em curso,comor_otherdesc,Outras comorbidades,,,,0,0,0,,,
apresentação,COMORBIDADES E FATORES DE RISCO: Existentes antes da doença atual e em curso,comor_unlisted,Outras comorbidade relevante (s),"1, Sim | 0, Não | 99, Desconhecido",Refere-se a uma ou mais condições comórbidas não listadas acima.,Indique “Sim” se esta condição existia antes da admissão com a doença atual e continua sendo uma condição médica ativa.,0,0,0,0,0,0
apresentação,HISTÓRICO MÉDICO,medic_previnf,O paciente conhecido por ter tido infecções anteriores com esse patógeno?,"1, Sim | 0, Não | 99, Desconhecido",Definido como um diagnóstico anterior com o mesmo patógeno em um episódio clínico distinto desta apresentação ou admissão.,"Indique 'sim', se o paciente foi infectado anteriormente com o mesmo patógeno.",0,0,0,0,0,0
apresentação,HISTÓRICO MÉDICO,medic_firstadm,Se sim: o paciente já foi hospitalizado em um episódio anterior da mesma infecção?,"1, Sim - internado em hospital ou UTI | 0, Não | 99, Desconhecido",Isso se refere ao histórico anterior de infecções do paciente com o mesmo patógeno e se o paciente foi admitido no hospital ou na UTI.,Indique 'sim' se o paciente foi admitido no Hospital ou UTI para infecção com o mesmo patógeno.,0,0,0,0,0,0
apresentação,HISTÓRICO MÉDICO,medic_infstartdate,Quando começou o episódio anterior?,,"Refere-se à data exata (ou data aproximada, se desconhecida) em que o episódio anterior de infecção pelo mesmo patógeno começou.","Escreva a data exata no formato DD/MM/AAAA ou, se não souber, escreva uma data aproximada em que a infecção anterior pelo mesmo patógeno começou.",0,0,0,0,0,
apresentação,HISTÓRICO MÉDICO,medic_infenddate,Quando terminou o episódio anterior?,,"Refere-se à data exata (ou data aproximada, se desconhecida) em que o episódio anterior de infecção pelo mesmo patógeno terminou.","Escreva a data exata no formato DD/MM/AAAA ou, se não souber, escreva uma data aproximada em que a infecção anterior pelo mesmo patógeno terminou.",0,0,0,0,0,
apresentação,HISTÓRICO MÉDICO,medic_labtest,O episódio anterior foi confirmado por testes de laboratório?,"1, Sim | 0, Não | 99, Desconhecido",Isso se refere à confirmação do episódio de infecção anterior com um teste de laboratório.,"Indique 'sim', se o episódio anterior foi confirmado com testes de laboratório.",0,0,0,0,0,0
apresentação,HISTÓRICO MÉDICO,medic_previnf2,O paciente conhecido por ter tido uma (s) infecção (s) antes do último relatado com esse patógeno?,"1, Sim | 0, Não | 99, Desconhecido",Definido como um diagnóstico anterior com o mesmo patógeno em um episódio clínico antes da última infecção relatada.,"Indique 'sim', se o paciente tiver tido anteriormente uma infecção com o mesmo patógeno em um episódio clínico antes da última infecção relatada.",0,0,0,0,0,0
apresentação,HISTÓRICO MÉDICO,medic_previnf2_adm,Se sim: o paciente já foi hospitalizado neste episódio anterior da mesma infecção?,"1, Sim - internado em hospital ou UTI | 0, Não | 99, Desconhecido",Isso se refere ao histórico anterior de infecção do paciente com o mesmo patógeno e se o paciente foi admitido no hospital ou na UTI.,Indique 'sim' se o paciente foi admitido no hospital ou na UTI para uma infecção com o mesmo patógeno em um episódio clínico antes da última infecção relatada.,0,0,0,0,0,0
apresentação,HISTÓRICO MÉDICO,medic_previnf2_startdate,Quando começou este episódio anterior?,,"Refere-se à data exata (ou data aproximada, se desconhecida) em que o episódio anterior de infecção pelo mesmo patógeno começou.","Escreva a data exata no formato DD/MM/AAAA ou, se não souber, escreva uma data aproximada em que a infecção anterior pelo mesmo patógeno começou.",0,0,0,0,0,
apresentação,HISTÓRICO MÉDICO,medic_previnf2_enddate,Quando terminou este episódio anterior?,,"Refere-se à data exata (ou data aproximada, se desconhecida) em que o episódio anterior de infecção pelo mesmo patógeno terminou.","Escreva a data exata no formato DD/MM/AAAA ou, se não souber, escreva uma data aproximada em que a infecção anterior pelo mesmo patógeno terminou.",0,0,0,0,0,
apresentação,HISTÓRICO MÉDICO,medic_previnf3,O paciente conhecido por ter tido uma (s) infecção (s) antes do último relatado com esse patógeno?,"1, Sim | 0, Não | 99, Desconhecido",Definido como um diagnóstico anterior com o mesmo patógeno em um episódio clínico antes da última infecção relatada.,"Indique 'sim', se o paciente tiver tido anteriormente uma infecção com o mesmo patógeno em um episódio clínico antes da última infecção relatada.",0,0,0,0,0,0
apresentação,HISTÓRICO MÉDICO,medic_previnf3_adm,Se sim: o paciente já foi hospitalizado neste episódio anterior da mesma infecção?,"1, Sim - internado em hospital ou UTI | 0, Não | 99, Desconhecido",Isso se refere ao histórico anterior de infecção do paciente com o mesmo patógeno e se o paciente foi admitido no hospital ou na UTI.,Indique 'sim' se o paciente foi admitido no hospital ou na UTI para uma infecção com o mesmo patógeno em um episódio clínico antes da última infecção relatada.,0,0,0,0,0,0
apresentação,HISTÓRICO MÉDICO,medic_previnf3_startdate,Quando começou este episódio anterior?,,"Refere-se à data exata (ou data aproximada, se desconhecida) em que o episódio anterior de infecção pelo mesmo patógeno começou.","Escreva a data exata no formato DD/MM/AAAA ou, se não souber, escreva uma data aproximada em que a infecção anterior pelo mesmo patógeno começou.",0,0,0,0,0,
apresentação,HISTÓRICO MÉDICO,medic_previnf3_enddate,Quando terminou este episódio anterior?,,"Refere-se à data exata (ou data aproximada, se desconhecida) em que o episódio anterior de infecção pelo mesmo patógeno terminou.","Escreva a data exata no formato DD/MM/AAAA ou, se não souber, escreva uma data aproximada em que a infecção anterior pelo mesmo patógeno terminou.",0,0,0,0,0,
apresentação,HISTÓRICO MÉDICO,medic_cpoxpast,Conhecido por ter infecções anteriores de varicela?,"1, Sim | 0, Não | 99, Desconhecido","Isso se refere a uma infecção anterior de varicela. Não inclui um histórico de vírus de varicela reativado (VZV), ou seja, telhas.","Indique 'sim', se essa condição existia antes da admissão com essa doença atual e continua sendo uma condição médica ativa.",0,0,0,0,0,0
apresentação,HISTÓRICO MÉDICO,medic_cpox,Varicela ativa,"1, Sim | 0, Não | 99, Desconhecido","Isso se refere à infecção ativa de varicela causada pelo vírus varicela-zoster. As manifestações clínicas são febre e erupção cutânea vesicular e prurigática que ocorrem dez a vinte e um dias após a exposição. Não inclua aqueles com vírus de varicela reativado (VZV), ou seja, telhas.","Indique 'sim', se essa condição existia antes da admissão com essa doença atual e continua sendo uma condição médica ativa.",0,0,0,0,0,0
apresentação,HISTÓRICO MÉDICO,medic_actshingles,Telhas ativas (herpes zoster),"1, Sim | 0, Não | 99, Desconhecido",Refere-se a um caso ativo de herpes zoster devido à reativação do vírus varicela-zoster que permaneceu dormente após a exposição inicial do paciente ao vírus na forma de varicela.,"Indique 'sim', se o paciente atualmente tiver telhas (herpes zoster), uma reativação do vírus varicela-zoster. Indique 'não' se o paciente só teve varicela no passado, ou se o paciente não tiver histórico dessa condição.",0,0,0,0,0,0
apresentação,HISTÓRICO MÉDICO,medic_acthcv,Hepatite C ativa,"1, Sim | 0, Não | 99, Desconhecido",Refere-se a um caso ativo de infecção pelo vírus da hepatite C.,Indique “Sim” se o paciente tem atualmente uma infecção ativa por hepatite C.,0,0,0,0,0,0
apresentação,HISTÓRICO MÉDICO,medic_acthbv,Hepatite B ativa,"1, Sim | 0, Não | 99, Desconhecido",Refere-se a um caso ativo de infecção pelo vírus da hepatite B.,Indique “Sim” se o paciente tiver atualmente uma infecção ativa por hepatite B.,0,0,0,0,0,0
apresentação,HISTÓRICO MÉDICO,medic_sti,Infecção sexualmente transmissível ativa,"1, Sim | 0, Não | 99, Desconhecido","Definido como infecções devido ou propagadas por contato sexual, incluindo clamídia, herpes/verrugas genitais, gonorréia, HPV, piolhos públicos, sífilis, tricomoníase, linfogranuloma venereum. Não inclua HIV/AIDS e hepatite crônica, conforme especificado em perguntas separadas.","Indique 'sim', se essa condição existia antes da admissão com essa doença atual e continua sendo uma condição médica ativa.",0,0,0,0,0,0
apresentação,HISTÓRICO MÉDICO,medic_sti_type,Especifique o STI ativo,"1, Vírus herpes simplex (VHS) | 2, Papilomavírus humano (HPV) | 3, Clamídia | 4, Gonorreia | 5, Sífilis | 6, Mycoplasma genitalium | 99, Desconhecido | 88, Outros","Definido como infecções devido ou propagadas por contato sexual, incluindo clamídia, herpes/verrugas genitais, gonorréia, HPV, piolhos públicos, sífilis, tricomoníase, linfogranuloma venereum. Não inclua HIV/AIDS e hepatite crônica, conforme especificado em perguntas separadas.",Selecione tudo o que se aplica.,0,0,0,0,0,0
apresentação,HISTÓRICO MÉDICO,medic_sti_oth,Se sim: especifique outra STI ativa,,"Definido como infecções devido ou propagado por contato sexual, incluindo, não listado acima. Não inclua HIV/AIDS e hepatite crônica, conforme especificado em perguntas separadas.","Se “Outro”, especifique a outra IST ativa.",0,0,0,0,0,
apresentação,MEDICAÇÃO ANTES DESTA HOSPITALIZAÇÃO,drug14_antiviral,Antiviral,"1, Sim | 0, Não | 99, Desconhecido","Um agente antiviral refere-se a qualquer agente prescrito para tratar ou prevenir infecções virais, interferindo no ciclo de replicação viral. Exemplos de inibidores da neuraminidase incluem oseltamivir, ribavirina, aciclovir e lopinavir/ritonavir. Preparações tópicas não estão incluídas.",Indique “Sim” se o paciente tomou um antiviral nos 14 dias anteriores à admissão/apresentação mais recente.,0,0,0,0,0,0
apresentação,MEDICAÇÃO ANTES DESTA HOSPITALIZAÇÃO,drug14_antiviral_type,Antiviral,,"Um agente antiviral refere -se a qualquer agente prescrito para tratar ou prevenir infecções virais, interferindo no ciclo de replicação viral. Exemplos de inibidores da neuraminidase incluem oseltamivir, ribavirina, aciclovir e lopinavir/ritonavir. Os preparativos tópicos não estão incluídos.","Indique 'sim', se o paciente tomou um antiviral nos 14 dias anteriores a esta admissão / apresentação mais recente",0,0,0,0,0,
apresentação,MEDICAÇÃO ANTES DESTA HOSPITALIZAÇÃO,drug14_antiviral_route,Rota de administração antiviral,"1, Oral | 2, Inalado | 3, IV | 4, Tópico | 99, Desconhecido","Isso se refere à parte do corpo através do qual ou para o qual, ou a maneira pela qual o medicamento (medicamento) é introduzido. Oral refere -se a administrar por via oral. Inalado refere -se à administração através da via respiratória (insuflação no trato respiratório). IV (intravenoso) refere -se a administrar na corrente sanguínea através da injeção em uma veia. Tópico refere -se à administração por aplicação de preparativos para medicamentos nas superfícies do corpo, especialmente a pele ou as membranas mucosas.",Indique a rota de administração para o agente antiviral.,0,0,0,0,0,0
apresentação,MEDICAÇÃO ANTES DESTA HOSPITALIZAÇÃO,drug14_antiviraldate,Data de início do antiviral,,Refere-se à data em que o medicamento foi iniciado/a primeira dose foi administrada.,Insira a data no formato DD/MM/AAAA.,0,0,0,0,0,
apresentação,MEDICAÇÃO ANTES DESTA HOSPITALIZAÇÃO,drug14_antiviralday,Número de dias antivirais tomados,,Inclui todos os dias de calendário em que uma dose foi recebida ou instruída a assumir a prescrição de alta.,Digite o número total de dias para os quais uma dose foi recebida ou instruída a assumir a prescrição de alta.,0,0,0,0,0,
apresentação,MEDICAÇÃO ANTES DESTA HOSPITALIZAÇÃO,drug14_steroid,Corticosteróide,"1, Sim | 0, Não | 99, Desconhecido","Os corticosteróides (geralmente chamados de 'esteróides') referem -se a todos os tipos de corticosteróide terapêutico, fabricados no córtex adrenal (a parte externa da glândula adrenal). Eles também são feitos em laboratório. Os exemplos incluem: prednisolona, ​​prednisona, metil-prednisolona, ​​dexametasona, hidrocortisona, fluticasona, betametasona. Os preparativos tópicos não estão incluídos, mas os preparativos inalados estão incluídos.","Indique 'sim', se o paciente tomou um 'esteróide' nos 14 dias anteriores a esta admissão / apresentação mais recente",0,0,0,0,0,0
apresentação,MEDICAÇÃO ANTES DESTA HOSPITALIZAÇÃO,drug14_steroid_type,Corticosteróide,,"Os corticosteróides (geralmente chamados de 'esteróides') referem -se a todos os tipos de corticosteróide terapêutico, fabricados no córtex adrenal (a parte externa da glândula adrenal). Eles também são feitos em laboratório. Os exemplos incluem: prednisolona, ​​prednisona, metil-prednisolona, ​​dexametasona, hidrocortisona, fluticasona, betametasona. Os preparativos tópicos não estão incluídos, mas os preparativos inalados estão incluídos.","Indique 'sim', se o paciente tomou um 'esteróide' nos 14 dias anteriores a esta admissão / apresentação mais recente",0,0,0,0,0,
apresentação,MEDICAÇÃO ANTES DESTA HOSPITALIZAÇÃO,drug14_steroid_route,Via de administração do corticosteroide,"1, Oral | 2, Inalado | 3, IV | 99, Desconhecido","Refere-se à parte do corpo através da qual ou na qual, ou à forma como, o medicamento (fármaco) é introduzido. Oral refere-se à administração pela boca. Inalado refere-se à administração pela via respiratória (insuflação no trato respiratório). IV (intravenoso) refere-se à administração na corrente sanguínea através de injeção numa veia. Tópico refere-se à administração por aplicação de preparações farmacêuticas na superfície do corpo, especialmente na pele ou nas membranas mucosas.",Indique a via de administração do corticosteroide.,0,0,0,0,0,0
apresentação,MEDICAÇÃO ANTES DESTA HOSPITALIZAÇÃO,drug14_steroid_date,Data de início do corticosteroide,,Refere-se à data em que o medicamento foi iniciado/a primeira dose foi administrada.,Insira a data no formato DD/MM/AAAA.,0,0,0,0,0,
apresentação,MEDICAÇÃO ANTES DESTA HOSPITALIZAÇÃO,drug14_steroid_day,Número de dias em que o corticosteroide foi tomado,,Inclui todos os dias do calendário em que uma dose foi recebida ou prescrita na receita de alta.,Insira o número total de dias durante os quais uma dose foi recebida ou prescrita na receita de alta.,0,0,0,0,0,
apresentação,MEDICAÇÃO ANTES DESTA HOSPITALIZAÇÃO,drug14_steroid_dose,Dose do corticosteroide,,Refere-se à dose do agente corticosteroide.,Indique a dose do agente corticosteroide.,0,0,0,0,0,
apresentação,MEDICAÇÃO ANTES DESTA HOSPITALIZAÇÃO,drug14_immunusupp,Agentes imunossupressores (não corticosteróides),"1, Sim | 0, Não | 99, Desconhecido",Isso se refere a um paciente que é conhecido por ter tomado medicamentos prescritos que são conhecidos por ter um efeito de imunossupressão (excluindo esteróides/corticosteróides). Os preparativos tópicos não devem ser registrados.,"Indique 'sim', se o paciente tomou um agente imunossupressor nos 14 dias anteriores a esta admissão / apresentação mais recente",0,0,0,0,0,0
apresentação,MEDICAÇÃO ANTES DESTA HOSPITALIZAÇÃO,drug14_immunusupp_type,Agentes imunossupressores (não corticosteróides),,Isso se refere a um paciente que é conhecido por ter tomado medicamentos prescritos que são conhecidos por ter um efeito de imunossupressão (excluindo esteróides/corticosteróides). Os preparativos tópicos não devem ser registrados.,"Indique 'sim', se o paciente tomou um agente imunossupressor nos 14 dias anteriores a esta admissão / apresentação mais recente",0,0,0,0,0,
apresentação,MEDICAÇÃO ANTES DESTA HOSPITALIZAÇÃO,drug14_antibiotic,Antibióticos,"1, Sim | 0, Não | 99, Desconhecido",Antibióticos referem -se a qualquer agente (s) que atinja seletivamente as bactérias.  Os preparativos tópicos não devem ser registrados.,"Indique 'sim', se o paciente tomou um antibiótico nos 14 dias anteriores a esta admissão / apresentação mais recente",0,0,0,0,0,0
apresentação,MEDICAÇÃO ANTES DESTA HOSPITALIZAÇÃO,drug14_antibiotic_type,Antibióticos,,Antibióticos referem -se a qualquer agente (s) que atinja seletivamente as bactérias.  Os preparativos tópicos não devem ser registrados.,"Indique 'sim', se o paciente tomou um antibiótico nos 14 dias anteriores a esta admissão / apresentação mais recente",0,0,0,0,0,
apresentação,MEDICAÇÃO ANTES DESTA HOSPITALIZAÇÃO,drug14_nsaid,AINEs,"1, Sim | 0, Não | 99, Desconhecido","Medicamentos anti-inflamatórios não esteróides ou AINEs refere-se a qualquer agente que não seja um corticosteróide e tenha possíveis atividades anti-inflamatórias, analgésicas, antipiréticas e anti-plaquetas. A maioria dos medicamentos anti-inflamatórios não esteróides (AINEs) atua inibindo a conversão do ácido araquidônico em precursores da prostaglandina e tromboxano por enzimas da ciclooxigenase. Os preparativos tópicos não devem ser registrados.","Indique 'sim', se o paciente tomou um AINE nos 14 dias anteriores a esta admissão / apresentação mais recente",0,0,0,0,0,0
apresentação,MEDICAÇÃO ANTES DESTA HOSPITALIZAÇÃO,drug14_nsaid_type,AINEs,,"Medicamentos anti-inflamatórios não esteróides ou AINEs refere-se a qualquer agente que não seja um corticosteróide e tenha possíveis atividades anti-inflamatórias, analgésicas, antipiréticas e anti-plaquetas. A maioria dos medicamentos anti-inflamatórios não esteróides (AINEs) atua inibindo a conversão do ácido araquidônico em precursores da prostaglandina e tromboxano por enzimas da ciclooxigenase. Os preparativos tópicos não devem ser registrados.","Indique 'sim', se o paciente tomou um AINE nos 14 dias anteriores a esta admissão / apresentação mais recente",0,0,0,0,0,
apresentação,MEDICAÇÃO ANTES DESTA HOSPITALIZAÇÃO,drug14_anticoagul,Anticoagulante,"1, Sim | 0, Não | 99, Desconhecido","Um anticoagulante refere-se a qualquer agente capaz de prevenir a formação de coágulos sanguíneos ou a agregação plaquetária. Isso inclui agentes como heparina, varfarina, aspirina, clopidogrel e anticoagulantes administrados por via subcutânea, entre muitos outros. Preparações tópicas não estão incluídas.",Indique “Sim” se o paciente tomou um anticoagulante nos 7 dias anteriores a esta admissão/apresentação mais recente.,0,0,0,0,0,0
apresentação,MEDICAÇÃO ANTES DESTA HOSPITALIZAÇÃO,drug14_anticoagul_type,Anticoagulante,,"Um anticoagulante refere-se a qualquer agente capaz de prevenir a formação de coágulos sanguíneos ou a agregação plaquetária. Isso inclui agentes como heparina, varfarina, aspirina, clopidogrel e anticoagulantes administrados por via subcutânea, entre muitos outros. Preparações tópicas não estão incluídas.",Selecione o(s) analgésico(s) prescrito(s) ou tomado(s) pelo paciente nos 14 dias anteriores a esta admissão/apresentação mais recente,0,0,0,0,0,
apresentação,MEDICAÇÃO ANTES DESTA HOSPITALIZAÇÃO,drug14_ivfluid,Fluidos intravenosos (parentéricos),"1, Sim | 0, Não | 99, Desconhecido","Fluidos intravenosos (IV) ou parenterais são prescritos como substitutos de fluidos, eletrólitos, calorias, vitaminas e outras substâncias nutricionais. Fluidos intravenosos podem ser usados para reidratação, manutenção ou ressuscitação.",Indique “Sim” se o paciente recebeu fluidos intravenosos nos 7 dias anteriores a esta admissão/apresentação mais recente.,0,0,0,0,0,0
apresentação,MEDICAÇÃO ANTES DESTA HOSPITALIZAÇÃO,drug14_ivfluid_type,Tipo de fluido intravenoso,,"Refere-se ao tipo de fluido parenteral ou intravenoso (IV) prescrito como substituto de fluidos, eletrólitos, calorias, vitaminas e outras substâncias nutricionais. Os fluidos intravenosos podem ser cristaloides (geralmente incluindo cloreto de sódio a 0,9% (solução salina normal), Ringer com lactato (USP), cloreto de sódio a 0,45% (solução salina semianormal), solução salina normal a 0,45% + glicose a 4% (solução salina semianormal com dextrose), 0,18%-0, 3% de cloreto de sódio + 4% de glicose (solução salina hipotônica com dextrose), 5% de glicose (dextrose 5% em água), acetato de Ringer ou Plasmalyte) ou colóides (geralmente incluindo gelatinas, amidos ou albumina). ",Selecione o(s) fluido(s) intravenoso(s) prescrito(s) ou tomado(s) pelo paciente nos 14 dias anteriores a esta admissão/apresentação mais recente,0,0,0,0,0,
apresentação,MEDICAÇÃO ANTES DESTA HOSPITALIZAÇÃO,drug14_ivfluid_vol,Volume total de fluido intravenoso nas últimas 24 horas (mL),,"Fluidos parenterais ou intravenosos (IV) são prescritos como substitutos de fluidos, eletrólitos, calorias, vitaminas e outras substâncias nutricionais. Fluidos intravenosos (cristóides e colóides) podem ser usados para reidratação, manutenção ou ressuscitação.",Especifique o volume total de fluidos intravenosos (cristaloides e coloides) recebidos pelo paciente nas últimas 24 horas. Registre o volume em mililitros (mL).,0,0,0,0,0,
apresentação,MEDICAÇÃO ANTES DESTA HOSPITALIZAÇÃO,drug14_ivfluid_reas,Indicação/motivo,"1, Choque | 2, Hematocrite elevado/em aumento | 3, Anorexia | 4, Vómitos persistentes | 88, Outros","Isso se refere à indicação de fluidos intravenosos. Choque refere-se à falha circulatória, causando fornecimento inadequado de oxigênio para atender às necessidades metabólicas celulares. É caracterizado por dois dos seguintes sintomas: evidência de hipoperfusão (por exemplo, enchimento capilar lento, pele fria e pulso rápido e fraco), pressão de pulso estreita (inferior ou igual a 20 mmHg), hipotensão para a idade e taquicardia.",Indique a indicação para fluidos intravenosos.,0,0,0,0,0,0
apresentação,MEDICAÇÃO ANTES DESTA HOSPITALIZAÇÃO,drug14_ivfluid_reas_oth,Especificar outro motivo,,"Isso se refere à indicação de fluidos intravenosos. Choque refere-se à falha circulatória, causando fornecimento inadequado de oxigênio para atender às necessidades metabólicas celulares. É caracterizado por dois dos seguintes sintomas: evidência de hipoperfusão (por exemplo, enchimento capilar lento, pele fria e pulso rápido e fraco), pressão de pulso estreita (inferior ou igual a 20 mmHg), hipotensão para a idade e taquicardia.","Se “Outro”, escreva a indicação para fluidos intravenosos.",0,0,0,0,0,
apresentação,MEDICAÇÃO ANTES DESTA HOSPITALIZAÇÃO,drug14_antihypertensive,Antihipertensivos,"1, Sim | 0, Não | 99, Desconhecido","Refere-se a qualquer substância usada no tratamento da hipertensão aguda ou crônica, independentemente do mecanismo farmacológico. Exemplos incluem: inibidores da ECA (lisinopril (Zestril), enalapril (Vasotec), ramipril (Altace), captopril); bloqueadores dos receptores da angiotensina (losartan (Cozaar), valsartan (Diovan), irbesartan (Avapro), olmesartan (Benicar)); betabloqueadores (metoprolol (Lopressor), Carvedilol (Coreg), Bisoprolol, Atenolol); Bloqueadores dos canais de cálcio (Amlodipina (Norvasc), Diltiazem (Cardizem), Verapamil); Diuréticos (Furosemida (Lasix), Espironolactona (Aldactone), Hidroclorotiazida (HCTZ))",Indique “Sim” se o paciente tomou este medicamento nos 14 dias anteriores à admissão/apresentação mais recente,0,0,0,0,0,0
apresentação,MEDICAÇÃO ANTES DESTA HOSPITALIZAÇÃO,drug14_antidiabetic,Medicamentos antidiabéticos,"1, Sim | 0, Não | 99, Desconhecido","Refere-se a qualquer substância utilizada para reduzir a hiperglicemia ou tratar distúrbios associados à diabetes. Exemplos incluem: Metformina (Glucophage); Inibidores de SGLT2 (Empagliflozina (Jardiance), Dapagliflozina (Farxiga), Canagliflozina (Invokana)); Inibidores de DPP-4 (Sitagliptina (Januvia), Linagliptina (Tradjenta), Saxagliptina (Onglyza)); agonistas do receptor GLP-1 (Liraglutida (Victoza), Semaglutida (Ozempic), Dulaglutida (Trulicity)); insulinas (Glargina (Lantus), Aspart (NovoLog), Lispro (Humalog), Detemir (Levemir))",Indique “Sim” se o paciente tomou este medicamento nos 14 dias anteriores à admissão/apresentação mais recente,0,0,0,0,0,0
apresentação,MEDICAÇÃO ANTES DESTA HOSPITALIZAÇÃO,drug14_lipidlowering,Medicamentos hipolipemiantes,"1, Sim | 0, Não | 99, Desconhecido","Refere-se a qualquer substância utilizada para reduzir os níveis de determinados lipídios no sangue no tratamento de hiperlipidemias. Exemplos incluem: estatinas (atorvastatina (Lipitor), rosuvastatina (Crestor), sinvastatina (Zocor), pravastatina (Pravachol)); ezetimiba (Zetia)",Indique “Sim” se o paciente tomou este medicamento nos 14 dias anteriores à admissão/apresentação mais recente,0,0,0,0,0,0
apresentação,MEDICAÇÃO ANTES DESTA HOSPITALIZAÇÃO,drug14_antireflux,Medicamentos antirrefluxo ou outros medicamentos gastrointestinais,"1, Sim | 0, Não | 99, Desconhecido","Refere-se a qualquer substância utilizada no tratamento do refluxo gástrico, impedindo o refluxo do conteúdo ácido do estômago para o esófago, ou outros medicamentos tomados para doenças do sistema gastrointestinal. Exemplos incluem: Inibidores da bomba de prótons (omeprazol (Prilosec), pantoprazol (Protonix), esomeprazol (Nexium), lansoprazol (Prevacid)); antagonistas do receptor H2 (ranitidina (Zantac), famotidina (Pepcid))",Indique “Sim” se o paciente tomou este medicamento nos 14 dias anteriores à admissão/apresentação mais recente,0,0,0,0,0,0
apresentação,MEDICAÇÃO ANTES DESTA HOSPITALIZAÇÃO,drug14_antidepress,Antidepressivos e ansiolíticos,"1, Sim | 0, Não | 99, Desconhecido","Antidepressivos referem-se a medicamentos estimulantes do humor usados principalmente no tratamento de transtornos afetivos e condições relacionadas. Anxiolíticos referem-se a medicamentos usados para tratar transtornos de ansiedade. Exemplos incluem: Inibidores seletivos da recaptação da serotonina (sertralina (Zoloft), citalopram (Celexa), fluoxetina (Prozac), escitalopram (Lexapro)); Inibidores da recaptação de serotonina-norepinefrina (venlafaxina (Effexor), duloxetina (Cymbalta)); Benzodiazepínicos (lorazepam (Ativan), diazepam (Valium), alprazolam (Xanax))",Indique “Sim” se o paciente tomou este medicamento nos 14 dias anteriores à admissão/apresentação mais recente,0,0,0,0,0,0
apresentação,MEDICAÇÃO ANTES DESTA HOSPITALIZAÇÃO,drug14_antiepileptic,Antiepilépticos,"1, Sim | 0, Não | 99, Desconhecido","Refere-se a qualquer substância usada para interromper, prevenir ou controlar convulsões (convulsões). Exemplos incluem: Levetiracetam (Keppra), Valproato (Depakote), Carbamazepina (Tegretol), Lamotrigina (Lamictal).",Indique “Sim” se o paciente tomou este medicamento nos 14 dias anteriores à admissão/apresentação mais recente,0,0,0,0,0,0
apresentação,MEDICAÇÃO ANTES DESTA HOSPITALIZAÇÃO,drug14_herb,Tratamento de ervas ou tradicional,"1, Sim | 0, Não | 99, Desconhecido","O tratamento de ervas ou tradicional refere -se a ervas, materiais de ervas, preparativos à base de plantas e produtos de ervas acabados, que contêm como ingredientes ativos de partes de plantas e outros conhecimentos, habilidades e práticas baseadas nas teorias, crenças e experiências indígenas para diferentes culturas que são usado para tratar doenças físicas ou mentais.","Indique 'sim', se o paciente tomou um 'tratamento tradicional ou tradicional nos 14 dias anteriores a esta admissão / apresentação mais recente",0,0,0,0,0,0
apresentação,MEDICAÇÃO ANTES DESTA HOSPITALIZAÇÃO,drug14_herbreas,Se sim: especifique o ingrediente ativo em ervas ou tratamento tradicional,,Isso se refere aos componentes farmaceuticamente ativos de uma preparação de medicamentos à base de plantas ou tradicionais.,"Se 'sim', especifique os componentes farmaceuticamente ativos de uma preparação de medicamentos à base de plantas ou tradicionais.",0,0,0,0,0,
apresentação,MEDICAÇÃO ANTES DESTA HOSPITALIZAÇÃO,drug14_hivprep,HIV Prep / Pep,"1, Sim | 0, Não | 99, Desconhecido",Isso se refere à profilaxia da pré-exposição (PREP) e profilaxia pós-exposição (PEP) para impedir o HIV.,"Indique 'sim', se o paciente recebeu terapia anti-retroviral, para fins de preparação e PEP para impedir o HIV, nos 14 dias anteriores a essa admissão / apresentação mais recente.",0,0,0,0,0,0
apresentação,MEDICAÇÃO ANTES DESTA HOSPITALIZAÇÃO,drug14_chemo,Quimioterapia para câncer,"1, Sim | 0, Não | 99, Desconhecido",Refere-se a um histórico de exposição à quimioterapia contra o câncer nos 14 dias anteriores à admissão/apresentação mais recente.,Indique “Sim” se o paciente tem histórico de exposição a quimioterapia contra o câncer nos 14 dias anteriores à sua admissão/apresentação mais recente.,0,0,0,0,0,0
apresentação,MEDICAÇÃO ANTES DESTA HOSPITALIZAÇÃO,drug14_unlisted,Outros medicamentos direcionados a patógenos,"1, Sim | 0, Não | 99, Desconhecido","Isso se refere a outros medicamentos direcionados a patógenos, não listados acima.","Indique 'sim', se os medicamentos direcionados a patógenos (exceto os especificados acima) foram tomados nos 14 dias anteriores a essa admissão / apresentação mais recente.",0,0,0,0,0,0
apresentação,MEDICAÇÃO ANTES DESTA HOSPITALIZAÇÃO,drug14_unlisted_type,Se sim: especifique outros medicamentos direcionados a patógenos,,"Isso se refere a outros medicamentos direcionados a patógenos, não listados acima.","Indique 'sim', se os medicamentos direcionados a patógenos (exceto os especificados acima) foram tomados nos 14 dias anteriores a essa admissão / apresentação mais recente.",0,0,0,0,0,
apresentação,VACINAÇÃO,vacci_covid19,COVID 19,"1, Sim | 0, Não | 99, Desconhecido","Já recebeu uma vacina direcionada contra o SARS-Cov-2? Exemplos incluem Spikevax (Moderna), Comirnaty (Pfizer/BioNTech), Nuvaxovid (Novavax), Vaxzevria (AstraZeneca/Oxford), Janssen COVID-19 Vaccine (Johnson & Johnson), Valneva (Valneva).",Indique “Sim” se o paciente já recebeu uma vacina direcionada contra SARS-Cov-2,0,0,0,0,0,0
apresentação,VACINAÇÃO,vacci_covid19_date1,Data da primeira vacina covid-19,,"Refere-se à data em que a primeira dose da vacina contra a COVID-19 foi recebida no formato DD/MM/AAAA. Se a data exata for desconhecida, faça uma estimativa.","Escreva a data da primeira vacina contra a COVID-19 no formato DD/MM/AAAA. Se a data exata for desconhecida, faça uma estimativa.",0,0,0,0,0,
apresentação,VACINAÇÃO,vacci_covid19_type1,Tipo de primeira vacina covid-19,"1, Pfizer/BioNTech | 2, AstraZeneca/Universidade de Oxford (Covishield na Índia) | 3, Moderna | 4, Novavax | 5, Janssen (Johnson & Johnson) | 6, Sinopharm | 7, Sinovac | 8, Sputnik V | 9, Covaxin | 10, CanSinoBIO | 99, Desconhecido | 0, Outro, especificar",Refere-se ao tipo de primeira vacina covid-19 que o paciente recebeu.,Selecione o tipo de primeira vacina covid-19.,0,0,0,0,0,0
apresentação,VACINAÇÃO,vacci_covid19_type1_oth,Especifique outro tipo de vacina contra COVID-19,,Refere-se ao tipo da primeira vacina contra a COVID-19 que o paciente recebeu.,"Se “Outro”, especifique o tipo de vacina contra a COVID-19.",0,0,0,0,0,
apresentação,VACINAÇÃO,vacci_covid19_date2,Data da segunda vacina covid-19,,"Refere-se à data em que a segunda dose da vacina contra a COVID-19 foi recebida no formato DD/MM/AAAA. Se a data exata for desconhecida, faça uma estimativa.","Escreva a data da segunda vacina contra a COVID-19 no formato DD/MM/AAAA. Se a data exata for desconhecida, faça uma estimativa.",0,0,0,0,0,
apresentação,VACINAÇÃO,vacci_covid19_type2,Tipo de segunda vacina covid-19,"1, Pfizer/BioNTech | 2, AstraZeneca/Universidade de Oxford (Covishield na Índia) | 3, Moderna | 4, Novavax |5, Janssen (Johnson & Johnson) | 6, Sinopharm | 7, Sinovac | 8, Sputnik V | 9, Covaxin | 10, CanSinoBIO | 99, Desconhecido | 0, Outros, especifique",Refere-se ao tipo de segunda vacina covid-19 que o paciente recebeu.,Selecione o tipo de segunda vacina covid-19.,0,0,0,0,0,0
apresentação,VACINAÇÃO,vacci_covid19_type2_oth,Especifique outro tipo de vacina contra COVID-19,,Refere-se ao tipo da segunda vacina contra a COVID-19 que o paciente recebeu.,"Se “Outro”, especifique o tipo de vacina contra a COVID-19.",0,0,0,0,0,
apresentação,VACINAÇÃO,vacci_covid19_date3,Data da terceira vacina covid-19,,"Refere-se à data em que a terceira dose da vacina contra a COVID-19 foi recebida no formato DD/MM/AAAA. Se a data exata for desconhecida, faça uma estimativa.","Escreva a data da terceira vacina contra a COVID-19 no formato DD/MM/AAAA. Se a data exata for desconhecida, faça uma estimativa.",0,0,0,0,0,
apresentação,VACINAÇÃO,vacci_covid19_type3,Tipo de terceira vacina covid-19,"1, Pfizer/BioNTech | 2, AstraZeneca/Universidade de Oxford (Covishield na Índia) | 3, Moderna | 4, Novavax |5, Janssen (Johnson & Johnson) | 6, Sinopharm | 7, Sinovac | 8, Sputnik V | 9, Covaxin | 10, CanSinoBIO | 99, Desconhecido | 0, Outros, especifique",Refere-se ao tipo de terceira vacina covid-19 que o paciente recebeu.,Selecione o tipo de terceira vacina covid-19.,0,0,0,0,0,0
apresentação,VACINAÇÃO,vacci_covid19_type3_oth,Especifique outro tipo de vacina contra COVID-19,,Refere-se ao tipo da terceira vacina contra a COVID-19 que o paciente recebeu.,"Se “Outro”, especifique o tipo de vacina contra a COVID-19.",0,0,0,0,0,
apresentação,VACINAÇÃO,vacci_covid19_lastdate,Data da vacina mais recente contra a COVID-19,,"Refere-se à data em que a vacina contra a COVID-19 mais recente foi recebida no formato DD/MM/AAAA. Se a data exata for desconhecida, faça uma estimativa.","Escreva a data da vacina contra a COVID-19 mais recente no formato DD/MM/AAAA. Se a data exata for desconhecida, faça uma estimativa.",0,0,0,0,0,
apresentação,VACINAÇÃO,vacci_covid19_lasttype,Tipo da vacina mais recente contra a COVID-19,"1, Pfizer/BioNTech | 2, AstraZeneca/Universidade de Oxford (Covishield na Índia) | 3, Moderna | 4, Novavax |5, Janssen (Johnson & Johnson) | 6, Sinopharm | 7, Sinovac | 8, Sputnik V | 9, Covaxin | 10, CanSinoBIO | 99, Desconhecido | 88, Outros",Refere-se ao tipo da vacina contra a COVID-19 mais recente que o paciente recebeu.,Selecione o tipo da vacina contra a COVID-19 mais recente.,0,0,0,0,0,0
apresentação,VACINAÇÃO,vacci_covid19_lasttype_oth,Especifique outro tipo de vacina contra COVID-19,,Refere-se ao tipo da vacina contra a COVID-19 mais recente que o paciente recebeu.,"Se “Outro”, especifique o tipo de vacina contra a COVID-19.",0,0,0,0,0,
apresentação,VACINAÇÃO,vacci_influenza,Vacina contra a gripe sazonal (alguma vez),"1, Sim | 0, Não | 99, Desconhecido",Já recebeu uma vacina contra a gripe sazonal?,Indique “Sim” se o paciente já recebeu uma vacina contra a gripe sazonal.,0,0,0,0,0,0
apresentação,VACINAÇÃO,vacci_influenza_date,Se sim: data da vacina contra influenza sazonal mais recente,,Isso se refere à data da mais recente vacina sazonal da influenza,"Escreva a data da vacina contra a gripe sazonal mais recente no formato DD/MM/AAAA. Se a data exata for desconhecida, faça uma estimativa.  ",0,0,0,0,0,
apresentação,VACINAÇÃO,vacci_influenza_type,Tipo da última vacina contra a gripe,"1, Vacina inativada contra a gripe (IIV) | 2, Vacina viva atenuada contra a gripe (LAIV) | 3, Vacina recombinante contra a gripe (RIV) | 4, Vacina contra a gripe à base de células (ccIIV) | 5, Vacina contra a gripe à base de ovos | 6, Vacinas contra a gripe à base de mRNA (tecnologia emergente) | 99, Desconhecido | 88, Outros",Refere-se ao tipo da vacina contra a gripe sazonal mais recente.,Selecione a opção mais adequada que representa o tipo de vacina contra a gripe sazonal mais recente.,0,0,0,0,0,0
apresentação,VACINAÇÃO,vacci_influenza_type_oth,Especifique o tipo de vacina contra a gripe,,Refere-se ao tipo da vacina contra a gripe sazonal mais recente.,"Se “Outro”, especifique o tipo de vacina contra a gripe sazonal mais recente.",0,0,0,0,0,
apresentação,VACINAÇÃO,vacci_aviinflu,Vacina contra a gripe aviária,"1, Sim | 0, Não | 99, Desconhecido",Já recebeu uma vacina contra a gripe aviária?,Indique “Sim” se o paciente já recebeu uma vacina contra a gripe aviária.,0,0,0,0,0,0
apresentação,VACINAÇÃO,vacci_aviinflu_date,Data da vacina mais recente contra a gripe aviária,,Refere-se à data da vacina contra a gripe aviária mais recente.,"Escreva a data da vacina contra a gripe aviária mais recente no formato DD/MM/AAAA. Se a data exata for desconhecida, faça uma estimativa.  ",0,0,0,0,0,
apresentação,VACINAÇÃO,vacci_aviinflu_type,Tipo da vacina mais recente contra a gripe aviária,"1, Quadrivalente, recombinante | 2, Quadrivalente, inativada com adjuvante | 3, Quadrivalente, alta dose | 4, Quadrivalente, à base de células | 5, Influenza Tetra MYL | 6, Trivalente, recombinante | 7, Trivalente, dose elevada | 8, Trivalente, inativada com adjuvante | 9, Trivalente, intranasal | 10, H5N1 (Audenz, Aflunov) | 99, Desconhecido | 88, Outros",Refere-se ao tipo da vacina contra a gripe aviária mais recente.,Selecione a opção mais adequada que representa o tipo de vacina contra a gripe aviária mais recente.,0,0,0,0,0,0
apresentação,VACINAÇÃO,vacci_aviinflu_type_oth,Especifique o tipo de vacina contra a gripe aviária,,Refere-se ao tipo da vacina contra a gripe aviária mais recente.,"Se “Outro”, especifique o tipo de vacina contra a gripe aviária mais recente.",0,0,0,0,0,
apresentação,VACINAÇÃO,vacci_rsv,Vacina contra o vírus sincicial respiratório (RSV),"1, Sim | 0, Não | 99, Desconhecido",Já recebeu uma vacina contra a gripe aviária?,Indique “Sim” se o paciente já recebeu uma vacina contra o RSV.,0,0,0,0,0,0
apresentação,VACINAÇÃO,vacci_rsv_date,Data da vacina mais recente contra o vírus sincicial respiratório (RSV),,Refere-se à data da vacina contra a gripe aviária mais recente.,"Escreva a data da vacina contra o RSV mais recente no formato DD/MM/AAAA. Se a data exata for desconhecida, faça uma estimativa.  ",0,0,0,0,0,
apresentação,VACINAÇÃO,vacci_rsv_type,Tipo da vacina mais recente contra o vírus sincicial respiratório (RSV),"1,  Abrysvo (Pfizer) | 2,  Arexvy (GlaxoSmithKline) | 3, mResvia (Moderna)  | 99, Desconhecido | 88, Outros",Refere-se ao tipo da vacina mais recente contra o vírus respiratório sincicial (RSV),Selecione a opção mais adequada que representa o tipo da vacina contra a gripe respiratória sincicial (RSV) mais recente.,0,0,0,0,0,0
apresentação,VACINAÇÃO,vacci_rsv_type_oth,Especifique o tipo de vacina contra o vírus sincicial respiratório (RSV),,Refere-se ao tipo da vacina mais recente contra o vírus respiratório sincicial (RSV),"Se “Outro”, especifique o tipo da vacina contra a gripe respiratória sincicial (RSV) mais recente.",0,0,0,0,0,
apresentação,VACINAÇÃO,vacci_pneumococo,Vacina contra doença pneumocócica,"1, Sim | 0, Não | 99, Desconhecido",Já recebeu uma vacina contra o pneumococo (Streptococcus pneumoniae)?,Indique “Sim” se o paciente já recebeu uma vacina pneumocócica.,0,0,0,0,0,0
apresentação,VACINAÇÃO,vacci_pneumococo_date,Data da última vacina contra doença pneumocócica,,Refere-se à data da vacina pneumocócica mais recente,"Escreva a data da vacina pneumocócica mais recente no formato DD/MM/AAAA. Se a data exata for desconhecida, faça uma estimativa.",0,0,0,0,0,
apresentação,VACINAÇÃO,vacci_dengue,DENGUE,"1, SIM-uma vez | 2, SIM-duas vezes | 3, SIM-três vezes | 0, Não | 99, Desconhecido",Este grupo de perguntas pertence à (s) vacinação (s) anterior (s) da dengue.,Selecione a opção mais adequada que representa se o paciente já recebeu a vacina contra dengue antes deste episódio da doença e o número de vacinas contra dengue recebidas anteriormente.,0,0,0,0,0,0
apresentação,VACINAÇÃO,vacci_dengue_date1,Data da primeira vacina contra a dengue,,"Refere-se à data em que a primeira dose da vacina contra dengue foi recebida no formato DD/MM/AAAA. Se a data exata for desconhecida, faça uma estimativa.","Escreva a data em que a primeira dose da vacina foi recebida no formato DD/MM/AAAA. Se a data exata for desconhecida, faça uma estimativa.  ",0,0,0,0,0,
apresentação,VACINAÇÃO,vacci_dengue_type1,Tipo de primeira vacina contra a dengue,"1, CYD-TVD (Dengvaxia) | 2, TAK-003 (QDENGA)",Refere -se ao tipo de vacina da primeira dengue que o paciente recebeu.,Selecione a opção mais apropriada que representa o tipo de primeira vacina contra a dengue que o paciente recebeu.,0,0,0,0,0,0
apresentação,VACINAÇÃO,vacci_dengue_date2,Data da segunda vacina contra a dengue,,"Refere-se à data em que a segunda dose da vacina contra a dengue foi recebida no formato DD/MM/AAAA. Se a data exata for desconhecida, faça uma estimativa.","Escreva a data em que a segunda dose da vacina foi recebida no formato DD/MM/AAAA. Se a data exata for desconhecida, faça uma estimativa.",0,0,0,0,0,
apresentação,VACINAÇÃO,vacci_dengue_type2,Tipo de segunda vacina contra a dengue,"1, CYD-TVD (Dengvaxia) | 2, TAK-003 (QDENGA)",Refere -se ao tipo de vacina da segunda dengue que o paciente recebeu.,Selecione a opção mais apropriada que representa o tipo da segunda vacina contra a dengue que o paciente recebeu.,0,0,0,0,0,0
apresentação,VACINAÇÃO,vacci_dengue_date3,Data da terceira vacina,,"Refere-se à data em que a terceira dose da vacina contra a dengue foi recebida no formato DD/MM/AAAA. Se a data exata for desconhecida, faça uma estimativa.","Escreva a data em que a terceira dose da vacina foi recebida no formato DD/MM/AAAA. Se a data exata for desconhecida, faça uma estimativa.  ",0,0,0,0,0,
apresentação,VACINAÇÃO,vacci_dengue_type3,Tipo de terceira vacina contra a dengue,"1, CYD-TVD (Dengvaxia) | 2, TAK-003 (QDENGA)",Refere -se ao tipo de vacina contra a terceira dengue que o paciente recebeu.,Selecione a opção mais apropriada que representa o tipo de vacina contra a terceira dengue que o paciente recebeu.,0,0,0,0,0,0
apresentação,VACINAÇÃO,vacci_spox80,Recebeu vacina contra varíola antes de 1980?,"1, Sim | 0, Não | 99, Desconhecido","Refere-se à administração de uma vacina contra varíola antes de 1980 e, portanto, não relacionada ao evento atual.",Indique “Sim” se o paciente recebeu uma vacina contra varíola antes de 1980.,0,0,0,0,0,0
apresentação,VACINAÇÃO,vacci_spox80_year,"Ano da vacinação (estimativa, se não tiver certeza)",,"Refere-se à administração de uma vacina contra varíola antes de 1980 e, portanto, não relacionada ao evento atual.",Escreva o ano em que o paciente recebeu a vacina contra varíola. Faça uma estimativa se não tiver certeza. Observe que não deve ser anterior a 1980. Deixe a resposta em branco se o ano for desconhecido.,0,0,0,0,0,
apresentação,VACINAÇÃO,vacci_spox80_scar,"Há alguma cicatriz visível da vacina contra varíola (geralmente na parte superior do braço, se houver)?","1, Sim | 0, Não | 99, Desconhecido","Refere-se a uma cicatriz no local da vacinação contra varíola (geralmente na parte superior do braço, se presente), que geralmente é redonda, pode ter bordas irregulares e parecer mais baixa do que a pele ao redor.",Indique “Sim” se o paciente tiver uma cicatriz visível da vacina contra varíola.,0,0,0,0,0,0
apresentação,VACINAÇÃO,vacci_mpox,MPOX,"1, Sim | 0, Não | 99, Desconhecido",Refere-se a qualquer vacinação contra varíola ou mpox após 1980.,Indique “Sim” se o paciente recebeu a vacina contra varíola após 1980.,0,0,0,0,0,0
apresentação,VACINAÇÃO,vacci_mpox_number,Se sim: Número de vacinas MPOX ou de varíola recebida,,Isso se refere ao número de vacinas MPOX ou de varíola recebida.,Escreva o número de vacinas MPOX ou de varíola recebida.,0,0,0,0,0,
apresentação,VACINAÇÃO,vacci_mpox_type,Se sim: MPOX ou Tipo de vacina para a varíola,"1, Imvanex/Imvamune/Jyneos (MVA-BN) | 2, ACAM2000 | 3, LC16m8 | 99, Desconhecido | 88, Outro",Isso se refere ao tipo de vacina MPOX ou varíola.,"Selecione a (s) opção (s) correspondente às vacinas recebidas. Se 'outro', especifique as outras vacinas abaixo.",0,0,0,0,0,0
apresentação,VACINAÇÃO,vacci_mpox_type_oth,Nome de outra vacina contra mpox ou varíola,,Refere-se ao tipo de vacina contra Mpox ou varíola.,"Se “Outra”, escreva o(s) nome(s) da(s) outra(s) vacina(s) contra varíola/mpox.",0,0,0,0,0,
apresentação,VACINAÇÃO,vacci_mpox_date1,Data da primeira vacina contra mpox ou varíola,,Refere-se à primeira vacina contra varíola ou varíola.,"Escreva a data exata da primeira vacina, se conhecida (use o formato DD/MM/AAAA).",0,0,0,0,0,
apresentação,VACINAÇÃO,vacci_mpox_route1,Via de administração da primeira vacina contra mpox ou varíola,"1, intramuscular | 2, Subcutâneo | 3, intradérmico | 99, Desconhecido | 88, Outro",,,0,0,0,,,0
apresentação,VACINAÇÃO,vacci_mpox_route1_oth,Especifique outra rota,,,,0,0,0,,,
apresentação,VACINAÇÃO,vacci_mpox_date2,Data da segunda vacina contra varíola ou mpox,,Refere-se à segunda vacina contra varíola ou varíola.,"Escreva a data exata da segunda vacina, se conhecida (use o formato DD/MM/AAAA).",0,0,0,0,0,
apresentação,VACINAÇÃO,vacci_mpox_route2,Via de administração para a segunda vacina contra mpox ou varíola,"1, intramuscular | 2, Subcutâneo | 3, intradérmico | 99, Desconhecido | 88, Outro",,,0,0,0,,,0
apresentação,VACINAÇÃO,vacci_mpox_route2_oth,Especifique outra rota,,,,0,0,0,,,
apresentação,VACINAÇÃO,vacci_mpox_date3,Data da terceira vacina contra varíola ou mpox,,Refere-se à terceira vacina contra varíola ou varíola.,"Escreva a data exata da terceira vacina, se conhecida (use o formato DD/MM/AAAA).",0,0,0,0,0,
apresentação,VACINAÇÃO,vacci_mpox_route3,Via de administração da terceira vacina contra mpox ou varíola,"1, intramuscular | 2, Subcutâneo | 3, intradérmico | 99, Desconhecido | 88, Outro",,,0,0,0,,,0
apresentação,VACINAÇÃO,vacci_mpox_route3_oth,Especifique outra rota,,,,0,0,0,,,
apresentação,VACINAÇÃO,vacci_mpox_date4,Data da quarta vacina contra varíola ou mpox,,Refere-se à quarta vacina contra varíola ou varíola.,"Escreva a data exata da quarta vacina, se conhecida (use o formato DD/MM/AAAA).",0,0,0,0,0,
apresentação,VACINAÇÃO,vacci_mpox_route4,Via de administração da quarta vacina contra mpox ou varíola,"1, intramuscular | 2, Subcutâneo | 3, intradérmico | 99, Desconhecido | 88, Outro",,,0,0,0,,,0
apresentação,VACINAÇÃO,vacci_mpox_route4_oth,Especifique outra rota,,,,0,0,0,,,
apresentação,VACINAÇÃO,vacci_yellowfever,Vacinado contra febre amarela,"1, Sim | 0, Não | 99, Desconhecido",Já recebeu uma vacina contra o vírus da febre amarela.,Indique “Sim” se o paciente já tiver recebido uma  vacina contra a febre amarela.,0,0,0,0,0,0
apresentação,VACINAÇÃO,vacci_yellowfever_date,Data mais recente da vacinação contra febre amarela,,Refere-se à data da vacina mais recente contra a febre amarela.,"Escreva a data da  vacina contra a febre amarela mais recente no formato DD/MM/AAAA. Se a data exata for desconhecida, faça uma estimativa.  ",0,0,0,0,0,
apresentação,VACINAÇÃO,vacci_hepatitisb,Vacinado contra hepatite B,"1, Sim | 0, Não | 99, Desconhecido",Já recebeu uma vacina contra o vírus da hepatite B.,Indique “Sim” se o paciente já recebeu a vacina contra hepatite B.,0,0,0,0,0,0
apresentação,VACINAÇÃO,vacci_hepatitisb_date,Data mais recente da vacinação contra hepatite B,,Refere-se à data da vacina mais recente contra o vírus da hepatite B.,"Escreva a data da vacina contra hepatite B mais recente no formato DD/MM/AAAA. Se a data exata for desconhecida, faça uma estimativa.  ",0,0,0,0,0,
apresentação,VACINAÇÃO,vacci_chickenpox,Vacinado contra varicela,"1, Sim | 0, Não | 99, Desconhecido",Já recebeu uma vacina contra o vírus varicela-zoster?,Indique “Sim” se o paciente já recebeu a vacina contra varicela.,0,0,0,0,0,0
apresentação,VACINAÇÃO,vacci_chickenpox_date,Data mais recente da vacinação contra varicela,,Refere-se à data da vacina mais recente contra o vírus varicela-zoster.,"Escreva a data da vacina mais recente contra varicela no formato DD/MM/AAAA. Se a data exata for desconhecida, faça uma estimativa.  ",0,0,0,0,0,
apresentação,VACINAÇÃO,vacci_marburg,Vacinado contra a doença do vírus de Marburg,"1, sim | 0, Não | 99, Desconhecido",Já recebeu uma vacina contra o vírus Marburg.,"Indique 'Sim', se o paciente já recebeu a vacina contra Catapora Amarela.",0,0,0,0,0,0
apresentação,VACINAÇÃO,vacci_marburg_date,Data mais recente de vacinação contra a doença do vírus de Marburg,,Refere-se à data da vacina mais recente contra o vírus Marburg,"Insira a data da vacina contra catapora mais recente. Se a data precisa for desconhecida, insira uma estimativa. (Use o formato DD/MM/AAAA)",0,0,0,0,0,
apresentação,VACINAÇÃO,vacci_ebola,Vacinado contra a doença do vírus Ebola,"1, sim | 0, Não | 99, Desconhecido",Já recebeu uma vacina contra o vírus Ebola.,"Indique 'Sim', se o paciente já recebeu a vacina contra Catapora Amarela.",0,0,0,0,0,0
apresentação,VACINAÇÃO,vacci_ebola_date,Data mais recente de vacinação contra a doença do vírus Ebola,,Refere-se à data da vacina mais recente contra o vírus Ebola,"Insira a data da vacina contra catapora mais recente. Se a data precisa for desconhecida, insira uma estimativa. (Use o formato DD/MM/AAAA)",0,0,0,0,0,
apresentação,VACINAÇÃO,vacci_lassa,Vacinado contra a doença da febre de Lassa,"1, sim | 0, Não | 99, Desconhecido",Já recebeu uma vacina contra o vírus da febre de Lassa.,"Indique 'Sim', se o paciente já recebeu a vacina contra Catapora Amarela.",0,0,0,0,0,0
apresentação,VACINAÇÃO,vacci_lassa_date,Data mais recente de vacinação contra a febre de Lassa,,Refere-se à data da vacina mais recente contra o vírus da febre de Lassa,"Insira a data da vacina contra catapora mais recente. Se a data precisa for desconhecida, insira uma estimativa. (Use o formato DD/MM/AAAA)",0,0,0,0,0,
apresentação,VACINAÇÃO,vacci_crimean,Vacinado contra a febre hemorrágica da Crimeia-Congo,"1, sim | 0, Não | 99, Desconhecido",Já recebeu uma vacina contra o vírus da febre hemorrágica da Crimeia-Congo.,"Indique 'Sim', se o paciente já recebeu a vacina contra Catapora Amarela.",0,0,0,0,0,0
apresentação,VACINAÇÃO,vacci_crimean_date,Data mais recente de vacinação contra a febre hemorrágica da Crimeia-Congo,,Refere-se à data da mais recente vacina contra o vírus da febre hemorrágica da Crimeia-Congo,"Insira a data da vacina contra catapora mais recente. Se a data precisa for desconhecida, insira uma estimativa. (Use o formato DD/MM/AAAA)",0,0,0,0,0,
apresentação,VACINAÇÃO,vacci_vhf,Vacinado para outras febres hemorrágicas virais,"1, sim | 0, Não | 99, Desconhecido",Já recebeu uma vacina contra o vírus da febre hemorrágica viral (diferente da acima).,"Indique 'Sim', se o paciente já recebeu a vacina contra Catapora Amarela.",0,0,0,0,0,0
apresentação,VACINAÇÃO,vacci_vhf_spec,Especificar outra vacina contra febre hemorrágica viral,,Especifique o vírus da febre hemorrágica viral.,"Indique 'Sim', se o paciente já recebeu a vacina contra Catapora Amarela.",0,0,0,0,0,
apresentação,VACINAÇÃO,vacci_vhf_date,Data mais recente de vacinação contra outras febres hemorrágicas virais,,Refere-se à data da vacina mais recente contra o vírus da febre hemorrágica viral,"Insira a data da vacina contra catapora mais recente. Se a data precisa for desconhecida, insira uma estimativa. (Use o formato DD/MM/AAAA)",0,0,0,0,0,
apresentação,SINTOMAS NA ADMISSÃO: Indique se apresentados em qualquer momento desde o início da doença até o dia da apresentação.,adsym_sys,Sintomas sistêmicos/gerais,,Refere-se a sinais e sintomas sistêmicos/gerais/não específicos.,Indique “Sim” se o paciente apresentou este sintoma em qualquer momento desde o início da doença até a apresentação.,0,0,0,0,0,
apresentação,SINTOMAS NA ADMISSÃO: Indique se apresentados em qualquer momento desde o início da doença até o dia da apresentação.,adsym_fever,Febre,"1, Sim | 0, Não | 99, Desconhecida","Definido como a sensação de temperatura corporal elevada sem medição formal, ou uma temperatura corporal medida igual ou superior a 38 graus Celsius (38 °C) ou 100,4 graus Fahrenheit (100,4 °F).","Indique 'sim', se o paciente experimentou isso a qualquer momento durante a data da avaliação.",0,0,0,0,0,0
apresentação,SINTOMAS NA ADMISSÃO: Indique se apresentados em qualquer momento desde o início da doença até o dia da apresentação.,adsym_rigchill,Calafrios ou rigidez,"1, Sim | 0, Não | 99, Desconhecida","Definido como calafrios intensos com tremores violentos. Um rigor é um episódio de tremores ou calafrios exagerados que pode ocorrer com febre alta. ",Indique “Sim” se o paciente apresentou algum destes sintomas em qualquer momento desde o início da doença até a apresentação.,0,0,0,0,0,0
apresentação,SINTOMAS NA ADMISSÃO: Indique se apresentados em qualquer momento desde o início da doença até o dia da apresentação.,adsym_nightsweat,Suores noturnos,"1, Sim | 0, Não | 99, Desconhecida",Refere-se à transpiração noturna não relacionada à temperatura ambiente.,Indique “Sim” se o paciente apresentou este sintoma em qualquer momento durante a data da avaliação.,0,0,0,0,0,0
apresentação,SINTOMAS NA ADMISSÃO: Indique se apresentados em qualquer momento desde o início da doença até o dia da apresentação.,adsym_coldsweat,Suores frios,"1, Sim | 0, Não | 99, Desconhecida","Refere-se a suores acompanhados por sensação de frio, diferentes dos suores causados pelo calor ou esforço físico.",Indique “Sim” se o paciente apresentou este sintoma em qualquer momento durante a data da avaliação.,0,0,0,0,0,0
apresentação,SINTOMAS NA ADMISSÃO: Indique se apresentados em qualquer momento desde o início da doença até o dia da apresentação.,adsym_excesssweat,Sudorese excessiva (hiperidrose),"1, Sim | 0, Não | 99, Desconhecido",Refere-se à transpiração excessiva que nem sempre está relacionada ao calor ou ao exercício físico.,Indique “Sim” se o paciente apresentou este sintoma em qualquer momento durante a data da avaliação.,0,0,0,0,0,0
apresentação,SINTOMAS NA ADMISSÃO: Indique se apresentados em qualquer momento desde o início da doença até o dia da apresentação.,adsym_restlessne,Inquietação,"1, Sim | 0, Não | 99, Desconhecido","Definido como a incapacidade de descansar, relaxar ou ficar quieto. Um estado de desconforto caracterizado por atividade motora difusa ou movimento sujeito a controle limitado, comportamento não produtivo ou desorganizado e sofrimento subjetivo.","Indique 'sim', se o paciente experimentou isso a qualquer momento durante a data da avaliação.",0,0,0,0,0,0
apresentação,SINTOMAS NA ADMISSÃO: Indique se apresentados em qualquer momento desde o início da doença até o dia da apresentação.,adsym_fatigue,Fadiga / mal -estar / letargia,"1, Sim | 0, Não | 99, Desconhecido","Definido como a constelação de sensações não específicas: o sentimento de cansaço caracterizado pela falta de energia ou motivação; desconforto ou desconforto geral; Desinteressação, apatia e indiferença, resultando em dificuldade em executar tarefas simples ou concentrar.",Indique “Sim” se o paciente apresentou este sintoma em qualquer momento desde o início da doença até a apresentação.,0,0,0,0,0,0
apresentação,SINTOMAS NA ADMISSÃO: Indique se apresentados em qualquer momento desde o início da doença até o dia da apresentação.,adsym_weak,Fraqueza,"1, sim | 0, Não | 99, Desconhecido",Isso se refere a uma diminuição na força muscular.,"Indique 'Sim', se o paciente passou por isso em qualquer momento desde o início da doença até a apresentação.",0,0,0,0,0,0
apresentação,SINTOMAS NA ADMISSÃO: Indique se apresentados em qualquer momento desde o início da doença até o dia da apresentação.,adsym_weight,Perda de peso,"1, Sim | 0, Não | 99, Desconhecido","Definido como a redução no peso corporal total que ocorreu desde o início desta doença e tem sido não intencional ou não atribuível à dieta ativa, exercício ou intervenções dedicadas à perda de peso baseadas em medicamentos. Isso pode incluir perda de peso relatada pelo paciente com ou sem medições objetivas de peso.",Indique “Sim” se o paciente apresentou este sintoma em qualquer momento desde o início da doença até a apresentação.,0,0,0,0,0,0
apresentação,SINTOMAS NA ADMISSÃO: Indique se apresentados em qualquer momento desde o início da doença até o dia da apresentação.,adsym_anosmia,Perda de cheiro / anosmia,"1, Sim | 0, Não | 99, Desconhecido",Isso se refere ao paciente relatado e/ou incapacidade diagnosticada pelo clínico do paciente de perceber odores,"Indique 'sim', se o paciente experimentou isso a qualquer momento durante a data da avaliação.",0,0,0,0,0,0
apresentação,SINTOMAS NA ADMISSÃO: Indique se apresentados em qualquer momento desde o início da doença até o dia da apresentação.,adsym_ageusia,Perda de gosto / Ageusia,"1, Sim | 0, Não | 99, Desconhecido",Isso se refere ao paciente relatado e/ou perda de diagnóstico de clínico da função do paladar da língua.,"Indique 'sim', se o paciente experimentou isso a qualquer momento durante a data da avaliação.",0,0,0,0,0,0
apresentação,SINTOMAS NA ADMISSÃO: Indique se apresentados em qualquer momento desde o início da doença até o dia da apresentação.,adsym_dizzy,Sentindo -se tonto / fraco,"1, Sim | 0, Não | 99, Desconhecido","Isso se refere à sensação subjetiva de tontura ou tontura que pode preceder um episódio de síncope ou uma sensação de instabilidade, girando ou balançando.",Indique “Sim” se o paciente apresentou esse sintoma em qualquer momento desde o início da doença até a apresentação.,0,0,0,0,0,0
apresentação,SINTOMAS NA ADMISSÃO: Indique se apresentados em qualquer momento desde o início da doença até o dia da apresentação.,adsym_myalgia,Dores musculares / mialgia,"1, Sim | 0, Não | 99, Desconhecido",Definido como dor localizada em um músculo ou grupo de músculos.,Indique “Sim” se o paciente apresentou esse sintoma em qualquer momento desde o início da doença até a apresentação.,0,0,0,0,0,0
apresentação,SINTOMAS NA ADMISSÃO: Indique se apresentados em qualquer momento desde o início da doença até o dia da apresentação.,adsym_arthralgia,Dor articular / artralgia,"1, Sim | 0, Não | 99, Desconhecido","Definido como uma sensação de desconforto ou dor acentuada localizada em uma ou mais articulações, incluindo pequenas e grandes articulações.","Indique “Sim” se o paciente apresentou esse sintoma em qualquer momento desde o início da doença até a apresentação. ",0,0,0,0,0,0
apresentação,SINTOMAS NA ADMISSÃO: Indique se apresentados em qualquer momento desde o início da doença até o dia da apresentação.,adsym_backpain,Dor nas costas,"1, sim | 0, Não | 99, Desconhecido",,,0,0,0,,,0
apresentação,SINTOMAS NA ADMISSÃO: Indique se apresentados em qualquer momento desde o início da doença até o dia da apresentação.,adsym_neckpain,Dor no pescoço,"1, sim | 0, Não | 99, Desconhecido",,,0,0,0,,,0
apresentação,SINTOMAS NA ADMISSÃO: Indique se apresentados em qualquer momento desde o início da doença até o dia da apresentação.,adsym_skinrash,Erupção cutânea,"1, Sim | 0, Não | 99, Desconhecido","Definido como qualquer alteração na pele que afete sua aparência ou textura. Uma erupção cutânea pode estar localizada em uma parte do corpo ou afetar toda a pele. As erupções cutâneas podem fazer com que a pele mude de cor, coceira, fique quente, esburacada, seca, rachada ou com bolhas, swell e possa ser dolorosa.",Indique “Sim” se o paciente apresentou isso em qualquer momento desde o início da doença até a apresentação.,0,0,0,0,0,0
apresentação,SINTOMAS NA ADMISSÃO: Indique se apresentados em qualquer momento desde o início da doença até o dia da apresentação.,adsym_skinrash_site,Local onde a erupção cutânea ocorreu pela primeira vez,"1, Pele, genital | 2, Pele, não genital | 3, Mucosa, genital | 4, Mucosa, não genital | 5, Boca | 6, Pele perianal | 7, Reto | 99, Desconhecido | 88, Outro",Refere-se ao local onde a erupção cutânea ocorreu pela primeira vez.,Selecione a(s) opção(ões) mais adequada(s) correspondente(s) ao local onde a erupção cutânea ocorreu pela primeira vez.,0,0,0,0,0,0
apresentação,SINTOMAS NA ADMISSÃO: Indique se apresentados em qualquer momento desde o início da doença até o dia da apresentação.,adsym_skinrash_site_oth,Especifique outro local da primeira erupção cutânea,,"Refere-se ao local onde a erupção cutânea ocorreu pela primeira vez. ","Se “Outro”, especifique o primeiro local onde uma erupção cutânea relevante se desenvolveu.",0,0,0,0,0,
apresentação,SINTOMAS NA ADMISSÃO: Indique se apresentados em qualquer momento desde o início da doença até o dia da apresentação.,adsym_skinrash_date,Data Primeira erupção cutânea foi observada pelo paciente,,Refere-se à data em que o paciente relata ter identificado a erupção cutânea pela primeira vez.,Escreva a data que o paciente relata para identificar primeiro a erupção cutânea (use o formato dd/mm/aaaa).,0,0,0,0,0,
apresentação,SINTOMAS NA ADMISSÃO: Indique se apresentados em qualquer momento desde o início da doença até o dia da apresentação.,adsym_paresthesia,Parestesia cutânea,"1, Sim | 0, Não | 99, Desconhecido","Refere-se às sensações cutâneas percebidas (por exemplo, frio, calor, formigamento, pressão, etc.) que são experimentadas espontaneamente na ausência de estímulos.",Indique “Sim” se o paciente apresentou esse sintoma em qualquer momento desde o início da doença até a consulta.,0,0,0,0,0,0
apresentação,SINTOMAS NA ADMISSÃO: Indique se apresentados em qualquer momento desde o início da doença até o dia da apresentação.,adsym_skinchange,Alterações na textura da pele,"1, Sim | 0, Não | 99, Desconhecido","Refere-se a alterações na aparência e na sensação da superfície da pele, tais como aspereza, irregularidade ou presença de protuberâncias.",Indique “Sim” se o paciente apresentou esse sintoma em qualquer momento desde o início da doença até a consulta.,0,0,0,0,0,0
apresentação,SINTOMAS NA ADMISSÃO: Indique se apresentados em qualquer momento desde o início da doença até o dia da apresentação.,adsym_skinpallor,Pálor da pele,"1, Sim | 0, Não | 99, Desconhecido",Refere-se à aparência pálida e não natural da pele.,Indique “Sim” se o paciente apresentou esse sintoma em qualquer momento desde o início da doença até a consulta.,0,0,0,0,0,0
apresentação,SINTOMAS NA ADMISSÃO: Indique se apresentados em qualquer momento desde o início da doença até o dia da apresentação.,adsym_pruritus,Coceira / prurido,"1, Sim | 0, Não | 99, Desconhecido",Definido como uma sensação desagradável ou intensa coceira que produz o desejo de esfregar ou arranhar a pele para obter alívio. A coceira é uma sensação irritante que faz você querer arranhar a pele.,"Indique “Sim” se o paciente apresentou esse sintoma em qualquer momento desde o início da doença até a consulta. ",0,0,0,0,0,0
apresentação,SINTOMAS NA ADMISSÃO: Indique se apresentados em qualquer momento desde o início da doença até o dia da apresentação.,adsym_mobilchg,Mudança na mobilidade da linha de base,"1, Sim | 0, Não | 99, Desconhecido",Refere-se à capacidade do paciente de andar ou se movimentar.,Indique “Sim” se o paciente apresentou algum destes sintomas em qualquer momento desde o início da doença até ao momento da consulta.,0,0,0,0,0,0
apresentação,SINTOMAS NA ADMISSÃO: Indique se apresentados em qualquer momento desde o início da doença até o dia da apresentação.,adsym_mobile,Status de mobilidade,"1, Totalmente ambulatório | 2, Ambulatório, mas com alguma ajuda | 3, Acamado","Refere-se à capacidade do paciente de andar ou se movimentar. ",Indique o estado de mobilidade do paciente no momento da consulta.,0,0,0,0,0,0
apresentação,SINTOMAS NA ADMISSÃO: Indique se apresentados em qualquer momento desde o início da doença até o dia da apresentação.,adsym_sleepmore,Dormir mais do que o habitual / letargia / lentidão / apatia,"1, Sim | 0, Não | 99, Desconhecido","Refere-se à sonolência excessiva durante o dia / marcada por sonolência e uma falta incomum de energia e atenção mental / bebê com pouca energia, sonolento ou que dorme mais do que o normal.","Indique “Sim” se o paciente apresentou algum destes sintomas em qualquer momento desde o início da doença até ao momento da consulta. ",0,0,0,0,0,0
apresentação,SINTOMAS NA ADMISSÃO: Indique se apresentados em qualquer momento desde o início da doença até o dia da apresentação.,adsym_polydipsia,Aumento da sede (polidipsia),"1, Sim | 0, Não | 99, Desconhecido",Refere-se à sede excessiva.,Indique “Sim” se o paciente apresentou algum destes sintomas em qualquer momento desde o início da doença até a apresentação.,0,0,0,0,0,0
apresentação,SINTOMAS NA ADMISSÃO: Indique se apresentados em qualquer momento desde o início da doença até o dia da apresentação.,adsym_irregmenstruation,Alterações na menstruação (menstruação irregular),"1, Sim | 0, Não | 99, Desconhecido","Refere-se a qualquer desvio do processo normal; por exemplo, atraso, dificuldade, profusão, escassez, sangramento incomum, etc.",Indique “Sim” se o paciente apresentou algum destes sintomas em qualquer momento desde o início da doença até a apresentação.,0,0,0,0,0,0
apresentação,SINTOMAS NA ADMISSÃO: Indique se apresentados em qualquer momento desde o início da doença até o dia da apresentação.,adsym_resp,Sintomas respiratórios,,Refere-se a sinais e sintomas relacionados ao sistema respiratório.,Indique “Sim” se o paciente apresentou algum destes sintomas em qualquer momento desde o início da doença até a apresentação.,0,0,0,0,0,
apresentação,SINTOMAS NA ADMISSÃO: Indique se apresentados em qualquer momento desde o início da doença até o dia da apresentação.,adsym_cough,Tosse,"1, Sim | 0, Não | 99, Desconhecido","Isso se refere à presença de uma tosse e suas características. Uma tosse produtiva refere-se a uma tosse acompanhada de secreções expectorais (fleuma ou muco), enquanto uma tosse não produtiva se refere a uma que não é acompanhada por secreções expectorais. A hemoptise refere-se à presença de sangue ou escarro com tensão no sangue do trato respiratório.","Indique “Sim” se o paciente apresentou algum destes sintomas em qualquer momento desde o início da doença até a apresentação. ",0,0,0,0,0,0
apresentação,SINTOMAS NA ADMISSÃO: Indique se apresentados em qualquer momento desde o início da doença até o dia da apresentação.,adsym_cough_type,Tipo de tosse,"1, Não produtivo | 2, Produtivo | 3, Hemoptise | 99, Desconhecido",Refere-se ao tipo de tosse. A tosse produtiva refere-se a uma tosse acompanhada de secreções expectoradas (catarro ou muco).,Indique “Sim” se o paciente apresentou este sintoma em qualquer momento desde o início da doença até a apresentação.,0,0,0,0,0,0
apresentação,SINTOMAS NA ADMISSÃO: Indique se apresentados em qualquer momento desde o início da doença até o dia da apresentação.,adsym_sorethroat,Dor de garganta,"1, Sim | 0, Não | 99, Desconhecido","Definido como uma sensação desagradável caracterizada por desconforto físico (como picada, latejante ou dolorido) e percebido se originar na garganta.",Indique “Sim” se o paciente apresentou este sintoma em qualquer momento desde o início da doença até a apresentação.,0,0,0,0,0,0
apresentação,SINTOMAS NA ADMISSÃO: Indique se apresentados em qualquer momento desde o início da doença até o dia da apresentação.,adsym_rhinorrhoe,Nariz escorrendo / rinorreia,"1, Sim | 0, Não | 99, Desconhecido",Definido como aumento da descarga mucosa do nariz.,Indique “Sim” se o paciente apresentou este sintoma em qualquer momento desde o início da doença até a apresentação.,0,0,0,0,0,0
apresentação,SINTOMAS NA ADMISSÃO: Indique se apresentados em qualquer momento desde o início da doença até o dia da apresentação.,adsym_wheezing,Chiando,"1, Sim | 0, Não | 99, Desconhecido",Definido como um som de respiração agudo resultante de um estreitamento ou obstrução das pequenas vias aéreas.,"Indique “Sim” se o paciente apresentou este sintoma em qualquer momento desde o início da doença até a apresentação. ",0,0,0,0,0,0
apresentação,SINTOMAS NA ADMISSÃO: Indique se apresentados em qualquer momento desde o início da doença até o dia da apresentação.,adsym_shortbreat,Falta de ar,"1, Sim | 0, Não | 99, Desconhecido",Definido como a sensação desconfortável da respiração difícil ou trabalhadora que é desproporcional ao nível de atividade física do paciente.,Indique “Sim” se o paciente apresentou este sintoma em qualquer momento desde o início da doença até a apresentação.,0,0,0,0,0,0
apresentação,SINTOMAS NA ADMISSÃO: Indique se apresentados em qualquer momento desde o início da doença até o dia da apresentação.,adsym_nasalcongestion,Congestão nasal,"1, Sim | 0, Não | 99, Desconhecido","Definida como a redução da capacidade de passar ar pela cavidade nasal, levando frequentemente à respiração pela boca.",Indique “Sim” se o paciente apresentou este sintoma em qualquer momento desde o início da doença até a apresentação.,0,0,0,0,0,0
apresentação,SINTOMAS NA ADMISSÃO: Indique se apresentados em qualquer momento desde o início da doença até o dia da apresentação.,adsym_chestpain,Dor no peito,"1, Sim | 0, Não | 99, Desconhecido","Definido como a sensação desagradável, desconfortável ou dolorosa caracterizada pelo desconforto físico localizado no peito.",Indique “Sim” se o paciente apresentou este sintoma em qualquer momento desde o início da doença até a apresentação.,0,0,0,0,0,0
apresentação,SINTOMAS NA ADMISSÃO: Indique se apresentados em qualquer momento desde o início da doença até o dia da apresentação.,adsym_sneez,Espirros,"1, Sim | 0, Não | 99, Desconhecido","Refere-se a uma expiração repentina, violenta, espasmódica e audível pela nariz e boca.","Indique “Sim” se o paciente tiver apresentado esse sintoma em qualquer momento desde o início da doença até a consulta. ",0,0,0,0,0,0
apresentação,SINTOMAS NA ADMISSÃO: Indique se apresentados em qualquer momento desde o início da doença até o dia da apresentação.,adsym_hiccups,Soluços,"1, sim | 0, Não | 99, Desconhecido",,,0,0,0,,,0
apresentação,SINTOMAS NA ADMISSÃO: Indique se apresentados em qualquer momento desde o início da doença até o dia da apresentação.,adsym_cvs,Sintomas cardiovasculares,,Refere-se a sinais e sintomas relacionados com o sistema cardiovascular.,"Indique “Sim” se o paciente apresentou este sintoma em qualquer momento desde o início da doença até a apresentação. ",0,0,0,0,0,
apresentação,SINTOMAS NA ADMISSÃO: Indique se apresentados em qualquer momento desde o início da doença até o dia da apresentação.,adsym_palpitations,Palpitações,"1, Sim | 0, Não | 99, Desconhecido",Refere -se à consciência desagradável do próprio batimento cardíaco.,Indique “Sim” se o paciente apresentou este sintoma em qualquer momento desde o início da doença até a apresentação.,0,0,0,0,0,0
apresentação,SINTOMAS NA ADMISSÃO: Indique se apresentados em qualquer momento desde o início da doença até o dia da apresentação.,adsym_git,Sintomas gastrointestinais,,Refere-se a sinais e sintomas relacionados ao sistema gastrointestinal.,Indique “Sim” se o paciente apresentou este sintoma em qualquer momento desde o início da doença até a apresentação.,0,0,0,0,0,
apresentação,SINTOMAS NA ADMISSÃO: Indique se apresentados em qualquer momento desde o início da doença até o dia da apresentação.,adsym_abdpain,Dor abdominal,"1, Sim | 0, Não | 99, Desconhecido","Definido como uma sensação desagradável de desconforto, angústia ou agonia na região abdominal.",Indique “Sim” se o paciente apresentou este sintoma em qualquer momento desde o início da doença até a apresentação.,0,0,0,0,0,0
apresentação,SINTOMAS NA ADMISSÃO: Indique se apresentados em qualquer momento desde o início da doença até o dia da apresentação.,adsym_diarrhoea,Diarréia,"1, Sim | 0, Não | 99, Desconhecido",Definido como uma frequência anormalmente aumentada (geralmente definida como três ou mais) movimento solto ou intestinal líquido por dia (ou passagem mais frequente do que é normal para o indivíduo).,"Indique “Sim” se o paciente apresentou este sintoma em qualquer momento desde o início da doença até a apresentação. ",0,0,0,0,0,0
apresentação,SINTOMAS NA ADMISSÃO: Indique se apresentados em qualquer momento desde o início da doença até o dia da apresentação.,adsym_consti,Constipação,"1, Sim | 0, Não | 99, Desconhecido",Definido como evacuação irregular e pouco frequente ou difícil dos intestinos.,Indique “Sim” se o paciente apresentou este sintoma em qualquer momento desde o início da doença até a apresentação.,0,0,0,0,0,0
apresentação,SINTOMAS NA ADMISSÃO: Indique se apresentados em qualquer momento desde o início da doença até o dia da apresentação.,adsym_vomit,Vomitando,"1, Sim | 0, Não | 99, Desconhecido",Definido como a expulsão do estômago ou do intestino delgado pela boca.,Indique “Sim” se o paciente apresentou este sintoma em qualquer momento desde o início da doença até a apresentação.,0,0,0,0,0,0
apresentação,SINTOMAS NA ADMISSÃO: Indique se apresentados em qualquer momento desde o início da doença até o dia da apresentação.,adsym_vomit2d,Vômito persistente? (> = 2/dia),"1, Sim | 0, Não | 99, Desconhecido",O vômito persistente é definido aqui como vômito duas vezes ou mais por dia.,Indique “Sim” se o paciente apresentou este sintoma em qualquer momento desde o início da doença até a apresentação.,0,0,0,0,0,0
apresentação,SINTOMAS NA ADMISSÃO: Indique se apresentados em qualquer momento desde o início da doença até o dia da apresentação.,adsym_vomitbld,Hematêmese (vômito com sangue),"1, Sim | 0, Não | 99, Desconhecido",Refere-se ao vômito com sangue.,"Indique “Sim” se o paciente apresentou este sintoma em qualquer momento desde o início da doença até a apresentação. ",0,0,0,0,0,0
apresentação,SINTOMAS NA ADMISSÃO: Indique se apresentados em qualquer momento desde o início da doença até o dia da apresentação.,adsym_nausea,Náusea,"1, Sim | 0, Não | 99, Desconhecido",Definido como a sensação subjetiva desagradável desagradável de que alguém vomitará iminentemente.,Indique “Sim” se o paciente apresentou este sintoma em qualquer momento desde o início da doença até a apresentação.,0,0,0,0,0,0
apresentação,SINTOMAS NA ADMISSÃO: Indique se apresentados em qualquer momento desde o início da doença até o dia da apresentação.,adsym_anorexia,Anorexia,"1, Sim | 0, Não | 99, Desconhecido",Definido como falta ou perda de apetite.,Indique “Sim” se o paciente apresentou este sintoma em qualquer momento desde o início da doença até a apresentação.,0,0,0,0,0,0
apresentação,SINTOMAS NA ADMISSÃO: Indique se apresentados em qualquer momento desde o início da doença até o dia da apresentação.,adsym_exsal,Salivação excessiva,"1, Sim | 0, Não | 99, Desconhecido","Definido como salivação excessiva ou sialorréia, é um sintoma melhor avaliado pelo paciente.",Indique “Sim” se o paciente apresentou este sintoma em qualquer momento desde o início da doença até a apresentação.,0,0,0,0,0,0
apresentação,SINTOMAS NA ADMISSÃO: Indique se apresentados em qualquer momento desde o início da doença até o dia da apresentação.,adsym_diffswallow,Dificuldade de engolir / disfagia,"1, Sim | 0, Não | 99, Desconhecido","Definido como dificuldade em engolir alimentos, líquidos ou saliva.","Indique “Sim” se o paciente apresentou este sintoma em qualquer momento desde o início da doença até a apresentação. ",0,0,0,0,0,0
apresentação,SINTOMAS NA ADMISSÃO: Indique se apresentados em qualquer momento desde o início da doença até o dia da apresentação.,adsym_faecalincont,Incontinência fecal,"1, Sim | 0, Não | 99, Desconhecido","Definido como falha no controle voluntário dos esfíncteres anais, com passagem involuntária de fezes e gases.",Indique “Sim” se o paciente apresentou este sintoma em qualquer momento desde o início da doença até a apresentação.,0,0,0,0,0,0
apresentação,SINTOMAS NA ADMISSÃO: Indique se apresentados em qualquer momento desde o início da doença até o dia da apresentação.,adsym_renalgut,Sintomas renais/geniturinários,,Refere-se a sinais e sintomas relacionados ao sistema renal/geniturinário.,Indique “Sim” se o paciente apresentou este sintoma em qualquer momento desde o início da doença até a apresentação.,0,0,0,0,0,
apresentação,SINTOMAS NA ADMISSÃO: Indique se apresentados em qualquer momento desde o início da doença até o dia da apresentação.,adsym_urine,Retenção urinária,"1, Sim | 0, Não | 99, Desconhecido",Definido como o acúmulo de urina dentro da bexiga devido à incapacidade de urinar.,"Indique “Sim” se o paciente apresentou este sintoma em qualquer momento desde o início da doença até a apresentação. ",0,0,0,0,0,0
apresentação,SINTOMAS NA ADMISSÃO: Indique se apresentados em qualquer momento desde o início da doença até o dia da apresentação.,adsym_urineincont,Incontinência urinária,"1, Sim | 0, Não | 99, Desconhecido",Refere-se à perda do controle da bexiga ou à incapacidade de controlar a micção.,Indique “Sim” se o paciente apresentou este sintoma em qualquer momento desde o início da doença até a apresentação.,0,0,0,0,0,0
apresentação,SINTOMAS NA ADMISSÃO: Indique se apresentados em qualquer momento desde o início da doença até o dia da apresentação.,adsym_polyuria,Aumento da micção (poliúria),"1, Sim | 0, Não | 99, Desconhecido",Refere-se à micção excessiva ou frequente.,Indique “Sim” se o paciente apresentou este sintoma em qualquer momento desde o início da doença até a apresentação.,0,0,0,0,0,0
apresentação,SINTOMAS NA ADMISSÃO: Indique se apresentados em qualquer momento desde o início da doença até o dia da apresentação.,adsym_dysuria,Dor ao urinar (disúria),"1, Sim | 0, Não | 99, Desconhecido",Refere-se à micção dolorosa ou difícil.,Indique “Sim” se o paciente apresentou este sintoma em qualquer momento desde o início da doença até a apresentação.,0,0,0,0,0,0
apresentação,SINTOMAS NA ADMISSÃO: Indique se apresentados em qualquer momento desde o início da doença até o dia da apresentação.,adsym_dyspareunia,Relações sexuais dolorosas/ dispareunia,"1, Sim | 0, Não | 99, Desconhecido",Definido como dor genital recorrente ou persistente associada à relação sexual.,"Indique “Sim” se o paciente apresentou este sintoma em qualquer momento desde o início da doença até a apresentação. ",0,0,0,0,0,0
apresentação,SINTOMAS NA ADMISSÃO: Indique se apresentados em qualquer momento desde o início da doença até o dia da apresentação.,adsym_heme,Sintomas hematológicos,,Refere-se a sinais e sintomas relacionados ao sistema hematológico.,Indique “Sim” se o paciente apresentou este sintoma em qualquer momento desde o início da doença até ao momento da apresentação.,0,0,0,0,0,
apresentação,SINTOMAS NA ADMISSÃO: Indique se apresentados em qualquer momento desde o início da doença até o dia da apresentação.,adsym_haemorrhag,Sangramento/hemorragia,"1, Sim | 0, Não | 99, Desconhecido","Definido como a presença de sangue em um local em que não é fisiologicamente normal ou perda de sangue da circulação, seja interna ou externamente. Isso pode incluir epistaxe (sangramento nasal), sangramento gengival (sangramento das gengivas), sangramento de qualquer parte do trato gastrointestinal (sangramento gastrointestinal) ou do trato geniturinário (vagina ou uretra), incluindo hematúria. ",Indique “Sim” se o paciente apresentou este sintoma em qualquer momento desde o início da doença até ao momento da apresentação.,0,0,0,0,0,0
apresentação,SINTOMAS NA ADMISSÃO: Indique se apresentados em qualquer momento desde o início da doença até o dia da apresentação.,adsym_haemorrhag_sev,Sangramento grave / hemorragia (requer intervenção),"1, Sim | 0, Não | 99, Desconhecido",Definido como o sangramento / hemorragia grave que requer intervenção médica para hemostasia e / ou suporte hemodinâmico.,Indique “Sim” se o paciente apresentou este sintoma em qualquer momento desde o início da doença até ao momento da apresentação.,0,0,0,0,0,0
apresentação,SINTOMAS NA ADMISSÃO: Indique se apresentados em qualquer momento desde o início da doença até o dia da apresentação.,adsym_haemorrhag_site,Se sim: especifique sites de sangramento / hemorragia (s),"1, Pele | 7, Petequias | 2, Nariz | 3, Gengivas | 4, Trato gastrointestinal | 5, Trato urinário | 6, Vagina | 99, Desconhecido | 88, Outros","Isso se refere à localização dos locais de sangramento/hemorragia (s). As petéquias se referem a pequenas manchas avermelhadas ou arroxeadas na pele ou na membrana mucosa como resultado da hemorragia localizada. O sangramento do nariz refere -se a hemorragia localizada no nariz. O sangramento da gengiva refere -se à hemorragia que afeta a gengiva. O sangramento gastrointestinal (GI) refere -se à hemorragia em qualquer segmento do trato gastrointestinal do esôfago ao reto. O sangramento do trato urinário refere -se à hemorragia originária de qualquer parte do sistema urinário. O sangramento vaginal refere -se à hemorragia originária da vagina, não relacionada à menstruação normal.",Selecione a (s) opção (s) mais apropriada (s) correspondente à localização dos sites de sangramento/hemorragia.,0,0,0,0,0,0
apresentação,SINTOMAS NA ADMISSÃO: Indique se apresentados em qualquer momento desde o início da doença até o dia da apresentação.,adsym_haemorrhag_site_oth,Especifique outro(s) local(is) do sangramento/hemorragia,,Refere-se à localização do(s) local(is) do sangramento/hemorragia.,"Se “Outro”, escreva a outra localização do(s) local(is) onde o paciente apresentou sangramento/hemorragia em qualquer momento desde o início da doença até a apresentação ou admissão.",0,0,0,0,0,
apresentação,SINTOMAS NA ADMISSÃO: Indique se apresentados em qualquer momento desde o início da doença até o dia da apresentação.,adsym_cns,Sintomas neurológicos,,Refere-se a sinais e sintomas relacionados ao sistema neurológico.,Indique “Sim” se o paciente apresentou isso em qualquer momento desde o início da doença até a apresentação.,0,0,0,0,0,
apresentação,SINTOMAS NA ADMISSÃO: Indique se apresentados em qualquer momento desde o início da doença até o dia da apresentação.,adsym_headache,Dor de cabeça,"1, Sim | 0, Não | 99, Desconhecido",Definido como a experiência da dor em várias partes da cabeça.,"Indique “Sim” se o paciente apresentou isso em qualquer momento desde o início da doença até a apresentação. ",0,0,0,0,0,0
apresentação,SINTOMAS NA ADMISSÃO: Indique se apresentados em qualquer momento desde o início da doença até o dia da apresentação.,adsym_photoph,Fotofobia,"1, Sim | 0, Não | 99, Desconhecido",Refere -se ao aumento da sensibilidade dos olhos à luz.,Indique “Sim” se o paciente tiver apresentado isso em qualquer momento desde o início da doença até a apresentação.,0,0,0,0,0,0
apresentação,SINTOMAS NA ADMISSÃO: Indique se apresentados em qualquer momento desde o início da doença até o dia da apresentação.,adsym_seizconv,Convulsões / convulsões,"1, Sim | 0, Não | 99, Desconhecido","Definido como uma anormalidade intermitente da fisiologia do sistema nervoso caracterizado por uma ocorrência transitória de movimento repentino, violento e irregular do corpo, causado pela contração involuntária dos músculos devido a atividade neuronal excessiva ou síncrona anormal no cérebro.",Indique “Sim” se o paciente tiver apresentado isso em qualquer momento desde o início da doença até a apresentação.,0,0,0,0,0,0
apresentação,SINTOMAS NA ADMISSÃO: Indique se apresentados em qualquer momento desde o início da doença até o dia da apresentação.,adsym_confusion,Consciência / confusão alterada,"1, Sim | 0, Não | 99, Desconhecido",Definido como um nível de conscientização ou excitação diferente da linha de base normal do paciente.,Indique “Sim” se o paciente tiver apresentado isso em qualquer momento desde o início da doença até a apresentação.,0,0,0,0,0,0
apresentação,SINTOMAS NA ADMISSÃO: Indique se apresentados em qualquer momento desde o início da doença até o dia da apresentação.,adsym_paralysis,Paralisia,"1, Sim | 0, Não | 99, Desconhecido",Refere-se à incapacidade de mover ou controlar totalmente os movimentos.,"Indique “Sim” se o paciente tiver apresentado isso em qualquer momento desde o início da doença até a apresentação. ",0,0,0,0,0,0
apresentação,SINTOMAS NA ADMISSÃO: Indique se apresentados em qualquer momento desde o início da doença até o dia da apresentação.,adsym_irritable,Irritabilidade,"1, Sim | 0, Não | 99, Desconhecido","Refere-se a uma excitabilidade anormal ou excessiva com raiva, irritação ou impaciência facilmente desencadeadas.",Indique “Sim” se o paciente apresentou isso em algum momento desde o início da doença até a apresentação.,0,0,0,0,0,0
apresentação,SINTOMAS NA ADMISSÃO: Indique se apresentados em qualquer momento desde o início da doença até o dia da apresentação.,adsym_tremor,Tremor,"1, Sim | 0, Não | 99, Desconhecido",Refere-se a um movimento muscular não intencional e oscilante de frente e de fogo em torno de um eixo articular.,Indique “Sim” se o paciente apresentou isso em algum momento desde o início da doença até a apresentação.,0,0,0,0,0,0
apresentação,SINTOMAS NA ADMISSÃO: Indique se apresentados em qualquer momento desde o início da doença até o dia da apresentação.,adsym_diffwalk,Dificuldade para andar,"1, Sim | 0, Não | 99, Desconhecido",Refere-se a qualquer problema persistente ao caminhar.,"Indique “Sim” se o paciente tiver apresentado isso em qualquer momento desde o início da doença até a consulta. ",0,0,0,0,0,0
apresentação,SINTOMAS NA ADMISSÃO: Indique se apresentados em qualquer momento desde o início da doença até o dia da apresentação.,adsym_neurologic,Outra anormalidade neurológica,"1, Sim | 0, Não | 99, Desconhecido",Isso refere a presença de uma anormalidade neurológica alternativa não listada acima.,"Indique 'sim', se o paciente tiver outra anormalidade neurológica não listada acima.",0,0,0,0,0,0
apresentação,SINTOMAS NA ADMISSÃO: Indique se apresentados em qualquer momento desde o início da doença até o dia da apresentação.,adsym_neurologic_spec,Especificar outros sintomas neurológicos,,Refere-se à presença de outra anomalia neurológica não listada acima.,"Se “Outro”, especifique a anormalidade neurológica.",0,0,0,0,0,
apresentação,SINTOMAS NA ADMISSÃO: Indique se apresentados em qualquer momento desde o início da doença até o dia da apresentação.,adsym_eye,Sintomas oftalmológicos,,Refere-se a sinais e sintomas relacionados com os olhos.,Indique “Sim” se o paciente apresentou algum destes sintomas em qualquer momento desde o início da doença até a apresentação.,0,0,0,0,0,
apresentação,SINTOMAS NA ADMISSÃO: Indique se apresentados em qualquer momento desde o início da doença até o dia da apresentação.,adsym_itchyeye,Coceira do olho,"1, Sim | 0, Não | 99, Desconhecido",Definido como coceira de um ou ambos os olhos.,Indique “Sim” se o paciente apresentou algum destes sintomas em qualquer momento desde o início da doença até a apresentação.,0,0,0,0,0,0
apresentação,SINTOMAS NA ADMISSÃO: Indique se apresentados em qualquer momento desde o início da doença até o dia da apresentação.,adsym_redeye,Olho vermelho / rosa,"1, Sim | 0, Não | 99, Desconhecido","Definido como inflamação ou infecção da conjuntiva, caracterizada pela vermelhidão em um ou nos dois olhos.",Indique “Sim” se o paciente apresentou algum destes sintomas em qualquer momento desde o início da doença até a apresentação.,0,0,0,0,0,0
apresentação,SINTOMAS NA ADMISSÃO: Indique se apresentados em qualquer momento desde o início da doença até o dia da apresentação.,adsym_paineyes,Dor no olho,"1, Sim | 0, Não | 99, Desconhecido",Definido como desconforto ou dolorido localizado dentro ou ao redor da área dos olhos.,"Indique “Sim” se o paciente apresentou algum destes sintomas em qualquer momento desde o início da doença até a apresentação. ",0,0,0,0,0,0
apresentação,SINTOMAS NA ADMISSÃO: Indique se apresentados em qualquer momento desde o início da doença até o dia da apresentação.,adsym_eyelidedema,Edema da pálpebra,"1, Sim | 0, Não | 99, Desconhecido",Definido como inchaço devido ao acúmulo de fluidos nos tecidos da pálpebra.,Indique “Sim” se o paciente apresentou algum destes sintomas em qualquer momento desde o início da doença até a apresentação.,0,0,0,0,0,0
apresentação,SINTOMAS NA ADMISSÃO: Indique se apresentados em qualquer momento desde o início da doença até o dia da apresentação.,adsym_eyedischarg,Descarga do olho,"1, Sim | 0, Não | 99, Desconhecido","Definido como a liberação de fluidos que variam de claro a pus do olho, geralmente indicativo de infecção ou irritação.",Indique “Sim” se o paciente apresentou algum destes sintomas em qualquer momento desde o início da doença até a apresentação.,0,0,0,0,0,0
apresentação,SINTOMAS NA ADMISSÃO: Indique se apresentados em qualquer momento desde o início da doença até o dia da apresentação.,adsym_hazyvision,Visão nebulosa / turva,"1, Sim | 0, Não | 99, Desconhecido","Definido como uma perda de acuidade visual, resultando em visão pouco clara ou distorcida.",Indique “Sim” se o paciente apresentou algum destes sintomas em qualquer momento desde o início da doença até a apresentação.,0,0,0,0,0,0
apresentação,SINTOMAS NA ADMISSÃO: Indique se apresentados em qualquer momento desde o início da doença até o dia da apresentação.,adsym_eyelightsensi,Sensibilidade do olho à luz,"1, Sim | 0, Não | 99, Desconhecido","Definido como uma intolerância anormal à luz, causando desconforto ou dor nos olhos quando exposto à luz brilhante.","Indique “Sim” se o paciente apresentou algum destes sintomas em qualquer momento desde o início da doença até a apresentação. ",0,0,0,0,0,0
apresentação,SINTOMAS NA ADMISSÃO: Indique se apresentados em qualquer momento desde o início da doença até o dia da apresentação.,adsym_visdist,Distúrbios visuais,"1, Sim | 0, Não | 99, Desconhecido","Refere-se a uma interferência na visão normal, sem necessariamente afetar a acuidade visual.",Indique “Sim” se o paciente apresentou algum destes sintomas em qualquer momento desde o início da doença até a apresentação.,0,0,0,0,0,0
apresentação,SINTOMAS NA ADMISSÃO: Indique se apresentados em qualquer momento desde o início da doença até o dia da apresentação.,adsym_ocularoth,Se o outro: especifique as queixas oculares,"1, Sim | 0, Não | 99, Desconhecido",Isso se refere a outras queixas oculares não especificadas acima.,"Se 'outro', escreva a outra denúncia ocular que o paciente experimentou a qualquer momento desde o início desta doença e apresentação ou admissão.",0,0,0,0,0,0
apresentação,SINTOMAS NA ADMISSÃO: Indique se apresentados em qualquer momento desde o início da doença até o dia da apresentação.,adsym_ocularoth_spec,Especifique outros sintomas oftalmológicos,,"Refere-se a outros sinais e sintomas relacionados ao olho, não especificados acima.","Se “Sim”, especifique outros sinais e sintomas oftalmológicos ",0,0,0,0,0,
apresentação,SINTOMAS NA ADMISSÃO: Indique se apresentados em qualquer momento desde o início da doença até o dia da apresentação.,adsym_ent,Sintomas nos ouvidos/nariz/garganta,"1, Sim | 0, Não | 99, Desconhecido","Refere-se a sinais e sintomas relacionados ao ouvido, nariz e garganta.",Indique “Sim” se o paciente apresentou algum destes sintomas em qualquer momento desde o início da doença até a apresentação.,0,0,0,0,0,0
apresentação,SINTOMAS NA ADMISSÃO: Indique se apresentados em qualquer momento desde o início da doença até o dia da apresentação.,adsym_earpain,Dor de ouvido,"1, Sim | 0, Não | 99, Desconhecido",Refere-se à sensação de dor no ouvido.,Indique “Sim” se o paciente apresentou algum destes sintomas em qualquer momento desde o início da doença até a apresentação.,0,0,0,0,0,0
apresentação,SINTOMAS NA ADMISSÃO: Indique se apresentados em qualquer momento desde o início da doença até o dia da apresentação.,adsym_tinnitus,Zumbido,"1, Sim | 0, Não | 99, Desconhecido",Refere-se a uma percepção anormal de sons experimentada por um indivíduo na ausência de estímulo auditivo.,Indique “Sim” se o paciente apresentou algum destes sintomas em qualquer momento desde o início da doença até a apresentação.,0,0,0,0,0,0
apresentação,SINTOMAS NA ADMISSÃO: Indique se apresentados em qualquer momento desde o início da doença até o dia da apresentação.,adsym_parot,Parotidite,"1, Sim | 0, Não | 99, Desconhecido",Refere-se à inflamação das glândulas parótidas.,"Indique “Sim” se o paciente tiver apresentado isso em qualquer momento desde o início da doença até a consulta. ",0,0,0,0,0,0
apresentação,SINTOMAS NA ADMISSÃO: Indique se apresentados em qualquer momento desde o início da doença até o dia da apresentação.,adsym_paed,Sintomas específicos da pediatria,,,,0,0,0,,,
apresentação,SINTOMAS NA ADMISSÃO: Indique se apresentados em qualquer momento desde o início da doença até o dia da apresentação.,adsym_contcry,Choro contínuo,"1, sim | 0, Não | 99, Desconhecido","Refere-se ao choro inconsolável e excessivo em recém-nascidos ou bebês, geralmente definido como choro por mais de três horas por dia, pelo menos três dias por semana, durante mais de três semanas.",,0,0,0,0,,0
apresentação,SINTOMAS NA ADMISSÃO: Indique se apresentados em qualquer momento desde o início da doença até o dia da apresentação.,adsym_feedingdiff,Dificuldade para se alimentar,"1, sim | 0, Não | 99, Desconhecido","Definido como capacidade prejudicada de comer relacionada a problemas em reunir alimentos e se preparar para sugar, mastigar ou engolir.",,0,0,0,0,,0
apresentação,SINTOMAS NA ADMISSÃO: Indique se apresentados em qualquer momento desde o início da doença até o dia da apresentação.,adsym_otherdesc,Outros sintomas,,,,0,0,0,,,
apresentação,SINTOMAS NA ADMISSÃO: Indique se apresentados em qualquer momento desde o início da doença até o dia da apresentação.,adsym_unlisted,Outros sinais ou sintomas,"1, Sim | 0, Não | 99, Desconhecido",Isso se refere à presença de um sinal ou anormalidade alternativa não listada acima.,"Indique “Sim” se o paciente apresentou algum destes sintomas em qualquer momento desde o início da doença até a apresentação. ",0,0,0,0,0,0
apresentação,SINAIS NA ADMISSÃO: Indique se ocorreram em qualquer momento desde o início da doença até ao dia da apresentação.,adsign_sys,Systemic / general signs,,Refere-se a sinais e sintomas sistêmicos/gerais/não específicos.,"Indique “Sim” se o paciente tiver apresentado esse sintoma em qualquer momento desde o início da doença até a consulta. ",0,0,0,0,0,
apresentação,SINAIS NA ADMISSÃO: Indique se ocorreram em qualquer momento desde o início da doença até ao dia da apresentação.,adsign_hypotherm,"1, Sim | 0, Não | 99, Desconhecido","1, Sim | 0, Não | 99, Desconhecido",Refere-se à redução anormal da temperatura corporal devido à falha na termorregulação.,"Indique “Sim” se o paciente tiver apresentado esse sintoma em qualquer momento desde o início da doença até a consulta. ",0,0,0,0,0,0
apresentação,SINAIS NA ADMISSÃO: Indique se ocorreram em qualquer momento desde o início da doença até ao dia da apresentação.,adsign_coldperiph,"1, Sim | 0, Não | 99, Desconhecido","1, Sim | 0, Não | 99, Desconhecido","Refere-se à pele que parece fria e úmida ao toque, frequentemente associada a falha circulatória e sintomas como inquietação e hipotensão.","Indique “Sim” se o paciente tiver apresentado esse sintoma em qualquer momento desde o início da doença até a consulta. ",0,0,0,0,0,0
apresentação,SINAIS NA ADMISSÃO: Indique se ocorreram em qualquer momento desde o início da doença até ao dia da apresentação.,adsign_dehyrdation,"1, Sim | 0, Não | 99, Desconhecido","1, Sim | 0, Não | 99, Desconhecido",Refere-se à perda excessiva de água do corpo.,"Indique “Sim” se o paciente tiver apresentado esse sintoma em qualquer momento desde o início da doença até a consulta. ",0,0,0,0,0,0
apresentação,SINAIS NA ADMISSÃO: Indique se ocorreram em qualquer momento desde o início da doença até ao dia da apresentação.,adsign_dehyrdation_type,Estado de desidratação,"1, leve | 2, Moderado| 3, grave",Isso se refere à perda excessiva de água do corpo.,"Indique 'Sim', se o paciente passou por isso em qualquer momento desde o início da doença até a apresentação.",0,0,0,0,0,0
apresentação,SINAIS NA ADMISSÃO: Indique se ocorreram em qualquer momento desde o início da doença até ao dia da apresentação.,adsign_oedema,"1, Sim | 0, Não | 99, Desconhecido","1, Sim | 0, Não | 99, Desconhecido",Refere-se ao acúmulo de uma quantidade excessiva de líquido nas células ou nos tecidos intercelulares.,"Indique “Sim” se o paciente tiver apresentado esse sintoma em qualquer momento desde o início da doença até a consulta. ",0,0,0,0,0,0
apresentação,SINAIS NA ADMISSÃO: Indique se ocorreram em qualquer momento desde o início da doença até ao dia da apresentação.,adsign_oedema_site,"1, Pés | 2, Tornozelos | 3, Pernas (abaixo do joelho) | 4, Pernas (acima do joelho)  | 5, Escroto/Lábios vaginais | 6, Sacro | 7, Abdómen | 8, Pescoço | 9, Rosto | 99, Desconhecido | 88, Outros","1, Pés | 2, Tornozelos | 3, Pernas (abaixo do joelho) | 4, Pernas (acima do joelho)  | 5, Escroto/Lábios vaginais | 6, Sacro | 7, Abdómen | 8, Pescoço | 9, Rosto | 99, Desconhecido | 88, Outros",Refere-se à localização do edema.,"Se “Sim”, especifique a localização do edema. Selecione todas as opções aplicáveis.",0,0,0,0,0,0
apresentação,SINAIS NA ADMISSÃO: Indique se ocorreram em qualquer momento desde o início da doença até ao dia da apresentação.,adsign_oedema_site_oth,Specify other oedema site(s),,Refere-se à localização do edema.,"Se “Outro”, especifique o local do edema.",0,0,0,0,0,
apresentação,SINAIS NA ADMISSÃO: Indique se ocorreram em qualquer momento desde o início da doença até ao dia da apresentação.,adsign_lymph,"1, Sim - doloroso | 2, Sim - não doloroso | 0, Não | 99, Desconhecido","1, Sim - doloroso | 2, Sim - não doloroso | 0, Não | 99, Desconhecido","Definido como um achado clínico de aumento anormal dos gânglios linfáticos. ","Indique “Sim” se o paciente tiver apresentado esse sintoma em qualquer momento desde o início da doença até a consulta. ",0,0,0,0,0,0
apresentação,SINAIS NA ADMISSÃO: Indique se ocorreram em qualquer momento desde o início da doença até ao dia da apresentação.,adsign_lymph_site,"1, Axilar (axilas) | 2, Cervical (pescoço) | 3, Inguinal (virilha) | 99, Desconhecido | 88, Outro","1, Axilar (axilas) | 2, Cervical (pescoço) | 3, Inguinal (virilha) | 99, Desconhecido | 88, Outro",Refere-se ao local em que a linfadenopatia foi identificada.,"Selecione a(s) opção(ões) mais adequada(s) correspondente(s) à localização da linfadenopatia. ",0,0,0,0,0,0
apresentação,SINAIS NA ADMISSÃO: Indique se ocorreram em qualquer momento desde o início da doença até ao dia da apresentação.,adsign_lymph_site_oth,Specify other lymphadenopathy site(s),,Refere-se ao local em que a linfadenopatia foi identificada.,"Se “Outro”, escreva o local em que a linfadenopatia foi identificada.",0,0,0,0,0,
apresentação,SINAIS NA ADMISSÃO: Indique se ocorreram em qualquer momento desde o início da doença até ao dia da apresentação.,adsign_bruise,"1, Sim | 0, Não | 99, Desconhecido","1, Sim | 0, Não | 99, Desconhecido","Refere-se ao extravasamento espontâneo de sangue para o espaço subcutâneo, também conhecido como equimoses espontâneas.","Indique “Sim” se o paciente tiver apresentado esse sintoma em qualquer momento desde o início da doença até a consulta. ",0,0,0,0,0,0
apresentação,SINAIS NA ADMISSÃO: Indique se ocorreram em qualquer momento desde o início da doença até ao dia da apresentação.,adsign_alopecia,"1, Sim | 0, Não | 99, Desconhecido","1, Sim | 0, Não | 99, Desconhecido",Refere-se à ausência de cabelo (queda de cabelo sem cicatrizes) em áreas onde ele normalmente está presente.,"Indique “Sim” se o paciente tiver apresentado esse sintoma em qualquer momento desde o início da doença até a consulta. ",0,0,0,0,0,0
apresentação,SINAIS NA ADMISSÃO: Indique se ocorreram em qualquer momento desde o início da doença até ao dia da apresentação.,adsign_dryskin,"1, Sim | 0, Não | 99, Desconhecido","1, Sim | 0, Não | 99, Desconhecido","Refere-se à pele caracterizada pela falta de umidade natural ou normal, resultante da insuficiência de hidrolipídios na pele, também chamada de xerose cutânea.","Indique “Sim” se o paciente tiver apresentado esse sintoma em qualquer momento desde o início da doença até a consulta. ",0,0,0,0,0,0
apresentação,SINAIS NA ADMISSÃO: Indique se ocorreram em qualquer momento desde o início da doença até ao dia da apresentação.,adsign_oralulcer,"1, Sim | 0, Não | 99, Desconhecido","1, Sim | 0, Não | 99, Desconhecido","Refere-se a episódios recorrentes de ulceração da mucosa oral (aftas orais recorrentes), que geralmente se apresentam como defeitos mucosos dolorosos, bem circunscritos e cobertos por fibrina, com um h","Indique “Sim” se o paciente tiver apresentado esse sintoma em qualquer momento desde o início da doença até a consulta. ",0,0,0,0,0,0
apresentação,SINAIS NA ADMISSÃO: Indique se ocorreram em qualquer momento desde o início da doença até ao dia da apresentação.,adsign_mastitis,"1, Sim | 0, Não | 99, Desconhecido","1, Sim | 0, Não | 99, Desconhecido","Definido como uma inflamação da mama, com ou sem infecção associada.","Indique “Sim” se o paciente tiver apresentado esse sintoma em qualquer momento desde o início da doença até a consulta. ",0,0,0,0,0,0
apresentação,SINAIS NA ADMISSÃO: Indique se ocorreram em qualquer momento desde o início da doença até ao dia da apresentação.,adsign_bacsi,"1, Sim | 0, Não | 99, Desconhecido","1, Sim | 0, Não | 99, Desconhecido","Definido como uma infecção bacteriana secundária diagnosticada por um médico que ocorre durante uma ferida existente, infecção ou imediatamente após uma infecção anterior.","Indique “Sim” se o paciente tiver apresentado esse sintoma em qualquer momento desde o início da doença até a consulta. ",0,0,0,0,0,0
apresentação,SINAIS NA ADMISSÃO: Indique se ocorreram em qualquer momento desde o início da doença até ao dia da apresentação.,adsign_bacsi_spec,"7, Abscesso tecidual profundo | 1, Foliculite/celulite | 2, Pneumonia | 3, Gastroenterite | 4, SNC | 5, Bacteremia | 6, Trato urinário | 88, Outros","7, Abscesso tecidual profundo | 1, Foliculite/celulite | 2, Pneumonia | 3, Gastroenterite | 4, SNC | 5, Bacteremia | 6, Trato urinário | 88, Outros",Refere-se ao tipo ou localização da superinfecção bacteriana.,"Selecione a(s) opção(ões) mais adequada(s) que represente(m) o tipo ou localização da superinfecção bacteriana. ",0,0,0,0,0,0
apresentação,SINAIS NA ADMISSÃO: Indique se ocorreram em qualquer momento desde o início da doença até ao dia da apresentação.,adsign_bacsi_oth,Specify other bacterial super-infection,,"Refere-se a outros tipos ou localizações da superinfecção bacteriana, não especificados acima.","Se “Outro”, escreva o tipo ou localização da superinfecção bacteriana. ",0,0,0,0,0,
apresentação,SINAIS NA ADMISSÃO: Indique se ocorreram em qualquer momento desde o início da doença até ao dia da apresentação.,adsign_resp,Respiratory signs,,Refere-se a sinais e sintomas relacionados ao sistema respiratório.,"Indique “Sim” se o paciente tiver apresentado isso em qualquer momento desde o início da doença até a consulta. ",0,0,0,0,0,
apresentação,SINAIS NA ADMISSÃO: Indique se ocorreram em qualquer momento desde o início da doença até ao dia da apresentação.,adsign_respdistress,"1, Sim | 0, Não | 99, Desconhecido","1, Sim | 0, Não | 99, Desconhecido",Refere-se a um aumento patológico no esforço e na frequência dos movimentos respiratórios.,"Indique “Sim” se o paciente tiver apresentado isso em qualquer momento desde o início da doença até a consulta. ",0,0,0,0,0,0
apresentação,SINAIS NA ADMISSÃO: Indique se ocorreram em qualquer momento desde o início da doença até ao dia da apresentação.,adsign_chestindrw,"1, Sim | 0, Não | 99, Desconhecido","1, Sim | 0, Não | 99, Desconhecido","Definido como um sinal clínico de dificuldade respiratória, distinguido pelo movimento anormal para dentro da parede torácica inferior durante a inspiração. Se apenas o tecido mole entre as costelas ou acima da clavícula entrar quando o paciente respirar, isso não é retração da parede torácica inferior.","Indique “Sim” se o paciente tiver apresentado isso em qualquer momento desde o início da doença até a consulta. ",0,0,0,0,0,0
apresentação,SINAIS NA ADMISSÃO: Indique se ocorreram em qualquer momento desde o início da doença até ao dia da apresentação.,adsign_tachypnoea,"1, Sim | 0, Não | 99, Desconhecido","1, Sim | 0, Não | 99, Desconhecido",Definido como um aumento anormal da frequência respiratória.,"Indique “Sim” se o paciente tiver apresentado isso em qualquer momento desde o início da doença até a consulta. ",0,0,0,0,0,0
apresentação,SINAIS NA ADMISSÃO: Indique se ocorreram em qualquer momento desde o início da doença até ao dia da apresentação.,adsign_apnoea,"1, Sim | 0, Não | 99, Desconhecido","1, Sim | 0, Não | 99, Desconhecido",Definido como uma ausência transitória da respiração espontânea.,"Indique “Sim” se o paciente tiver apresentado isso em qualquer momento desde o início da doença até a consulta. ",0,0,0,0,0,0
apresentação,SINAIS NA ADMISSÃO: Indique se ocorreram em qualquer momento desde o início da doença até ao dia da apresentação.,adsign_rhinitis,"1, Sim | 0, Não | 99, Desconhecido","1, Sim | 0, Não | 99, Desconhecido","Definido como inflamação da membrana mucosa que reveste o nariz, geralmente associada a secreção nasal.","Indique “Sim” se o paciente tiver apresentado isso em qualquer momento desde o início da doença até a consulta. ",0,0,0,0,0,0
apresentação,SINAIS NA ADMISSÃO: Indique se ocorreram em qualquer momento desde o início da doença até ao dia da apresentação.,adsign_phary,"1, Sim | 0, Não | 99, Desconhecido","1, Sim | 0, Não | 99, Desconhecido",Refere-se à presença de inflamação da garganta.,"Indique “Sim” se o paciente tiver apresentado esse sintoma em qualquer momento desde o início da doença até a consulta. ",0,0,0,0,0,0
apresentação,SINAIS NA ADMISSÃO: Indique se ocorreram em qualquer momento desde o início da doença até ao dia da apresentação.,adsign_pharery,Eritema faríngeo,"1, sim | 0, Não | 99, Desconhecido",,"Indique 'Sim', se o paciente passou por isso em qualquer momento desde o início da doença até a apresentação.",0,0,0,,0,0
apresentação,SINAIS NA ADMISSÃO: Indique se ocorreram em qualquer momento desde o início da doença até ao dia da apresentação.,adsign_pharexu,Exsudato faríngeo,"1, sim | 0, Não | 99, Desconhecido",,"Indique 'Sim', se o paciente passou por isso em qualquer momento desde o início da doença até a apresentação.",0,0,0,,0,0
apresentação,SINAIS NA ADMISSÃO: Indique se ocorreram em qualquer momento desde o início da doença até ao dia da apresentação.,adsign_tonsil,"1, Sim | 0, Não | 99, Desconhecido","1, Sim | 0, Não | 99, Desconhecido",Refere-se à presença de inflamação das amígdalas.,"Indique “Sim” se o paciente tiver apresentado esse sintoma em qualquer momento desde o início da doença até a consulta. ",0,0,0,0,0,0
apresentação,SINAIS NA ADMISSÃO: Indique se ocorreram em qualquer momento desde o início da doença até ao dia da apresentação.,adsign_plueeff,"1, Sim | 0, Não | 99, Desconhecido","1, Sim | 0, Não | 99, Desconhecido",Refere-se à presença de líquido na cavidade pleural resultante de transudação ou exsudação excessiva das superfícies pleurais.,"Indique “Sim” se o paciente tiver apresentado esse sintoma em qualquer momento desde o início da doença até a consulta. ",0,0,0,0,0,0
apresentação,SINAIS NA ADMISSÃO: Indique se ocorreram em qualquer momento desde o início da doença até ao dia da apresentação.,adsign_cvs,Cardiovascular signs,,Refere-se a sinais e sintomas relacionados com o sistema cardiovascular.,"Indique “Sim” se o paciente tiver apresentado esse sintoma em qualquer momento desde o início da doença até a consulta. ",0,0,0,0,0,
apresentação,SINAIS NA ADMISSÃO: Indique se ocorreram em qualquer momento desde o início da doença até ao dia da apresentação.,adsign_tachycardia,"1, Sim | 0, Não | 99, Desconhecido","1, Sim | 0, Não | 99, Desconhecido","Refere-se a uma frequência cardíaca anormalmente rápida (normalmente > 100 bpm para adultos), que excede a faixa da frequência cardíaca normal em repouso para a idade. ","Indique “Sim” se o paciente tiver apresentado esse sintoma em qualquer momento desde o início da doença até a consulta. ",0,0,0,0,0,0
apresentação,SINAIS NA ADMISSÃO: Indique se ocorreram em qualquer momento desde o início da doença até ao dia da apresentação.,adsign_arrhythmia,"1, Sim | 0, Não | 99, Desconhecido","1, Sim | 0, Não | 99, Desconhecido","Refere-se a uma anormalidade no ritmo dos batimentos cardíacos, incluindo frequência, regularidade e/ou sequência de anormalidades de ativação.","Indique “Sim” se o paciente tiver apresentado esse sintoma em qualquer momento desde o início da doença até a consulta. ",0,0,0,0,0,0
apresentação,SINAIS NA ADMISSÃO: Indique se ocorreram em qualquer momento desde o início da doença até ao dia da apresentação.,adsign_git,Gastrointestinal signs,,Refere-se a sinais e sintomas relacionados ao sistema gastrointestinal.,"Indique “Sim” se o paciente tiver apresentado esse sintoma em qualquer momento desde o início da doença até a consulta. ",0,0,0,0,0,
apresentação,SINAIS NA ADMISSÃO: Indique se ocorreram em qualquer momento desde o início da doença até ao dia da apresentação.,adsign_ascites,"1, Sim | 0, Não | 99, Desconhecido","1, Sim | 0, Não | 99, Desconhecido",Definido como um acúmulo ou retenção excessiva de líquido livre dentro da cavidade peritoneal.,"Indique “Sim” se o paciente tiver apresentado esse sintoma em qualquer momento desde o início da doença até a consulta. ",0,0,0,0,0,0
apresentação,SINAIS NA ADMISSÃO: Indique se ocorreram em qualquer momento desde o início da doença até ao dia da apresentação.,adsign_hepatomegally,"1, Sim | 0, Não | 99, Desconhecido","1, Sim | 0, Não | 99, Desconhecido",Definido como um aumento patológico do fígado.,"Indique “Sim” se o paciente tiver apresentado esse sintoma em qualquer momento desde o início da doença até a consulta. ",0,0,0,0,0,0
apresentação,SINAIS NA ADMISSÃO: Indique se ocorreram em qualquer momento desde o início da doença até ao dia da apresentação.,adsign_splenomegaly,Baço/esplenomegalia palpável,"1, sim | 0, Não | 99, Desconhecido",,"Indique 'Sim', se o paciente passou por isso em qualquer momento desde o início da doença até a apresentação.",0,0,0,,0,0
apresentação,SINAIS NA ADMISSÃO: Indique se ocorreram em qualquer momento desde o início da doença até ao dia da apresentação.,adsign_tenabd,Abdômen sensível,"1, sim | 0, Não | 99, Desconhecido",,"Indique 'Sim', se o paciente passou por isso em qualquer momento desde o início da doença até a apresentação.",0,0,0,,0,0
apresentação,SINAIS NA ADMISSÃO: Indique se ocorreram em qualquer momento desde o início da doença até ao dia da apresentação.,adsign_jaund,"1, Sim | 0, Não | 99, Desconhecido","1, Sim | 0, Não | 99, Desconhecido","Definido como uma manifestação clínica de hiperbilirrubinemia, caracterizada pela coloração amarelada da pele, membrana mucosa e/ou esclera. ","Indique “Sim” se o paciente tiver apresentado esse sintoma em qualquer momento desde o início da doença até a consulta. ",0,0,0,0,0,0
apresentação,SINAIS NA ADMISSÃO: Indique se ocorreram em qualquer momento desde o início da doença até ao dia da apresentação.,adsign_melaena,"1, Sim | 0, Não | 99, Desconhecido","1, Sim | 0, Não | 99, Desconhecido","Refere-se a fezes anormalmente escuras e pegajosas contendo sangue, geralmente proveniente de sangramento gastrointestinal.","Indique “Sim” se o paciente tiver apresentado esse sintoma em qualquer momento desde o início da doença até a consulta. ",0,0,0,0,0,0
apresentação,SINAIS NA ADMISSÃO: Indique se ocorreram em qualquer momento desde o início da doença até ao dia da apresentação.,adsign_haematochezia,"1, Sim | 0, Não | 99, Desconhecido","1, Sim | 0, Não | 99, Desconhecido",Refere-se à presença de sangue nas fezes. É o resultado de hemorragia gastrointestinal e pode ser facilmente observado nas fezes ou identificado microscopicamente.,"Indique “Sim” se o paciente tiver apresentado esse sintoma em qualquer momento desde o início da doença até a consulta. ",0,0,0,0,0,0
apresentação,SINAIS NA ADMISSÃO: Indique se ocorreram em qualquer momento desde o início da doença até ao dia da apresentação.,adsign_rectalbleed,"1, Sim | 0, Não | 99, Desconhecido","1, Sim | 0, Não | 99, Desconhecido",Refere-se ao sangramento originado na parede retal e expelido pelo ânus.,"Indique “Sim” se o paciente tiver apresentado esse sintoma em qualquer momento desde o início da doença até a consulta. ",0,0,0,0,0,0
apresentação,SINAIS NA ADMISSÃO: Indique se ocorreram em qualquer momento desde o início da doença até ao dia da apresentação.,adsign_lowurine,"1, Sim | 0, Não | 99, Desconhecido","1, Sim | 0, Não | 99, Desconhecido",Refere-se a um achado que indica que a produção de urina é inferior a 500 mililitros durante um período de 24 horas.,"Indique “Sim” se o paciente tiver apresentado esse sintoma em qualquer momento desde o início da doença até a consulta. ",0,0,0,0,0,0
apresentação,SINAIS NA ADMISSÃO: Indique se ocorreram em qualquer momento desde o início da doença até ao dia da apresentação.,adsign_heme,Haematological signs,,Refere-se a sinais e sintomas relacionados ao sistema hematológico.,"Indique “Sim” se o paciente tiver apresentado esse sintoma em qualquer momento desde o início da doença até a consulta. ",0,0,0,0,0,
apresentação,SINAIS NA ADMISSÃO: Indique se ocorreram em qualquer momento desde o início da doença até ao dia da apresentação.,adsign_anaemia,"1, Sim | 0, Não | 99, Desconhecido","1, Sim | 0, Não | 99, Desconhecido","Refere-se a uma redução no número de glóbulos vermelhos, na quantidade de hemoglobina e/ou no volume de glóbulos vermelhos concentrados. As manifestações comuns incluem palidez, fadiga, tontura, falta de ar e taquicardia.","Indique “Sim” se o paciente tiver apresentado esse sintoma em qualquer momento desde o início da doença até a consulta. ",0,0,0,0,0,0
apresentação,SINAIS NA ADMISSÃO: Indique se ocorreram em qualquer momento desde o início da doença até ao dia da apresentação.,adsign_cns,Neurological signs,,Refere-se a sinais e sintomas relacionados ao sistema neurológico.,"Indique “Sim” se o paciente tiver apresentado esse sintoma em qualquer momento desde o início da doença até a consulta. ",0,0,0,0,0,
apresentação,SINAIS NA ADMISSÃO: Indique se ocorreram em qualquer momento desde o início da doença até ao dia da apresentação.,adsign_neckstiff,"1, Sim | 0, Não | 99, Desconhecido","1, Sim | 0, Não | 99, Desconhecido","Definido como uma sensação de rigidez no pescoço ao tentar movê-lo, especialmente após um período de inatividade. A rigidez do pescoço geralmente envolve dor e dificuldade em mover o pescoço, especialmente ao tentar virar a cabeça para o lado.","Indique “Sim” se o paciente tiver apresentado esse sintoma em qualquer momento desde o início da doença até a consulta. ",0,0,0,0,0,0
apresentação,SINAIS NA ADMISSÃO: Indique se ocorreram em qualquer momento desde o início da doença até ao dia da apresentação.,adsign_hemiplegia,Hemiplegia,"1, Sim | 0, Não | 99, Desconhecido","Refere-se à perda grave ou completa da função motora de um lado do corpo; frequentemente causada por doenças cerebrais localizadas no hemisfério cerebral oposto ao lado da fraqueza; menos frequentemente, lesões no tronco cerebral; doenças da medula espinhal cervical, doenças do sistema nervoso periférico e outras condições podem se manifestar como hemiplegia. ","Indique “Sim” se o paciente tiver apresentado esse sintoma em qualquer momento desde o início da doença até a consulta. ",0,0,0,0,0,0
apresentação,SINAIS NA ADMISSÃO: Indique se ocorreram em qualquer momento desde o início da doença até ao dia da apresentação.,adsign_cogimpair,"1, Sim | 0, Não | 99, Desconhecido","1, Sim | 0, Não | 99, Desconhecido","Refere-se à diminuição ou comprometimento da função mental e/ou intelectual. ","Indique “Sim” se o paciente tiver apresentado esse sintoma em qualquer momento desde o início da doença até a consulta. ",0,0,0,0,0,0
apresentação,SINAIS NA ADMISSÃO: Indique se ocorreram em qualquer momento desde o início da doença até ao dia da apresentação.,adsign_neurodist,"1, Sim | 0, Não | 99, Desconhecido","1, Sim | 0, Não | 99, Desconhecido","Refere-se à presença de sinais ou sintomas que afetam os pensamentos, emoções, comportamentos ou bem-estar mental de um indivíduo. A presença de distúrbios psicológicos deve ser identificada por meio de um Exame do Estado Mental (MSE) ou ferramenta equivalente.","Indique “Sim” se o paciente tiver apresentado esse sintoma em qualquer momento desde o início da doença até a consulta. ",0,0,0,0,0,0
apresentação,SINAIS NA ADMISSÃO: Indique se ocorreram em qualquer momento desde o início da doença até ao dia da apresentação.,adsign_speechdist,"1, Sim | 0, Não | 99, Desconhecido","1, Sim | 0, Não | 99, Desconhecido",Refere-se a dificuldades com a fala e a comunicação que podem resultar de patologias no cérebro.,"Indique “Sim” se o paciente tiver apresentado esse sintoma em qualquer momento desde o início da doença até a consulta. ",0,0,0,0,0,0
apresentação,SINAIS NA ADMISSÃO: Indique se ocorreram em qualquer momento desde o início da doença até ao dia da apresentação.,adsign_agitation,"1, Sim | 0, Não | 99, Desconhecido","1, Sim | 0, Não | 99, Desconhecido",Refere-se a um estado de atividade motora excessiva associado a sofrimento mental ou uma sensação de desconforto substancial ou tensão interna. Distingue-se da inquietação pelo aumento do nível de sofrimento emocional e pela intensidade negativa da experiência. A agitação tem um nível significativo de atividade física que normalmente é ameaçador para si mesmo ou para os outros.,"Indique “Sim” se o paciente tiver apresentado esse sintoma em qualquer momento desde o início da doença até a consulta. ",0,0,0,0,0,0
apresentação,SINAIS NA ADMISSÃO: Indique se ocorreram em qualquer momento desde o início da doença até ao dia da apresentação.,adsign_cerebesig,"1, Sim | 0, Não | 99, Desconhecido","1, Sim | 0, Não | 99, Desconhecido","Refere-se à presença de um conjunto de sinais neurológicos que normalmente indicam disfunção cerebelar. Os sinais incluem disdiadocinesia, dismetria, ataxia, nistagmo, tremor intencional, fala arrastada ou escaneada, hipotonia.","Indique “Sim” se o paciente tiver apresentado esse sintoma em qualquer momento desde o início da doença até a consulta. ",0,0,0,0,0,0
apresentação,SINAIS NA ADMISSÃO: Indique se ocorreram em qualquer momento desde o início da doença até ao dia da apresentação.,adsign_neurologic,"1, Sim | 0, Não | 99, Desconhecido","1, Sim | 0, Não | 99, Desconhecido",Refere-se à presença de uma anomalia neurológica alternativa não listada acima.,"Indique “Sim” se o paciente tiver apresentado este sintoma em qualquer momento desde o início da doença até ao momento da consulta. ",0,0,0,0,0,0
apresentação,SINAIS NA ADMISSÃO: Indique se ocorreram em qualquer momento desde o início da doença até ao dia da apresentação.,adsign_neurologic_spec,Specify other neurological abnormality,,Refere-se à presença de outra anomalia neurológica não listada acima.,"Se “Outro”, especifique a anormalidade neurológica.",0,0,0,0,0,
apresentação,SINAIS NA ADMISSÃO: Indique se ocorreram em qualquer momento desde o início da doença até ao dia da apresentação.,adsign_eye,Opthalmological signs,,Refere-se a sinais e sintomas relacionados com os olhos.,Indique “Sim” se o paciente tiver apresentado esse sintoma entre 00:00 e 24:00 no dia da avaliação.,0,0,0,0,0,
apresentação,SINAIS NA ADMISSÃO: Indique se ocorreram em qualquer momento desde o início da doença até ao dia da apresentação.,adsign_retroorbit,"1, Sim | 0, Não | 99, Desconhecido","1, Sim | 0, Não | 99, Desconhecido",Definida como a experiência de dor na região retro-orbital (atrás dos olhos).,"Indique “Sim” se o paciente tiver apresentado esse sintoma em qualquer momento desde o início da doença até a consulta. ",0,0,0,0,0,0
apresentação,SINAIS NA ADMISSÃO: Indique se ocorreram em qualquer momento desde o início da doença até ao dia da apresentação.,adsign_conjunhemor,"1, Sim | 0, Não | 99, Desconhecido","1, Sim | 0, Não | 99, Desconhecido","Definida como a acumulação de sangue sob a conjuntiva, apresentando-se como uma mancha vermelha brilhante ou escura no olho.","Indique “Sim” se o paciente tiver apresentado esse sintoma em qualquer momento desde o início da doença até a consulta. ",0,0,0,0,0,0
apresentação,SINAIS NA ADMISSÃO: Indique se ocorreram em qualquer momento desde o início da doença até ao dia da apresentação.,adsign_conjunctiv,"1, Sim | 0, Não | 99, Desconhecido","1, Sim | 0, Não | 99, Desconhecido",Definido como inflamação da conjuntiva.,"Indique “Sim” se o paciente tiver apresentado isso em qualquer momento desde o início da doença até a consulta. ",0,0,0,0,0,0
apresentação,SINAIS NA ADMISSÃO: Indique se ocorreram em qualquer momento desde o início da doença até ao dia da apresentação.,adsign_keratitis,"1, Sim | 0, Não | 99, Desconhecido","1, Sim | 0, Não | 99, Desconhecido",Refere-se à inflamação da córnea do olho.,"Indique “Sim” se o paciente tiver apresentado isso em qualquer momento desde o início da doença até a consulta. ",0,0,0,0,0,0
apresentação,SINAIS NA ADMISSÃO: Indique se ocorreram em qualquer momento desde o início da doença até ao dia da apresentação.,adsign_newvision,"1, Sim | 0, Não | 99, Desconhecido","1, Sim | 0, Não | 99, Desconhecido",Definido como diminuição da clareza ou nitidez da visão.,"Indique “Sim” se o paciente tiver apresentado isso em qualquer momento desde o início da doença até a consulta. ",0,0,0,0,0,0
apresentação,SINAIS NA ADMISSÃO: Indique se ocorreram em qualquer momento desde o início da doença até ao dia da apresentação.,adsign_sunkeyes,Olhos fundos,"1, sim | 0, Não | 99, Desconhecido",,"Indique 'Sim', se o paciente passou por isso em qualquer momento desde o início da doença até a apresentação.",0,0,0,,0,0
apresentação,SINAIS NA ADMISSÃO: Indique se ocorreram em qualquer momento desde o início da doença até ao dia da apresentação.,adsign_ocularoth,"1, Sim | 0, Não | 99, Desconhecido","1, Sim | 0, Não | 99, Desconhecido","Refere-se a outros sinais e sintomas relacionados ao olho, não especificados acima.","Indique “Sim” se o paciente tiver apresentado isso em qualquer momento desde o início da doença até a consulta. ",0,0,0,0,0,0
apresentação,SINAIS NA ADMISSÃO: Indique se ocorreram em qualquer momento desde o início da doença até ao dia da apresentação.,adsign_ocularoth_spec,Specify other opthalmological signs,,"Refere-se a outros sinais e sintomas relacionados ao olho, não especificados acima.","Se “Sim”, especifique outros sinais e sintomas oftalmológicos.",0,0,0,0,0,
apresentação,SINAIS NA ADMISSÃO: Indique se ocorreram em qualquer momento desde o início da doença até ao dia da apresentação.,adsign_paed,Sinais específicos da pediatria,,,,0,0,0,,,
apresentação,SINAIS NA ADMISSÃO: Indique se ocorreram em qualquer momento desde o início da doença até ao dia da apresentação.,adsign_nasalflar,Alargamento nasal,"1, sim | 0, Não | 99, Desconhecido",,,0,0,0,,,0
apresentação,SINAIS NA ADMISSÃO: Indique se ocorreram em qualquer momento desde o início da doença até ao dia da apresentação.,adsign_grunt,Grunhindo,"1, sim | 0, Não | 99, Desconhecido",,,0,0,0,,,0
apresentação,SINAIS NA ADMISSÃO: Indique se ocorreram em qualquer momento desde o início da doença até ao dia da apresentação.,adsign_ftt,Falha em prosperar,"1, sim | 0, Não | 99, Desconhecido",,,0,0,0,,,0
apresentação,SINAIS NA ADMISSÃO: Indique se ocorreram em qualquer momento desde o início da doença até ao dia da apresentação.,adsign_hypotonia,Diminuição do tônus/hipotonia,"1, sim | 0, Não | 99, Desconhecido",,,0,0,0,,,0
apresentação,SINAIS NA ADMISSÃO: Indique se ocorreram em qualquer momento desde o início da doença até ao dia da apresentação.,adsign_bulgefont,Fontanela protuberante,"1, sim | 0, Não | 99, Desconhecido",,,0,0,0,,,0
apresentação,SINAIS NA ADMISSÃO: Indique se ocorreram em qualquer momento desde o início da doença até ao dia da apresentação.,adsign_otherdesc,Other signs,,,,0,0,0,,,
apresentação,SINAIS NA ADMISSÃO: Indique se ocorreram em qualquer momento desde o início da doença até ao dia da apresentação.,adsign_unlisted,"1, Sim | 0, Não | 99, Desconhecido","1, Sim | 0, Não | 99, Desconhecido","Refere-se a outros sinais e sintomas, não especificados acima.","Indique outros sinais e sintomas, não especificados acima, que o paciente tenha apresentado em qualquer momento desde o início da doença até a consulta. ",0,0,0,0,0,0
apresentação,APRESENTAÇÃO DE GRAVIDEZ,preg_pregnant,Grávida,"1, Sim | 0, Não | 99, Desconhecido","Refere-se a mulheres que relatam estar grávidas no momento da apresentação e/ou tiveram um teste de gravidez positivo nos dias anteriores à apresentação. ","Indique “Sim” se a paciente estiver grávida no momento da apresentação. Se a paciente estiver em idade fértil e não tiver feito um teste de gravidez negativo, selecione “Desconhecido”.",0,0,0,0,0,0
apresentação,APRESENTAÇÃO DE GRAVIDEZ,preg_postpartum,Pós-parto (dentro de 6 semanas após a entrega),"1, Sim | 0, Não | 99, Desconhecido",Isso se refere ao período temporal relacionado à mãe desde a conclusão do trabalho até seis semanas após a entrega.,"Indique 'sim', se o paciente estiver no período pós-parto (dentro de 6 semanas após o parto).",0,0,0,0,0,0
apresentação,APRESENTAÇÃO DE GRAVIDEZ,preg_formdesc,Preencha o Formulário de Gravidez com informações da gravidez mais recente.,,,,0,0,0,,,
apresentação,APRESENTAÇÃO DE GRAVIDEZ,preg_geswek,Avaliação das semanas gestacionais,,Isso se refere à idade gestacional do feto (escrita em semanas). Pode ser calculado a partir do último período menstrual da mulher (LMP) ou calculado usando a melhor data de vencimento estimada obstétrica (EDD) com base na seguinte fórmula: idade gestacional = (280 - (EDD - Data de referência)). A data de referência é a data em que você está tentando determinar a idade gestacional.,Indique a idade gestacional estimada do feto (em semanas).,0,0,0,0,0,
apresentação,APRESENTAÇÃO DE GRAVIDEZ,preg_recent1,A paciente estava grávida <= 21 dias após o início dos sintomas?,"1, Sim | 0, Não | 99, Desconhecido","Se não estiver grávida atualmente, refere-se a se a paciente estava grávida nos 21 dias anteriores ao início dos sintomas.",Indique “Sim” se a paciente estava grávida nos 21 dias anteriores ao início dos sintomas.,0,0,0,0,0,0
apresentação,APRESENTAÇÃO DE GRAVIDEZ,preg_brefed,Amamentação,"1, Sim - atualmente amamentando | 2, Sim-amamentação descontinuada | 0, Não | 99, Desconhecido","Fornecimento de leite materno humano ao lactente, diretamente na mama ou ordenhado, independentemente da exclusividade.",,0,0,0,0,,0
apresentação,APRESENTAÇÃO DE GRAVIDEZ,preg_brefedduration,Quanto tempo durou a amamentação? (semanas),,"Duração total desde o início da amamentação até a cessação completa, registrada em semanas completas.",,0,0,0,0,,
apresentação,APRESENTAÇÃO DE GRAVIDEZ,pregdet_labour,A paciente está em trabalho de parto na apresentação?,"1, sim | 0, Não | 99, Desconhecido",RH,,0,0,0,0,,0
apresentação,BEBÊ: MENOS DE 12 MESES DE IDADE,infa_neonate,O paciente é um recém-nascido. Não se esqueça de preencher o formulário específico para neonatos.,,,,0,0,0,,,
apresentação,BEBÊ: MENOS DE 12 MESES DE IDADE,infa_brtwei,Peso ao nascer (unidades selecionadas),,,,0,0,0,,,
apresentação,BEBÊ: MENOS DE 12 MESES DE IDADE,infa_brtwei_units,Peso ao nascer (selecionar unidades),"1, g | 2, libras",,,0,0,0,,,0
apresentação,BEBÊ: MENOS DE 12 MESES DE IDADE,infa_brtwei_g,Peso ao nascer (g),,Refere-se ao primeiro peso de um recém-nascido obtido após o nascimento em quilogramas (kg).,Indique o peso ao nascer em quilogramas (kg).,0,0,0,0,0,
apresentação,BEBÊ: MENOS DE 12 MESES DE IDADE,infa_brtwei_lb,Peso ao nascer (lb),,Isso se refere ao primeiro peso de um recém -nascido obtido após o nascimento em libras (lb).,Indique o peso ao nascer em libras (lb).,0,0,0,0,0,
apresentação,BEBÊ: MENOS DE 12 MESES DE IDADE,infa_outcome,Resultado gestacional,"1, Parto a termo (>=37 semanas de idade gestacional) | 2, Parto prematuro (< 37 semanas de idade gestacional) | 99, Desconhecido",Isso se refere à idade gestacional (GA) da criança no parto. PRE-Term refere-se a uma criança nascida antes de 37 semanas e 0 dias de idade gestacional.,Indique “Parto a termo” se a idade gestacional (IG) no parto for >= 37 semanas e “Parto prematuro” se a IG no parto for < 37 semanas.,0,0,0,0,0,0
apresentação,BEBÊ: MENOS DE 12 MESES DE IDADE,infa_brefed,Amamentado,"1, Sim - atualmente em amamentação | 2, Sim - amamentação interrompida | 0, Não | 99, Desconhecido",Refere-se ao regime atual de amamentação do bebê.,Indique o status de amamentação do bebê.,0,0,0,0,0,0
apresentação,BEBÊ: MENOS DE 12 MESES DE IDADE,infa_brefedduration,Quanto tempo durou a amamentação? (semanas),,"Refere-se à duração da amamentação, em semanas, se a amamentação foi interrompida.","Indique a duração da amamentação, em semanas, se a amamentação foi interrompida.",0,0,0,0,0,
apresentação,BEBÊ: MENOS DE 12 MESES DE IDADE,infa_aprvac,Vacinas apropriadas para idade/país,"1, Sim | 0, Não | 99, Desconhecido",Isso refere-se ao status da vacinação de acordo com a idade das recomendações específicas do bebê e do país.,"Indique 'sim', se o bebê for adequadamente vacinado para a idade em relação às recomendações específicas do país.",0,0,0,0,0,0
diário,AVALIAÇÃO DIÁRIA,daily_date,DATA DA AVALIAÇÃO,,Indica o dia da coleta de dados e amostragem (pode não ser a data de conclusão). Pode ser uma informação retrospectiva no momento da alta (transferência para outro hospital ou óbito no hospital).,Insira a data. Use o formato DD/MM/AAAA.,0,0,0,0,0,
diário,AVALIAÇÃO DIÁRIA,asses_lvlcare,Nível atual de atendimento,"1, Ambulatório | 2, Internado em enfermaria normal apenas para isolamento | 3, Internado em enfermaria normal para cuidados clínicos | 4, Alta dependência |  5, Admissão em terapia intensiva",Refere -se ao nível de atendimento na data da avaliação.,Selecione o nível mais alto de atendimento na data da avaliação.,0,0,0,0,0,0
diário,SINAIS VITAIS E AVALIAÇÕES: Registre o valor mais distante da faixa normal entre 00:00 e 24:00 no dia da avaliação.,vital_dailydata,Insira os dados dos sinais vitais para esta data?,"1, Sim | 0, Não",Refere-se aos dados dos sinais vitais registrados para esta data.,"Indique “Sim” se desejar registrar os dados dos sinais vitais para este dia de avaliação. Se “Sim”, para as perguntas a seguir, salvo indicação em contrário, registre o valor mais distante da faixa fisiológica normal registrada entre 00:00 e 24:00 horas no dia da avaliação. Os resultados que foram rejeitados pela equipe clínica não devem ser incluídos.",0,0,0,0,0,0
diário,SINAIS VITAIS E AVALIAÇÕES: Registre o valor mais distante da faixa normal entre 00:00 e 24:00 no dia da avaliação.,vital_highesttem,Temperatura mais alta (unidades selecionadas),,Refere -se à maior temperatura corporal periférica (retal se <3 meses) entre 00:00 e 24:00 no dia da avaliação.,Selecione as unidades mais apropriadas para a temperatura.,0,0,0,0,0,
diário,SINAIS VITAIS E AVALIAÇÕES: Registre o valor mais distante da faixa normal entre 00:00 e 24:00 no dia da avaliação.,vital_highesttem_units,Temperatura mais alta (selecionar unidades),"1°C | 2, °F",,,0,0,0,,,0
diário,SINAIS VITAIS E AVALIAÇÕES: Registre o valor mais distante da faixa normal entre 00:00 e 24:00 no dia da avaliação.,vital_highesttem_c,Temperatura mais alta (° C),,Refere -se à maior temperatura corporal periférica (retal se <3 meses) em graus Celsius (° C) entre 00:00 e 24:00 no dia da avaliação.,Entre na maior temperatura corporal periférica (° C) registrada entre 00:00 e 24:00 no dia da avaliação.,0,0,0,0,0,
diário,SINAIS VITAIS E AVALIAÇÕES: Registre o valor mais distante da faixa normal entre 00:00 e 24:00 no dia da avaliação.,vital_highesttem_f,Temperatura mais alta (° F),,Refere -se à maior temperatura corporal periférica (retal se <3 meses) em graus Fahrenheit (° F) entre 00:00 e 24:00 no dia da avaliação.,Entre na maior temperatura corporal periférica (° F) registrada entre 00:00 e 24:00 no dia da avaliação.,0,0,0,0,0,
diário,SINAIS VITAIS E AVALIAÇÕES: Registre o valor mais distante da faixa normal entre 00:00 e 24:00 no dia da avaliação.,vital_hr,RH (batidas/minuto),,Refere -se à freqüência cardíaca medida em batimentos por minuto. Isso pode ser medido manualmente ou por monitoramento eletrônico.,Digite a frequência cardíaca medida em batidas por minuto. Registre o valor mais distante do intervalo normal entre 00:00 às 24:00 no dia da avaliação.,0,0,0,0,0,
diário,SINAIS VITAIS E AVALIAÇÕES: Registre o valor mais distante da faixa normal entre 00:00 e 24:00 no dia da avaliação.,vital_rr,RR (BPM),,"Refere -se à frequência respiratória em respirações por minuto. A medição manual e não eletrônica é preferida sempre que possível (isso é alcançado contando o número de respirações por um minuto, contando quantas vezes o baú aumenta nesse período de tempo).  Se forem observadas uma taxa baixa e alta anormal, registre a taxa anormalmente alta.","Digite a frequência respiratória medida em respirações por minuto. Registre o valor mais distante do intervalo normal entre 00:00 às 24:00 no dia da avaliação. Se forem observadas uma taxa baixa e alta anormal, registre a taxa anormalmente alta.",0,0,0,0,0,
diário,SINAIS VITAIS E AVALIAÇÕES: Registre o valor mais distante da faixa normal entre 00:00 e 24:00 no dia da avaliação.,vital_systolicbp,BP sistólica (MMHG),,"Isso se refere à pressão arterial sistólica da observação com a menor pressão arterial média (se a pressão arterial média não tiver sido calculada, relate a medição com menor pressão arterial sistólica).  Por exemplo, se a pressão arterial for 120/85 mmHg, digite 120 na seção marcada como 'BP sistólica'.","Entre na pressão arterial sistólica medida em milímetros de mercúrio (MMHG). Registre a pressão arterial sistólica da observação com a menor pressão arterial média (mapa) (se a pressão arterial média não tiver sido calculada, relate a medição com menor pressão arterial sistólica) que ocorreu entre 00:00 e 24:00 no dia da avaliação .",0,0,0,0,0,
diário,SINAIS VITAIS E AVALIAÇÕES: Registre o valor mais distante da faixa normal entre 00:00 e 24:00 no dia da avaliação.,vital_diastolicbp,BP diastólica (MMHG),,"Isso se refere à pressão arterial diastólica da observação com a menor pressão arterial média (se a pressão arterial média não tiver sido calculada, relate a medição com menor pressão arterial sistólica). Por exemplo, se a pressão arterial for 120/85 mmHg, digite 85 na seção marcada 'BP diastólica'.","Entre na pressão arterial diastólica medida em milímetros de mercúrio (MMHG). Registre a pressão arterial diastólica da observação com a menor pressão arterial média (mapa) (se a pressão arterial média não tiver sido calculada, relate a medição com menor pressão arterial sistólica) que ocorreu entre 00:00 e 24:00 no dia da avaliação .",0,0,0,0,0,
diário,SINAIS VITAIS E AVALIAÇÕES: Registre o valor mais distante da faixa normal entre 00:00 e 24:00 no dia da avaliação.,vital_meanbp,Pressão arterial média (MMHG),,"A pressão arterial média (mapa) pode ser medida diretamente (por cateter intra -arterial) ou ser aproximado sem um procedimento invasivo usando a seguinte fórmula: pressão diastólica mais 1/3 da pressão do pulso, onde a pressão do pulso é pressão sistólica - pressão diastólica .",Digite o mapa mais baixo registrado que ocorreu entre 00:00 e 24:00 no dia da avaliação.,0,0,0,0,0,
diário,SINAIS VITAIS E AVALIAÇÕES: Registre o valor mais distante da faixa normal entre 00:00 e 24:00 no dia da avaliação.,vital_spo2room,Saturação de oxigênio no ar ambiente (sem suporte de oxigênio) (%),,"Refere-se à medição da relação entre a hemoglobina oxigenada e a hemoglobina total no sangue, medida no ar ambiente sem suporte de oxigênio.",Indique a medição da saturação de oxigênio no ar ambiente sem suporte de oxigênio.,0,0,0,0,0,
diário,SINAIS VITAIS E AVALIAÇÕES: Registre o valor mais distante da faixa normal entre 00:00 e 24:00 no dia da avaliação.,vital_spo2roomhow,Como foi medida a saturação de oxigênio no ar ambiente?,"1, Oximetria de pulso | 2, Medição dos gases sanguíneos arteriais | 88, Outros | 99, Desconhecido",Refere-se ao método de medição da saturação de oxigênio.,Selecione a opção mais adequada que representa o método de medição da saturação de oxigênio.,0,0,0,0,0,0
diário,SINAIS VITAIS E AVALIAÇÕES: Registre o valor mais distante da faixa normal entre 00:00 e 24:00 no dia da avaliação.,vital_o2supp,Oxigênio suplementar?,"1, Sim | 0, Não | 99, Desconhecido",Refere-se ao fornecimento de oxigênio suplementar no momento do registro da SpO2 (%) mais baixa acima.,Indique “Sim” se a FiO2 foi medida juntamente com a saturação de oxigênio mais baixa (SpO2) relatada acima.,0,0,0,0,0,0
diário,SINAIS VITAIS E AVALIAÇÕES: Registre o valor mais distante da faixa normal entre 00:00 e 24:00 no dia da avaliação.,vital_o2supp_type,Oxigênio suplementar no ponto de Spo2 medido,"1, Prongas nasais | 2, Máscara facial | 3, Oxigênio nasal de alto fluxo | 4, Ventilação não invasiva | 5, Ventilação invasiva | 6, ECMO/ECLS | 99, Desconhecido","Isso se refere à fração medida do oxigênio inspirado (FIO2) entregue no momento do acima, o SPO2 mais baixo (%), gravação.","Indique 'sim', se o FIO2 foi medido ao longo do lado, a menor saturação de oxigênio (SPO2) relatada acima.",0,0,0,0,0,0
diário,SINAIS VITAIS E AVALIAÇÕES: Registre o valor mais distante da faixa normal entre 00:00 e 24:00 no dia da avaliação.,vital_o2supp_spo2,Saturação de oxigênio com oxigênio suplementar (%),,"Refere-se à saturação de oxigênio, que pode ser medida por oximetria de pulso ou por análise de gases sanguíneos arteriais. É independente da ventilação ou da necessidade de oxigênio suplementar.",Insira a porcentagem de saturação de oxigênio. Registre o valor mais distante da faixa normal entre 00:00 e 24:00 no dia da avaliação.,0,0,0,0,0,
diário,SINAIS VITAIS E AVALIAÇÕES: Registre o valor mais distante da faixa normal entre 00:00 e 24:00 no dia da avaliação.,vital_o2supp_spo2how,Como foi medida a saturação de oxigênio com oxigênio suplementar?,"1, Oximetria de pulso | 2, Medição de gases sanguíneos arteriais | 88, Outros | 99, Desconhecido",Refere-se ao método de medição da saturação de oxigênio.,Selecione a opção mais adequada que representa o método de medição da saturação de oxigênio.,0,0,0,0,0,0
diário,SINAIS VITAIS E AVALIAÇÕES: Registre o valor mais distante da faixa normal entre 00:00 e 24:00 no dia da avaliação.,vital_fio2spo2,FIO2 no momento da menor SPO2 (unidades selecionadas),,"O FIO2 pode ser relatado como uma fração ou uma porcentagem. Observe que 0,21 e 21% são equivalentes ao FIO2 do ar.",Selecione as unidades mais apropriadas para FIO2.,0,0,0,0,0,
diário,SINAIS VITAIS E AVALIAÇÕES: Registre o valor mais distante da faixa normal entre 00:00 e 24:00 no dia da avaliação.,vital_fio2spo2_units,FiO2 no momento da SpO2 mais baixa (unidades selecionadas),"1, fração, 0,21-1,0 | 2,%, 21-100 | 3, L/min mais alto",,,0,0,0,,,0
diário,SINAIS VITAIS E AVALIAÇÕES: Registre o valor mais distante da faixa normal entre 00:00 e 24:00 no dia da avaliação.,vital_fio2spo2_02110,"FIO2 no momento da menor SPO2 (fração, 0,21-1,0)",,"Isso se refere à fração medida do oxigênio inspirado (FIO2) entregue no momento do acima, o SPO2 mais baixo (%), gravação.","Entre no FIO2 (0,21-1,0) que foi medido ao longo do lado da menor saturação de oxigênio (SPO2) relatada acima.",0,0,0,0,0,
diário,SINAIS VITAIS E AVALIAÇÕES: Registre o valor mais distante da faixa normal entre 00:00 e 24:00 no dia da avaliação.,vital_fio2spo2_pcnt,"FIO2 no momento do menor SPO2 (%, 21-100)",,"Isso se refere à fração medida do oxigênio inspirado (FIO2) entregue no momento do acima, o SPO2 mais baixo (%), gravação.",Entre no FIO2 (21-100%) que foi medido ao longo do lado da menor saturação de oxigênio (SPO2) relatada acima.,0,0,0,0,0,
diário,SINAIS VITAIS E AVALIAÇÕES: Registre o valor mais distante da faixa normal entre 00:00 e 24:00 no dia da avaliação.,vital_fio2spo2_ltr,FIO2 no momento do menor SPO2 (L/min mais alto),,"Isso se refere à fração medida do oxigênio inspirado (FIO2) entregue no momento do acima, o SPO2 mais baixo (%), gravação.",Entre no FIO2 (L/min) que foi medido ao longo do lado da menor saturação de oxigênio (SPO2) relatada acima.,0,0,0,0,0,
diário,SINAIS VITAIS E AVALIAÇÕES: Registre o valor mais distante da faixa normal entre 00:00 e 24:00 no dia da avaliação.,vital_capillaryr,Tempo de recarga capilar> 2 segundos,"1, Sim | 0, Não | 99, Desconhecido","O tempo de enchimento capilar é medido pressionando o esterno por cinco segundos com um dedo ou polegar até que a pele subjacente fique branca e, em seguida, anotando o tempo em segundos necessário para que a cor retorne após a liberação da pressão. ","Indique 'sim', se o tempo de recarga capilar foi superior a 2 segundos a qualquer momento entre 00:00 e 24:00 no dia da avaliação.",0,0,0,0,0,0
diário,SINAIS VITAIS E AVALIAÇÕES: Registre o valor mais distante da faixa normal entre 00:00 e 24:00 no dia da avaliação.,vital_avpu,ACVPU,"1, Alerta | 5, Confusão | 2, Verbal | 3, Dor | 4, Não responde",Refere -se ao sistema de pontuação da consciência: alerta; confuso (novo ou piora); respondendo à voz; respondendo à dor; sem resposta.,Selecione a opção única correspondente à condição menos responsiva do paciente entre 00:00 e 24:00 no dia da avaliação. Se o paciente estiver sendo sedado no dia da avaliação registrar o valor antes da sedação.,0,0,0,0,0,0
diário,SINAIS VITAIS E AVALIAÇÕES: Registre o valor mais distante da faixa normal entre 00:00 e 24:00 no dia da avaliação.,vital_gcs,Pontuação de Coma de Glasgow (GCS / 15),,A escala de coma de Glasgow é um sistema de pontuação para a consciência. É pontuado em 15 e requer uma avaliação da capacidade de resposta ao estímulo. Pontuação de Coma Glasgow: https://www.glasgowcomascale.org/downloads/gcs-assessment-aid-english.pdf?v=3,"Digite o GCS mais baixo registrado entre 00:00 e 24:00 no dia da avaliação. Para pacientes intubados e pacientes com uma traqueostomia não fenestrada, dê 1 ponto para o componente de voz e calcule o total como de costume. Os sufixos como 't' para traqueostomia não podem ser inseridos no banco de dados. Se o paciente for sedado no dia da avaliação, esses parâmetros devem corresponder aos valores observados antes da sedação.",0,0,0,0,0,
diário,SINAIS VITAIS E AVALIAÇÕES: Registre o valor mais distante da faixa normal entre 00:00 e 24:00 no dia da avaliação.,vital_rass,Escala de sedação de agitação de Richmond (RASS),,"A Escala de Agitação-Sedação de Richmond (RASS) é uma escala médica utilizada para medir o nível de agitação ou sedação de uma pessoa. Varia de -5 a +4, em que 0 se refere a um paciente “alerta e calmo” que presta atenção espontaneamente. ","Se executado, digite o valor mais baixo (entre -5 e +4) entre 00:00 e 24:00 horas no dia da avaliação.",0,0,0,0,0,
diário,SINAIS VITAIS E AVALIAÇÕES: Registre o valor mais distante da faixa normal entre 00:00 e 24:00 no dia da avaliação.,vital_urineflow,Taxa de fluxo de urina (ml/24 horas),,"Isso se refere à quantidade de urina que o paciente produziu durante um período de 24 horas, especificamente a data da avaliação. Isso pode ser medido, por exemplo via uso de um cateter urinário ou estimado.",Registre a produção de urina do paciente (em ML/24 horas) durante o dia da avaliação,0,0,0,0,0,
diário,SINTOMAS: Indique se apresentados entre 00:00 e 24:00 no dia da avaliação.,sympt_dailydata,Insira os dados dos sintomas relatados pelo paciente para esta data?,"1, Sim | 0, Não",Refere-se aos sinais e sintomas registados nesta data.,Indique “Sim” se desejar registrar os dados de sinais e sintomas para este dia de avaliação.,0,0,0,0,0,0
diário,SINTOMAS: Indique se apresentados entre 00:00 e 24:00 no dia da avaliação.,sympt_sys,Sintomas sistêmicos/gerais,,Refere-se a sinais e sintomas sistêmicos/gerais/não específicos.,Indique “Sim” se o paciente tiver apresentado esse sintoma entre 00:00 e 24:00 no dia da avaliação.,0,0,0,0,0,
diário,SINTOMAS: Indique se apresentados entre 00:00 e 24:00 no dia da avaliação.,sympt_fever,Febre,"1, Sim | 0, Não | 99, Desconhecido","Definido como a sensação de temperatura corporal elevada sem medição formal, ou uma temperatura corporal medida igual ou superior a 38 graus Celsius (38 °C) ou 100,4 graus Fahrenheit (100,4 °F). ","Indique 'sim', se o paciente experimentou isso entre 00:00 às 24:00 no dia da avaliação.",0,0,0,0,0,0
diário,SINTOMAS: Indique se apresentados entre 00:00 e 24:00 no dia da avaliação.,sympt_rigchill,Calafrios ou rigidez,"1, Sim | 0, Não | 99, Desconhecido","Definido como calafrios intensos com tremores violentos. Um rigor é um episódio de tremores ou calafrios exagerados que podem ocorrer com febre alta. ",Indique “Sim” se o paciente tiver apresentado esse sintoma entre 00:00 e 24:00 no dia da avaliação.,0,0,0,0,0,0
diário,SINTOMAS: Indique se apresentados entre 00:00 e 24:00 no dia da avaliação.,sympt_nightsweat,Suores noturnos,"1, Sim | 0, Não | 99, Desconhecido",Refere-se à transpiração noturna não relacionada à temperatura ambiente.,Indique “Sim” se o paciente tiver apresentado esse sintoma entre 00:00 e 24:00 no dia da avaliação.,0,0,0,0,0,0
diário,SINTOMAS: Indique se apresentados entre 00:00 e 24:00 no dia da avaliação.,sympt_coldtsweat,Suores frios,"1, Sim | 0, Não | 99, Desconhecido","Refere-se a suores acompanhados por sensação de frio, diferentes dos suores causados pelo calor ou esforço físico.",Indique “Sim” se o paciente tiver apresentado esse sintoma entre 00:00 e 24:00 no dia da avaliação.,0,0,0,0,0,0
diário,SINTOMAS: Indique se apresentados entre 00:00 e 24:00 no dia da avaliação.,sympt_excesssweat,Sudorese excessiva (hiperidrose),"1, Sim | 0, Não | 99, Desconhecido",Refere-se à transpiração excessiva que nem sempre está relacionada ao calor ou ao exercício físico.,Indique “Sim” se o paciente tiver apresentado esse sintoma entre 00:00 e 24:00 no dia da avaliação.,0,0,0,0,0,0
diário,SINTOMAS: Indique se apresentados entre 00:00 e 24:00 no dia da avaliação.,sympt_fatigue,Fadiga / mal -estar / letargia,"1, Sim | 0, Não | 99, Desconhecido","Definido como a constelação de sensações não específicas: o sentimento de cansaço caracterizado pela falta de energia ou motivação; desconforto ou desconforto geral; Desinteressação, apatia e indiferença, resultando em dificuldade em executar tarefas simples ou concentrar.","Indique 'sim', se o paciente experimentou isso entre 00:00 às 24:00 no dia da avaliação.",0,0,0,0,0,0
diário,SINTOMAS: Indique se apresentados entre 00:00 e 24:00 no dia da avaliação.,sympt_restlessne,Inquietação,"1, Sim | 0, Não | 99, Desconhecido","Definido como a incapacidade de descansar, relaxar ou ficar quieto. Um estado de desconforto caracterizado por atividade motora difusa ou movimento sujeito a controle limitado, comportamento não produtivo ou desorganizado e sofrimento subjetivo.","Indique 'sim', se o paciente experimentou isso entre 00:00 às 24:00 no dia da avaliação.",0,0,0,0,0,0
diário,SINTOMAS: Indique se apresentados entre 00:00 e 24:00 no dia da avaliação.,sympt_weak,Fraqueza,"1, sim | 0, Não | 99, Desconhecido",Isso se refere a uma diminuição na força muscular.,"Indique 'Sim', se o paciente sentiu isso entre 00h00 e 24h00 do dia da avaliação.",0,0,0,0,0,0
diário,SINTOMAS: Indique se apresentados entre 00:00 e 24:00 no dia da avaliação.,sympt_weight,Perda de peso,"1, Sim | 0, Não | 99, Desconhecido","Definido como a redução no peso corporal total que ocorreu desde o início desta doença e tem sido não intencional ou não atribuível à dieta ativa, exercício ou intervenções dedicadas à perda de peso baseadas em medicamentos. Isso pode incluir perda de peso relatada pelo paciente com ou sem medições objetivas de peso.","Indique 'sim', se o paciente experimentou isso entre 00:00 às 24:00 no dia da avaliação.",0,0,0,0,0,0
diário,SINTOMAS: Indique se apresentados entre 00:00 e 24:00 no dia da avaliação.,sympt_anosmia,Perda de cheiro / anosmia,"1, Sim | 0, Não | 99, Desconhecido",Isso se refere ao paciente relatado e/ou incapacidade diagnosticada pelo clínico do paciente de perceber odores,"Indique 'sim', se o paciente experimentou isso entre 00:00 às 24:00 no dia da avaliação.",0,0,0,0,0,0
diário,SINTOMAS: Indique se apresentados entre 00:00 e 24:00 no dia da avaliação.,sympt_ageusia,Perda de gosto / Ageusia,"1, Sim | 0, Não | 99, Desconhecido",Isso se refere ao paciente relatado e/ou perda de diagnóstico de clínico da função do paladar da língua.,"Indique 'sim', se o paciente experimentou isso entre 00:00 às 24:00 no dia da avaliação.",0,0,0,0,0,0
diário,SINTOMAS: Indique se apresentados entre 00:00 e 24:00 no dia da avaliação.,sympt_dizzy,Sentindo -se tonto / fraco,"1, Sim | 0, Não | 99, Desconhecido","Isso se refere à sensação subjetiva de tontura ou tontura que pode preceder um episódio de síncope ou uma sensação de instabilidade, girando ou balançando.","Indique 'sim', se o paciente experimentou isso a qualquer momento durante a data da avaliação.",0,0,0,0,0,0
diário,SINTOMAS: Indique se apresentados entre 00:00 e 24:00 no dia da avaliação.,sympt_myalgia,Dores musculares / mialgia,"1, Sim | 0, Não | 99, Desconhecido",Definido como dor localizada em um músculo ou grupo de músculos.,"Indique 'sim', se o paciente experimentou isso a qualquer momento durante a data da avaliação.",0,0,0,0,0,0
diário,SINTOMAS: Indique se apresentados entre 00:00 e 24:00 no dia da avaliação.,sympt_arthralgia,Dor articular / artralgia,"1, Sim | 0, Não | 99, Desconhecido",Definido como uma sensação de desconforto acentuado em uma articulação.,"Indique 'sim', se o paciente experimentou isso entre 00:00 às 24:00 no dia da avaliação.",0,0,0,0,0,0
diário,SINTOMAS: Indique se apresentados entre 00:00 e 24:00 no dia da avaliação.,sympt_skinrash,Erupção cutânea,"1, Sim | 0, Não | 99, Desconhecido","Definido como qualquer alteração na pele que afete sua aparência ou textura. Uma erupção cutânea pode estar localizada em uma parte do corpo ou afetar toda a pele. As erupções cutâneas podem fazer com que a pele mude de cor, coceira, fique quente, esburacada, seca, rachada ou com bolhas, swell e possa ser dolorosa.","Indique 'sim', se o paciente experimentou isso entre 00:00 às 24:00 no dia da avaliação.",0,0,0,0,0,0
diário,SINTOMAS: Indique se apresentados entre 00:00 e 24:00 no dia da avaliação.,sympt_paresthesia,Parestesia cutânea,"1, Sim | 0, Não | 99, Desconhecido","Refere-se às sensações cutâneas percebidas (por exemplo, frio, calor, formigamento, pressão, etc.) que são experimentadas espontaneamente na ausência de estímulos.",Indique “Sim” se o paciente tiver apresentado esse sintoma entre 00:00 e 24:00 no dia da avaliação.,0,0,0,0,0,0
diário,SINTOMAS: Indique se apresentados entre 00:00 e 24:00 no dia da avaliação.,sympt_skinchange,Alterações na textura da pele,"1, Sim | 0, Não | 99, Desconhecido","Refere-se a alterações na aparência e na sensação da superfície da pele, tais como aspereza, irregularidade ou presença de protuberâncias.",Indique “Sim” se o paciente tiver apresentado esse sintoma entre 00:00 e 24:00 no dia da avaliação.,0,0,0,0,0,0
diário,SINTOMAS: Indique se apresentados entre 00:00 e 24:00 no dia da avaliação.,sympt_skinpallor,Pálor da pele,"1, Sim | 0, Não | 99, Desconhecido",Refere-se à aparência pálida e não natural da pele.,Indique “Sim” se o paciente tiver apresentado esse sintoma entre 00:00 e 24:00 no dia da avaliação.,0,0,0,0,0,0
diário,SINTOMAS: Indique se apresentados entre 00:00 e 24:00 no dia da avaliação.,sympt_pruritus,Coceira / prurido,"1, Sim | 0, Não | 99, Desconhecido",Definido como uma sensação desagradável ou intensa coceira que produz o desejo de esfregar ou arranhar a pele para obter alívio.,"Indique 'sim', se o paciente experimentou isso entre 00:00 às 24:00 no dia da avaliação.",0,0,0,0,0,0
diário,SINTOMAS: Indique se apresentados entre 00:00 e 24:00 no dia da avaliação.,sympt_mobilchg,Mudança na mobilidade da linha de base,"1, Sim | 0, Não | 99, Desconhecido",Refere-se à capacidade do paciente de andar ou mobilizar-se.,"Indique 'sim', se o paciente experimentou isso entre 00:00 às 24:00 no dia da avaliação.",0,0,0,0,0,0
diário,SINTOMAS: Indique se apresentados entre 00:00 e 24:00 no dia da avaliação.,sympt_mobile,Status de mobilidade,"1, Totalmente ambulatório | 2, Ambulatório, mas com alguma assistência | 3, Acamado","Refere-se à capacidade do paciente de andar ou mobilizar-se. ",Selecione a (s) opção (s) mais apropriada (s) representa o status de mobilidade do paciente.,0,0,0,0,0,0
diário,SINTOMAS: Indique se apresentados entre 00:00 e 24:00 no dia da avaliação.,sympt_sleepmore,Dormir mais do que o habitual / letargia / lentidão / apatia,"1, Sim | 0, Não | 99, Desconhecido","Refere-se à sonolência excessiva durante o dia / marcada por sonolência e uma falta incomum de energia e atenção mental / bebê com pouca energia, sonolento ou que dorme mais do que o normal.",Indique “Sim” se o paciente tiver apresentado esse sintoma entre 00:00 e 24:00 no dia da avaliação.,0,0,0,0,0,0
diário,SINTOMAS: Indique se apresentados entre 00:00 e 24:00 no dia da avaliação.,sympt_polydipsia,Aumento da sede (polidipsia),"1, Sim | 0, Não | 99, Desconhecido",Refere-se à sede excessiva.,Indique “Sim” se o paciente tiver apresentado esse sintoma entre 00:00 e 24:00 no dia da avaliação.,0,0,0,0,0,0
diário,SINTOMAS: Indique se apresentados entre 00:00 e 24:00 no dia da avaliação.,sympt_irregmenstruation,Alterações na menstruação (menstruação irregular),"1, Sim | 0, Não | 99, Desconhecido","Refere-se a qualquer desvio do processo normal; por exemplo, atraso, dificuldade, profusão, escassez, sangramento incomum, etc.",Indique “Sim” se o paciente tiver apresentado esse sintoma entre 00:00 e 24:00 no dia da avaliação.,0,0,0,0,0,0
diário,SINTOMAS: Indique se apresentados entre 00:00 e 24:00 no dia da avaliação.,sympt_backpain,Dor nas costas,"1, sim | 0, Não | 99, Desconhecido",,,0,0,0,,,0
diário,SINTOMAS: Indique se apresentados entre 00:00 e 24:00 no dia da avaliação.,sympt_neckpain,Dor no pescoço,"1, sim | 0, Não | 99, Desconhecido",,,0,0,0,,,0
diário,SINTOMAS: Indique se apresentados entre 00:00 e 24:00 no dia da avaliação.,sympt_resp,Sintomas respiratórios,,Refere-se a sinais e sintomas relacionados ao sistema respiratório.,Indique “Sim” se o paciente tiver apresentado esse sintoma entre 00:00 e 24:00 no dia da avaliação.,0,0,0,0,0,
diário,SINTOMAS: Indique se apresentados entre 00:00 e 24:00 no dia da avaliação.,sympt_cough,Tosse,"1, Sim | 0, Não | 99, Desconhecido","Isso se refere à presença de uma tosse e suas características. Uma tosse produtiva refere-se a uma tosse acompanhada de secreções expectorais (fleuma ou muco), enquanto uma tosse não produtiva se refere a uma que não é acompanhada por secreções expectorais. A hemoptise refere-se à presença de sangue ou escarro com tensão no sangue do trato respiratório.","Indique 'sim', se o paciente experimentou isso entre 00:00 às 24:00 no dia da avaliação.",0,0,0,0,0,0
diário,SINTOMAS: Indique se apresentados entre 00:00 e 24:00 no dia da avaliação.,sympt_cough_type,Tipo de tosse,"1, Não produtivo | 2, Produtivo | 3, Hemoptise | 99, Desconhecido",Refere-se ao tipo de tosse. A tosse produtiva refere-se a uma tosse acompanhada de secreções expectoradas (catarro ou muco).,Indique “Sim” se o paciente tiver apresentado esse sintoma entre 00:00 e 24:00 no dia da avaliação.,0,0,0,0,0,0
diário,SINTOMAS: Indique se apresentados entre 00:00 e 24:00 no dia da avaliação.,sympt_sorethroat,Dor de garganta,"1, Sim | 0, Não | 99, Desconhecido","Definido como uma sensação desagradável caracterizada por desconforto físico (como picada, latejante ou dolorido) e percebido se originar na garganta.","Indique 'sim', se o paciente experimentou isso entre 00:00 às 24:00 no dia da avaliação.",0,0,0,0,0,0
diário,SINTOMAS: Indique se apresentados entre 00:00 e 24:00 no dia da avaliação.,sympt_rhinorrhoe,Nariz escorrendo / rinorreia,"1, Sim | 0, Não | 99, Desconhecido",Definido como aumento da descarga mucosa do nariz.,"Indique 'sim', se o paciente experimentou isso entre 00:00 às 24:00 no dia da avaliação.",0,0,0,0,0,0
diário,SINTOMAS: Indique se apresentados entre 00:00 e 24:00 no dia da avaliação.,sympt_wheezing,Chiando,"1, Sim | 0, Não | 99, Desconhecido",Definido como um som de respiração agudo resultante de um estreitamento ou obstrução das pequenas vias aéreas.,"Indique 'sim', se o paciente experimentou isso entre 00:00 às 24:00 no dia da avaliação.",0,0,0,0,0,0
diário,SINTOMAS: Indique se apresentados entre 00:00 e 24:00 no dia da avaliação.,sympt_shortbreat,Falta de ar,"1, Sim | 0, Não | 99, Desconhecido",Definido como a sensação desconfortável da respiração difícil ou trabalhadora que é desproporcional ao nível de atividade física do paciente.,"Indique 'sim', se o paciente experimentou isso entre 00:00 às 24:00 no dia da avaliação.",0,0,0,0,0,0
diário,SINTOMAS: Indique se apresentados entre 00:00 e 24:00 no dia da avaliação.,sympt_nasalcongestion,Congestão nasal,"1, Sim | 0, Não | 99, Desconhecido","Definida como a redução da capacidade de passar ar pela cavidade nasal, levando frequentemente à respiração pela boca.",Indique “Sim” se o paciente tiver apresentado esse sintoma entre 00:00 e 24:00 no dia da avaliação.,0,0,0,0,0,0
diário,SINTOMAS: Indique se apresentados entre 00:00 e 24:00 no dia da avaliação.,sympt_chestpain,Dor no peito,"1, Sim | 0, Não | 99, Desconhecido","Definido como a sensação desagradável, desconfortável ou dolorosa caracterizada pelo desconforto físico localizado no peito.","Indique 'sim', se o paciente experimentou isso entre 00:00 às 24:00 no dia da avaliação.",0,0,0,0,0,0
diário,SINTOMAS: Indique se apresentados entre 00:00 e 24:00 no dia da avaliação.,sympt_sneez,Espirros,"1, Sim | 0, Não | 99, Desconhecido","Refere-se a uma expiração repentina, violenta, espasmódica e audível pela nariz e boca.","Indique “Sim” se o paciente tiver apresentado isso em qualquer momento desde o início da doença até a consulta. ",0,0,0,0,0,0
diário,SINTOMAS: Indique se apresentados entre 00:00 e 24:00 no dia da avaliação.,sympt_hiccups,Soluços,"1, sim | 0, Não | 99, Desconhecido",,,0,0,0,,,0
diário,SINTOMAS: Indique se apresentados entre 00:00 e 24:00 no dia da avaliação.,sympt_cvs,Sintomas cardiovasculares,,Refere-se a sinais e sintomas relacionados com o sistema cardiovascular.,Indique “Sim” se o paciente tiver apresentado esse sintoma entre 00:00 e 24:00 no dia da avaliação.,0,0,0,0,0,
diário,SINTOMAS: Indique se apresentados entre 00:00 e 24:00 no dia da avaliação.,sympt_palpitations,Palpitações,"1, Sim | 0, Não | 99, Desconhecido",Refere -se à consciência desagradável do próprio batimento cardíaco.,"Indique 'sim', se o paciente experimentou isso entre 00:00 às 24:00 no dia da avaliação.",0,0,0,0,0,0
diário,SINTOMAS: Indique se apresentados entre 00:00 e 24:00 no dia da avaliação.,sympt_git,Sintomas gastrointestinais,,Refere-se a sinais e sintomas relacionados ao sistema gastrointestinal.,Indique “Sim” se o paciente tiver apresentado esse sintoma entre 00:00 e 24:00 no dia da avaliação.,0,0,0,0,0,
diário,SINTOMAS: Indique se apresentados entre 00:00 e 24:00 no dia da avaliação.,sympt_abdpain,Dor abdominal,"1, Sim | 0, Não | 99, Desconhecido","Definido como uma sensação desagradável de desconforto, angústia ou agonia na região abdominal.","Indique 'sim', se o paciente experimentou isso entre 00:00 às 24:00 no dia da avaliação.",0,0,0,0,0,0
diário,SINTOMAS: Indique se apresentados entre 00:00 e 24:00 no dia da avaliação.,sympt_diarrhoea,Diarréia,"1, Sim | 0, Não | 99, Desconhecido",Definido como três ou mais movimento solto ou intestinal líquido por dia (ou passagem mais frequente do que o normal para o indivíduo).,"Indique 'sim', se o paciente experimentou isso entre 00:00 às 24:00 no dia da avaliação.",0,0,0,0,0,0
diário,SINTOMAS: Indique se apresentados entre 00:00 e 24:00 no dia da avaliação.,sympt_consti,Constipação,"1, Sim | 0, Não | 99, Desconhecido",Isso se refere a uma evacuação irregular e pouco frequente ou difícil dos intestinos.,"Indique 'sim', se o paciente experimentou isso entre 00:00 às 24:00 no dia da avaliação.",0,0,0,0,0,0
diário,SINTOMAS: Indique se apresentados entre 00:00 e 24:00 no dia da avaliação.,sympt_vomit,Vomitando,"1, Sim | 0, Não | 99, Desconhecido",Definido como a expulsão do estômago ou do intestino delgado pela boca.,"Indique 'sim', se o paciente experimentou isso entre 00:00 às 24:00 no dia da avaliação.",0,0,0,0,0,0
diário,SINTOMAS: Indique se apresentados entre 00:00 e 24:00 no dia da avaliação.,sympt_vomit2d,Vômito persistente? (> = 2/dia),"1, Sim | 0, Não | 99, Desconhecido",O vômito persistente é definido aqui como vômito duas vezes ou mais por dia.,"Indique 'sim', se o paciente experimentou isso entre 00:00 às 24:00 no dia da avaliação.",0,0,0,0,0,0
diário,SINTOMAS: Indique se apresentados entre 00:00 e 24:00 no dia da avaliação.,sympt_vomitbld,Hematêmese (vômito com sangue)?,"1, Sim | 0, Não | 99, Desconhecido",Refere-se ao vômito com sangue.,Indique “Sim” se o paciente tiver apresentado esse sintoma entre 00:00 e 24:00 no dia da avaliação.,0,0,0,0,0,0
diário,SINTOMAS: Indique se apresentados entre 00:00 e 24:00 no dia da avaliação.,sympt_nausea,Náusea,"1, Sim | 0, Não | 99, Desconhecido",Definido como a sensação subjetiva desagradável desagradável de que alguém vomitará iminentemente.,"Indique 'sim', se o paciente experimentou isso entre 00:00 às 24:00 no dia da avaliação.",0,0,0,0,0,0
diário,SINTOMAS: Indique se apresentados entre 00:00 e 24:00 no dia da avaliação.,sympt_anorexia,Anorexia,"1, Sim | 0, Não | 99, Desconhecido",Definido como falta ou perda de apetite.,"Indique 'sim', se o paciente experimentou isso entre 00:00 às 24:00 no dia da avaliação.",0,0,0,0,0,0
diário,SINTOMAS: Indique se apresentados entre 00:00 e 24:00 no dia da avaliação.,sympt_exsal,Salivação excessiva,"1, Sim | 0, Não | 99, Desconhecido",Salivação excessiva ou sialorréia é um sintoma melhor avaliado pelo paciente.,"Indique 'sim', se o paciente experimentou isso entre 00:00 às 24:00 no dia da avaliação.",0,0,0,0,0,0
diário,SINTOMAS: Indique se apresentados entre 00:00 e 24:00 no dia da avaliação.,sympt_diffswallow,Dificuldade de engolir / disfagia,"1, Sim | 0, Não | 99, Desconhecido","Definido como dificuldade em engolir alimentos, líquidos ou saliva.","Indique 'sim', se o paciente experimentou isso entre 00:00 às 24:00 no dia da avaliação.",0,0,0,0,0,0
diário,SINTOMAS: Indique se apresentados entre 00:00 e 24:00 no dia da avaliação.,sympt_faecalincont,Incontinência fecal,"1, Sim | 0, Não | 99, Desconhecido","Definido como falha no controle voluntário dos esfíncteres anais, com passagem involuntária de fezes e gases.",Indique “Sim” se o paciente tiver apresentado esse sintoma entre 00:00 e 24:00 no dia da avaliação.,0,0,0,0,0,0
diário,SINTOMAS: Indique se apresentados entre 00:00 e 24:00 no dia da avaliação.,sympt_renalgut,Sintomas renais/geniturinários,,Refere-se a sinais e sintomas relacionados ao sistema renal/geniturinário.,Indique “Sim” se o paciente tiver apresentado esse sintoma entre 00:00 e 24:00 no dia da avaliação.,0,0,0,0,0,
diário,SINTOMAS: Indique se apresentados entre 00:00 e 24:00 no dia da avaliação.,sympt_urine,Retenção urinária,"1, Sim | 0, Não | 99, Desconhecido",Definido como o acúmulo de urina dentro da bexiga devido à incapacidade de urinar.,"Indique 'sim', se o paciente experimentou isso entre 00:00 às 24:00 no dia da avaliação.",0,0,0,0,0,0
diário,SINTOMAS: Indique se apresentados entre 00:00 e 24:00 no dia da avaliação.,sympt_urineincont,Incontinência urinária,"1, Sim | 0, Não | 99, Desconhecido",Refere-se à perda do controle da bexiga ou à incapacidade de controlar a micção.,Indique “Sim” se o paciente tiver apresentado esse sintoma entre 00:00 e 24:00 no dia da avaliação.,0,0,0,0,0,0
diário,SINTOMAS: Indique se apresentados entre 00:00 e 24:00 no dia da avaliação.,sympt_polyuria,Aumento da micção (poliúria),"1, Sim | 0, Não | 99, Desconhecido",Refere-se à micção excessiva ou frequente.,Indique “Sim” se o paciente tiver apresentado esse sintoma entre 00:00 e 24:00 no dia da avaliação.,0,0,0,0,0,0
diário,SINTOMAS: Indique se apresentados entre 00:00 e 24:00 no dia da avaliação.,sympt_dysuria,Dor ao urinar (disúria),"1, Sim | 0, Não | 99, Desconhecido",Refere-se à micção dolorosa ou difícil.,Indique “Sim” se o paciente tiver apresentado esse sintoma entre 00:00 e 24:00 no dia da avaliação.,0,0,0,0,0,0
diário,SINTOMAS: Indique se apresentados entre 00:00 e 24:00 no dia da avaliação.,sympt_dyspareunia,Relações sexuais dolorosas/ dispareunia,"1, Sim | 0, Não | 99, Desconhecido",Definido como dor genital recorrente ou persistente associada à relação sexual.,"Indique 'sim', se o paciente experimentou isso entre 00:00 às 24:00 no dia da avaliação.",0,0,0,0,0,0
diário,SINTOMAS: Indique se apresentados entre 00:00 e 24:00 no dia da avaliação.,sympt_heme,Sintomas hematológicos,,Refere-se a sinais e sintomas relacionados ao sistema hematológico.,Indique “Sim” se o paciente tiver apresentado esse sintoma entre 00:00 e 24:00 no dia da avaliação.,0,0,0,0,0,
diário,SINTOMAS: Indique se apresentados entre 00:00 e 24:00 no dia da avaliação.,sympt_haemorrhag,Sangramento/hemorragia,"1, Sim | 0, Não | 99, Desconhecido","Definida como a presença de sangue em um local em que não é fisiologicamente normal ou perda de sangue da circulação, seja interna ou externamente. Isso pode incluir epistaxe (sangramento nasal), sangramento gengival (sangramento das gengivas), sangramento de qualquer parte do trato gastrointestinal (sangramento gastrointestinal) ou do trato geniturinário (vagina ou uretra), incluindo hematúria.",Indique “Sim” se o paciente tiver apresentado esse sintoma entre 00:00 e 24:00 no dia da avaliação.,0,0,0,0,0,0
diário,SINTOMAS: Indique se apresentados entre 00:00 e 24:00 no dia da avaliação.,sympt_haemorrhag_sev,Sangramento grave / hemorragia (requer intervenção),"1, Sim | 0, Não | 99, Desconhecido",Definido como o sangramento / hemorragia grave que requer intervenção médica para hemostasia e / ou suporte hemodinâmico.,"Indique 'sim', se o paciente experimentou isso entre 00:00 às 24:00 no dia da avaliação.",0,0,0,0,0,0
diário,SINTOMAS: Indique se apresentados entre 00:00 e 24:00 no dia da avaliação.,sympt_haemorrhag_site,Se sim: especifique sites de sangramento / hemorragia (s),"1, Pele | 7, Petequias | 2, Nariz | 3, Gengivas | 4, Trato gastrointestinal | 5, Trato urinário | 6, Vagina | 99, Desconhecido | 88, Outros","Isso se refere à localização dos locais de sangramento/hemorragia (s). As petéquias se referem a pequenas manchas avermelhadas ou arroxeadas na pele ou na membrana mucosa como resultado da hemorragia localizada. O sangramento do nariz refere -se a hemorragia localizada no nariz. O sangramento da gengiva refere -se à hemorragia que afeta a gengiva. O sangramento gastrointestinal (GI) refere -se à hemorragia em qualquer segmento do trato gastrointestinal do esôfago ao reto. O sangramento do trato urinário refere -se à hemorragia originária de qualquer parte do sistema urinário. O sangramento vaginal refere -se à hemorragia originária da vagina, não relacionada à menstruação normal.",Selecione a (s) opção (s) mais apropriada (s) correspondente à localização dos sites de sangramento/hemorragia.,0,0,0,0,0,0
diário,SINTOMAS: Indique se apresentados entre 00:00 e 24:00 no dia da avaliação.,sympt_cns,Sintomas neurológicos,,Refere-se a sinais e sintomas relacionados ao sistema neurológico.,Indique “Sim” se o paciente tiver apresentado esse sintoma entre 00:00 e 24:00 no dia da avaliação.,0,0,0,0,0,
diário,SINTOMAS: Indique se apresentados entre 00:00 e 24:00 no dia da avaliação.,sympt_headache,Dor de cabeça,"1, Sim | 0, Não | 99, Desconhecido","Definido como a experiência da dor em várias partes da cabeça, não confinada à área de distribuição de qualquer nervo.","Indique 'sim', se o paciente experimentou isso entre 00:00 às 24:00 no dia da avaliação.",0,0,0,0,0,0
diário,SINTOMAS: Indique se apresentados entre 00:00 e 24:00 no dia da avaliação.,sympt_photoph,Fotofobia,"1, Sim | 0, Não | 99, Desconhecido",Refere -se ao aumento da sensibilidade dos olhos à luz.,"Indique 'sim', se o paciente experimentou isso entre 00:00 às 24:00 no dia da avaliação.",0,0,0,0,0,0
diário,SINTOMAS: Indique se apresentados entre 00:00 e 24:00 no dia da avaliação.,sympt_seizconv,Convulsões / convulsões,"1, Sim | 0, Não | 99, Desconhecido","Definido como uma anormalidade intermitente da fisiologia do sistema nervoso caracterizado por uma ocorrência transitória de movimento repentino, violento e irregular do corpo, causado pela contração involuntária dos músculos devido a atividade neuronal excessiva ou síncrona anormal no cérebro.","Indique 'sim', se o paciente experimentou isso entre 00:00 às 24:00 no dia da avaliação.",0,0,0,0,0,0
diário,SINTOMAS: Indique se apresentados entre 00:00 e 24:00 no dia da avaliação.,sympt_confusion,Consciência / confusão alterada,"1, Sim | 0, Não | 99, Desconhecido",Definido como um nível de conscientização ou excitação diferente da linha de base normal do paciente.,"Indique 'sim', se o paciente experimentou isso entre 00:00 às 24:00 no dia da avaliação.",0,0,0,0,0,0
diário,SINTOMAS: Indique se apresentados entre 00:00 e 24:00 no dia da avaliação.,sympt_paralysis,Paralisia,"1, Sim | 0, Não | 99, Desconhecido",Refere-se à incapacidade de mover ou controlar totalmente os movimentos.,Indique “Sim” se o paciente tiver apresentado esse sintoma entre 00:00 e 24:00 no dia da avaliação.,0,0,0,0,0,0
diário,SINTOMAS: Indique se apresentados entre 00:00 e 24:00 no dia da avaliação.,sympt_irritable,Irritabilidade,"1, Sim | 0, Não | 99, Desconhecido","Refere-se a uma excitabilidade anormal ou excessiva com raiva, irritação ou impaciência facilmente desencadeadas.",Indique “Sim” se o paciente tiver apresentado esse sintoma entre 00:00 e 24:00 no dia da avaliação.,0,0,0,0,0,0
diário,SINTOMAS: Indique se apresentados entre 00:00 e 24:00 no dia da avaliação.,sympt_tremor,Tremor,"1, Sim | 0, Não | 99, Desconhecido",Refere-se a um movimento muscular não intencional e oscilante de frente e de fogo em torno de um eixo articular.,"Indique 'sim', se o paciente experimentou isso entre 00:00 às 24:00 no dia da avaliação.",0,0,0,0,0,0
diário,SINTOMAS: Indique se apresentados entre 00:00 e 24:00 no dia da avaliação.,sympt_diffwalk,Dificuldade para andar,"1, Sim | 0, Não | 99, Desconhecido",Refere-se a qualquer problema persistente ao caminhar.,"Indique “Sim” se o paciente tiver apresentado isso em qualquer momento desde o início da doença até a consulta. ",0,0,0,0,0,0
diário,SINTOMAS: Indique se apresentados entre 00:00 e 24:00 no dia da avaliação.,sympt_neurologic,Outra anormalidade neurológica,"1, Sim | 0, Não | 99, Desconhecido",Isso refere a presença de uma anormalidade neurológica alternativa não listada acima.,"Indique 'sim', se o paciente experimentou isso entre 00:00 às 24:00 no dia da avaliação.",0,0,0,0,0,0
diário,SINTOMAS: Indique se apresentados entre 00:00 e 24:00 no dia da avaliação.,sympt_neurologic_spec,Specify other neurological abnormality,,Refere-se à presença de outra anomalia neurológica não listada acima.,"Se “Outro”, especifique a anormalidade neurológica.",0,0,0,0,0,
diário,SINTOMAS: Indique se apresentados entre 00:00 e 24:00 no dia da avaliação.,sympt_eye,Sintomas oftalmológicos,,Refere-se a sinais e sintomas relacionados com os olhos.,Indique “Sim” se o paciente tiver apresentado esse sintoma entre 00:00 e 24:00 no dia da avaliação.,0,0,0,0,0,
diário,SINTOMAS: Indique se apresentados entre 00:00 e 24:00 no dia da avaliação.,sympt_itchyeye,Coceira do olho,"1, Sim | 0, Não | 99, Desconhecido",Definido como coceira de um ou ambos os olhos.,"Indique 'sim', se o paciente tiver experimentado outra anormalidade neurológica não listada acima, entre as horas de 00:00 às 24:00 no dia da avaliação.",0,0,0,0,0,0
diário,SINTOMAS: Indique se apresentados entre 00:00 e 24:00 no dia da avaliação.,sympt_redeye,Olho vermelho / rosa,"1, Sim | 0, Não | 99, Desconhecido","Definido como inflamação ou infecção da conjuntiva, caracterizada pela vermelhidão em um ou nos dois olhos.","Indique 'sim', se o paciente tiver experimentado outra anormalidade neurológica não listada acima, entre as horas de 00:00 às 24:00 no dia da avaliação.",0,0,0,0,0,0
diário,SINTOMAS: Indique se apresentados entre 00:00 e 24:00 no dia da avaliação.,sympt_paineyes,Dor no olho,"1, Sim | 0, Não | 99, Desconhecido",Definido como desconforto ou dolorido localizado dentro ou ao redor da área dos olhos.,"Indique 'sim', se o paciente tiver experimentado outra anormalidade neurológica não listada acima, entre as horas de 00:00 às 24:00 no dia da avaliação.",0,0,0,0,0,0
diário,SINTOMAS: Indique se apresentados entre 00:00 e 24:00 no dia da avaliação.,sympt_eyelidedema,Edema da pálpebra,"1, Sim | 0, Não | 99, Desconhecido",Definido como inchaço devido ao acúmulo de fluidos nos tecidos da pálpebra.,"Indique 'sim', se o paciente tiver experimentado outra anormalidade neurológica não listada acima, entre as horas de 00:00 às 24:00 no dia da avaliação.",0,0,0,0,0,0
diário,SINTOMAS: Indique se apresentados entre 00:00 e 24:00 no dia da avaliação.,sympt_eyedischarg,Descarga do olho,"1, Sim | 0, Não | 99, Desconhecido","Definido como a liberação de fluidos que variam de claro a pus do olho, geralmente indicativo de infecção ou irritação.","Indique 'sim', se o paciente tiver experimentado outra anormalidade neurológica não listada acima, entre as horas de 00:00 às 24:00 no dia da avaliação.",0,0,0,0,0,0
diário,SINTOMAS: Indique se apresentados entre 00:00 e 24:00 no dia da avaliação.,sympt_hazyvision,Visão nebulosa / turva,"1, Sim | 0, Não | 99, Desconhecido","Definido como uma perda de acuidade visual, resultando em visão pouco clara ou distorcida.","Indique 'sim', se o paciente tiver experimentado outra anormalidade neurológica não listada acima, entre as horas de 00:00 às 24:00 no dia da avaliação.",0,0,0,0,0,0
diário,SINTOMAS: Indique se apresentados entre 00:00 e 24:00 no dia da avaliação.,sympt_eyelightsensi,Sensibilidade do olho à luz,"1, Sim | 0, Não | 99, Desconhecido","Definido como uma intolerância anormal à luz, causando desconforto ou dor nos olhos quando exposto à luz brilhante.","Indique 'sim', se o paciente tiver experimentado outra anormalidade neurológica não listada acima, entre as horas de 00:00 às 24:00 no dia da avaliação.",0,0,0,0,0,0
diário,SINTOMAS: Indique se apresentados entre 00:00 e 24:00 no dia da avaliação.,sympt_visdist,Distúrbios visuais,"1, Sim | 0, Não | 99, Desconhecido","Refere-se a uma interferência na visão normal, sem necessariamente afetar a acuidade visual.",Indique “Sim” se o paciente tiver apresentado esse sintoma entre 00:00 e 24:00 no dia da avaliação.,0,0,0,0,0,0
diário,SINTOMAS: Indique se apresentados entre 00:00 e 24:00 no dia da avaliação.,sympt_ocularoth,Se o outro: especifique outra queixa ocular,"1, Sim | 0, Não | 99, Desconhecido",Isso se refere a outras queixas oculares não especificadas acima.,"Se 'outro', escreva as queixas oculares.",0,0,0,0,0,0
diário,SINTOMAS: Indique se apresentados entre 00:00 e 24:00 no dia da avaliação.,sympt_ocularoth_spec,Especifique outros sintomas oftalmológicos,,"Refere-se a outros sinais e sintomas relacionados ao olho, não especificados acima.","Se “Sim”, especifique outros sinais e sintomas oftalmológicos.",0,0,0,0,0,
diário,SINTOMAS: Indique se apresentados entre 00:00 e 24:00 no dia da avaliação.,sympt_ent,Sintomas nos ouvidos/nariz/garganta,,"Refere-se a sinais e sintomas relacionados ao ouvido, nariz e garganta.",Indique “Sim” se o paciente tiver apresentado esse sintoma entre 00:00 e 24:00 no dia da avaliação.,0,0,0,0,0,
diário,SINTOMAS: Indique se apresentados entre 00:00 e 24:00 no dia da avaliação.,sympt_earpain,Dor de ouvido,"1, Sim | 0, Não | 99, Desconhecido",Refere-se à sensação de dor no ouvido.,Indique “Sim” se o paciente tiver apresentado esse sintoma entre 00:00 e 24:00 no dia da avaliação.,0,0,0,0,0,0
diário,SINTOMAS: Indique se apresentados entre 00:00 e 24:00 no dia da avaliação.,sympt_tinnitus,Zumbido,"1, Sim | 0, Não | 99, Desconhecido",Refere-se a uma percepção anormal de sons experimentada por um indivíduo na ausência de estímulo auditivo.,Indique “Sim” se o paciente tiver apresentado esse sintoma entre 00:00 e 24:00 no dia da avaliação.,0,0,0,0,0,0
diário,SINTOMAS: Indique se apresentados entre 00:00 e 24:00 no dia da avaliação.,sympt_parot,Parotidite,"1, Sim | 0, Não | 99, Desconhecido",Refere-se à inflamação das glândulas parótidas.,Indique “Sim” se o paciente tiver apresentado isso entre 00:00 e 24:00 no dia da avaliação.,0,0,0,0,0,0
diário,SINTOMAS: Indique se apresentados entre 00:00 e 24:00 no dia da avaliação.,sympt_paed,Sintomas específicos da pediatria,,,,0,0,0,,,
diário,SINTOMAS: Indique se apresentados entre 00:00 e 24:00 no dia da avaliação.,sympt_contcry,Choro contínuo,"1, sim | 0, Não | 99, Desconhecido","Refere-se ao choro inconsolável e excessivo em recém-nascidos ou bebês, geralmente definido como choro por mais de três horas por dia, pelo menos três dias por semana, durante mais de três semanas.",Indique “Sim” se o paciente apresentou isso entre 00:00 e 24:00 no dia da avaliação.,0,0,0,0,0,0
diário,SINTOMAS: Indique se apresentados entre 00:00 e 24:00 no dia da avaliação.,sympt_feedingdiff,Dificuldade para se alimentar,"1, sim | 0, Não | 99, Desconhecido","Definido como capacidade prejudicada de comer relacionada a problemas em reunir alimentos e se preparar para sugar, mastigar ou engolir.",Indique “Sim” se o paciente apresentou isso entre 00:00 e 24:00 no dia da avaliação.,0,0,0,0,0,0
diário,SINTOMAS: Indique se apresentados entre 00:00 e 24:00 no dia da avaliação.,sympt_otherdesc,Outros  sintomas,,,,0,0,0,,,
diário,SINTOMAS: Indique se apresentados entre 00:00 e 24:00 no dia da avaliação.,sympt_unlisted,Outros sinais ou sintomas,"1, Sim | 0, Não | 99, Desconhecido",Isso refere a presença de um (s) sinal (s) ou sintoma (s) alternativo (s) não listado acima.,"Indique 'sim', se o paciente tiver sofrido outro sinal ou sintoma não listado acima entre 00:00 e 24:00 no dia da avaliação.",0,0,0,0,0,0
diário,SINAIS: Registre os achados clínicos observados entre 00:00 e 24:00 no dia da avaliação,sign_dailydata,Insira os dados dos sinais clínicos para esta data?,"1, Sim | 0, Não",Refere-se a sinais registados nesta data.,Indique “Sim” se desejar registrar os dados dos sinais para este dia da avaliação.,0,0,0,0,0,0
diário,SINAIS: Registre os achados clínicos observados entre 00:00 e 24:00 no dia da avaliação,sign_sys,Systemic / general signs,,Refere-se a sinais sistémicos/gerais/não específicos.,Indique “Sim” se o paciente tiver apresentado esse sintoma entre 00:00 e 24:00 no dia da avaliação.,0,0,0,0,0,
diário,SINAIS: Registre os achados clínicos observados entre 00:00 e 24:00 no dia da avaliação,sign_hypotherm,"1, Sim | 0, Não | 99, Desconhecido","1, Sim | 0, Não | 99, Desconhecido",Refere-se à redução anormal da temperatura corporal devido à falha na termorregulação.,Indique “Sim” se o paciente tiver apresentado esse sintoma entre 00:00 e 24:00 no dia da avaliação.,0,0,0,0,0,0
diário,SINAIS: Registre os achados clínicos observados entre 00:00 e 24:00 no dia da avaliação,sign_coldperiph,"1, Sim | 0, Não | 99, Desconhecido","1, Yes | 0, No | 99, Unknown","Refere-se à pele que parece fria e úmida ao toque, frequentemente associada a falha circulatória e sintomas como inquietação e hipotensão.",Indique “Sim” se o paciente tiver apresentado esse sintoma entre 00:00 e 24:00 no dia da avaliação.,0,0,0,0,0,0
diário,SINAIS: Registre os achados clínicos observados entre 00:00 e 24:00 no dia da avaliação,sign_dehyrdation,"1, Sim | 0, Não | 99, Desconhecido","1, Sim | 0, Não | 99, Desconhecido",Refere-se à perda excessiva de água do corpo.,Indique “Sim” se o paciente tiver apresentado esse sintoma entre 00:00 e 24:00 no dia da avaliação.,0,0,0,0,0,0
diário,SINAIS: Registre os achados clínicos observados entre 00:00 e 24:00 no dia da avaliação,sign_dehyrdation_type,Estado de desidratação,"1, leve | 2, Moderado| 3, grave",Isso se refere à perda excessiva de água do corpo.,"Indique 'Sim', se o paciente passou por isso em qualquer momento desde o início da doença até a apresentação.",0,0,0,0,0,0
diário,SINAIS: Registre os achados clínicos observados entre 00:00 e 24:00 no dia da avaliação,sign_oedema,"1, Sim | 0, Não | 99, Desconhecido","1, Sim | 0, Não | 99, Desconhecido",Refere-se ao acúmulo de uma quantidade excessiva de líquido nas células ou nos tecidos intercelulares.,Indique “Sim” se o paciente tiver apresentado esse sintoma entre 00:00 e 24:00 no dia da avaliação.,0,0,0,0,0,0
diário,SINAIS: Registre os achados clínicos observados entre 00:00 e 24:00 no dia da avaliação,sign_oedema_site,"1, Pés | 2, Tornozelos | 3, Pernas (abaixo do joelho) | 4, Pernas (acima do joelho)  | 5, Escroto/Lábios vaginais | 6, Sacro | 7, Abdómen | 8, Pescoço | 9, Rosto | 99, Desconhecido | 88, Outros","1, Pés | 2, Tornozelo | 3, Pernas (abaixo do joelho) | 4, Pernas (acima dos joelhos)  | 5, Escroto/Lábios | 6, Sacro | 7, Abdômen | 8, Pescoço | 9, Rosto | 99, Desconhecido | 88, Outro",Refere-se à localização do edema.,"Se “Sim”, especifique a localização do edema. Selecione todas as opções aplicáveis.",0,0,0,0,0,0
diário,SINAIS: Registre os achados clínicos observados entre 00:00 e 24:00 no dia da avaliação,sign_oedema_site_oth,Specify other oedema site(s),,Refere-se à localização do edema.,"Se “Outro”, especifique o local do edema.",0,0,0,0,0,
diário,SINAIS: Registre os achados clínicos observados entre 00:00 e 24:00 no dia da avaliação,sign_lymph,"1, Sim - doloroso | 2, Sim - não doloroso | 0, Não | 99, Desconhecido","1, Sim-doloroso | 2, Sim-não doloroso | 0, Não | 99, Desconhecido",Definido como um achado clínico de aumento anormal dos gânglios linfáticos.,Indique “Sim” se o paciente tiver apresentado isso entre 00:00 e 24:00 no dia da avaliação.,0,0,0,0,0,0
diário,SINAIS: Registre os achados clínicos observados entre 00:00 e 24:00 no dia da avaliação,sign_lymph_site,"1, Axilar (axilas) | 2, Cervical (pescoço) | 3, Inguinal (virilha) | 99, Desconhecido | 88, Outro","1, Axilar (axilas) | 2, Cervical (pescoço) | 3, Inguinal (virilha) | 99, Desconhecido | 88, Outro",Refere-se ao local em que a linfadenopatia foi identificada.,Selecione a(s) opção(ões) mais adequada(s) correspondente(s) à localização da linfadenopatia.,0,0,0,0,0,0
diário,SINAIS: Registre os achados clínicos observados entre 00:00 e 24:00 no dia da avaliação,sign_lymph_site_oth,Specify other lymphadenopathy site(s),,Refere-se ao local em que a linfadenopatia foi identificada.,"Se “Outro”, escreva o local em que a linfadenopatia foi identificada.",0,0,0,0,0,
diário,SINAIS: Registre os achados clínicos observados entre 00:00 e 24:00 no dia da avaliação,sign_bruise,"1, Sim | 0, Não | 99, Desconhecido","1, Sim | 0, Não | 99, Desconhecido","Refere-se ao extravasamento espontâneo de sangue para o espaço subcutâneo, também conhecido como equimoses espontâneas.",Indique “Sim” se o paciente tiver apresentado esse sintoma entre 00:00 e 24:00 no dia da avaliação.,0,0,0,0,0,0
diário,SINAIS: Registre os achados clínicos observados entre 00:00 e 24:00 no dia da avaliação,sign_alopecia,"1, Sim | 0, Não | 99, Desconhecido","1, Sim | 0, Não | 99, Desconhecido",Refere-se à ausência de cabelo (queda de cabelo sem cicatrizes) em áreas onde ele normalmente está presente.,Indique “Sim” se o paciente tiver apresentado esse sintoma entre 00:00 e 24:00 no dia da avaliação.,0,0,0,0,0,0
diário,SINAIS: Registre os achados clínicos observados entre 00:00 e 24:00 no dia da avaliação,sign_dryskin,"1, Sim | 0, Não | 99, Desconhecido","1, Sim | 0, Não | 99, Desconhecido","Refere-se à pele caracterizada pela falta de umidade natural ou normal, resultante da insuficiência de hidrolipídios na pele, também chamada de xerose cutânea.",Indique “Sim” se o paciente tiver apresentado esse sintoma entre 00:00 e 24:00 no dia da avaliação.,0,0,0,0,0,0
diário,SINAIS: Registre os achados clínicos observados entre 00:00 e 24:00 no dia da avaliação,sign_oralulcer,"1, Sim | 0, Não | 99, Desconhecido","1, Sim | 0, Não | 99, Desconhecido","Refere-se a episódios recorrentes de ulceração da mucosa oral (aftas orais recorrentes), que geralmente se apresentam como defeitos mucosos dolorosos, bem circunscritos e cobertos por fibrina, com um h",Indique “Sim” se o paciente tiver apresentado esse sintoma entre 00:00 e 24:00 no dia da avaliação.,0,0,0,0,0,0
diário,SINAIS: Registre os achados clínicos observados entre 00:00 e 24:00 no dia da avaliação,sign_presinj,Lesão por pressão na pele,"1, sim | 0, Não | 99, Desconhecido",,,0,0,0,,,0
diário,SINAIS: Registre os achados clínicos observados entre 00:00 e 24:00 no dia da avaliação,sign_mastitis,"1, Sim | 0, Não | 99, Desconhecido","1, Sim | 0, Não | 99, Desconhecido","Definido como uma inflamação da mama, com ou sem infecção associada.",Indique “Sim” se o paciente apresentou este sintoma em qualquer momento durante a data da avaliação.,0,0,0,0,0,0
diário,SINAIS: Registre os achados clínicos observados entre 00:00 e 24:00 no dia da avaliação,sign_bacsi,"1, Sim | 0, Não | 99, Desconhecido","1, Sim | 0, Não | 99, Desconhecido","Definido como uma infecção bacteriana secundária diagnosticada por um médico que ocorre durante uma ferida existente, infecção ou imediatamente após uma infecção anterior.",Indique “Sim” se o paciente tiver apresentado isso entre 00:00 e 24:00 no dia da avaliação.,0,0,0,0,0,0
diário,SINAIS: Registre os achados clínicos observados entre 00:00 e 24:00 no dia da avaliação,sign_bacsi_spec,"7, Abscesso tecidual profundo | 1, Foliculite/celulite | 2, Pneumonia | 3, Gastroenterite | 4, SNC | 5, Bacteremia | 6, Trato urinário | 88, Outros","7, Abscesso em tecido profundo | 1, Foliculite/celulite | 2, Pneumonia | 3, Gastroenterite | 4, SNC | 5, Bacteremia | 6, Trato urinário | 88, Outros",Refere-se ao tipo ou localização da superinfecção bacteriana.,Selecione a(s) opção(ões) mais adequada(s) que representa(m) o tipo ou localização da superinfecção bacteriana.,0,0,0,0,0,0
diário,SINAIS: Registre os achados clínicos observados entre 00:00 e 24:00 no dia da avaliação,sign_bacsi_oth,Specify other bacterial super-infection,,"Refere-se a outros tipos ou localizações da superinfecção bacteriana, não especificados acima.","Se “Outro”, escreva o tipo ou localização da superinfecção bacteriana. ",0,0,0,0,0,
diário,SINAIS: Registre os achados clínicos observados entre 00:00 e 24:00 no dia da avaliação,sign_resp,Respiratory signs,,Refere-se a sinais relacionados ao sistema respiratório.,Indique “Sim” se o paciente tiver apresentado esse sintoma entre 00:00 e 24:00 no dia da avaliação.,0,0,0,0,0,
diário,SINAIS: Registre os achados clínicos observados entre 00:00 e 24:00 no dia da avaliação,sign_respdistress,"1, Sim | 0, Não | 99, Desconhecido","1, Sim | 0, Não | 99, Desconhecido",Refere-se a um aumento patológico no esforço e na frequência dos movimentos respiratórios.,Indique “Sim” se o paciente tiver apresentado esse sintoma entre 00:00 e 24:00 no dia da avaliação.,0,0,0,0,0,0
diário,SINAIS: Registre os achados clínicos observados entre 00:00 e 24:00 no dia da avaliação,sign_chestindrw,"1, Sim | 0, Não | 99, Desconhecido","1, Sim | 0, Não | 99, Desconhecido","Definido como um sinal clínico de dificuldade respiratória, distinguido pelo movimento anormal para dentro da parede torácica inferior durante a inspiração. Se apenas o tecido mole entre as costelas ou acima da clavícula entrar quando o paciente respirar, isso não é retração da parede torácica inferior.",Indique “Sim” se o paciente tiver apresentado esse sintoma entre 00:00 e 24:00 no dia da avaliação.,0,0,0,0,0,0
diário,SINAIS: Registre os achados clínicos observados entre 00:00 e 24:00 no dia da avaliação,sign_tachypnoea,"1, Sim | 0, Não | 99, Desconhecido","1, Sim | 0, Não | 99, Desconhecido",Definido como um aumento anormal da frequência respiratória.,Indique “Sim” se o paciente tiver apresentado esse sintoma entre 00:00 e 24:00 no dia da avaliação.,0,0,0,0,0,0
diário,SINAIS: Registre os achados clínicos observados entre 00:00 e 24:00 no dia da avaliação,sign_apnoea,"1, Sim | 0, Não | 99, Desconhecido","1, Sim | 0, Não | 99, Desconhecido",Definido como uma ausência transitória da respiração espontânea.,Indique “Sim” se o paciente tiver apresentado esse sintoma entre 00:00 e 24:00 no dia da avaliação.,0,0,0,0,0,0
diário,SINAIS: Registre os achados clínicos observados entre 00:00 e 24:00 no dia da avaliação,sign_rhinitis,"1, Sim | 0, Não | 99, Desconhecido","1, Sim | 0, Não | 99, Desconhecido","Definido como inflamação da membrana mucosa que reveste o nariz, geralmente associada a secreção nasal.",Indique “Sim” se o paciente tiver apresentado esse sintoma entre 00:00 e 24:00 no dia da avaliação.,0,0,0,0,0,0
diário,SINAIS: Registre os achados clínicos observados entre 00:00 e 24:00 no dia da avaliação,sign_phary,"1, Sim | 0, Não | 99, Desconhecido","1, Sim | 0, Não | 99, Desconhecido",Refere-se à presença de inflamação da garganta.,Indique “Sim” se o paciente tiver apresentado esse sintoma entre 00:00 e 24:00 no dia da avaliação.,0,0,0,0,0,0
diário,SINAIS: Registre os achados clínicos observados entre 00:00 e 24:00 no dia da avaliação,sign_pharery,Eritema faríngeo,"1, sim | 0, Não | 99, Desconhecido",,"Indique 'Sim', se o paciente passou por isso em qualquer momento desde o início da doença até a apresentação.",0,0,0,,0,0
diário,SINAIS: Registre os achados clínicos observados entre 00:00 e 24:00 no dia da avaliação,sign_pharexu,Exsudato faríngeo,"1, sim | 0, Não | 99, Desconhecido",,"Indique 'Sim', se o paciente passou por isso em qualquer momento desde o início da doença até a apresentação.",0,0,0,,0,0
diário,SINAIS: Registre os achados clínicos observados entre 00:00 e 24:00 no dia da avaliação,sign_tonsil,"1, Sim | 0, Não | 99, Desconhecido","1, Sim | 0, Não | 99, Desconhecido",Refere-se à presença de inflamação das amígdalas.,Indique “Sim” se o paciente tiver apresentado esse sintoma entre 00:00 e 24:00 no dia da avaliação.,0,0,0,0,0,0
diário,SINAIS: Registre os achados clínicos observados entre 00:00 e 24:00 no dia da avaliação,sign_plueeff,"1, Sim | 0, Não | 99, Desconhecido","1, Yes | 0, No | 99, Unknown",Refere-se à presença de líquido na cavidade pleural resultante de transudação ou exsudação excessiva das superfícies pleurais.,Indique “Sim” se o paciente tiver apresentado esse sintoma entre 00:00 e 24:00 no dia da avaliação.,0,0,0,0,0,0
diário,SINAIS: Registre os achados clínicos observados entre 00:00 e 24:00 no dia da avaliação,sign_cvs,Cardiovascular signs,,Refere-se a sinais relacionados ao sistema cardiovascular.,Indique “Sim” se o paciente tiver apresentado esse sintoma entre 00:00 e 24:00 no dia da avaliação.,0,0,0,0,0,
diário,SINAIS: Registre os achados clínicos observados entre 00:00 e 24:00 no dia da avaliação,sign_tachycardia,Batimento cardíaco rápido/pulso (taquicardia),"1, Sim | 0, Não | 99, Desconhecido",Refere-se a uma frequência cardíaca rápida que excede a faixa da frequência cardíaca normal em repouso para a idade.,Indique “Sim” se o paciente tiver apresentado esse sintoma entre 00:00 e 24:00 no dia da avaliação.,0,0,0,0,0,0
diário,SINAIS: Registre os achados clínicos observados entre 00:00 e 24:00 no dia da avaliação,sign_arrhythmia,"1, Sim | 0, Não | 99, Desconhecido","1, Sim | 0, Não | 99, Desconhecido","Refere-se a uma anormalidade no ritmo dos batimentos cardíacos, incluindo frequência, regularidade e/ou sequência de anormalidades de ativação.",Indique “Sim” se o paciente tiver apresentado esse sintoma entre 00:00 e 24:00 no dia da avaliação.,0,0,0,0,0,0
diário,SINAIS: Registre os achados clínicos observados entre 00:00 e 24:00 no dia da avaliação,sign_git,Gastrointestinal signs,,Refere-se a sinais relacionados ao sistema gastrointestinal.,Indique “Sim” se o paciente tiver apresentado esse sintoma entre 00:00 e 24:00 no dia da avaliação.,0,0,0,0,0,
diário,SINAIS: Registre os achados clínicos observados entre 00:00 e 24:00 no dia da avaliação,sign_ascites,"1, Sim | 0, Não | 99, Desconhecido","1, Sim | 0, Não | 99, Desconhecido",Definido como um acúmulo ou retenção excessiva de líquido livre dentro da cavidade peritoneal.,Indique “Sim” se o paciente tiver apresentado esse sintoma entre 00:00 e 24:00 no dia da avaliação.,0,0,0,0,0,0
diário,SINAIS: Registre os achados clínicos observados entre 00:00 e 24:00 no dia da avaliação,sign_hepatomegally,"1, Sim | 0, Não | 99, Desconhecido","1, Sim | 0, Não | 99, Desconhecido",Definido como um aumento patológico do fígado.,Indique “Sim” se o paciente tiver apresentado esse sintoma entre 00:00 e 24:00 no dia da avaliação.,0,0,0,0,0,0
diário,SINAIS: Registre os achados clínicos observados entre 00:00 e 24:00 no dia da avaliação,sign_splenomegaly,Baço/esplenomegalia palpável,"1, sim | 0, Não | 99, Desconhecido",,"Indique 'Sim', se o paciente passou por isso em qualquer momento desde o início da doença até a apresentação.",0,0,0,,0,0
diário,SINAIS: Registre os achados clínicos observados entre 00:00 e 24:00 no dia da avaliação,sign_tenabd,Abdômen sensível,"1, sim | 0, Não | 99, Desconhecido",,"Indique 'Sim', se o paciente passou por isso em qualquer momento desde o início da doença até a apresentação.",0,0,0,,0,0
diário,SINAIS: Registre os achados clínicos observados entre 00:00 e 24:00 no dia da avaliação,sign_jaund,"1, Sim | 0, Não | 99, Desconhecido","1, Sim | 0, Não | 99, Desconhecido","Definido como uma manifestação clínica de hiperbilirrubinemia, caracterizada pela coloração amarelada da pele, membrana mucosa e/ou esclera.",Indique “Sim” se o paciente tiver apresentado esse sintoma entre 00:00 e 24:00 no dia da avaliação.,0,0,0,0,0,0
diário,SINAIS: Registre os achados clínicos observados entre 00:00 e 24:00 no dia da avaliação,sign_melaena,Melaena (sangue nas fezes),"1, Sim | 0, Não | 99, Desconhecido","Refere-se a fezes anormalmente escuras e pegajosas contendo sangue, geralmente proveniente de sangramento gastrointestinal.",Indique “Sim” se o paciente tiver apresentado esse sintoma entre 00:00 e 24:00 no dia da avaliação.,0,0,0,0,0,0
diário,SINAIS: Registre os achados clínicos observados entre 00:00 e 24:00 no dia da avaliação,sign_haematochezia,Hematochezia (sangue fresco nas fezes),"1, Sim | 0, Não | 99, Desconhecido",Refere-se à presença de sangue nas fezes. É o resultado de hemorragia gastrointestinal e pode ser facilmente observado nas fezes ou identificado microscopicamente.,Indique “Sim” se o paciente tiver apresentado esse sintoma entre 00:00 e 24:00 no dia da avaliação.,0,0,0,0,0,0
diário,SINAIS: Registre os achados clínicos observados entre 00:00 e 24:00 no dia da avaliação,sign_rectalbleed,"1, Sim | 0, Não | 99, Desconhecido","1, Sim | 0, Não | 99, Desconhecido",Refere-se ao sangramento originado na parede retal e expelido pelo ânus.,Indique “Sim” se o paciente tiver apresentado esse sintoma entre 00:00 e 24:00 no dia da avaliação.,0,0,0,0,0,0
diário,SINAIS: Registre os achados clínicos observados entre 00:00 e 24:00 no dia da avaliação,sign_feeding,Alimentação,"1, Capaz | 0,Incapaz | 2, pedido NBM",,,0,0,0,,,0
diário,SINAIS: Registre os achados clínicos observados entre 00:00 e 24:00 no dia da avaliação,sign_feeding_route,"Se for possível alimentar, especifique a rota:","1, Oral | 2, tubo de alimentação | 3, Amamentação",,,0,0,0,,,0
diário,SINAIS: Registre os achados clínicos observados entre 00:00 e 24:00 no dia da avaliação,sign_lowurine,"1, Sim | 0, Não | 99, Desconhecido","1, Sim | 0, Não | 99, Desconhecido",Refere-se a um achado que indica que a produção de urina é inferior a 500 mililitros durante um período de 24 horas.,Indique “Sim” se o paciente tiver apresentado esse sintoma entre 00:00 e 24:00 no dia da avaliação.,0,0,0,0,0,0
diário,SINAIS: Registre os achados clínicos observados entre 00:00 e 24:00 no dia da avaliação,sign_heme,Haematological signs,,Refere-se a sinais relacionados ao sistema hematológico.,Indique “Sim” se o paciente tiver apresentado esse sintoma entre 00:00 e 24:00 no dia da avaliação.,0,0,0,0,0,
diário,SINAIS: Registre os achados clínicos observados entre 00:00 e 24:00 no dia da avaliação,sign_anaemia,"1, Sim | 0, Não | 99, Desconhecido","1, Sim | 0, Não | 99, Desconhecido","Refere-se a uma redução no número de glóbulos vermelhos, na quantidade de hemoglobina e/ou no volume de glóbulos vermelhos concentrados. As manifestações comuns incluem palidez, fadiga, tontura, falta de ar e taquicardia.",Indique “Sim” se o paciente tiver apresentado esse sintoma entre 00:00 e 24:00 no dia da avaliação.,0,0,0,0,0,0
diário,SINAIS: Registre os achados clínicos observados entre 00:00 e 24:00 no dia da avaliação,sign_cns,Neurological signs,,Refere-se a sinais relacionados ao sistema neurológico.,Indique “Sim” se o paciente tiver apresentado esse sintoma entre 00:00 e 24:00 no dia da avaliação.,0,0,0,0,0,
diário,SINAIS: Registre os achados clínicos observados entre 00:00 e 24:00 no dia da avaliação,sign_neckstiff,"1, Sim | 0, Não | 99, Desconhecido","1, Sim | 0, Não | 99, Desconhecido","Definido como uma sensação de rigidez no pescoço ao tentar movê-lo, especialmente após um período de inatividade. A rigidez do pescoço geralmente envolve dor e dificuldade em mover o pescoço, especialmente ao tentar virar a cabeça para o lado.",Indique “Sim” se o paciente tiver apresentado esse sintoma entre 00:00 e 24:00 no dia da avaliação.,0,0,0,0,0,0
diário,SINAIS: Registre os achados clínicos observados entre 00:00 e 24:00 no dia da avaliação,sign_retroorbit,"1, Sim | 0, Não | 99, Desconhecido","1, Sim | 0, Não | 99, Desconhecido",Definida como a experiência de dor na região retro-orbital (atrás dos olhos).,Indique “Sim” se o paciente tiver apresentado esse sintoma entre 00:00 e 24:00 no dia da avaliação.,0,0,0,0,0,0
diário,SINAIS: Registre os achados clínicos observados entre 00:00 e 24:00 no dia da avaliação,sign_hemiplegia,Hemiplegia,"1, Sim | 0, Não | 99, Desconhecido","Refere-se à perda grave ou completa da função motora de um lado do corpo; frequentemente causada por doenças cerebrais localizadas no hemisfério cerebral oposto ao lado da fraqueza; menos frequentemente, lesões no tronco cerebral; doenças da medula espinhal cervical, doenças do sistema nervoso periférico e outras condições podem se manifestar como hemiplegia.",Indique “Sim” se o paciente tiver apresentado esse sintoma entre 00:00 e 24:00 no dia da avaliação.,0,0,0,0,0,0
diário,SINAIS: Registre os achados clínicos observados entre 00:00 e 24:00 no dia da avaliação,sign_cogimpair,"1, Sim | 0, Não | 99, Desconhecido","1, Sim | 0, Não | 99, Desconhecido","Refere-se à diminuição ou comprometimento da função mental e/ou intelectual. ",Indique “Sim” se o paciente tiver apresentado esse sintoma entre 00:00 e 24:00 no dia da avaliação.,0,0,0,0,0,0
diário,SINAIS: Registre os achados clínicos observados entre 00:00 e 24:00 no dia da avaliação,sign_neurodist,"1, Sim | 0, Não | 99, Desconhecido","1, Sim | 0, Não | 99, Desconhecido","Refere-se à presença de sinais ou sintomas que afetam os pensamentos, emoções, comportamentos ou bem-estar mental de um indivíduo. A presença de distúrbios psicológicos deve ser identificada por meio de um Exame do Estado Mental (MSE) ou ferramenta equivalente.",Indique “Sim” se o paciente tiver apresentado esse sintoma entre 00:00 e 24:00 no dia da avaliação.,0,0,0,0,0,0
diário,SINAIS: Registre os achados clínicos observados entre 00:00 e 24:00 no dia da avaliação,sign_speechdist,"1, Sim | 0, Não | 99, Desconhecido","1, Sim | 0, Não | 99, Desconhecido","Refere-se a dificuldades na fala e na comunicação que podem resultar de patologias no cérebro. ",Indique “Sim” se o paciente tiver apresentado esse sintoma entre 00:00 e 24:00 no dia da avaliação.,0,0,0,0,0,0
diário,SINAIS: Registre os achados clínicos observados entre 00:00 e 24:00 no dia da avaliação,sign_agitation,"1, Sim | 0, Não | 99, Desconhecido","1, Yes | 0, No | 99, Unknown",Refere-se a um estado de atividade motora excessiva associado a sofrimento mental ou uma sensação de desconforto substancial ou tensão interna. Distingue-se da inquietação pelo aumento do nível de sofrimento emocional e pela intensidade negativa da experiência. A agitação tem um nível significativo de atividade física que normalmente é ameaçador para si mesmo ou para os outros.,,0,0,0,0,,0
diário,SINAIS: Registre os achados clínicos observados entre 00:00 e 24:00 no dia da avaliação,sign_cerebesig,"1, Sim | 0, Não | 99, Desconhecido","1, Sim | 0, Não | 99, Desconhecido","Refere-se à presença de um conjunto de sinais neurológicos que normalmente indicam disfunção cerebelar. Os sinais incluem disdiadocinesia, dismetria, ataxia, nistagmo, tremor intencional, fala arrastada ou escaneada, hipotonia.",Indique “Sim” se o paciente tiver apresentado esse sintoma entre 00:00 e 24:00 no dia da avaliação.,0,0,0,0,0,0
diário,SINAIS: Registre os achados clínicos observados entre 00:00 e 24:00 no dia da avaliação,sign_neurologic,"1, Sim | 0, Não | 99, Desconhecido","1, Sim | 0, Não | 99, Desconhecido",Refere-se à presença de uma anomalia neurológica alternativa não listada acima.,Indique “Sim” se o paciente tiver apresentado esse sintoma entre 00:00 e 24:00 no dia da avaliação.,0,0,0,0,0,0
diário,SINAIS: Registre os achados clínicos observados entre 00:00 e 24:00 no dia da avaliação,sign_neurologic_spec,Specify other neurological abnormality,,Refere-se à presença de outra anomalia neurológica não listada acima.,"Se “Outro”, especifique a anormalidade neurológica.",0,0,0,0,0,
diário,SINAIS: Registre os achados clínicos observados entre 00:00 e 24:00 no dia da avaliação,sign_eye,Opthalmological signs,,Refere-se a sinais relacionados com os olhos.,Indique “Sim” se o paciente tiver apresentado esse sintoma entre 00:00 e 24:00 no dia da avaliação.,0,0,0,0,0,
diário,SINAIS: Registre os achados clínicos observados entre 00:00 e 24:00 no dia da avaliação,sign_conjunhemor,Hemorragia conjuntival,"1, Sim | 0, Não | 99, Desconhecido","Definida como a acumulação de sangue sob a conjuntiva, apresentando-se como uma mancha vermelha brilhante ou escura no olho.",Indique “Sim” se o paciente tiver apresentado esse sintoma entre 00:00 e 24:00 no dia da avaliação.,0,0,0,0,0,0
diário,SINAIS: Registre os achados clínicos observados entre 00:00 e 24:00 no dia da avaliação,sign_conjunctiv,"1, Sim | 0, Não | 99, Desconhecido","1, Sim | 0, Não | 99, Desconhecido",Definido como inflamação da conjuntiva.,Indique “Sim” se o paciente tiver apresentado esse sintoma entre 00:00 e 24:00 no dia da avaliação.,0,0,0,0,0,0
diário,SINAIS: Registre os achados clínicos observados entre 00:00 e 24:00 no dia da avaliação,sign_keratitis,"1, Sim | 0, Não | 99, Desconhecido","1, Sim | 0, Não | 99, Desconhecido",Refere-se à inflamação da córnea do olho.,Indique “Sim” se o paciente tiver apresentado esse sintoma entre 00:00 e 24:00 no dia da avaliação.,0,0,0,0,0,0
diário,SINAIS: Registre os achados clínicos observados entre 00:00 e 24:00 no dia da avaliação,sign_newvision,"1, Sim | 0, Não | 99, Desconhecido","1, Sim | 0, Não | 99, Desconhecido",Definido como diminuição da clareza ou nitidez da visão.,Indique “Sim” se o paciente tiver apresentado esse sintoma entre 00:00 e 24:00 no dia da avaliação.,0,0,0,0,0,0
diário,SINAIS: Registre os achados clínicos observados entre 00:00 e 24:00 no dia da avaliação,sign_sunkeyes,Olhos fundos,"1, sim | 0, Não | 99, Desconhecido",,"Indique 'Sim', se o paciente passou por isso em qualquer momento desde o início da doença até a apresentação.",0,0,0,,0,0
diário,SINAIS: Registre os achados clínicos observados entre 00:00 e 24:00 no dia da avaliação,sign_ocularoth,"1, Sim | 0, Não | 99, Desconhecido","1, Sim | 0, Não | 99, Desconhecido","Refere-se a outros sinais relacionados aos olhos, não especificados acima.",Indique “Sim” se o paciente tiver apresentado esse sintoma entre 00:00 e 24:00 no dia da avaliação.,0,0,0,0,0,0
diário,SINAIS: Registre os achados clínicos observados entre 00:00 e 24:00 no dia da avaliação,sign_ocularoth_spec,Specify other opthalmological signs,,"Refere-se a outros sinais relacionados aos olhos, não especificados acima.","Se “Sim”, especifique outros sinais oftalmológicos ",0,0,0,0,0,
diário,SINAIS: Registre os achados clínicos observados entre 00:00 e 24:00 no dia da avaliação,sign_paed,Sinais específicos da pediatria,,,,0,0,0,,,
diário,SINAIS: Registre os achados clínicos observados entre 00:00 e 24:00 no dia da avaliação,sign_nasalflar,Alargamento das narinas,"1, sim | 0, Não | 99, Desconhecido","Definido como um alargamento das narinas durante a respiração; embora existam muitas causas possíveis, pode ser um sinal de dificuldade respiratória em bebês pequenos.",Indique “Sim” se o paciente apresentou isso entre 00:00 e 24:00 no dia da avaliação.,0,0,0,0,0,0
diário,SINAIS: Registre os achados clínicos observados entre 00:00 e 24:00 no dia da avaliação,sign_grunt,Grunhidos,"1, sim | 0, Não | 99, Desconhecido",Definido como um som respiratório ruidoso que ocorre quando uma pessoa expira e é um sinal de dificuldade respiratória.,Indique “Sim” se o paciente apresentou isso entre 00:00 e 24:00 no dia da avaliação.,0,0,0,0,0,0
diário,SINAIS: Registre os achados clínicos observados entre 00:00 e 24:00 no dia da avaliação,sign_ftt,Retardo no crescimento,"1, sim | 0, Não | 99, Desconhecido","Refere-se ao ganho de peso abaixo do normal em um bebê ou criança, o que pode incluir crescimento linear e craniano deficiente.",Indique “Sim” se o paciente apresentou este sintoma em qualquer momento durante a data da avaliação.,0,0,0,0,0,0
diário,SINAIS: Registre os achados clínicos observados entre 00:00 e 24:00 no dia da avaliação,sign_hypotonia,Diminuição do tônus/hipotonia,"1, sim | 0, Não | 99, Desconhecido",Refere-se à hipotonia muscular generalizada (tônus muscular anormalmente baixo).,Indique “Sim” se o paciente apresentou isso entre 00:00 e 24:00 no dia da avaliação.,0,0,0,0,0,0
diário,SINAIS: Registre os achados clínicos observados entre 00:00 e 24:00 no dia da avaliação,sign_bulgefont,Fontanela protuberante,"1, sim | 0, Não | 99, Desconhecido",Refere-se às áreas membranosas entre os ossos cranianos em um recém-nascido que parecem elevadas ou cheias.,Indique “Sim” se o paciente apresentou isso entre 00:00 e 24:00 no dia da avaliação.,0,0,0,0,0,0
diário,SINAIS: Registre os achados clínicos observados entre 00:00 e 24:00 no dia da avaliação,sign_otherdesc,Outros  sinais,,,,0,0,0,,,
diário,SINAIS: Registre os achados clínicos observados entre 00:00 e 24:00 no dia da avaliação,sign_unlisted,"1, Sim | 0, Não | 99, Desconhecido","1, Sim | 0, Não | 99, Desconhecido",Refere-se à presença de um ou mais sinais ou sintomas alternativos não listados acima.,Indique “Sim” se o paciente apresentou outro sinal ou sintoma não listado acima entre 00:00 e 24:00 no dia da avaliação.,0,0,0,0,0,0
diário,AVALIAÇÃO DA PELE E MUCOSAS: Registre as informações mais distantes do normal entre 00:00 e 24:00 no dia da avaliação.,lesion_dailydata,Insira os dados da avaliação da pele e das mucosas para esta data?,"1, Sim | 0, Não","As perguntas a seguir referem-se à inspeção clínica de lesões cutâneas. Os dados registrados nesta seção devem detalhar as condições presentes na data da avaliação. Esta seção deve ser preenchida na data da admissão e em qualquer dia subsequente, de acordo com o protocolo local.",Indique “Sim” para inserir informações relativas à inspeção clínica das lesões cutâneas no dia da avaliação.,0,0,0,0,0,0
diário,AVALIAÇÃO DA PELE E MUCOSAS: Registre as informações mais distantes do normal entre 00:00 e 24:00 no dia da avaliação.,lesion_dist,Distribuição precipitada,"1, Generalizada | 2, Localizada ao redor dos genitais | 3, Centrífuga - mais nas extremidades | 4, Centrípeto - mais no tronco | 88, Outra distribuição | 99, Distribuição desconhecida","Refere-se ao padrão de distribuição da erupção cutânea. Erupção generalizada refere-se a uma erupção cutânea disseminada que cobre toda a superfície da pele. A erupção centrífuga está concentrada nas extremidades distais, com menos lesões no tronco. A erupção centrípeta está concentrada no tronco, com menos lesões nas extremidades. Localizada ao redor dos genitais refere-se a uma erupção cutânea concentrada ao redor da pele dos genitais.","Selecione o padrão mais adequado de distribuição da erupção cutânea no dia da avaliação. ",0,0,0,0,0,0
diário,AVALIAÇÃO DA PELE E MUCOSAS: Registre as informações mais distantes do normal entre 00:00 e 24:00 no dia da avaliação.,lesion_distoth,Especifique outra distribuição de erupção cutânea,,"Refere-se ao padrão de distribuição da erupção cutânea. ","Se “Outro”, escreva o padrão de distribuição da erupção cutânea no dia da avaliação.",0,0,0,0,0,
diário,AVALIAÇÃO DA PELE E MUCOSAS: Registre as informações mais distantes do normal entre 00:00 e 24:00 no dia da avaliação.,lesion_morph,Morfologia precipitada,"1, Lesões principalmente discretas | 2, Lesões semi-confluentes | 3, Lesões confluentes | 4, Morfologia mista | 99, Desconhecida",Isso se refere à morfologia predominante da erupção cutânea. Lesões discretas se referem a lesões separadas e distintas que não se uniram. As lesões confluentes se referem a lesões que estão unindo ou executando juntos.,Selecione a morfologia mais adequada da erupção cutânea no dia da avaliação.,0,0,0,0,0,0
diário,AVALIAÇÃO DA PELE E MUCOSAS: Registre as informações mais distantes do normal entre 00:00 e 24:00 no dia da avaliação.,lesion_morphsize,Tamanho da erupção cutânea (pele) - Diâmetro mais largo de qualquer lesão,"1, Menos de 0,5 cm | 2, 0,5-0,99 cm | 3, 1-1,99 cm | 4, 2+ cm","Isso se refere ao tamanho da erupção cutânea da pele, registrada como o diâmetro mais amplo de qualquer lesão em centímetros (cm).",Indique o diâmetro mais amplo de qualquer lesão da pele medida em centímetros (CM) no dia da avaliação.,0,0,0,0,0,0
diário,AVALIAÇÃO DA PELE E MUCOSAS: Registre as informações mais distantes do normal entre 00:00 e 24:00 no dia da avaliação.,lesion_skinles,Status atual da lesão da pele,"1, Existem lesões cutâneas ativas | 2, Existem lesões cutâneas e nenhuma delas está ativa (lesões em processo de cicatrização e resolução, incluindo lesões com crostas) | 3, Todas as lesões cutâneas foram completamente resolvidas (todas as crostas caíram com a pele intacta) | 4, Nenhuma lesão cutânea se desenvolveu até o momento","Refere-se ao estado das lesões cutâneas. Lesões cutâneas ativas referem-se a máculas (lesões planas), pápulas (lesões elevadas), vesículas (elevadas e cheias de líquido claro) ou pústulas (elevadas e cheias de pus, um líquido opaco) que podem desenvolver uma depressão no centro (umbilicação) ou ulcerar. Lesões cutâneas não ativas referem-se àquelas que começaram a formar crostas (secagem), em processo de cicatrização e resolução, para formar crostas (consistindo em soro seco, sangue ou pus). Lesões cutâneas completamente resolvidas referem-se a todas as crostas que caíram, deixando a pele subjacente intacta. ","Indique o estado dermatológico mais adequado das lesões cutâneas no dia da avaliação. ",0,0,0,0,0,0
diário,AVALIAÇÃO DA PELE E MUCOSAS: Registre as informações mais distantes do normal entre 00:00 e 24:00 no dia da avaliação.,lesion_res,Existem evidências residuais de lesões de pele resolvidas (cicatriz/descoloração)?,"1, Sim | 0, Não | 99, Desconhecido","Isso se refere à presença de sequalae secundário para resolver ou resolver lesões cutâneas, isto é, lesões que não são mais ativas (incluindo lesões e lesões com crosta, onde todas as crostas caíram com a pele intacta). Isso pode incluir cicatrizes ou descoloração.","Indique 'sim', se houver evidências residuais de lesões de pele resolvidas no dia da avaliação.",0,0,0,0,0,0
diário,AVALIAÇÃO DA PELE E MUCOSAS: Registre as informações mais distantes do normal entre 00:00 e 24:00 no dia da avaliação.,lesion_mucos,Status da lesão da mucosa atual,"1, Existem lesões mucosas | 2, Existe um histórico de lesões mucosas, mas nenhuma no momento (todas foram resolvidas e a mucosa está cicatrizada) | 3, Nenhuma lesão mucosa se desenvolveu até o momento","Isso se refere à presença de envolvimento da membrana da mucosa. Inclui o revestimento do trato digestivo, trato respiratório e trato geniturinário.",Selecione a opção mais apropriada que representa a extensão do envolvimento da mucosa entre 00:00 e 24:00 no dia da avaliação.,0,0,0,0,0,0
diário,AVALIAÇÃO DA PELE E MUCOSAS: Registre as informações mais distantes do normal entre 00:00 e 24:00 no dia da avaliação.,lesion_orophar,Se houver lesões da mucosa: sintomas persistentes ou sinais de lesões orofaríngeas da mucosa,"1, Sim | 0, Não | 99, Desconhecido","Isso se refere à presença de envolvimento da membrana da mucosa na cavidade orofaríngea, como evidenciado por lesões mucosa ativas, eritema, alterações inflamatórias. Os sintomas podem incluir dor de garganta, ulcerações dolorosas, deglutição dolorosa ou difícil.","Indique 'sim', se o paciente apresentou sintomas de lesões orofaríngeas da mucosa entre 00:00 e 24:00 no dia da avaliação.",0,0,0,0,0,0
diário,AVALIAÇÃO DA PELE E MUCOSAS: Registre as informações mais distantes do normal entre 00:00 e 24:00 no dia da avaliação.,lesion_oropharles,Se sim: Lesão Ulcerada Oro-Fíngea (ativa),"1, Sim | 0, Não | 99, Desconhecido",Isso se refere a lesões mucosa ulceradas ativas na área entre o palato macio e a porção superior da epiglote.,"Indique 'sim', se houver lesões ativas envolvendo essa área entre 00:00 e 24:00 no dia da avaliação.",0,0,0,0,0,0
diário,AVALIAÇÃO DA PELE E MUCOSAS: Registre as informações mais distantes do normal entre 00:00 e 24:00 no dia da avaliação.,lesion_head,"Existem lesões na cabeça, rosto ou pescoço?","1, Sim | 0, Não | 99, Desconhecido","Isso se refere à presença de lesões cutâneas envolvendo a cabeça, o rosto ou o pescoço.","Indique 'sim', se houver lesões ativas envolvendo essa área entre 00:00 e 24:00 no dia da avaliação.",0,0,0,0,0,0
diário,AVALIAÇÃO DA PELE E MUCOSAS: Registre as informações mais distantes do normal entre 00:00 e 24:00 no dia da avaliação.,lesion_head_type,"Tipo de lesões na cabeça, rosto ou pescoço","1, Vesícula | 2, Pústula | 3, Lesões ulceradas | 4, Lesões necrosantes | 5, Lesões fungiformes | 6, Lesões hemorrágicas | 88, Outros","Refere-se ao tipo de lesões cutâneas que envolvem a cabeça, o rosto ou o pescoço. Vesícula refere-se a uma lesão elevada e cheia de líquido claro. Pústula refere-se a uma lesão elevada e cheia de pus, um líquido opaco. Lesão ulcerada refere-se a uma lesão com ruptura da pele. Lesão necrosante refere-se a uma lesão com tecido necrótico (morto). Lesão fungiforme refere-se a uma lesão dos tecidos subjacentes que está rompendo a superfície da pele. ","Selecione a opção mais adequada que represente o tipo de lesões que envolvem esta área, entre as 00:00 e as 24:00 do dia da avaliação.",0,0,0,0,0,0
diário,AVALIAÇÃO DA PELE E MUCOSAS: Registre as informações mais distantes do normal entre 00:00 e 24:00 no dia da avaliação.,lesion_head_type_oth,"Especifique outro tipo de lesões na cabeça, rosto ou pescoço",,"Refere-se ao tipo de lesões cutâneas que envolvem a cabeça, o rosto ou o pescoço.","Se “Outro”. Escreva o tipo de lesões que envolvem esta área, entre as 00:00 e as 24:00 do dia da avaliação.",0,0,0,0,0,
diário,AVALIAÇÃO DA PELE E MUCOSAS: Registre as informações mais distantes do normal entre 00:00 e 24:00 no dia da avaliação.,lesion_head_num,"Número de lesões na cabeça, rosto ou pescoço",,"Refere-se ao número de lesões cutâneas que envolvem a cabeça, o rosto ou o pescoço.","Escreva o número de lesões que envolvem esta área, entre as 00:00 e as 24:00 do dia da avaliação.",0,0,0,0,0,
diário,AVALIAÇÃO DA PELE E MUCOSAS: Registre as informações mais distantes do normal entre 00:00 e 24:00 no dia da avaliação.,lesion_ocular,Existem lesões oculares dentro da órbita?,"1, Sim | 0, Não | 99, Desconhecido","Refere-se à presença de lesões oculares. ","Indique 'sim', se houver lesões ativas envolvendo essa área entre 00:00 e 24:00 no dia da avaliação.",0,0,0,0,0,0
diário,AVALIAÇÃO DA PELE E MUCOSAS: Registre as informações mais distantes do normal entre 00:00 e 24:00 no dia da avaliação.,lesion_ocular_type,Tipo de lesões oculares,"1, Vesícula | 2, Pústula | 3, Lesões ulceradas | 4, Lesões necrosantes | 5, Lesões fungiformes | 6, Lesões hemorrágicas | 88, Outros","Refere-se ao tipo de lesão ocular. Vesícula refere-se a uma lesão elevada e cheia de líquido claro. Pústula refere-se a uma lesão elevada e cheia de pus, um líquido opaco. Lesão ulcerada refere-se a uma lesão com ruptura da pele. Lesão necrosante refere-se a uma lesão com tecido necrótico (morto). Lesão fungiforme refere-se a uma lesão dos tecidos subjacentes que está rompendo a superfície da pele.","Selecione a opção mais adequada que represente o tipo de lesões que envolvem esta área, entre as 00:00 e as 24:00 do dia da avaliação.",0,0,0,0,0,0
diário,AVALIAÇÃO DA PELE E MUCOSAS: Registre as informações mais distantes do normal entre 00:00 e 24:00 no dia da avaliação.,lesion_ocular_type_oth,Especifique outro tipo de lesões oculares,,"Refere-se ao tipo de lesão ocular. ","Se “Outro”. Escreva o tipo de lesões que envolvem esta área, entre as 00:00 e as 24:00 do dia da avaliação.",0,0,0,0,0,
diário,AVALIAÇÃO DA PELE E MUCOSAS: Registre as informações mais distantes do normal entre 00:00 e 24:00 no dia da avaliação.,lesion_ocular_num,Número de lesões oculares,,Refere-se ao número de lesões oculares.,"Escreva o número de lesões que envolvem esta área, entre as 00:00 e as 24:00 do dia da avaliação.",0,0,0,0,0,
diário,AVALIAÇÃO DA PELE E MUCOSAS: Registre as informações mais distantes do normal entre 00:00 e 24:00 no dia da avaliação.,lesion_torso,Existem lesões no tronco / tronco?,"1, Sim | 0, Não | 99, Desconhecido",Isso se refere à presença de lesões cutâneas envolvendo o tronco / tronco.,"Indique 'sim', se houver lesões ativas envolvendo essa área entre 00:00 e 24:00 no dia da avaliação.",0,0,0,0,0,0
diário,AVALIAÇÃO DA PELE E MUCOSAS: Registre as informações mais distantes do normal entre 00:00 e 24:00 no dia da avaliação.,lesion_torso_type,Tipo de lesões no tronco,"1, Vesícula | 2, Pústula | 3, Lesões ulceradas | 4, Lesões necrosantes | 5, Lesões fungiformes | 6, Lesões hemorrágicas | 88, Outros","Refere-se ao tipo de lesões cutâneas envolvendo o tronco. Vesícula refere-se a uma lesão elevada e cheia de líquido claro. Pústula refere-se a uma lesão elevada e cheia de pus, um líquido opaco. Lesão ulcerada refere-se a uma lesão com ruptura da pele. Lesão necrosante refere-se a uma lesão com tecido necrótico (morto). Lesão fungiforme refere-se a uma lesão dos tecidos subjacentes que está rompendo a superfície da pele.","Selecione a opção mais adequada que represente o tipo de lesões que envolvem esta área, entre as 00:00 e as 24:00 do dia da avaliação.",0,0,0,0,0,0
diário,AVALIAÇÃO DA PELE E MUCOSAS: Registre as informações mais distantes do normal entre 00:00 e 24:00 no dia da avaliação.,lesion_torso_type_oth,Especifique outro tipo de lesões no tronco/torso,,Refere-se ao tipo de lesões cutâneas que envolvem o tronco/torso.,"Se “Outro”. Escreva o tipo de lesões que envolvem esta área, entre as 00:00 e as 24:00 do dia da avaliação.",0,0,0,0,0,
diário,AVALIAÇÃO DA PELE E MUCOSAS: Registre as informações mais distantes do normal entre 00:00 e 24:00 no dia da avaliação.,lesion_torso_num,Número de lesões no tronco/torso,,Refere-se ao número de lesões cutâneas que envolvem o tronco/torso.,"Escreva o número de lesões que envolvem esta área, entre as 00:00 e as 24:00 do dia da avaliação.",0,0,0,0,0,
diário,AVALIAÇÃO DA PELE E MUCOSAS: Registre as informações mais distantes do normal entre 00:00 e 24:00 no dia da avaliação.,lesion_arms,Existem lesões nos braços e/ou mãos?,"1, Sim | 0, Não | 99, Desconhecido",Isso se refere à presença de lesões cutâneas envolvendo os braços e/ou mãos.,"Indique 'sim', se houver lesões ativas envolvendo essa área entre 00:00 e 24:00 no dia da avaliação.",0,0,0,0,0,0
diário,AVALIAÇÃO DA PELE E MUCOSAS: Registre as informações mais distantes do normal entre 00:00 e 24:00 no dia da avaliação.,lesion_arms_type,Tipo de lesões nos braços/mãos,"1, Vesícula | 2, Pústula | 3, Lesões ulceradas | 4, Lesões necrosantes | 5, Lesões fungiformes | 6, Lesões hemorrágicas | 88, Outros","Refere-se ao tipo de lesões cutâneas que envolvem os braços e/ou mãos. Vesícula refere-se a uma lesão elevada e cheia de líquido claro. Pústula refere-se a uma lesão elevada e cheia de pus, um líquido opaco. Lesão ulcerada refere-se a uma lesão com ruptura da pele. Lesão necrosante refere-se a uma lesão com tecido necrótico (morto). Lesão fungosa refere-se a uma lesão dos tecidos subjacentes que está rompendo a superfície da pele. ","Selecione a opção mais adequada que represente o tipo de lesões que envolvem esta área, entre as 00:00 e as 24:00 do dia da avaliação.",0,0,0,0,0,0
diário,AVALIAÇÃO DA PELE E MUCOSAS: Registre as informações mais distantes do normal entre 00:00 e 24:00 no dia da avaliação.,lesion_arms_type_oth,Especifique outro tipo de lesões nos braços/mãos,,Refere-se ao tipo de lesões cutâneas que envolvem os braços e/ou mãos.,"Se “Outro”. Escreva o tipo de lesões que envolvem esta área, entre as 00:00 e as 24:00 do dia da avaliação.",0,0,0,0,0,
diário,AVALIAÇÃO DA PELE E MUCOSAS: Registre as informações mais distantes do normal entre 00:00 e 24:00 no dia da avaliação.,lesion_arms_num,Número de lesões nos braços/mãos,,Refere-se ao número de lesões cutâneas que envolvem os braços e/ou mãos.,"Escreva o número de lesões que envolvem esta área, entre as 00:00 e as 24:00 do dia da avaliação.",0,0,0,0,0,
diário,AVALIAÇÃO DA PELE E MUCOSAS: Registre as informações mais distantes do normal entre 00:00 e 24:00 no dia da avaliação.,lesion_legs,Existem lesões nas pernas e/ou pés?,"1, Sim | 0, Não | 99, Desconhecido",Isso se refere à presença de lesões cutâneas envolvendo as pernas e/ou pés.,"Indique 'sim', se houver lesões ativas envolvendo essa área entre 00:00 e 24:00 no dia da avaliação.",0,0,0,0,0,0
diário,AVALIAÇÃO DA PELE E MUCOSAS: Registre as informações mais distantes do normal entre 00:00 e 24:00 no dia da avaliação.,lesion_legs_type,Tipo de lesões nas pernas/pés,"1, Vesícula | 2, Pústula | 3, Lesões ulceradas | 4, Lesões necrosantes | 5, Lesões fungiformes | 6, Lesões hemorrágicas | 88, Outros","Refere-se ao tipo de lesões cutâneas que envolvem as pernas e/ou pés. Vesícula refere-se a uma lesão elevada e cheia de líquido claro. Pústula refere-se a uma lesão elevada e cheia de pus, um líquido opaco. Lesão ulcerada refere-se a uma lesão com ruptura da pele. Lesão necrosante refere-se a uma lesão com tecido necrótico (morto). Lesão fungiforme refere-se a uma lesão dos tecidos subjacentes que está rompendo a superfície da pele. ","Selecione a opção mais adequada que represente o tipo de lesões que envolvem esta área, entre as 00:00 e as 24:00 do dia da avaliação.",0,0,0,0,0,0
diário,AVALIAÇÃO DA PELE E MUCOSAS: Registre as informações mais distantes do normal entre 00:00 e 24:00 no dia da avaliação.,lesion_legs_type_oth,Especifique outro tipo de lesões nas pernas/pés,,Refere-se ao tipo de lesões cutâneas que envolvem as pernas e/ou pés.,"Se “Outro”. Escreva o tipo de lesões que envolvem esta área, entre as 00:00 e as 24:00 do dia da avaliação.",0,0,0,0,0,
diário,AVALIAÇÃO DA PELE E MUCOSAS: Registre as informações mais distantes do normal entre 00:00 e 24:00 no dia da avaliação.,lesion_legs_num,Número de lesões nas pernas/pés,,Refere-se ao número de lesões cutâneas que envolvem as pernas e/ou pés.,"Escreva o número de lesões que envolvem esta área, entre as 00:00 e as 24:00 do dia da avaliação.",0,0,0,0,0,
diário,AVALIAÇÃO DA PELE E MUCOSAS: Registre as informações mais distantes do normal entre 00:00 e 24:00 no dia da avaliação.,lesion_palm,Existem lesões nas palmas das mãos?,"1, Sim | 0, Não | 99, Desconhecido",Isso se refere à presença de lesões cutâneas envolvendo as palmas das mãos.,"Indique 'sim', se houver lesões ativas envolvendo essa área entre 00:00 e 24:00 no dia da avaliação.",0,0,0,0,0,0
diário,AVALIAÇÃO DA PELE E MUCOSAS: Registre as informações mais distantes do normal entre 00:00 e 24:00 no dia da avaliação.,lesion_palm_type,Tipo de lesões nas palmas das mãos,"1, Vesícula | 2, Pústula | 3, Lesões ulceradas | 4, Lesões necrosantes | 5, Lesões fungiformes | 6, Lesões hemorrágicas | 88, Outros","Refere-se ao tipo de lesões cutâneas que envolvem as palmas das mãos. Vesícula refere-se a uma lesão elevada e cheia de líquido transparente. Pústula refere-se a uma lesão elevada e cheia de pus, um líquido opaco. Lesão ulcerada refere-se a uma lesão com ruptura na pele. Lesão necrosante refere-se a uma lesão com tecido necrótico (morto). Lesão fungiforme refere-se a uma lesão dos tecidos subjacentes que está rompendo a superfície da pele.","Selecione a opção mais adequada que represente o tipo de lesões que envolvem esta área, entre as 00:00 e as 24:00 do dia da avaliação.",0,0,0,0,0,0
diário,AVALIAÇÃO DA PELE E MUCOSAS: Registre as informações mais distantes do normal entre 00:00 e 24:00 no dia da avaliação.,lesion_palm_type_oth,Se outro: Especifique outro tipo de lesões nas palmas das mãos,,Refere-se ao tipo de lesões cutâneas que envolvem as palmas das mãos.,"Se “Outro”. Escreva o tipo de lesões que envolvem esta área, entre as 00:00 e as 24:00 do dia da avaliação.",0,0,0,0,0,
diário,AVALIAÇÃO DA PELE E MUCOSAS: Registre as informações mais distantes do normal entre 00:00 e 24:00 no dia da avaliação.,lesion_palm_num,Número de lesões nas palmas das mãos,,Refere-se ao número de lesões cutâneas que envolvem as palmas das mãos.,"Escreva o número de lesões que envolvem esta área, entre as 00:00 e as 24:00 do dia da avaliação.",0,0,0,0,0,
diário,AVALIAÇÃO DA PELE E MUCOSAS: Registre as informações mais distantes do normal entre 00:00 e 24:00 no dia da avaliação.,lesion_sole,Existem lesões nas solas?,"1, Sim | 0, Não | 99, Desconhecido",Isso se refere à presença de lesões cutâneas envolvendo as solas.,"Indique 'sim', se houver lesões ativas envolvendo essa área entre 00:00 e 24:00 no dia da avaliação.",0,0,0,0,0,0
diário,AVALIAÇÃO DA PELE E MUCOSAS: Registre as informações mais distantes do normal entre 00:00 e 24:00 no dia da avaliação.,lesion_sole_type,Tipo de lesões nas solas dos pés,"1, Vesícula | 2, Pústula | 3, Lesões ulceradas | 4, Lesões necrosantes | 5, Lesões fungiformes | 6, Lesões hemorrágicas | 88, Outros","Refere-se ao tipo de lesões cutâneas que envolvem as solas. Vesícula refere-se a uma lesão elevada e cheia de líquido claro. Pústula refere-se a uma lesão elevada e cheia de pus, um líquido opaco. Lesão ulcerada refere-se a uma lesão com ruptura da pele. Lesão necrosante refere-se a uma lesão com tecido necrótico (morto). Lesão fungosa refere-se a uma lesão dos tecidos subjacentes que está rompendo a superfície da pele. ","Selecione a opção mais adequada que represente o tipo de lesões que envolvem esta área, entre as 00:00 e as 24:00 do dia da avaliação.",0,0,0,0,0,0
diário,AVALIAÇÃO DA PELE E MUCOSAS: Registre as informações mais distantes do normal entre 00:00 e 24:00 no dia da avaliação.,lesion_sole_oth,Se outro: Especifique outro tipo de lesões nas solas dos pés,,Refere-se ao tipo de lesões cutâneas que envolvem as solas.,"Se “Outro”. Escreva o tipo de lesões que envolvem esta área, entre as 00:00 e as 24:00 do dia da avaliação.",0,0,0,0,0,
diário,AVALIAÇÃO DA PELE E MUCOSAS: Registre as informações mais distantes do normal entre 00:00 e 24:00 no dia da avaliação.,lesion_sole_num,Número de lesões nas solas dos pés,,Refere-se ao número de lesões que envolvem as solas.,"Escreva o número de lesões que envolvem esta área, entre as 00:00 e as 24:00 do dia da avaliação.",0,0,0,0,0,
diário,AVALIAÇÃO DA PELE E MUCOSAS: Registre as informações mais distantes do normal entre 00:00 e 24:00 no dia da avaliação.,lesion_genit,Existem lesões na genitália externa?,"1, Sim | 0, Não | 99, Desconhecido",Isso se refere à presença de lesões cutâneas envolvendo a genitália externa.,"Indique 'sim', se houver lesões ativas envolvendo essa área entre 00:00 e 24:00 no dia da avaliação.",0,0,0,0,0,0
diário,AVALIAÇÃO DA PELE E MUCOSAS: Registre as informações mais distantes do normal entre 00:00 e 24:00 no dia da avaliação.,lesion_genit_type,Tipo de lesões nos órgãos genitais externos,"1, Vesícula | 2, Pústula | 3, Lesões ulceradas | 4, Lesões necrosantes | 5, Lesões fungiformes | 6, Lesões hemorrágicas | 88, Outros","Refere-se ao tipo de lesões cutâneas que envolvem os órgãos genitais externos. Vesícula refere-se a uma lesão elevada e cheia de líquido transparente. Pústula refere-se a uma lesão elevada e cheia de pus, um líquido opaco. Lesão ulcerada refere-se a uma lesão com ruptura na pele. Lesão necrosante refere-se a uma lesão com tecido necrótico (morto). Lesão fungiforme refere-se a uma lesão dos tecidos subjacentes que está rompendo a superfície da pele.","Selecione a opção mais adequada que represente o tipo de lesões que envolvem esta área, entre as 00:00 e as 24:00 do dia da avaliação.",0,0,0,0,0,0
diário,AVALIAÇÃO DA PELE E MUCOSAS: Registre as informações mais distantes do normal entre 00:00 e 24:00 no dia da avaliação.,lesion_genit_type_oth,Se outro: Especifique outro tipo de lesões nos órgãos genitais externos,,Refere-se ao tipo de lesão cutânea que envolve os órgãos genitais externos.,"Se “Outro”. Escreva o tipo de lesões que envolvem esta área, entre as 00:00 e as 24:00 do dia da avaliação.",0,0,0,0,0,
diário,AVALIAÇÃO DA PELE E MUCOSAS: Registre as informações mais distantes do normal entre 00:00 e 24:00 no dia da avaliação.,lesion_genit_num,Número de lesões nos órgãos genitais externos,,Refere-se ao número de lesões que envolvem os órgãos genitais externos.,"Escreva o número de lesões que envolvem esta área, entre as 00:00 e as 24:00 do dia da avaliação.",0,0,0,0,0,
diário,AVALIAÇÃO DA PELE E MUCOSAS: Registre as informações mais distantes do normal entre 00:00 e 24:00 no dia da avaliação.,lesion_peri,Existem lesões perianas?,"1, Sim | 0, Não | 99, Desconhecido",Isso se refere à presença de lesões cutâneas envolvendo a região perianal.,"Indique 'sim', se houver lesões ativas envolvendo essa área entre 00:00 e 24:00 no dia da avaliação.",0,0,0,0,0,0
diário,AVALIAÇÃO DA PELE E MUCOSAS: Registre as informações mais distantes do normal entre 00:00 e 24:00 no dia da avaliação.,lesion_peri_type,Tipo de lesões perianais,"1, Vesícula | 2, Pústula | 3, Lesões ulceradas | 4, Lesões necrosantes | 5, Lesões fungiformes | 6, Lesões hemorrágicas | 88, Outros","Refere-se ao tipo de lesões cutâneas que envolvem a região perianal. Vesícula refere-se a uma lesão elevada e cheia de líquido claro. Pústula refere-se a uma lesão elevada e cheia de pus, um líquido opaco. Lesão ulcerada refere-se a uma lesão com ruptura na pele. Lesão necrosante refere-se a uma lesão com tecido necrótico (morto). Lesão fungosa refere-se a uma lesão dos tecidos subjacentes que está rompendo a superfície da pele. ","Selecione a opção mais adequada que represente o tipo de lesões que envolvem esta área, entre as 00:00 e as 24:00 do dia da avaliação.",0,0,0,0,0,0
diário,AVALIAÇÃO DA PELE E MUCOSAS: Registre as informações mais distantes do normal entre 00:00 e 24:00 no dia da avaliação.,lesion_peri_type_oth,Especifique outro tipo de lesões perianais,,Refere-se ao tipo de lesões cutâneas que envolvem a região perianal.,"Se “Outro”. Escreva o tipo de lesões que envolvem esta área, entre as 00:00 e as 24:00 do dia da avaliação.",0,0,0,0,0,
diário,AVALIAÇÃO DA PELE E MUCOSAS: Registre as informações mais distantes do normal entre 00:00 e 24:00 no dia da avaliação.,lesion_peri_num,Número de lesões perianais,,Refere-se ao número de lesões que envolvem a região perianal.,"Escreva o número de lesões que envolvem esta área, entre as 00:00 e as 24:00 do dia da avaliação.",0,0,0,0,0,
diário,AVALIAÇÃO DA PELE E MUCOSAS: Registre as informações mais distantes do normal entre 00:00 e 24:00 no dia da avaliação.,lesion_mouth,Existem lesões dentro da boca?,"1, Sim | 0, Não | 99, Desconhecido",Isso se refere à presença de lesões da mucosa dentro da boca (cavidade oral).,"Indique 'sim', se houver lesões ativas envolvendo essa área entre 00:00 e 24:00 no dia da avaliação.",0,0,0,0,0,0
diário,AVALIAÇÃO DA PELE E MUCOSAS: Registre as informações mais distantes do normal entre 00:00 e 24:00 no dia da avaliação.,lesion_mouth_stat,Estado das lesões dentro da boca,"1, Causando dor | 2, Sangramento ou secreção | 3, Ulceração","Refere-se ao estado das lesões mucosas na boca (cavidade oral). Uma lesão que causa dor está associada a uma sensação desagradável, desconfortável ou dolorosa no local da lesão. Uma lesão que está sangrando ou com secreção está associada a sangramento dos vasos sanguíneos ou secreção de líquido seroso/purulento no local da lesão. Uma lesão ulcerada está associada à erosão da membrana mucosa da boca, apresentando escavação local da superfície no local da lesão.","Selecione a opção mais adequada que represente o tipo de lesões que envolvem esta área, entre as 00:00 e as 24:00 do dia da avaliação.",0,0,0,0,0,0
diário,AVALIAÇÃO DA PELE E MUCOSAS: Registre as informações mais distantes do normal entre 00:00 e 24:00 no dia da avaliação.,lesion_vagin,Existem lesões no canal vaginal?,"1, Sim | 0, Não | 99, Desconhecido",Isso se refere à presença de lesões mucosas no canal vaginal.,"Indique 'sim', se houver lesões ativas envolvendo essa área entre 00:00 e 24:00 no dia da avaliação.",0,0,0,0,0,0
diário,AVALIAÇÃO DA PELE E MUCOSAS: Registre as informações mais distantes do normal entre 00:00 e 24:00 no dia da avaliação.,lesion_vagin_stat,Estado das lesões no canal vaginal,"1, Causando dor | 2, Sangramento ou secreção | 3, Ulceração","Refere-se ao estado das lesões mucosas no canal vaginal. Uma lesão que causa dor está associada a uma sensação desagradável, desconfortável ou dolorosa no local da lesão. Uma lesão que sangra ou secreta está associada a sangramento dos vasos sanguíneos ou secreção de líquido seroso/purulento no local da lesão. Uma lesão ulcerada está associada à erosão da membrana mucosa da boca, apresentando escavação local da superfície no local da lesão.","Selecione a opção mais adequada que represente o tipo de lesões que envolvem esta área, entre as 00:00 e as 24:00 do dia da avaliação.",0,0,0,0,0,0
diário,AVALIAÇÃO DA PELE E MUCOSAS: Registre as informações mais distantes do normal entre 00:00 e 24:00 no dia da avaliação.,lesion_rectum,Existem lesões no reto?,"1, Sim | 0, Não | 99, Desconhecido",Isso se refere à presença de lesões da mucosa no reto.,"Indique 'sim', se houver lesões ativas envolvendo essa área entre 00:00 e 24:00 no dia da avaliação.",0,0,0,0,0,0
diário,AVALIAÇÃO DA PELE E MUCOSAS: Registre as informações mais distantes do normal entre 00:00 e 24:00 no dia da avaliação.,lesion_rectum_stat,Estado das lesões no reto,"1, Causando dor | 2, Sangramento ou secreção | 3, Ulceração | 4, Tenesmo","Refere-se ao estado das lesões mucosas no reto. Uma lesão que causa dor está associada a uma sensação desagradável, desconfortável ou dolorosa no local da lesão. Uma lesão que sangra ou secreta está associada a sangramento dos vasos sanguíneos ou secreção de líquido seroso/purulento no local da lesão. Uma lesão ulcerada está associada à erosão da membrana mucosa da boca, apresentando escavação local da superfície no local da lesão.","Selecione a opção mais adequada que represente o tipo de lesões que envolvem esta área, entre as 00:00 e as 24:00 do dia da avaliação.",0,0,0,0,0,0
diário,AVALIAÇÃO DA PELE E MUCOSAS: Registre as informações mais distantes do normal entre 00:00 e 24:00 no dia da avaliação.,lesion_anorec,"Se sim, para lesões no reto: ano-retite","1, Sim | 0, Não | 99, Desconhecido",Definido como inflamação das membranas da mucosa do ânus e/ou reto que podem ser acompanhadas por dor ou sangramento.,"Indique 'sim', se o paciente experimentou isso a qualquer momento durante a data da avaliação.",0,0,0,0,0,0
diário,AVALIAÇÃO DA PELE E MUCOSAS: Registre as informações mais distantes do normal entre 00:00 e 24:00 no dia da avaliação.,lesion_penis,Existem lesões no pênis?,"1, Sim | 0, Não | 99, Desconhecido",Isso se refere à presença de lesões mucosa no pênis.,"Indique 'sim', se houver lesões ativas envolvendo essa área entre 00:00 e 24:00 no dia da avaliação.",0,0,0,0,0,0
diário,AVALIAÇÃO DA PELE E MUCOSAS: Registre as informações mais distantes do normal entre 00:00 e 24:00 no dia da avaliação.,lesion_penis_stat,Estado das lesões no pênis,"1, Causando dor | 2, Sangramento ou secreção | 3, Ulceração","Refere-se ao estado das lesões mucosas no pênis. Uma lesão que causa dor está associada a uma sensação desagradável, incômoda ou dolorosa no local da lesão. Uma lesão que sangra ou secreta está associada a sangramento dos vasos sanguíneos ou secreção de líquido seroso/purulento no local da lesão. Uma lesão ulcerada está associada à erosão da membrana mucosa da boca, apresentando escavação local da superfície no local da lesão.","Selecione a opção mais adequada que represente o tipo de lesões que envolvem esta área, entre as 00:00 e as 24:00 do dia da avaliação.",0,0,0,0,0,0
diário,AVALIAÇÃO DA PELE E MUCOSAS: Registre as informações mais distantes do normal entre 00:00 e 24:00 no dia da avaliação.,lesion_othsite,Outro(s) local(is),"1, Sim | 0, Não | 99, Desconhecido",Refere-se à presença de lesões mucosas envolvendo outro(s) local(is).,"Indique “Sim” se houver lesões ativas envolvendo outro(s) local(is) entre 00:00 e 24:00 no dia da avaliação, não especificado acima.",0,0,0,0,0,0
diário,AVALIAÇÃO DA PELE E MUCOSAS: Registre as informações mais distantes do normal entre 00:00 e 24:00 no dia da avaliação.,lesion_othsite_spec,Especifique outro(s) local(is),,Refere-se à presença de lesões mucosas envolvendo outro(s) local(is).,"Se “Sim”, escreva a localização das lesões mucosas envolvendo outro(s) local(is).",0,0,0,0,0,
diário,AVALIAÇÃO DA PELE E MUCOSAS: Registre as informações mais distantes do normal entre 00:00 e 24:00 no dia da avaliação.,lesion_othstat,"Se sim, para outros sites: outros sites do (s) status da lesão","1, Causando dor | 2, Sangramento ou secreção | 3, Ulceração","Isso se refere ao status das lesões da mucosa envolvendo outros locais. Uma lesão que causa dor está associada a uma sensação desagradável, desconfortável ou dolorosa no local da lesão. Uma lesão que está sangrando ou descarregamento está associada ao sangramento dos vasos sanguíneos ou da descarga de fluido serosa / purulenta no local da lesão. Uma lesão ulcerada está associada à erosão da membrana mucosa da boca, mostrando escavação local da superfície no local da lesão.","Selecione a opção mais apropriada que representa o tipo de lesões que envolvem essa área, entre 00:00 e 24:00 no dia da avaliação.",0,0,0,0,0,0
diário,AVALIAÇÃO DA PELE E MUCOSAS: Registre as informações mais distantes do normal entre 00:00 e 24:00 no dia da avaliação.,lesion_24hr,As novas lesões de pele ou mucosa apareceram nas 24 horas anteriores? (pode ser melhor avaliado pelos pacientes),"1, Sim | 0, Não | 99, Desconhecido",Isso se refere à aparência de uma nova lesão de pele ou mucosa nas 24 horas anteriores.,"Indique 'sim', se novas lesões apareceram nas 24 horas anteriores.",0,0,0,0,0,0
diário,AVALIAÇÃO DA PELE E MUCOSAS: Registre as informações mais distantes do normal entre 00:00 e 24:00 no dia da avaliação.,lesion_sl,Número total estimado de lesões de pele no corpo,"0, Nenhum | 1, 1 | 2, 2-5 | 3, 6-9 | 4, 10-24 | 5, 25-49 | 6, 50-99 | 7, 100-250 | 8, 251-1000 | 9, >1000 ","Documente apenas lesões cutâneas relacionadas à infecção por patógeno de interesse. Lesões curadas (crosta ausente, pele fresca presente) não devem ser incluídas. Erupção cutânea da eritema multiforme ou qualquer outra causa não deve ser incluída.",Selecione a opção mais apropriada que melhor representa o número de lesões de pele entre 00:00 e 24:00 no dia da avaliação.,0,0,0,0,0,0
diário,AVALIAÇÃO DA PELE E MUCOSAS: Registre as informações mais distantes do normal entre 00:00 e 24:00 no dia da avaliação.,lesion_ml,Número total estimado de lesões da mucosa no corpo,"0, Nenhum | 1, 1 | 2, 2-5 | 3, 6-9 | 4, 10-24 | 5, 25-49 | 6, 50-99 | 7, 100-250 | 8, 251-1000 | 9, >1000 ","Documente apenas lesões mucosas relacionadas à infecção por patógeno de interesse. Lesões curadas (crosta ausente, pele fresca presente) não devem ser incluídas. Erupção cutânea da eritema multiforme ou qualquer outra causa não deve ser incluída.",Selecione a opção mais apropriada que melhor representa o número de lesões da mucosa entre 00:00 e 24:00 no dia da avaliação.,0,0,0,0,0,0
diário,AVALIAÇÃO DA PELE E MUCOSAS: Registre as informações mais distantes do normal entre 00:00 e 24:00 no dia da avaliação.,lesion_slpain,"Se sim: pontuação máxima da dor, onde 0 significa ""sem dor"" e 10 significa ""a pior dor possível"".","1, Sim | 0, Não | 99, Desconhecido","Isso se refere à classificação objetiva do paciente da gravidade da dor nos locais (s) da lesão, em uma escala de 0 a 10. Onde 0 representa ""sem dor"" e 10 representa a ""pior dor imaginável"".",Indique a classificação do paciente sobre a gravidade da dor nos locais (s) da lesão.,0,0,0,0,0,0
diário,AVALIAÇÃO DA PELE E MUCOSAS: Registre as informações mais distantes do normal entre 00:00 e 24:00 no dia da avaliação.,lesion_slpain_score,"Pontuação máxima da dor, em que 0 significa “sem dor” e 10 significa “a pior dor possível”.",,"Refere-se à classificação objetiva do paciente quanto à intensidade da dor no(s) local(is) da lesão, numa escala de 0 a 10. Em que 0 representa “sem dor” e 10 representa a “pior dor imaginável”.",Indique a classificação do paciente quanto à intensidade da dor no(s) local(is) da lesão.,0,0,0,0,0,
diário,AVALIAÇÃO DA PELE E MUCOSAS: Registre as informações mais distantes do normal entre 00:00 e 24:00 no dia da avaliação.,lesion_mlpain,"Se sim: pontuação máxima da dor, onde 0 significa ""sem dor"" e 10 significa ""a pior dor possível"".","1, Sim | 0, Não | 99, Desconhecido","Isso se refere à classificação objetiva do paciente da gravidade da dor nos locais (s) da lesão, em uma escala de 0 a 10. Onde 0 representa ""sem dor"" e 10 representa a ""pior dor imaginável"".",Indique a classificação do paciente sobre a gravidade da dor nos locais (s) da lesão.,0,0,0,0,0,0
diário,AVALIAÇÃO DA PELE E MUCOSAS: Registre as informações mais distantes do normal entre 00:00 e 24:00 no dia da avaliação.,lesion_mlpain_score,"Pontuação máxima da dor, em que 0 significa “sem dor” e 10 significa “a pior dor possível”.",,"Refere-se à classificação objetiva do paciente quanto à intensidade da dor no(s) local(is) da lesão, numa escala de 0 a 10. Em que 0 representa “sem dor” e 10 representa a “pior dor imaginável”.",Indique a classificação do paciente quanto à intensidade da dor no(s) local(is) da lesão.,0,0,0,0,0,
diário,AVALIAÇÃO DA PELE E MUCOSAS: Registre as informações mais distantes do normal entre 00:00 e 24:00 no dia da avaliação.,lesion_desc,Descreva qualquer outra complicação (s) da lesão,,"Refere-se a outras complicações da lesão que não foram especificadas acima. ","Descreva outras complicações da lesão que ocorreram ou foram identificadas entre 00:00 e 24:00 no dia da avaliação, que não foram especificadas acima.",0,0,0,0,0,
diário,TRATAMENTOS E INTERVENÇÕES: Registre todas as intervenções realizadas entre 00:00 e 24:00 no dia da avaliação.,treat_dailydata,Insira os dados de tratamentos e intervenções para esta data?,"1, Sim | 0, Não",Esta seção refere-se a tratamentos ou intervenções que são normalmente realizados e registrados na sala de emergência e/ou na enfermaria ou unidade médica de cuidados intensivos em que o paciente foi admitido entre 00:00 e 24:00 horas do dia da avaliação.,Indique “Sim” se foram realizados e registrados tratamentos ou intervenções entre 00:00 e 24:00 horas no dia da avaliação.,0,0,0,0,0,0
diário,TRATAMENTOS E INTERVENÇÕES: Registre todas as intervenções realizadas entre 00:00 e 24:00 no dia da avaliação.,treat_fluid,Fluidos,"1, Sim | 0, Não | 99, Desconhecido","Refere-se a quaisquer fluidos prescritos (orais ou parenterais/intravenosos), excluindo aqueles que o paciente consome de forma não prescrita na dieta.",Indique “Sim” se o paciente recebeu prescrição e recebeu fluidos entre 00:00 e 24:00 horas no dia da avaliação.,0,0,0,0,0,0
diário,TRATAMENTOS E INTERVENÇÕES: Registre todas as intervenções realizadas entre 00:00 e 24:00 no dia da avaliação.,treat_fluid_oral,Reidratação oral,"1, Sim | 0, Não | 99, Desconhecido",Isso se refere a fluidos enteral/orais para fins de reidratação.,"Indique 'sim', se o paciente recebeu reidratação oral entre 00:00 e 24:00 horas no dia da avaliação.",0,0,0,0,0,0
diário,TRATAMENTOS E INTERVENÇÕES: Registre todas as intervenções realizadas entre 00:00 e 24:00 no dia da avaliação.,treat_fluid_oralvol,Se sim: volume de reidratação oral (ml/24 horas),,Isso se refere a fluidos enteral/orais para fins de reidratação.,"Se 'sim', registre a quantidade de fluidos eneteral/orais para fins de reidratação dada entre 00:00 e 24:00 no dia da avaliação em mililitros (ML).",0,0,0,0,0,
diário,TRATAMENTOS E INTERVENÇÕES: Registre todas as intervenções realizadas entre 00:00 e 24:00 no dia da avaliação.,treat_fluid_parent,Fluido IV parenteral?,"1, Sim | 0, Não | 99, Desconhecido","Isso se refere ao fluido intravenoso, que inclui cristalóides, albumina, gelatina, amidos ou outras soluções.","Indique 'sim', se o paciente recebeu fluidos intravenosos entre 00:00 e 24:00 horas no dia da avaliação.",0,0,0,0,0,0
diário,TRATAMENTOS E INTERVENÇÕES: Registre todas as intervenções realizadas entre 00:00 e 24:00 no dia da avaliação.,treat_fluid_parent_type,Tipo de fluido intravenoso,,"Refere-se a fluidos intravenosos que incluem cristaloides, albumina, gelatina, amidos ou outras soluções.",Selecione a opção mais adequada correspondente ao tipo de fluido(s) intravenoso(s) ou parenteral(is) administrado(s).,0,0,0,0,0,
diário,TRATAMENTOS E INTERVENÇÕES: Registre todas as intervenções realizadas entre 00:00 e 24:00 no dia da avaliação.,treat_fluid_cryst,Volume cristalóide (ml/24 horas),,"Os fluidos cristalóides referem -se a soluções de sais minerais, incluindo solução salina normal (0,9%), solução de Ringer Lactated/Hartman, dextrose a 5% na água, 10% de dextrose em água, hipotônica e solução salina hipertônica, entre outros.",Registre o volume de fluido cristalóide que o paciente recebeu entre 00:00 e 24:00 no dia da avaliação em mililitros (ml).,0,0,0,0,0,
diário,TRATAMENTOS E INTERVENÇÕES: Registre todas as intervenções realizadas entre 00:00 e 24:00 no dia da avaliação.,treat_fluid_colloid,Volume de colóide (mL/24 horas),,"Os fluidos coloidais são soluções que contêm moléculas grandes, como proteínas ou polissacarídeos, que permanecem na corrente sanguínea por um período mais longo em comparação com os cristaloides. Esses fluidos ajudam a manter ou expandir o volume intravascular, atraindo água para os vasos sanguíneos por meio da pressão oncótica. Os colóides comuns incluem gelatinas, amidos ou albumina. ",Registre o volume de fluidos coloidais que o paciente recebeu entre 00:00 e 24:00 no dia da avaliação em mililitros (mL).,0,0,0,0,0,
diário,TRATAMENTOS E INTERVENÇÕES: Registre todas as intervenções realizadas entre 00:00 e 24:00 no dia da avaliação.,treat_blood,Produtos sanguíneos,"1, Sim | 0, Não | 99, Desconhecido","Refere-se a uma transfusão de sangue (sangue total ou glóbulos vermelhos concentrados) ou outros produtos sanguíneos, excluindo imunoglobulina humana normal (por exemplo, albumina, granulócitos, plaquetas, plasma fresco congelado (FFP), FP24, PF-24, crioprecipitado, concentrado de proteína C, criossupernatante ou um fator de coagulação não recombinante específico) em qualquer momento na data da avaliação. ","Indique “Sim” se o paciente recebeu produtos sanguíneos ou transfusão de produtos sanguíneos a qualquer momento entre 00:00 e 24:00 horas no dia da avaliação. Se “Sim”, selecione o(s) produto(s) abaixo.",0,0,0,0,0,0
diário,TRATAMENTOS E INTERVENÇÕES: Registre todas as intervenções realizadas entre 00:00 e 24:00 no dia da avaliação.,treat_blood_type,Se sim: selecione todos os produtos sanguíneos que foram administrados.,"1, Plaquetas | 2, Crioprecipitado | 3, Sangue total | 4, Plasma fresco congelado | 5, Concentrado de fibrinogênio | 6, Concentrado de hemácias (concentrado de glóbulos vermelhos)","Isso se refere a uma transfusão de sangue (sangue inteiro ou glóbulos vermelhos compactados) ou outros produtos sanguíneos que excluem imunoglobulina normal humana (por exemplo, albumina, granulócitos, plaquetas, plasma fresco congelado (FFP), FP24, PF-24, crioprecipitado, proteína C, concentrado, criosupernatant ou um fator de coagulação não recombinante específico) a qualquer momento no data de avaliação. As plaquetas referem -se à transferência de plaquetas de sangue de um doador para um destinatário ou reinfusão para o doador. O crioprecipitado refere -se a um produto sanguíneo congelado preparado a partir do plasma congelado que contém fibrinogênio (fator I), fator anti -hemofílico (fator VIII), fator XIII, fator von Willebrand (VWF) e fibronectina. O sangue total refere -se à administração intravenosa de sangue total (sangue que contém glóbulos plasmáticos e vermelhos) em um indivíduo. RBC embalado refere -se a glóbulos vermelhos de uma unidade de sangue total após a remoção da maior parte do plasma, deixando uma unidade com um hematócrito de cerca de 60%. O plasma congelado fresco refere -se ao plasma que é separado do sangue inteiro e congelado rapidamente após uma doação de sangue para ser usado para transfusões de sangue. O concentrado de fibrinogênio é um agente hemostático usado para o tratamento de episódios de sangramento agudo em pacientes com deficiência congênita de fibrinogênio, incluindo afibrinogenemia e hipofibrinogenemia.",Selecione as opções mais apropriadas correspondentes aos produtos sanguíneos que foram administrados.,0,0,0,0,0,0
diário,TRATAMENTOS E INTERVENÇÕES: Registre todas as intervenções realizadas entre 00:00 e 24:00 no dia da avaliação.,treat_blood_plate,Plaquetas (unidades/24 horas),,As plaquetas referem -se à transferência de plaquetas de sangue de um doador para um destinatário ou reinfusão para o doador.,Registre o número de unidades que o paciente recebeu entre 00:00 e 24:00 no dia da avaliação em mililitros (ML).,0,0,0,0,0,
diário,TRATAMENTOS E INTERVENÇÕES: Registre todas as intervenções realizadas entre 00:00 e 24:00 no dia da avaliação.,treat_blood_cryo,Crioprecipitado (unidades/24 horas),,"O crioprecipitado refere -se a um produto sanguíneo congelado preparado a partir do plasma congelado que contém fibrinogênio (fator I), fator anti -hemofílico (fator VIII), fator XIII, fator de von Willebrand (VWF) e fibronectina. contém fibrinogênio (fator I), fator anti -hemofílico (fator Viii), fator xiii, fator de von Willebrand (VWF) e fibronectina.",Registre o número de unidades que o paciente recebeu entre 00:00 e 24:00 no dia da avaliação em mililitros (ML).,0,0,0,0,0,
diário,TRATAMENTOS E INTERVENÇÕES: Registre todas as intervenções realizadas entre 00:00 e 24:00 no dia da avaliação.,treat_blood_whole,Sangue inteiro / volume RBC embalado (unidades / 24 horas),,"O sangue total refere -se à administração intravenosa de sangue total (sangue que contém glóbulos plasmáticos e vermelhos) em um indivíduo. RBC embalado refere -se a glóbulos vermelhos de uma unidade de sangue total após a remoção da maior parte do plasma, deixando uma unidade com um hematócrito de cerca de 60%.",Registre o número de unidades que o paciente recebeu entre 00:00 e 24:00 no dia da avaliação em mililitros (ML).,0,0,0,0,0,
diário,TRATAMENTOS E INTERVENÇÕES: Registre todas as intervenções realizadas entre 00:00 e 24:00 no dia da avaliação.,treat_blood_plasma,Plasma fresco congelado (unidades/24 horas),,O plasma congelado fresco refere -se ao plasma que é separado do sangue inteiro e congelado rapidamente após uma doação de sangue para ser usado para transfusões de sangue.,Registre o número de unidades que o paciente recebeu entre 00:00 e 24:00 no dia da avaliação em mililitros (ML).,0,0,0,0,0,
diário,TRATAMENTOS E INTERVENÇÕES: Registre todas as intervenções realizadas entre 00:00 e 24:00 no dia da avaliação.,treat_blood_fibrin,Concentrado de fibrinogênio (unidades/24 horas),,"O concentrado de fibrinogênio é um agente hemostático usado para o tratamento de episódios de sangramento agudo em pacientes com deficiência congênita de fibrinogênio, incluindo afibrinogenemia e hipofibrinogenemia.",Registre o número de unidades que o paciente recebeu entre 00:00 e 24:00 no dia da avaliação em mililitros (ML).,0,0,0,0,0,
diário,TRATAMENTOS E INTERVENÇÕES: Registre todas as intervenções realizadas entre 00:00 e 24:00 no dia da avaliação.,treat_blood_rcc,Concentrado de hemácias (unidades/24 horas),,"RBC concentrado refere-se aos glóbulos vermelhos de uma unidade de sangue total após a remoção da maior parte do plasma, deixando uma unidade com um hematócrito de cerca de 60%.",Registre o número de unidades que o paciente recebeu entre 00:00 e 24:00 no dia da avaliação em mililitros (mL).,0,0,0,0,0,
diário,TRATAMENTOS E INTERVENÇÕES: Registre todas as intervenções realizadas entre 00:00 e 24:00 no dia da avaliação.,treat_intravenim,Imunoglobulina intravenosa,"1, Sim | 0, Não | 99, Desconhecido","This refers to immunoglobulin preparations used in intravenous infusion, containing primarily Immunoglobulin G (IgG).Examples of commercial intravenous immunoglobulin IVIG preparations include Octagam®, Intragam P®, KIOVIG®, Flebogamma 5% DIF®, Carimune NF®, Gamunex®, Gammagard S/D®, Gammagard Liquid®, Gammaked® e Privigen®.","Indique 'sim', se o paciente recebeu imunoglobulina intravenosa entre 00:00 e 24:00 horas no dia da avaliação.",0,0,0,0,0,0
diário,TRATAMENTOS E INTERVENÇÕES: Registre todas as intervenções realizadas entre 00:00 e 24:00 no dia da avaliação.,treat_plasmapher,Plasmaférese / troca de plasma,"1, Sim | 0, Não | 99, Desconhecido","A plasmaférese (troca de plasma) refere -se à separação extracorpórea de componentes sanguíneos, resultando em um produto filtrado. Os métodos incluem centrifugação de fluxo descontínuo, centrifugação de fluxo contínuo e filtração plasmática.","Indique 'sim', se o paciente recebeu plasmaférese entre 00:00 e 24:00 horas no dia da avaliação.",0,0,0,0,0,0
diário,TRATAMENTOS E INTERVENÇÕES: Registre todas as intervenções realizadas entre 00:00 e 24:00 no dia da avaliação.,treat_antibiotic,Antibióticos,"1, Sim | 0, Não | 99, Desconhecido",Antibiótico refere -se a qualquer agente (s) que atinja seletivamente as bactérias. Os preparativos tópicos não devem ser registrados.,"Indique 'sim', se o paciente recebeu antibióticos entre 00:00 e 24:00 horas no dia da avaliação",0,0,0,0,0,0
diário,TRATAMENTOS E INTERVENÇÕES: Registre todas as intervenções realizadas entre 00:00 e 24:00 no dia da avaliação.,treat_steroids,Corticosteróides,"1, Sim | 0, Não | 99, Desconhecido","Os corticosteróides (geralmente chamados de 'esteróides') referem -se a todos os tipos de corticosteróide terapêutico, fabricados no córtex adrenal (a parte externa da glândula adrenal). Eles também são feitos em laboratório. Os exemplos incluem: prednisolona, ​​prednisona, metil-prednisolona, ​​dexametasona, hidrocortisona, fluticasona, betametasona. Os preparativos tópicos não estão incluídos, mas os preparativos inalados estão incluídos.","Indique 'sim', se o paciente recebeu 'esteróides' entre 00:00 e 24:00 horas no dia da avaliação.",0,0,0,0,0,0
diário,TRATAMENTOS E INTERVENÇÕES: Registre todas as intervenções realizadas entre 00:00 e 24:00 no dia da avaliação.,treat_other,Outras intervenções ou procedimentos,"1, Sim | 0, Não | 99, Desconhecido",Refere-se a qualquer outra intervenção ou procedimento terapêutico específico não caracterizado de outra forma que você acredita ser relevante.,Indique “Sim” se outras intervenções ou procedimentos foram utilizados entre as 00:00 e as 24:00 horas do dia da avaliação.,0,0,0,0,0,0
diário,TRATAMENTOS E INTERVENÇÕES: Registre todas as intervenções realizadas entre 00:00 e 24:00 no dia da avaliação.,treat_other_spec,Especifique outras intervenções ou procedimentos,,Refere-se a qualquer outra intervenção ou procedimento terapêutico específico não caracterizado de outra forma que você acredita ser relevante.,"Se “Sim”, especifique as intervenções terapêuticas ou procedimentos não caracterizados que você acredita serem relevantes.",0,0,0,0,0,
diário,SUPORTE RESPIRATÓRIO: Registre todas as intervenções respiratórias realizadas entre 00:00 e 24:00 no dia da avaliação.,treat_o2supp,Suporte respiratório,"1, Sim | 0, Não | 99, Desconhecido","Refere-se a qualquer método de oxigenoterapia que possa ser administrado por meio de cânula nasal, máscara ou ventilação não invasiva ou invasiva.",Indique “Sim” se o paciente recebeu oxigênio suplementar entre 00:00 e 24:00 horas no dia da avaliação.,0,0,0,0,0,0
diário,SUPORTE RESPIRATÓRIO: Registre todas as intervenções respiratórias realizadas entre 00:00 e 24:00 no dia da avaliação.,treat_nasalprongs,Canulagem nasal,"1, Sim | 0, Não | 99, Desconhecido",Refere-se a pontas nasais ou cânulas nasais que administram oxigênio através de duas pequenas pontas ou cânulas inseridas nas narinas.,Indique “Sim” se este modo de suporte respiratório foi utilizado para administrar oxigênio suplementar ao paciente entre 00:00 e 24:00 horas no dia da avaliação.,0,0,0,0,0,0
diário,SUPORTE RESPIRATÓRIO: Registre todas as intervenções respiratórias realizadas entre 00:00 e 24:00 no dia da avaliação.,treat_facemask,Máscara facial,"1, Sim | 0, Não | 99, Desconhecido","Refere-se a uma máscara facial simples de oxigênio que é um dispositivo colocado sobre o nariz, boca ou traqueostomia do paciente para administrar oxigênio às vias respiratórias.",Indique “Sim” se este modo de suporte respiratório foi utilizado para administrar oxigênio suplementar ao paciente entre 00:00 e 24:00 horas no dia da avaliação.,0,0,0,0,0,0
diário,SUPORTE RESPIRATÓRIO: Registre todas as intervenções respiratórias realizadas entre 00:00 e 24:00 no dia da avaliação.,treat_hfno,Oxigênio nasal de alto fluxo,"1, Sim | 0, Não | 99, Desconhecido","Refere-se à oxigenoterapia nasal de alto fluxo, que é um suporte respiratório não invasivo que fornece ar aquecido, umidificado e enriquecido com oxigênio aos pacientes em taxas de fluxo superiores às normalmente fornecidas por dispositivos de oxigênio de fluxo padrão.",Indique “Sim” se este modo de suporte respiratório foi utilizado para administrar oxigênio suplementar ao paciente entre 00:00 e 24:00 horas no dia da avaliação.,0,0,0,0,0,0
diário,SUPORTE RESPIRATÓRIO: Registre todas as intervenções respiratórias realizadas entre 00:00 e 24:00 no dia da avaliação.,treat_niv,Ventilação não invasiva,"1, Sim | 0, Não | 99, Desconhecido","Refere-se à ventilação não invasiva, que fornece suporte ventilatório através das vias aéreas superiores do paciente usando uma máscara ou dispositivo semelhante, sem a necessidade de intubação traqueal. Exemplos incluem pressão positiva contínua nas vias aéreas (CPAP) e pressão positiva contínua bifásica nas vias aéreas (BiPAP). ",Indique “Sim” se este modo de suporte respiratório foi utilizado para administrar oxigênio suplementar ao paciente entre 00:00 e 24:00 horas no dia da avaliação.,0,0,0,0,0,0
diário,SUPORTE RESPIRATÓRIO: Registre todas as intervenções respiratórias realizadas entre 00:00 e 24:00 no dia da avaliação.,treat_niv_type,Tipo de ventilação não invasiva,"1, CPAP | 2, BIPAP | 99, Desconhecido | 88, Outro",Refere-se ao tipo de suporte respiratório não invasivo ou ventilação (VNI) utilizado. A pressão positiva contínua nas vias aéreas (CPAP) é uma técnica que utiliza uma pressão nas vias aéreas mantida continuamente acima da pressão atmosférica durante todo o ciclo respiratório para apoiar a atividade respiratória espontânea. A pressão positiva contínua bifásica nas vias aéreas (BPAP) utiliza uma alteração cíclica do nível de pressão positiva aplicada nas vias aéreas para apoiar a atividade respiratória espontânea.,Selecione a opção mais adequada correspondente ao tipo de VNI utilizado entre as 00:00 e as 24:00 horas do dia da avaliação.,0,0,0,0,0,0
diário,SUPORTE RESPIRATÓRIO: Registre todas as intervenções respiratórias realizadas entre 00:00 e 24:00 no dia da avaliação.,treat_niv_type_oth,Especifique outro tipo de ventilação não invasiva,,Isso se refere ao tipo de suporte respiratório não invasivo ou ventilação (NIV) utilizado.,"Se “Outro”, especifique outro tipo de ventilação não invasiva.",0,0,0,0,0,
diário,SUPORTE RESPIRATÓRIO: Registre todas as intervenções respiratórias realizadas entre 00:00 e 24:00 no dia da avaliação.,treat_imv,Ventilação invasiva,"1, Sim | 0, Não | 99, Desconhecido","Isso se refere à ventilação mecânica invasiva (IMV), que indica que o paciente foi submetido a intubação traqueal para auxiliar ou substituir mecanicamente a respiração espontânea em pacientes, utilizando um dispositivo motorizado que força o ar oxigenado para dentro dos pulmões. O modo de intubação pode ser orotraqueal, nasotraqueal ou por meio de uma cricotirotomia ou traqueotomia.",Indique “Sim” se este modo de suporte respiratório foi utilizado para administrar oxigênio suplementar ao paciente entre 00:00 e 24:00 horas no dia da avaliação.,0,0,0,0,0,0
diário,SUPORTE RESPIRATÓRIO: Registre todas as intervenções respiratórias realizadas entre 00:00 e 24:00 no dia da avaliação.,treat_ecmo,ECLS/ECMO,"1, Sim | 0, Não | 99, Desconhecido","Refere-se à oxigenação por membrana extracorpórea (ECMO), também chamada de suporte de vida extracorpóreo (ECLS), que é a aplicação de um sistema de suporte de vida que circula o sangue através de um sistema de oxigenação e pode consistir em uma bomba, um oxigenador de membrana e um trocador de calor.",Indique “Sim” se este modo de suporte respiratório foi utilizado para administrar oxigênio suplementar ao paciente entre 00:00 e 24:00 horas no dia da avaliação.,0,0,0,0,0,0
diário,SUPORTE RESPIRATÓRIO: Registre todas as intervenções respiratórias realizadas entre 00:00 e 24:00 no dia da avaliação.,treat_ecmo_type,Tipo de ECLS/ECMO,"1, Veno-venosa (VV) | 2, Veno-arterial (VA) | 99, Desconhecido","Refere-se ao tipo de oxigenação por membrana extracorpórea (ECMO), também chamada de suporte de vida extracorpóreo (ECLS). A ECMO/ECLS veno-venosa (venosa-venosa) é usada para apoiar os pulmões e a ECLS/ECMO veno-arterial (venosa-arterial) é usada para apoiar os pulmões e o coração.",Selecione a opção mais adequada correspondente ao tipo de ECLS/ECMO utilizado entre as 00:00 e as 24:00 horas do dia da avaliação.,0,0,0,0,0,0
diário,SUPORTE RESPIRATÓRIO: Registre todas as intervenções respiratórias realizadas entre 00:00 e 24:00 no dia da avaliação.,treat_prone,Posicionamento propenso,"1, Sim | 0, Não | 99, Desconhecido","Refere-se ao posicionamento prono, que é o ato de colocar o paciente deitado em posição prona para auxiliar a ventilação. Inclui pacientes com ventilação invasiva (intubados) e pacientes não intubados ou com ventilação autônoma.","Indique 'sim', para qualquer paciente, se eles estiverem em posição propensa a ajudar sua ventilação a qualquer momento durante a admissão. Se 'sim' indicar que tipo de ventilação estava ocorrendo enquanto o posicionamento propenso abaixo.",0,0,0,0,0,0
diário,SUPORTE RESPIRATÓRIO: Registre todas as intervenções respiratórias realizadas entre 00:00 e 24:00 no dia da avaliação.,treat_prone_when,Se sim: Quando foi o posicionamento de bruços?,"1, Durante ventilação invasiva | 2, Durante ventilação espontânea | 99, Desconhecido","Refere-se ao tipo de ventilação assistida quando o paciente foi colocado em posição prona. Pode ser ventilação invasiva (intubados) ou pacientes não intubados/com ventilação autônoma. ",Especifique o tipo de ventilação assistida administrada quando o paciente foi colocado em posição propensa.,0,0,0,0,0,0
diário,SUPORTE RESPIRATÓRIO: Registre todas as intervenções respiratórias realizadas entre 00:00 e 24:00 no dia da avaliação.,treat_pao2yn,Tipo de amostra de PaO2,"1, Arterial | 2, Capilar | 3, Venoso | 99, Desconhecido | 0, Não realizado",Refere-se ao tipo de amostra de sangue utilizada para medir a pressão parcial de oxigênio no sangue (PaO2) através da análise dos gases sanguíneos.,Selecione o tipo de amostra de sangue usada para medir a pressão parcial de oxigênio.,0,0,0,0,0,0
diário,SUPORTE RESPIRATÓRIO: Registre todas as intervenções respiratórias realizadas entre 00:00 e 24:00 no dia da avaliação.,treat_pao2,PAO2 (unidades selecionadas),,,,0,0,0,,,
diário,SUPORTE RESPIRATÓRIO: Registre todas as intervenções respiratórias realizadas entre 00:00 e 24:00 no dia da avaliação.,treat_pao2_units,PaO2 (selecionar unidades),"1,mmHg | 2, kPa",,,0,0,0,,,0
diário,SUPORTE RESPIRATÓRIO: Registre todas as intervenções respiratórias realizadas entre 00:00 e 24:00 no dia da avaliação.,treat_pao2_kpa,PAO2 (KPA),,Isso se refere ao menor PAO2 (em KPA) entre 00:00 e 24:00 no dia da avaliação.,Registre o PAO2 mais baixo (no KPA) que foi medido entre 00:00 e 24:00 horas no dia da avaliação.,0,0,0,0,0,
diário,SUPORTE RESPIRATÓRIO: Registre todas as intervenções respiratórias realizadas entre 00:00 e 24:00 no dia da avaliação.,treat_pao2_mmhg,PAO2 (MMHG),,Isso se refere ao menor PAO2 (no MMHG) entre 00:00 e 24:00 no dia da avaliação.,Registre o PAO2 mais baixo (no MMHG) que foi medido entre 00:00 e 24:00 horas no dia da avaliação.,0,0,0,0,0,
diário,SUPORTE RESPIRATÓRIO: Registre todas as intervenções respiratórias realizadas entre 00:00 e 24:00 no dia da avaliação.,treat_highfio,FIO2 no momento do PAO2 (unidades selecionadas),,,,0,0,0,,,
diário,SUPORTE RESPIRATÓRIO: Registre todas as intervenções respiratórias realizadas entre 00:00 e 24:00 no dia da avaliação.,treat_highfio_units,FiO2 no momento da PaO2 (selecionar unidades),"1, fração, 0,21-1,0 | 2,%, 21-100",,,0,0,0,,,0
diário,SUPORTE RESPIRATÓRIO: Registre todas as intervenções respiratórias realizadas entre 00:00 e 24:00 no dia da avaliação.,treat_highfio_02110,"FIO2 no momento do PAO2 (fração, 0,21-1,0)",,"Isso se refere à fração medida do oxigênio inspirado (FIO2), expresso como uma fração. entregue no momento do menor PAO2 (pressão parcial de oxigênio no sangue) registrada acima.",Escreva o FIO2 no momento do PAO2 mais baixo (registrado acima) que ocorreu a qualquer momento entre 00:00 e 24:00 no dia da avaliação.,0,0,0,0,0,
diário,SUPORTE RESPIRATÓRIO: Registre todas as intervenções respiratórias realizadas entre 00:00 e 24:00 no dia da avaliação.,treat_highfio_pcnt,"FIO2 no momento do PAO2 (%, 21-100)",,"Isso se refere à fração medida do oxigênio inspirado (FIO2), expresso como uma porcentagem, entregue no momento da menor PAO2 (pressão parcial do oxigênio no sangue) registrada acima.",Escreva o FIO2 no momento do PAO2 mais baixo (registrado acima) que ocorreu a qualquer momento entre 00:00 e 24:00 no dia da avaliação.,0,0,0,0,0,
diário,SUPORTE RESPIRATÓRIO: Registre todas as intervenções respiratórias realizadas entre 00:00 e 24:00 no dia da avaliação.,treat_o2supp_oth,Outras intervenções ou procedimentos de suporte respiratório,"1, Sim | 0, Não | 99, Desconhecido",Refere-se a qualquer outra intervenção ou procedimento específico de suporte respiratório não caracterizado de outra forma que você acredita ser relevante.,Indique “Sim” se outras intervenções ou procedimentos de suporte respiratório foram usados entre 00:00 e 24:00 horas no dia da avaliação.,0,0,0,0,0,0
diário,SUPORTE RESPIRATÓRIO: Registre todas as intervenções respiratórias realizadas entre 00:00 e 24:00 no dia da avaliação.,treat_o2supp_oth_spec,Especifique outras intervenções ou procedimentos de suporte respiratório,,Refere-se a qualquer outra intervenção ou procedimento específico de suporte respiratório não caracterizado de outra forma que você acredita ser relevante.,"Se “Sim”, especifique as intervenções ou procedimentos de suporte respiratório não caracterizados que você acredita serem relevantes.",0,0,0,0,0,
diário,INTERVENÇÕES DE CUIDADOS AVANÇADOS: Registre todas as intervenções de cuidados avançados realizadas entre 00:00 e 24:00 no dia da avaliação.,critd_critcare,As intervenções de cuidados intensivos foram administrados nesta data?,"1, Sim | 0, Não | 99, Desconhecido",Isso se refere à intervenção terapêutica (s) ou procedimento (s) ou procedimento (s) que foram administrados entre 00:00 e 24:00 horas no dia da avaliação.,"Indique 'sim', se as informações críticas foram administradas entre 00:00 e 24:00 horas no dia da avaliação.",0,0,0,0,0,0
diário,INTERVENÇÕES DE CUIDADOS AVANÇADOS: Registre todas as intervenções de cuidados avançados realizadas entre 00:00 e 24:00 no dia da avaliação.,critd_icu,ICU / ITU / HDU / Intermediária Admissão da Unidade de Cuidados,"1, Sim | 0, Não | 99, Desconhecido","Isso se refere a unidades de terapia intensiva (UTI), unidades intensivas de terapia/tratamento (UTU), unidades de cuidados intensivos, unidades de alta dependência (HDU) ou unidade de nível semelhante.","Indique “Sim” se o paciente foi admitido na UTI (ou unidade de nível semelhante) entre 00:00 e 24:00 horas no dia da avaliação. ",0,0,0,0,0,0
diário,INTERVENÇÕES DE CUIDADOS AVANÇADOS: Registre todas as intervenções de cuidados avançados realizadas entre 00:00 e 24:00 no dia da avaliação.,critd_neuromusc,Agentes de bloqueio neuromuscular,"1, Sim | 0, Não | 99, Desconhecido","Isso se refere ao uso de bloqueadores neuromusculares. Exemplos incluem Atracurium, Cisatracurium, Nimbex, Norcuron, Pancurônio, Pavulon, Rocurônio, Trácrio, Vecurônio, Zemuron.","Indique 'sim', se os bloqueadores neuromusculares foram usados ​​entre 00:00 e 24:00 horas no dia da avaliação.",0,0,0,0,0,0
diário,INTERVENÇÕES DE CUIDADOS AVANÇADOS: Registre todas as intervenções de cuidados avançados realizadas entre 00:00 e 24:00 no dia da avaliação.,critd_nitricoxide,Óxido nítrico inalado,"1, Sim | 0, Não | 99, Desconhecido",Refere -se ao óxido nítrico como inalante normalmente usado para insuficiência respiratória hipóxica entre outros usos.,Indique 'sim' se o óxido nítrico inalado foi usado a qualquer momento entre 00:00 e 24:00 horas no dia da avaliação.,0,0,0,0,0,0
diário,INTERVENÇÕES DE CUIDADOS AVANÇADOS: Registre todas as intervenções de cuidados avançados realizadas entre 00:00 e 24:00 no dia da avaliação.,critd_tracheostmy,Traqueostomia inserida,"1, Sim | 0, Não | 99, Desconhecido","Isso se refere à formação cirúrgica de uma abertura na traquéia através do pescoço, ou a abertura assim criada.",Indique 'sim' se isso ocorreu a qualquer momento entre 00:00 e 24:00 no dia da avaliação.,0,0,0,0,0,0
diário,INTERVENÇÕES DE CUIDADOS AVANÇADOS: Registre todas as intervenções de cuidados avançados realizadas entre 00:00 e 24:00 no dia da avaliação.,critd_rtt,Terapia de reposição renal (RRT) ou diálise / hemofiltração,"1, Sim | 0, Não | 99, Desconhecido","Isso se refere a tratamentos que substituem a função de filtragem no sangue dos rins. Inclui diálise (hemodiálise ou diálise peritoneal), hemofiltração e hemodiafiltração. O transplante de rim também pode ser considerado uma terapia de reposição renal. Pode ser intermitente ou contínuo.",Indique 'sim' se isso ocorreu a qualquer momento entre 00:00 e 24:00 no dia da avaliação.,0,0,0,0,0,0
diário,INTERVENÇÕES DE CUIDADOS AVANÇADOS: Registre todas as intervenções de cuidados avançados realizadas entre 00:00 e 24:00 no dia da avaliação.,critd_rtt_typ,Se sim: tipo de terapia de reposição renal (RRT) ou diálise / hemofiltração,"1, Intermitente | 2, Contínua | 99, Desconhecido","Isso se refere a tratamentos que substituem a função de filtragem no sangue dos rins. Inclui diálise (hemodiálise ou diálise peritoneal), hemofiltração e hemodiafiltração. O transplante de rim também pode ser considerado uma terapia de reposição renal. Pode ser intermitente ou contínuo. Intermitente refere-se a procedimentos com purificação sanguínea não contínua (por exemplo, diálise, filtração e/ou perfusão) via acesso vascular aumentando a taxa de fluxo sanguíneo. Contínuo refere -se a procedimentos com purificação contínua no sangue (por exemplo, diálise, filtração ou perfusão) via acesso vascular projetado para imitar a função renal em doenças renais",Selecione a opção mais apropriada correspondente ao tipo de terapia de reposição renal (RRT) ou diálise / hemofiltração,0,0,0,0,0,0
diário,INTERVENÇÕES DE CUIDADOS AVANÇADOS: Registre todas as intervenções de cuidados avançados realizadas entre 00:00 e 24:00 no dia da avaliação.,critd_vasopress,Qualquer suporte vasopressor / inotrópico,"1, Sim | 0, Não | 99, Desconhecido","Isso se refere ao uso contínuo de um vasopressor ou inotrope por pelo menos uma hora. Um vasopressor é um agente farmacêutico que causa vasoconstrição. Os agentes incluem noradrenalina, epinefrina, vasopressina, terlipressina e fenilefrina. Um inótropo é um agente farmacêutico que altera a força da contratilidade do miocárdio. Os inotropos ""positivos"" comumente usados ​​incluem dobutamina, dopamina, milrinona e adrenalina (epinefrina).","Indique 'sim', se esse agente foi usado por pelo menos uma hora entre 00:00 e 24:00 horas no dia da avaliação. Indique a quantidade usada abaixo.",0,0,0,0,0,0
diário,INTERVENÇÕES DE CUIDADOS AVANÇADOS: Registre todas as intervenções de cuidados avançados realizadas entre 00:00 e 24:00 no dia da avaliação.,critd_vasopress_reas,"1, Choque | 2, Hipotensão persistente | 88, Outro | 99, Desconhecido","1, Shock | 2, Persistent hypotension | 88, Other | 99, Unknown","Refere-se ao motivo do uso de vasopressores ou inotrópicos. O choque é definido como insuficiência circulatória com fornecimento inadequado de oxigênio aos tecidos e é avaliado pela medição de parâmetros hemodinâmicos objetivos, incluindo pressão de pulso, pressão arterial sistólica e sinais clínicos de hipoperfusão. Um paciente é classificado como estando em choque se atender aos seguintes marcadores hemodinâmicos objetivos: OU pressão de pulso <= 20 mmHg ou índice de choque (frequência cardíaca/PAS) >= 1,0 em adultos e crianças > 5 anos; OU PAS abaixo dos limites absolutos: adultos PAS < 90 mmHg ou PAM < 60; crianças < 1 ano: PAS < 70 mmHg; 1-10 anos: PAS < [70 + (2 * idade em anos)] mmHg; > 10 anos: PAS < 90 mmHg; E evidência objetiva de hipoperfusão com pelo menos um dos seguintes: CRT periférico > 2s; débito urinário < 0,5 ml/kg/h por >= 6 horas (se viável); periféricos frios/úmidos; ou agitação ou estado mental alterado. A hipotensão persistente é confirmada quando são necessários bolus adicionais de fluidos (>= 10 ml/kg por bolus) ou fluidos IV contínuos a >= 2 vezes a taxa de manutenção (pacientes cuja hipotensão se resolve após um único bolus ou aqueles com hipotensão devido a causas não infecciosas (por exemplo, hemorragia, choque cardiogênico) são excluídos desta definição).","Selecione a(s) opção(ões) mais adequada(s) que representa(m) o(s) motivo(s) para o uso de vasopressores/inotrópicos. ",0,0,0,0,0,0
diário,INTERVENÇÕES DE CUIDADOS AVANÇADOS: Registre todas as intervenções de cuidados avançados realizadas entre 00:00 e 24:00 no dia da avaliação.,critd_vasopress_reasoth,Specify other reason for vaspressor / inotrope use,,Refere-se ao motivo do uso de vasopressores ou inotrópicos.,"Se “Outro”, especifique o motivo para o uso de vasopressores ou inotrópicos.",0,0,0,0,0,
diário,INTERVENÇÕES DE CUIDADOS AVANÇADOS: Registre todas as intervenções de cuidados avançados realizadas entre 00:00 e 24:00 no dia da avaliação.,critd_vasopress1,"Se sim, para qualquer suporte vasopressor/inotrópico: dopamina <5ug/kg/min ou Dobutamina ou milrinona ou levosimendan","1, Sim | 0, Não | 99, Desconhecido",Isso se refere ao tipo de vasopressores utilizados.,"Indique 'sim', se esse (s) agente (s) foi usado por pelo menos uma hora entre 00:00 e 24:00 horas no dia da avaliação. Indique a quantidade usada abaixo.",0,0,0,0,0,0
diário,INTERVENÇÕES DE CUIDADOS AVANÇADOS: Registre todas as intervenções de cuidados avançados realizadas entre 00:00 e 24:00 no dia da avaliação.,critd_vasopress2,"Se sim, para qualquer suporte vasopressor/inotrópico: dopamina 5-15ug/kg/min ou epinefrina (adrenalina)/noradrepinefrina (noradrenalina) <0.1ug/kg/min ou vasopressina ou fenilefrina","1, Sim | 0, Não | 99, Desconhecido",Isso se refere ao tipo de vasopressores utilizados.,"Indique 'sim', se esse (s) agente (s) foi usado por pelo menos uma hora entre 00:00 e 24:00 horas no dia da avaliação. Indique a quantidade usada abaixo.",0,0,0,0,0,0
diário,INTERVENÇÕES DE CUIDADOS AVANÇADOS: Registre todas as intervenções de cuidados avançados realizadas entre 00:00 e 24:00 no dia da avaliação.,critd_vasopress3,"Se sim, para qualquer suporte vasopressor/inotrópico: dopamina> 15ug/kg/min ou epinefrina (adrenalina)/noradrenalina (noradrenalina)> 0,1ug/kg/min","1, Sim | 0, Não | 99, Desconhecido",Isso se refere ao tipo de vasopressores utilizados.,"Indique 'sim', se esse (s) agente (s) foi usado por pelo menos uma hora entre 00:00 e 24:00 horas no dia da avaliação. Indique a quantidade usada abaixo.",0,0,0,0,0,0
diário,INTERVENÇÕES DE CUIDADOS AVANÇADOS: Registre todas as intervenções de cuidados avançados realizadas entre 00:00 e 24:00 no dia da avaliação.,critd_vasopress_type,"1, Dopamina (<5ug/kg/min)  | 2, Dopamina (5-15ug/kg/min) | 3, Dopamina (>15ug/kg/min) | 4, Norepinefrina (noradrenalina) < 0,1ug/kg/min | 5, Norepinefrina (noradrenalina) > 0,1ug/kg/min |6, Epinefrina (adrenalina) | 7, Dobutamina | 8, Milrinona  | 9, Levosimendan | 10, Vasopressina|11,Fenilefrina| 12,Terlipressina |13,Angiotensina II","1, Dopamine (<5ug/kg/min)  | 2, Dopamine (5-15ug/kg/min) | 3, Dopamine (>15ug/kg/min) | 4, Norepinephrine (noradrenaline) < 0.1ug/kg/min | 5, Norepinephrine (noradrenaline) > 0.1ug/kg/min |6, Epinephrine (adrenaline) | 7, Dobutamine | 8, Milrinone  | 9, Levosimendan | 10, Vasopressin|11,Phenylephrine| 12,Terlipressin |13,Angiotensin-II",Refere-se ao tipo de vasopressores utilizados.,Selecione a(s) opção(ões) mais adequada(s) se esses agentes foram usados por pelo menos uma hora entre 00:00 e 24:00 horas no dia da avaliação.,0,0,0,0,0,0
diário,INTERVENÇÕES DE CUIDADOS AVANÇADOS: Registre todas as intervenções de cuidados avançados realizadas entre 00:00 e 24:00 no dia da avaliação.,critd_critcareunlst,Outras intervenções de cuidados intensivos ou procedimentos (s) ou procedimentos,"1, Sim | 0, Não | 99, Desconhecido",Isso refere -se a qualquer outra intervenção terapêutica (s) ou procedimento (s) ou procedimento (s) específica (s) que você acredita que possa ser relevante.,Indique “Sim” se outras intervenções ou procedimentos de cuidados intensivos foram utilizados entre as 00:00 e as 24:00 horas do dia da avaliação.,0,0,0,0,0,0
diário,INTERVENÇÕES DE CUIDADOS AVANÇADOS: Registre todas as intervenções de cuidados avançados realizadas entre 00:00 e 24:00 no dia da avaliação.,critd_critcareunlst_oth,Se o outro: especifique outras intervenções de cuidados intensivos ou procedimentos (s) ou procedimentos (s),,Isso refere -se a qualquer outra intervenção terapêutica (s) ou procedimento (s) ou procedimento (s) específica (s) que você acredita que possa ser relevante.,"Se 'sim', especifique a intervenção terapêutica (s) ou procedimento (s) ou procedimento (s) que você acredita que pode ser relevante.",0,0,0,0,0,
diário,RESULTADOS LABORATORIAIS: Registre o valor mais distante da faixa normal entre 00:00 e 24:00 no dia da avaliação.,labs_dailydata,Insira os dados dos resultados laboratoriais para esta data?,"1, Sim | 0, Não","Esta seção refere-se apenas aos exames laboratoriais realizados durante a internação do paciente na unidade clínica (hospital) e coletados na data da avaliação. Em geral, os resultados que foram rejeitados pela equipe clínica (por exemplo, amostras de sangue hemolisadas, resultados microbiológicos contaminados) não devem ser relatados.","Indique “Sim” se foram colhidas amostras laboratoriais na data da avaliação. Se não foram colhidas amostras laboratoriais na data da avaliação, indique “Não” e passe para a próxima seção. Em geral, não relate resultados que tenham sido rejeitados pela equipe clínica (por exemplo, amostra hemolizada). Salvo indicação em contrário, se houver várias medições, relate a medida mais distante da faixa fisiológica ou laboratorial normal entre 00:00 e 24:00 horas no dia da avaliação.",0,0,0,0,0,0
diário,RESULTADOS LABORATORIAIS: Registre o valor mais distante da faixa normal entre 00:00 e 24:00 no dia da avaliação.,labs_fbc,Hemograma completo,,"Refere-se aos resultados da hemograma ",Indique “Sim” para inserir os resultados completos da contagem sanguínea,0,0,0,0,0,
diário,RESULTADOS LABORATORIAIS: Registre o valor mais distante da faixa normal entre 00:00 e 24:00 no dia da avaliação.,labs_haemo,Hemoglobina (unidades selecionadas),,,,0,0,0,,,
diário,RESULTADOS LABORATORIAIS: Registre o valor mais distante da faixa normal entre 00:00 e 24:00 no dia da avaliação.,labs_haemo_units,Hemoglobina (selecionar unidades),"1,g/dL | 2,g/L",,,0,0,0,,,0
diário,RESULTADOS LABORATORIAIS: Registre o valor mais distante da faixa normal entre 00:00 e 24:00 no dia da avaliação.,labs_haemo_gdl,Hemoglobina (G/DL),,A hemoglobina (HB ou HGB) refere -se à medição da concentração de hemoglobina no sangue.,"Escreva o nível de hemoglobina (G/DL). Se houver múltipla, relate a medida mais distante da faixa fisiológica ou laboratorial normal entre 00:00 e 24:00 horas no dia da avaliação.",0,0,0,0,0,
diário,RESULTADOS LABORATORIAIS: Registre o valor mais distante da faixa normal entre 00:00 e 24:00 no dia da avaliação.,labs_haemo_gl,Hemoglobina (G/L),,Isso se refere à medição da concentração de hemoglobina no sangue.,"Escreva o nível de hemoglobina (G/L). Se houver múltipla, relate a medida mais distante da faixa fisiológica ou laboratorial normal entre 00:00 e 24:00 horas no dia da avaliação.",0,0,0,0,0,
diário,RESULTADOS LABORATORIAIS: Registre o valor mais distante da faixa normal entre 00:00 e 24:00 no dia da avaliação.,labs_wbccount,Contagem do leu pelo WBC (10^9/L),,Isso se refere à contagem total de glóbulos brancos (WBC) em sangue.,"Escreva a contagem do WBC (10^9/L). Se houver múltipla, relate a medida mais distante da faixa fisiológica ou laboratorial normal entre 00:00 e 24:00 horas no dia da avaliação.",0,0,0,0,0,
diário,RESULTADOS LABORATORIAIS: Registre o valor mais distante da faixa normal entre 00:00 e 24:00 no dia da avaliação.,labs_neutrophil,Neutrófilos (unidades selecionadas),,,,0,0,0,,,
diário,RESULTADOS LABORATORIAIS: Registre o valor mais distante da faixa normal entre 00:00 e 24:00 no dia da avaliação.,labs_neutrophil_units,Neutrófilos (unidades selecionadas),"1,% | 2, 10^9/L",,,0,0,0,,,0
diário,RESULTADOS LABORATORIAIS: Registre o valor mais distante da faixa normal entre 00:00 e 24:00 no dia da avaliação.,labs_neutrophil_109l,Neutrófilos (10^9/L),,Isso se refere à contagem de neutrófilos no sangue em 10^9 células/L.,"Escreva a contagem de neutrófilos (10^9/L). Se houver múltipla, relate a medida mais distante da faixa fisiológica ou laboratorial normal entre 00:00 e 24:00 horas no dia da avaliação.",0,0,0,0,0,
diário,RESULTADOS LABORATORIAIS: Registre o valor mais distante da faixa normal entre 00:00 e 24:00 no dia da avaliação.,labs_neutrophil_pcnt,Neutrófilos (%),,Isso se refere à contagem de neutrófilos no sangue em %.,"Escreva a contagem de neutrófilos (%). Se houver múltipla, relate a medida mais distante da faixa fisiológica ou laboratorial normal entre 00:00 e 24:00 horas no dia da avaliação.",0,0,0,0,0,
diário,RESULTADOS LABORATORIAIS: Registre o valor mais distante da faixa normal entre 00:00 e 24:00 no dia da avaliação.,labs_lymphocyte,Linfócitos (unidades selecionadas),,,,0,0,0,,,
diário,RESULTADOS LABORATORIAIS: Registre o valor mais distante da faixa normal entre 00:00 e 24:00 no dia da avaliação.,labs_lymphocyte_units,Linfócitos (unidades selecionadas),"1,% | 2, 10^9/L",,,0,0,0,,,0
diário,RESULTADOS LABORATORIAIS: Registre o valor mais distante da faixa normal entre 00:00 e 24:00 no dia da avaliação.,labs_lymphocyte_109l,Linfócitos (10^9/L),,Isso se refere à contagem de linfócitos no sangue em 10^9 células/L.,"Escreva a contagem de linfócitos (10^9/L). Se houver múltipla, relate a medida mais distante da faixa fisiológica ou laboratorial normal entre 00:00 e 24:00 horas no dia da avaliação.",0,0,0,0,0,
diário,RESULTADOS LABORATORIAIS: Registre o valor mais distante da faixa normal entre 00:00 e 24:00 no dia da avaliação.,labs_lymphocyte_pcnt,Linfócitos (%),,Isso se refere à contagem de linfócitos no sangue em %.,"Escreva a contagem de linfócitos (%). Se houver múltipla, relate a medida mais distante da faixa fisiológica ou laboratorial normal entre 00:00 e 24:00 horas no dia da avaliação.",0,0,0,0,0,
diário,RESULTADOS LABORATORIAIS: Registre o valor mais distante da faixa normal entre 00:00 e 24:00 no dia da avaliação.,labs_eosinophil,Eosinófil (unidades selecionadas),,,,0,0,0,,,
diário,RESULTADOS LABORATORIAIS: Registre o valor mais distante da faixa normal entre 00:00 e 24:00 no dia da avaliação.,labs_eosinophil_units,Eosinófilos (unidades selecionadas),"1,% | 2, 10^9/L",,,0,0,0,,,0
diário,RESULTADOS LABORATORIAIS: Registre o valor mais distante da faixa normal entre 00:00 e 24:00 no dia da avaliação.,labs_eosinophil_109l,Eosinófilos (10^9/L),,Refere-se à contagem de eosinófilos no sangue.,"Escreva a contagem de eosinófilos (10^9/L). Se houver múltipla, relate a medida mais distante da faixa fisiológica ou laboratorial normal entre 00:00 e 24:00 horas no dia da avaliação.",0,0,0,0,0,
diário,RESULTADOS LABORATORIAIS: Registre o valor mais distante da faixa normal entre 00:00 e 24:00 no dia da avaliação.,labs_eosinophil_pcnt,Eosinófilos (%),,Contagem diferencial de eosinófilos.,Escreva a contagem diferencial de eosinófilos (%),0,0,0,0,0,
diário,RESULTADOS LABORATORIAIS: Registre o valor mais distante da faixa normal entre 00:00 e 24:00 no dia da avaliação.,labs_hematocrit,Hematócrito (unidades selecionadas),,,,0,0,0,,,
diário,RESULTADOS LABORATORIAIS: Registre o valor mais distante da faixa normal entre 00:00 e 24:00 no dia da avaliação.,labs_hematocrit_units,Hematócrito (selecionar unidades),"1,% | 2, L/L",,,0,0,0,,,0
diário,RESULTADOS LABORATORIAIS: Registre o valor mais distante da faixa normal entre 00:00 e 24:00 no dia da avaliação.,labs_hematocrit_pcnt,Hematócrito (%),,"O hematócrito (HT ou HCT), também conhecido como volume celular embalado (PCV) ou fração de volume de eritrócitos (EVF), é a porcentagem de volume (%) das glóbulos vermelhos expressos como uma porcentagem do volume sanguíneo total.","Escreva o hematócrito (%). Se houver múltipla, relate a medida mais distante da faixa fisiológica ou laboratorial normal entre 00:00 e 24:00 horas no dia da avaliação.",0,0,0,0,0,
diário,RESULTADOS LABORATORIAIS: Registre o valor mais distante da faixa normal entre 00:00 e 24:00 no dia da avaliação.,labs_hematocrit_ll,Hematócrito (L/L),,"O hematócrito (HT ou HCT), também conhecido como volume celular embalado (PCV) ou fração de volume de eritrócitos (EVF), é a porcentagem de volume (%) dos glóbulos vermelhos no sangue.","Escreva o hematócrito (l/l). Se houver múltipla, relate a medida mais distante da faixa fisiológica ou laboratorial normal entre 00:00 e 24:00 horas no dia da avaliação.",0,0,0,0,0,
diário,RESULTADOS LABORATORIAIS: Registre o valor mais distante da faixa normal entre 00:00 e 24:00 no dia da avaliação.,labs_platelets,Plaquetas (unidades selecionadas),,,,0,0,0,,,
diário,RESULTADOS LABORATORIAIS: Registre o valor mais distante da faixa normal entre 00:00 e 24:00 no dia da avaliação.,labs_platelets_units,Plaquetas (unidades selecionadas),"1, 10^9/L | 2, 10^3/µL",,,0,0,0,,,0
diário,RESULTADOS LABORATORIAIS: Registre o valor mais distante da faixa normal entre 00:00 e 24:00 no dia da avaliação.,labs_platelets_109l,Plaquetas (10^9/l),,Refere-se à contagem de plaquetas no sangue.,"Escreva a contagem de plaquetas (10^9/L). Se houver múltipla, relate a medida mais distante da faixa fisiológica ou laboratorial normal entre 00:00 e 24:00 horas no dia da avaliação.",0,0,0,0,0,
diário,RESULTADOS LABORATORIAIS: Registre o valor mais distante da faixa normal entre 00:00 e 24:00 no dia da avaliação.,labs_platelets_103ul,Plaquetas (10^3/ul),,Refere-se à contagem de plaquetas.,"Escreva a contagem de plaquetas (10^3/L). Se houver múltipla, relate a medida mais distante da faixa fisiológica ou laboratorial normal entre 00:00 e 24:00 horas no dia da avaliação.",0,0,0,0,0,
diário,RESULTADOS LABORATORIAIS: Registre o valor mais distante da faixa normal entre 00:00 e 24:00 no dia da avaliação.,labs_erymeancorvol,Ery. Volume corpuscular médio (FL),,Eritrócito Volume corpuscular médio ou MCV.,Escreva o MCV (FL),0,0,0,0,0,
diário,RESULTADOS LABORATORIAIS: Registre o valor mais distante da faixa normal entre 00:00 e 24:00 no dia da avaliação.,labs_erymeancorhgb,Ery. Concentração média de hemoglobina corpuscular (G/L),,Eritrócito média da concentração de hemoglobina corpuscular ou MCHC.,Escreva a concentração média de hemaglobina corpuscular (G/L).,0,0,0,0,0,
diário,RESULTADOS LABORATORIAIS: Registre o valor mais distante da faixa normal entre 00:00 e 24:00 no dia da avaliação.,labs_erymeancorhgb_units,Éry. concentração média de hemoglobina corpuscular (MCHC) (unidades selecionadas),"1,g/L | 2,g/dL",,,0,0,0,,,0
diário,RESULTADOS LABORATORIAIS: Registre o valor mais distante da faixa normal entre 00:00 e 24:00 no dia da avaliação.,labs_erymeancorhgb_gl,Concentração média de hemoglobina corpuscular eritrocitária / MCHC (g/L),,Concentração média de hemoglobina corpuscular dos eritrócitos ou CMHC.,Escreva a concentração média de hemoglobina corpuscular (g/L).,0,0,0,0,0,
diário,RESULTADOS LABORATORIAIS: Registre o valor mais distante da faixa normal entre 00:00 e 24:00 no dia da avaliação.,labs_erymeancorhgb_gdl,Concentração média de hemoglobina corpuscular eritrocitária / MCHC (g/dL),,Concentração média de hemoglobina corpuscular dos eritrócitos ou CMHC.,Escreva a concentração média de hemoglobina corpuscular (g/L).,0,0,0,0,0,
diário,RESULTADOS LABORATORIAIS: Registre o valor mais distante da faixa normal entre 00:00 e 24:00 no dia da avaliação.,labs_erymeancorhe,Ery. Hemoglobina corpuscular média (PG),,Eritrócito médio de hemoglobina corpuscular ou mch.,Escreva a concentração média de hemaglobina corpuscular (PG).,0,0,0,0,0,
diário,RESULTADOS LABORATORIAIS: Registre o valor mais distante da faixa normal entre 00:00 e 24:00 no dia da avaliação.,labs_coag,Perfil de coagulação,,Refere-se aos resultados do perfil de coagulação,Indique “Sim” para inserir os resultados do perfil de coagulação,0,0,0,0,0,
diário,RESULTADOS LABORATORIAIS: Registre o valor mais distante da faixa normal entre 00:00 e 24:00 no dia da avaliação.,labs_prothrombin,Tempo de protrombina / PT (seg),,Tempo de protrombina ou TP.,Escreva o TP (segundos).,0,0,0,0,0,
diário,RESULTADOS LABORATORIAIS: Registre o valor mais distante da faixa normal entre 00:00 e 24:00 no dia da avaliação.,labs_aptt,Time de tromboplastina parcial ativada / aptt (s),,"Tempo de tromboplastina parcial ativado (APTT), medido em segundos.",Escreva o aptt (s).,0,0,0,0,0,
diário,RESULTADOS LABORATORIAIS: Registre o valor mais distante da faixa normal entre 00:00 e 24:00 no dia da avaliação.,labs_aptr,Aptr,,"APTR é a proporção de tromboplastina parcial ativada. O resultado é uma proporção e, portanto, não possui unidades.",Escreva o aptr.,0,0,0,0,0,
diário,RESULTADOS LABORATORIAIS: Registre o valor mais distante da faixa normal entre 00:00 e 24:00 no dia da avaliação.,labs_tqinr,INR,,"O INR sérico (relação normalizada internacional) é uma proporção de tempo de protrombina do paciente para controlar o tempo de protrombina. O resultado é uma proporção e, portanto, não possui unidades.",Escreva o soro INR.,0,0,0,0,0,
diário,RESULTADOS LABORATORIAIS: Registre o valor mais distante da faixa normal entre 00:00 e 24:00 no dia da avaliação.,labs_fibrinogen,Fibrinogênio (unidades selecionadas),,,,0,0,0,,,
diário,RESULTADOS LABORATORIAIS: Registre o valor mais distante da faixa normal entre 00:00 e 24:00 no dia da avaliação.,labs_fibrinogen_units,Fibrinogênio (selecionar unidades),"1,g/L | 2,mg/dL",,,0,0,0,,,0
diário,RESULTADOS LABORATORIAIS: Registre o valor mais distante da faixa normal entre 00:00 e 24:00 no dia da avaliação.,labs_fibrinogen_gl,Fibrinogênio (G/L),,O fibrinogênio é uma proteína fibrilar presente no plasma sanguíneo; Ele se converte em fibrina durante o processo de formação de coágulo sanguíneo.,Escreva o fibrinogênio sérico (G/L).,0,0,0,0,0,
diário,RESULTADOS LABORATORIAIS: Registre o valor mais distante da faixa normal entre 00:00 e 24:00 no dia da avaliação.,labs_fibrinogen_mgdl,Fibrinogênio (mg/dl),,O fibrinogênio é uma proteína fibrilar presente no plasma sanguíneo; Ele se converte em fibrina durante o processo de formação de coágulo sanguíneo.,Escreva o fibrinogênio sérico (mg/dl).,0,0,0,0,0,
diário,RESULTADOS LABORATORIAIS: Registre o valor mais distante da faixa normal entre 00:00 e 24:00 no dia da avaliação.,labs_ddimer,D-Dimer (unidades selecionadas),,,,0,0,0,,,
diário,RESULTADOS LABORATORIAIS: Registre o valor mais distante da faixa normal entre 00:00 e 24:00 no dia da avaliação.,labs_ddimer_units,D-Dimer (selecionar unidades),"1, µg/L | 2, mg/L",,,0,0,0,,,0
diário,RESULTADOS LABORATORIAIS: Registre o valor mais distante da faixa normal entre 00:00 e 24:00 no dia da avaliação.,labs_ddimer_mgl,D-dimer (mg/l),,D-dimer é uma medida para a concentração de produtos de degradação de fibrina (FDPs) em uma amostra. Os FDPs são fragmentos de proteínas produzidos pela ação enzimática da plasmina no fibrinogênio e na fibrina) e são um auxílio na detecção da presença e grau de coagulação intravascular e fibrinólise (a dissolução da fibrina em um coágulo sanguíneo) e em terapia de monitoramento para invasão de dissipatização (coagulação não localizada nos vasos sanguíneos).,Escreva o dímero D sérico (mg/l),0,0,0,0,0,
diário,RESULTADOS LABORATORIAIS: Registre o valor mais distante da faixa normal entre 00:00 e 24:00 no dia da avaliação.,labs_ddimer_ugl,D-dimer (UG/L),,D-dimer é uma medida para a concentração de produtos de degradação de fibrina (FDPs) em uma amostra. Os FDPs são fragmentos de proteínas produzidos pela ação enzimática da plasmina no fibrinogênio e na fibrina) e são um auxílio na detecção da presença e grau de coagulação intravascular e fibrinólise (a dissolução da fibrina em um coágulo sanguíneo) e em terapia de monitoramento para invasão de dissipatização (coagulação não localizada nos vasos sanguíneos).,Escreva o D-dimer soro (UG/L),0,0,0,0,0,
diário,RESULTADOS LABORATORIAIS: Registre o valor mais distante da faixa normal entre 00:00 e 24:00 no dia da avaliação.,labs_liver,Perfil hepático,,Refere-se aos resultados do perfil hepático,Indique “Sim” para inserir os resultados dos testes do perfil hepático,0,0,0,0,0,
diário,RESULTADOS LABORATORIAIS: Registre o valor mais distante da faixa normal entre 00:00 e 24:00 no dia da avaliação.,labs_bilirubin,Bilirrubina total (unidades selecionadas),,,,0,0,0,,,
diário,RESULTADOS LABORATORIAIS: Registre o valor mais distante da faixa normal entre 00:00 e 24:00 no dia da avaliação.,labs_bilirubin_units,Bilirrubina total (unidades selecionadas),"1, µmol/L | 2,mg/dL",,,0,0,0,,,0
diário,RESULTADOS LABORATORIAIS: Registre o valor mais distante da faixa normal entre 00:00 e 24:00 no dia da avaliação.,labs_bilirubin_umoll,Bilirrubina total (Umol/L),,Isso se refere a uma medição da concentração total de bilirrubina no sangue.,Escreva a bilirrubina (Umol/L).,0,0,0,0,0,
diário,RESULTADOS LABORATORIAIS: Registre o valor mais distante da faixa normal entre 00:00 e 24:00 no dia da avaliação.,labs_bilirubin_mgdl,Bilirrubina total (mg/dl),,Isso se refere a uma medição da concentração total de bilirrubina no sangue.,Escreva a bilirrubina (mg/dl).,0,0,0,0,0,
diário,RESULTADOS LABORATORIAIS: Registre o valor mais distante da faixa normal entre 00:00 e 24:00 no dia da avaliação.,labs_altsgpt,Alt / sgpt (u / l),,Alanina aminotransferase (ALT) também chamada de piruvato de glutamato sérico transaminase (SGPT).,Escreva o alt ou sgpt (u/l).,0,0,0,0,0,
diário,RESULTADOS LABORATORIAIS: Registre o valor mais distante da faixa normal entre 00:00 e 24:00 no dia da avaliação.,labs_astsgot,AST / SGOT (U / L),,Aspartato aminotransferase (AST) também chamado de transaminase glutâmica-oxaloacética sérica (SGOT).,Escreva o AST ou SGOT (U/L).,0,0,0,0,0,
diário,RESULTADOS LABORATORIAIS: Registre o valor mais distante da faixa normal entre 00:00 e 24:00 no dia da avaliação.,labs_alp,ALP (IU/L),,Nível de fosfatase alcalina (ALP) no sangue.,Escreva o ALP (IU/L).,0,0,0,0,0,
diário,RESULTADOS LABORATORIAIS: Registre o valor mais distante da faixa normal entre 00:00 e 24:00 no dia da avaliação.,labs_ggt,Gama glutamil transferase/ggt (u/l),,Gamma glutamil transferase ou nível de GGT no sangue.,Escreva o GGT (U/L).,0,0,0,0,0,
diário,RESULTADOS LABORATORIAIS: Registre o valor mais distante da faixa normal entre 00:00 e 24:00 no dia da avaliação.,labs_albumin,Albumina (unidades selecionadas),,,,0,0,0,,,
diário,RESULTADOS LABORATORIAIS: Registre o valor mais distante da faixa normal entre 00:00 e 24:00 no dia da avaliação.,labs_albumin_units,Albumina (selecionar unidades),"1,g/L | 2, mmol/L",,,0,0,0,,,0
diário,RESULTADOS LABORATORIAIS: Registre o valor mais distante da faixa normal entre 00:00 e 24:00 no dia da avaliação.,labs_albumin_gl,Albumina (g/l),,"Isso se refere à medição da albumina presente no soro, em mmol/l.",Escreva a albumina de soro (G/L).,0,0,0,0,0,
diário,RESULTADOS LABORATORIAIS: Registre o valor mais distante da faixa normal entre 00:00 e 24:00 no dia da avaliação.,labs_albumin_mmoll,Albumina (mmol/l),,"Isso se refere à medição da albumina presente no soro, em g/l.",Escreva a albumina sérica (MMOL/L).,0,0,0,0,0,
diário,RESULTADOS LABORATORIAIS: Registre o valor mais distante da faixa normal entre 00:00 e 24:00 no dia da avaliação.,labs_bloodglucose,Glicose no sangue,,Refere-se a exames laboratoriais relacionados à glicose no sangue.,,0,0,0,0,,
diário,RESULTADOS LABORATORIAIS: Registre o valor mais distante da faixa normal entre 00:00 e 24:00 no dia da avaliação.,labs_glucose,Glicose de sangue aleatório (unidades selecionadas),,Refere-se aos resultados dos testes de glicemia.,Indique “Sim” para inserir os resultados dos testes de glicemia,0,0,0,0,0,
diário,RESULTADOS LABORATORIAIS: Registre o valor mais distante da faixa normal entre 00:00 e 24:00 no dia da avaliação.,labs_glucose_units,Glicemia aleatória (selecionar unidades),"1, mmol/L | 2,mg/dL | 3,g/L",,,0,0,0,,,0
diário,RESULTADOS LABORATORIAIS: Registre o valor mais distante da faixa normal entre 00:00 e 24:00 no dia da avaliação.,labs_glucose_mmoll,Glicose de sangue aleatório (mmol/l),,"Isso se refere à medição dos níveis de açúcar no sangue (glicose) a qualquer momento, independentemente do tempo da última refeição, em Mmol/L.","Escreva a glicose no sangue aleatório (mmol/l). Se houver múltipla, relate a medida mais distante da faixa fisiológica ou laboratorial normal entre 00:00 e 24:00 horas no dia da avaliação.",0,0,0,0,0,
diário,RESULTADOS LABORATORIAIS: Registre o valor mais distante da faixa normal entre 00:00 e 24:00 no dia da avaliação.,labs_glucose_mgdl,Glicose de sangue aleatório (mg/dl),,"Isso se refere à medição dos níveis de açúcar no sangue (glicose) a qualquer momento, independentemente do tempo da última refeição, em Mg/DL.","Escreva a glicose no sangue aleatório (mg/dl). Se houver múltipla, relate a medida mais distante da faixa fisiológica ou laboratorial normal entre 00:00 e 24:00 horas no dia da avaliação.",0,0,0,0,0,
diário,RESULTADOS LABORATORIAIS: Registre o valor mais distante da faixa normal entre 00:00 e 24:00 no dia da avaliação.,labs_glucose_gl,Glicose de sangue aleatório (G/L),,"Isso se refere à medição dos níveis de açúcar no sangue (glicose) a qualquer momento, independentemente do tempo da última refeição, em G/L.","Escreva a glicose no sangue aleatório (G/L). Se houver múltipla, relate a medida mais distante da faixa fisiológica ou laboratorial normal entre 00:00 e 24:00 horas no dia da avaliação.",0,0,0,0,0,
diário,RESULTADOS LABORATORIAIS: Registre o valor mais distante da faixa normal entre 00:00 e 24:00 no dia da avaliação.,labs_hba1c,HbA1c (%),,"A hemoglobina A1C (HbA1c) é um exame de sangue que mede o nível médio de glicose no sangue nos três meses anteriores ao resultado do teste, expresso em %.",Escreva o resultado HbA1c (%).,0,0,0,0,0,
diário,RESULTADOS LABORATORIAIS: Registre o valor mais distante da faixa normal entre 00:00 e 24:00 no dia da avaliação.,labs_renal,Perfil renal e eletrolítico,,Refere-se aos resultados do perfil renal,Indique “Sim” para inserir os resultados dos testes do perfil renal,0,0,0,0,0,
diário,RESULTADOS LABORATORIAIS: Registre o valor mais distante da faixa normal entre 00:00 e 24:00 no dia da avaliação.,labs_ureanitro,Uréia / pão (unidades selecionadas),,,,0,0,0,,,
diário,RESULTADOS LABORATORIAIS: Registre o valor mais distante da faixa normal entre 00:00 e 24:00 no dia da avaliação.,labs_ureanitro_units,Nitrogênio ureico no sangue (BUN) (unidades selecionadas),"1,mg/dL | 2, mmol/L",,,0,0,0,,,0
diário,RESULTADOS LABORATORIAIS: Registre o valor mais distante da faixa normal entre 00:00 e 24:00 no dia da avaliação.,labs_ureanitro_mmoll,Uréia / pão (mmol / l),,Isso se refere ao nitrogênio da uréia no sangue (BUN) também chamado de uréia no sangue.,Escreva a uréia/pão (mmol/l).,0,0,0,0,0,
diário,RESULTADOS LABORATORIAIS: Registre o valor mais distante da faixa normal entre 00:00 e 24:00 no dia da avaliação.,labs_ureanitro_mgdl,Uréia / pão (mg / dl),,Nitrogênio da uréia no sangue (BUN) também chamado de uréia no sangue.,Escreva a uréia/pão (mg/dl).,0,0,0,0,0,
diário,RESULTADOS LABORATORIAIS: Registre o valor mais distante da faixa normal entre 00:00 e 24:00 no dia da avaliação.,labs_creatinine,Creatinina (unidades selecionadas),,,,0,0,0,,,
diário,RESULTADOS LABORATORIAIS: Registre o valor mais distante da faixa normal entre 00:00 e 24:00 no dia da avaliação.,labs_creatinine_units,Creatinina (unidades selecionadas),"1, µmol/L | 2,mg/dL",,,0,0,0,,,0
diário,RESULTADOS LABORATORIAIS: Registre o valor mais distante da faixa normal entre 00:00 e 24:00 no dia da avaliação.,labs_creatinine_umoll,Creatinina (umol/l),,Isso se refere ao nível de creatinina no sangue.,Escreva a creatinina sérica (Umol/L).,0,0,0,0,0,
diário,RESULTADOS LABORATORIAIS: Registre o valor mais distante da faixa normal entre 00:00 e 24:00 no dia da avaliação.,labs_creatinine_mgdl,Creatinina (mg/dl),,Nível de creatinina no sangue.,Escreva a creatinina sérica (mg/dl).,0,0,0,0,0,
diário,RESULTADOS LABORATORIAIS: Registre o valor mais distante da faixa normal entre 00:00 e 24:00 no dia da avaliação.,labs_sodium,Sódio (mmol/L ou mEq/L),,Refere-se ao nível de sódio sérico (Na) no sangue.,Escreva o sódio sérico (mmol/L).,0,0,0,0,0,
diário,RESULTADOS LABORATORIAIS: Registre o valor mais distante da faixa normal entre 00:00 e 24:00 no dia da avaliação.,labs_potassium,Potássio (mmol/L ou mEq/L),,Refere-se ao nível de potássio sérico (K) no sangue.,Escreva o potássio sérico (mmol/L).,0,0,0,0,0,
diário,RESULTADOS LABORATORIAIS: Registre o valor mais distante da faixa normal entre 00:00 e 24:00 no dia da avaliação.,labs_creatineki,Creatina quinase (U/L),,A creatina quinase ou CPK (creatina fosfoquinase) refere-se ao nível de creatinina quinase no sangue.,Escreva a creatina quinase (U/L).,0,0,0,0,0,
diário,RESULTADOS LABORATORIAIS: Registre o valor mais distante da faixa normal entre 00:00 e 24:00 no dia da avaliação.,labs_ldh,Lactato desidrogenase / LDH (U/L),,A lactato desidrogenase ou LDH refere-se ao nível de LDH no sangue.,Escreva a LDH (U/L).,0,0,0,0,0,
diário,RESULTADOS LABORATORIAIS: Registre o valor mais distante da faixa normal entre 00:00 e 24:00 no dia da avaliação.,labs_glomerular,"Taxa de filtração glomerular estimada / eGFR (mL/min/1,73m^2)",,"Refere-se à TFG estimada (eTFG), calculada em laboratório.","Escreva a TFG estimada (mL/min/1,73 m^2)",0,0,0,0,0,
diário,RESULTADOS LABORATORIAIS: Registre o valor mais distante da faixa normal entre 00:00 e 24:00 no dia da avaliação.,labs_calcium,Cálcio (selecione as unidades),,Isso se refere ao nível sérico de cálcio (CA) no sangue.,Escreva o cálcio sérico (mmol/L).,0,0,0,0,0,
diário,RESULTADOS LABORATORIAIS: Registre o valor mais distante da faixa normal entre 00:00 e 24:00 no dia da avaliação.,labs_calcium_units,Cálcio (selecionar unidades),"1, mmol/L | 2, mEq/L | 3,mg/dL",,,0,0,0,,,0
diário,RESULTADOS LABORATORIAIS: Registre o valor mais distante da faixa normal entre 00:00 e 24:00 no dia da avaliação.,labs_calcium_mmoll,Cálcio (mmol/L),,Refere-se ao nível de cálcio sérico (Ca) no sangue.,Escreva o cálcio sérico (mmol/L).,0,0,0,0,0,
diário,RESULTADOS LABORATORIAIS: Registre o valor mais distante da faixa normal entre 00:00 e 24:00 no dia da avaliação.,labs_calcium_meql,Cálcio (mEq/L),,Refere-se ao nível de cálcio sérico (Ca) no sangue.,Escreva o cálcio sérico (mEq/L).,0,0,0,0,0,
diário,RESULTADOS LABORATORIAIS: Registre o valor mais distante da faixa normal entre 00:00 e 24:00 no dia da avaliação.,labs_calcium_mgdl,Cálcio (mg/dL),,Refere-se ao nível de cálcio sérico (Ca) no sangue.,Escreva o cálcio sérico (mg/dL).,0,0,0,0,0,
diário,RESULTADOS LABORATORIAIS: Registre o valor mais distante da faixa normal entre 00:00 e 24:00 no dia da avaliação.,labs_chlor,Cloreto (selecionar unidades),,,,0,0,0,,,
diário,RESULTADOS LABORATORIAIS: Registre o valor mais distante da faixa normal entre 00:00 e 24:00 no dia da avaliação.,labs_chlor_units,Cloreto (selecionar unidades),"1, mmol/L | 2, mEq/L",,,0,0,0,,,0
diário,RESULTADOS LABORATORIAIS: Registre o valor mais distante da faixa normal entre 00:00 e 24:00 no dia da avaliação.,labs_chlor_mmoll,Cloreto (mmol/L),,,,0,0,0,,,
diário,RESULTADOS LABORATORIAIS: Registre o valor mais distante da faixa normal entre 00:00 e 24:00 no dia da avaliação.,labs_chlor_mgdl,Cloreto (mEq/L),,,,0,0,0,,,
diário,RESULTADOS LABORATORIAIS: Registre o valor mais distante da faixa normal entre 00:00 e 24:00 no dia da avaliação.,labs_magn,Magnésio (unidades selecionadas),,,,0,0,0,,,
diário,RESULTADOS LABORATORIAIS: Registre o valor mais distante da faixa normal entre 00:00 e 24:00 no dia da avaliação.,labs_magn_units,Magnésio (unidades selecionadas),"1, mmol/L | 2,mg/dL",,,0,0,0,,,0
diário,RESULTADOS LABORATORIAIS: Registre o valor mais distante da faixa normal entre 00:00 e 24:00 no dia da avaliação.,labs_magn_mmoll,Magnésio (mmol/L),,,,0,0,0,,,
diário,RESULTADOS LABORATORIAIS: Registre o valor mais distante da faixa normal entre 00:00 e 24:00 no dia da avaliação.,labs_magn_meql,Magnésio (mg/dL),,,,0,0,0,,,
diário,RESULTADOS LABORATORIAIS: Registre o valor mais distante da faixa normal entre 00:00 e 24:00 no dia da avaliação.,labs_inflammatory,Marcadores inflamatórios,,Refere-se aos resultados dos testes de marcadores inflamatórios,Indique “Sim” para inserir os resultados dos testes de marcadores inflamatórios,0,0,0,0,0,
diário,RESULTADOS LABORATORIAIS: Registre o valor mais distante da faixa normal entre 00:00 e 24:00 no dia da avaliação.,labs_procalcito,Procalcitonina (ng/mL),,"Procalcitonina ou PCT refere-se à procalcitonina sérica. ",Escreva a procalcitonina (ng/mL).,0,0,0,0,0,
diário,RESULTADOS LABORATORIAIS: Registre o valor mais distante da faixa normal entre 00:00 e 24:00 no dia da avaliação.,labs_procalcito_units,Procalcitonina (unidades selecionadas),"1,ng/mL | 2, µg/L",,,0,0,0,,,0
diário,RESULTADOS LABORATORIAIS: Registre o valor mais distante da faixa normal entre 00:00 e 24:00 no dia da avaliação.,labs_procalcito_ngml,Procalcitonina (ng/ml),,"Procalcitonina ou PCT refere-se à procalcitonina sérica. ",Escreva a procalcitonina (ng/ml).,0,0,0,0,0,
diário,RESULTADOS LABORATORIAIS: Registre o valor mais distante da faixa normal entre 00:00 e 24:00 no dia da avaliação.,labs_procalcito_ugl,Procalcitonina (µg/L),,"Procalcitonina ou PCT refere-se à procalcitonina sérica. ",Escreva a procalcitonina (ng/mL).,0,0,0,0,0,
diário,RESULTADOS LABORATORIAIS: Registre o valor mais distante da faixa normal entre 00:00 e 24:00 no dia da avaliação.,labs_crp,Proteína C reativa / PCR (selecione as unidades),,,,0,0,0,,,
diário,RESULTADOS LABORATORIAIS: Registre o valor mais distante da faixa normal entre 00:00 e 24:00 no dia da avaliação.,labs_crp_units,Proteína C reativa / PCR (unidades selecionadas),"1,mg/L | 2,mg/dL",,,0,0,0,,,0
diário,RESULTADOS LABORATORIAIS: Registre o valor mais distante da faixa normal entre 00:00 e 24:00 no dia da avaliação.,labs_crp_mgl,CRP (mg/l),,"Proteína C reativa ou PCR refere-se à PCR sérica. ",Escreva o PCR (mg/l).,0,0,0,0,0,
diário,RESULTADOS LABORATORIAIS: Registre o valor mais distante da faixa normal entre 00:00 e 24:00 no dia da avaliação.,labs_crp_mgdl,Proteína C reativa / PCR (mg/dL),,"Proteína C reativa ou PCR refere-se à PCR sérica. ",Escreva a PCR (mg/dL).,0,0,0,0,0,
diário,RESULTADOS LABORATORIAIS: Registre o valor mais distante da faixa normal entre 00:00 e 24:00 no dia da avaliação.,labs_esr,Taxa de sedimentação de eritrócitos / ESR (mm / h),,Taxa de sedimentação de eritrócitos ou ESR.,Escreva o ESR (mm/h).,0,0,0,0,0,
diário,RESULTADOS LABORATORIAIS: Registre o valor mais distante da faixa normal entre 00:00 e 24:00 no dia da avaliação.,labs_bloodgas,Exame de gases sanguíneos,,Refere-se aos resultados da análise dos gases sanguíneos,Indique “Sim” para inserir os resultados da análise dos gases sanguíneos,0,0,0,0,0,
diário,RESULTADOS LABORATORIAIS: Registre o valor mais distante da faixa normal entre 00:00 e 24:00 no dia da avaliação.,labs_bloodgas_type,Tipo de amostra de gases sanguíneos,"1, Arterial | 2, Capilar | 3, Venosa | 99, Desconhecida",Refere-se ao tipo de amostra de sangue a partir da qual foi realizada a análise dos gases sanguíneos.,Selecione a opção mais adequada que representa o tipo de amostra de sangue utilizada para a análise dos gases sanguíneos.,0,0,0,0,0,0
diário,RESULTADOS LABORATORIAIS: Registre o valor mais distante da faixa normal entre 00:00 e 24:00 no dia da avaliação.,labs_lactate,Lactato (unidades selecionadas),,,,0,0,0,,,
diário,RESULTADOS LABORATORIAIS: Registre o valor mais distante da faixa normal entre 00:00 e 24:00 no dia da avaliação.,labs_lactate_units,Lactato sérico (unidades selecionadas),"1, mmol/L | 2,mg/dL",,,0,0,0,,,0
diário,RESULTADOS LABORATORIAIS: Registre o valor mais distante da faixa normal entre 00:00 e 24:00 no dia da avaliação.,labs_lactate_mmoll,Lactato (mmol/l),,Isso se refere ao nível de lactato sérico no sangue.,Escreva o lactato sérico (mmol/l).,0,0,0,0,0,
diário,RESULTADOS LABORATORIAIS: Registre o valor mais distante da faixa normal entre 00:00 e 24:00 no dia da avaliação.,labs_lactate_mgdl,Lactato (mg/dl),,Isso se refere ao nível de lactato sérico no sangue.,Escreva o lactato sérico (mg/dl).,0,0,0,0,0,
diário,RESULTADOS LABORATORIAIS: Registre o valor mais distante da faixa normal entre 00:00 e 24:00 no dia da avaliação.,labs_paco2,Paco2 (unidades selecionadas),,,,0,0,0,,,
diário,RESULTADOS LABORATORIAIS: Registre o valor mais distante da faixa normal entre 00:00 e 24:00 no dia da avaliação.,labs_paco2_units,PaCO2 (selecionar unidades),"1,mmHg | 2, kPa",,,0,0,0,,,0
diário,RESULTADOS LABORATORIAIS: Registre o valor mais distante da faixa normal entre 00:00 e 24:00 no dia da avaliação.,labs_paco2_mmhg,Paco2 (MMHG),,Isso se refere à pressão parcial do dióxido de carbono medido no sangue arterial registrado no MMHG.,"Escreva o Paco2 (MMHG). Se houver múltipla, relate as medidas do gás sanguíneo com o pH mais baixo (mais ácido) entre 00:00 e 24:00 horas no dia da avaliação.",0,0,0,0,0,
diário,RESULTADOS LABORATORIAIS: Registre o valor mais distante da faixa normal entre 00:00 e 24:00 no dia da avaliação.,labs_paco2_kpa,Paco2 (KPA),,Isso se refere à pressão parcial do dióxido de carbono medido no sangue arterial registrado no KPA.,"Escreva o Paco2 (KPA). Se houver múltipla, relate as medidas do gás sanguíneo com o pH mais baixo (mais ácido) entre 00:00 e 24:00 horas no dia da avaliação.",0,0,0,0,0,
diário,RESULTADOS LABORATORIAIS: Registre o valor mais distante da faixa normal entre 00:00 e 24:00 no dia da avaliação.,labs_ph,ph,,A medição do pH do plasma de uma amostra de sangue arterial.,"Escreva o pH. Se houver múltipla, relate a medida com o pH mais baixo (mais ácido) entre 00:00 e 24:00 horas no dia da avaliação.",0,0,0,0,0,
diário,RESULTADOS LABORATORIAIS: Registre o valor mais distante da faixa normal entre 00:00 e 24:00 no dia da avaliação.,labs_hco3,Bicarbonato / HCO3- (unidades selecionadas),,"A medição do bicarbonato do plasma de uma amostra de sangue arterial. ","Escreva o bicarbonato (mmol/L ou mEq/L). Se houver vários, informe as medidas da gasometria com o pH mais baixo (mais acidótico) entre 00:00 e 24:00 horas do dia da avaliação.",0,0,0,0,0,
diário,RESULTADOS LABORATORIAIS: Registre o valor mais distante da faixa normal entre 00:00 e 24:00 no dia da avaliação.,labs_baseexcess,Excesso de base (mmol/l),,A medição do excesso/déficit de base do plasma de uma amostra de sangue arterial.,"Escreva o excesso base (mmol/l). Se houver múltipla, relate as medidas do gás sanguíneo com o pH mais baixo (mais ácido) entre 00:00 e 24:00 horas no dia da avaliação.",0,0,0,0,0,
diário,RESULTADOS LABORATORIAIS: Registre o valor mais distante da faixa normal entre 00:00 e 24:00 no dia da avaliação.,labs_other,Outros exames de sangue,,"Refere-se a resultados de outros testes/análises, não especificados acima.",Indique “Sim” para inserir resultados de outros exames/análises não especificados acima.,0,0,0,0,0,
diário,RESULTADOS LABORATORIAIS: Registre o valor mais distante da faixa normal entre 00:00 e 24:00 no dia da avaliação.,labs_cd4,CD4 (selecione unidades),,"Definido como contagem de linfócitos CD4 expressos em laboratório, expressa em 10^6 células/L.",Escreva a contagem de células CD4+ (células/mm^3 ou 10^6 células/L ou células/µL).,0,0,0,0,0,
diário,RESULTADOS LABORATORIAIS: Registre o valor mais distante da faixa normal entre 00:00 e 24:00 no dia da avaliação.,labs_cd4_units,Contagem de células CD4 (unidades selecionadas),"1, células/mm^3 | 2, 10^6 células/L | 3, células/µL",,,0,0,0,,,0
diário,RESULTADOS LABORATORIAIS: Registre o valor mais distante da faixa normal entre 00:00 e 24:00 no dia da avaliação.,labs_cd4_celmm,Contagem de células CD4 (células/mm3),,"Definido como contagem de linfócitos expressando CD4 com base em laboratório, expressa em 10^6 células/L ",Escreva a contagem de células CD4+ (células/mm^3 ou 10^6 células/L ou células/µL).,0,0,0,0,0,
diário,RESULTADOS LABORATORIAIS: Registre o valor mais distante da faixa normal entre 00:00 e 24:00 no dia da avaliação.,labs_cd4_106cell,Contagem de células CD4 (10^6 células/L),,"Definido como contagem de linfócitos expressando CD4 com base em laboratório, expressa em 10^6 células/L ",Escreva a contagem de células CD4+ (células/mm^3 ou 10^6 células/L ou células/µL).,0,0,0,0,0,
diário,RESULTADOS LABORATORIAIS: Registre o valor mais distante da faixa normal entre 00:00 e 24:00 no dia da avaliação.,labs_cd4_celul,Contagem de células CD4 (células/µL),,"Definido como contagem de linfócitos expressando CD4 com base em laboratório, expressa em 10^6 células/L. ",Escreva a contagem de células CD4+ (células/mm^3 ou 10^6 células/L ou células/µL).,0,0,0,0,0,
diário,RESULTADOS LABORATORIAIS: Registre o valor mais distante da faixa normal entre 00:00 e 24:00 no dia da avaliação.,labs_preg,Teste de gravidez,"1, Positiva | 0, Negativa | 99, Desconhecida",Isso se refere a testes para determinar se um indivíduo está grávida ou não. Eles incluem testes baseados em soro ou urina para determinar a presença de gonadotrofina coriônica humana (HCG).,Indique o resultado do teste de gravidez.,0,0,0,0,0,0
diário,RESULTADOS LABORATORIAIS: Registre o valor mais distante da faixa normal entre 00:00 e 24:00 no dia da avaliação.,labs_tropi,Troponina I (unidades selecionadas),,,,0,0,0,,,
diário,RESULTADOS LABORATORIAIS: Registre o valor mais distante da faixa normal entre 00:00 e 24:00 no dia da avaliação.,labs_tropi_units,Troponina I (selecionar unidades),"1,ng/L | 2, ng/mL",,,0,0,0,,,0
diário,RESULTADOS LABORATORIAIS: Registre o valor mais distante da faixa normal entre 00:00 e 24:00 no dia da avaliação.,labs_tropi_ngl,Troponina i (ng/l),,"A troponina I, o músculo cardíaco (210 AA, ~ 24 kDa) é codificado pelo gene TNNI3 humano. Esta proteína está envolvida no movimento do filamento muscular em células cardíacas.",Escreva a troponina I (ng/l).,0,0,0,0,0,
diário,RESULTADOS LABORATORIAIS: Registre o valor mais distante da faixa normal entre 00:00 e 24:00 no dia da avaliação.,labs_tropi_ngml,Troponina I (ng/ml),,"A troponina I, o músculo cardíaco (210 AA, ~ 24 kDa) é codificado pelo gene TNNI3 humano. Esta proteína está envolvida no movimento do filamento muscular em células cardíacas.",Escreva a troponina I (ng/ml).,0,0,0,0,0,
diário,RESULTADOS LABORATORIAIS: Registre o valor mais distante da faixa normal entre 00:00 e 24:00 no dia da avaliação.,labs_ferritin,Ferritina (unidades selecionadas),,"Ferritina refere-se a um complexo proteico de ferro, contendo até 23% de ferro, formado pela união do ferro férrico com a apoferritina; é encontrado na mucosa intestinal, baço, medula óssea, reticulócitos e fígado, e regula o armazenamento e transporte de ferro do lúmen intestinal para o plasma.",Escreva a ferritina sérica (ug/L ou ng/mL).,0,0,0,0,0,
diário,RESULTADOS LABORATORIAIS: Registre o valor mais distante da faixa normal entre 00:00 e 24:00 no dia da avaliação.,labs_il6,Interleucina-6 / IL-6 (pg/mL ou ng/L),,"Refere-se a uma citocina que estimula o crescimento e a diferenciação dos linfócitos B e também é um fator de crescimento para hibridomas e plasmocitomas. É produzida por muitas células diferentes, incluindo linfócitos T, monócitos e fibroblastos.",Escreva a IL-6 (pg/mL).,0,0,0,0,0,
diário,RESULTADOS LABORATORIAIS: Registre o valor mais distante da faixa normal entre 00:00 e 24:00 no dia da avaliação.,labs_protein,Proteína TP (unidades selecionadas),,,,0,0,0,,,
diário,RESULTADOS LABORATORIAIS: Registre o valor mais distante da faixa normal entre 00:00 e 24:00 no dia da avaliação.,labs_protein_units,Proteína total (TP) (selecionar unidades),"1,g/L | 2,g/dL",,,0,0,0,,,0
diário,RESULTADOS LABORATORIAIS: Registre o valor mais distante da faixa normal entre 00:00 e 24:00 no dia da avaliação.,labs_protein_gdl,Proteína TP (G/DL),,"Isso se refere à quantidade de proteína total no sangue, em g/dl.",Escreva a proteína plasmática total (G/DL).,0,0,0,0,0,
diário,RESULTADOS LABORATORIAIS: Registre o valor mais distante da faixa normal entre 00:00 e 24:00 no dia da avaliação.,labs_protein_gl,Proteína TP (G/L),,"Isso se refere à quantidade de proteína total no sangue, em g/l.",Escreva a proteína plasmática total (G/L).,0,0,0,0,0,
diário,RESULTADOS LABORATORIAIS: Registre o valor mais distante da faixa normal entre 00:00 e 24:00 no dia da avaliação.,labs_csf,Fluido cefalorraquidiano,,"Refere -se às análises do líquido cefalorraquidiano (LCR) que foram realizadas no momento em que o paciente permaneceu nas instalações clínicas (hospital) e coletado na data da avaliação. Em geral, os resultados que foram rejeitados pela equipe clínica (por exemplo, amostras de sangue hemolisadas, resultados de microbiologia contaminada) não devem ser relatados.",,0,0,0,0,,
diário,RESULTADOS LABORATORIAIS: Registre o valor mais distante da faixa normal entre 00:00 e 24:00 no dia da avaliação.,labs_csf_pres,Pressão (cm de água),,Refere -se à pressão de abertura (CMH2O).,Indique a pressão de abertura (CM H2O),0,0,0,0,0,
diário,RESULTADOS LABORATORIAIS: Registre o valor mais distante da faixa normal entre 00:00 e 24:00 no dia da avaliação.,labs_csf_app,Aparência,"1, Límpido/incolor | 2, Turvo/nublado | 3, Xantocrômico | 4, Manchado de sangue | 99, Desconhecido | 88, Outro",Refere -se à aparência macroscópica do LCR.,Selecione a opção mais apropriada correspondente à aparência macroscópica do LCR.,0,0,0,0,0,0
diário,RESULTADOS LABORATORIAIS: Registre o valor mais distante da faixa normal entre 00:00 e 24:00 no dia da avaliação.,labs_csf_appoth,Outra aparência,,Refere -se à aparência macroscópica do LCR.,"Se 'outro', indique a aparência macroscópica do LCR.",0,0,0,0,0,
diário,RESULTADOS LABORATORIAIS: Registre o valor mais distante da faixa normal entre 00:00 e 24:00 no dia da avaliação.,labs_csf_mm3,Contagem de células do CSF ​​(/mm^3),,Refere -se ao número de glóbulos vermelhos e brancos que estão no líquido cefalorraquidiano (LCR).,Indique a contagem de células do CSF.,0,0,0,0,0,
diário,RESULTADOS LABORATORIAIS: Registre o valor mais distante da faixa normal entre 00:00 e 24:00 no dia da avaliação.,labs_csf_wbc,Contagem de glóbulos brancos (células/mm^3),,Refere -se ao número de glóbulos brancos (leucócitos) no LCR.,Indique o número de glóbulos brancos (leucócitos) no LCR.,0,0,0,0,0,
diário,RESULTADOS LABORATORIAIS: Registre o valor mais distante da faixa normal entre 00:00 e 24:00 no dia da avaliação.,labs_csf_rbc,Contagem de glóbulos vermelhos (células/mm^3),,Refere -se ao número de glóbulos vermelhos (eritrócitos) no LCR.,Indique o número de glóbulos vermelhos (eritrócitos) no LCR.,0,0,0,0,0,
diário,RESULTADOS LABORATORIAIS: Registre o valor mais distante da faixa normal entre 00:00 e 24:00 no dia da avaliação.,labs_csf_glu,Nível de glicose (mg/dl),,Refere -se ao nível de glicose no LCR.,Indique o nível de glicose no LCR.,0,0,0,0,0,
diário,RESULTADOS LABORATORIAIS: Registre o valor mais distante da faixa normal entre 00:00 e 24:00 no dia da avaliação.,labs_csf_pro,Nível de proteína (mg/dl),,Refere -se ao nível de proteína no LCR.,Indique o nível de proteína no LCR.,0,0,0,0,0,
diário,RESULTADOS LABORATORIAIS: Registre o valor mais distante da faixa normal entre 00:00 e 24:00 no dia da avaliação.,labs_csf_cul,Resultado da cultura do CSF,"1, Crescimento | 0, Sem crescimento | 99, Desconhecido","Refere -se a um resultado positivo da cultura do LCR, no qual um organismo foi cultivado na cultura.",Selecione a opção mais apropriada correspondente ao resultado da cultura do CSF.,0,0,0,0,0,0
diário,RESULTADOS LABORATORIAIS: Registre o valor mais distante da faixa normal entre 00:00 e 24:00 no dia da avaliação.,labs_csf_culres,Se o crescimento da cultura do LCR: especifique o resultado da cultura do CSF,,Refere -se ao (s) organismo (s) cultivado na cultura do LCR.,Indique o (s) organismo (s) detectado na cultura do LCR.,0,0,0,0,0,
diário,RESULTADOS LABORATORIAIS: Registre o valor mais distante da faixa normal entre 00:00 e 24:00 no dia da avaliação.,labs_csf_other,Outros achados do LCR,"1, Sim | 0, Não","Refere-se a outros achados do LCR, não listados acima.",Indique “Sim” se houver outros achados no LCR não listados acima.,0,0,0,0,0,0
diário,RESULTADOS LABORATORIAIS: Registre o valor mais distante da faixa normal entre 00:00 e 24:00 no dia da avaliação.,labs_csf_other_spec,Especifique outros achados do LCR,,"Refere-se a outros achados do LCR, não listados acima. ","Se “Sim”, especifique os achados no LCR não listados acima.",0,0,0,0,0,
diário,IMAGEM,imagi_dailydata,Insira os dados de imagem para esta data?,"1, Sim | 0, Não",Refere-se apenas aos exames de imagem ou radiológicos realizados durante a internação do paciente na unidade clínica (hospital) e coletados na data da avaliação.,Indique “Sim” se exames de imagem ou radiológicos foram realizados durante a internação do paciente na unidade clínica (hospital) e coletados na data da avaliação.,0,0,0,0,0,0
diário,IMAGEM,imagi_xray,Raio X,"1, Sim | 0, Não | 99, Desconhecido","Isso se refere a qualquer radiografia de tórax que foi realizada no momento em que o paciente permaneceu nas instalações clínicas (hospital) e coletado na data da avaliação. Radiografia de tórax refere-se à visualização radiológica do peito e dos órgãos da cavidade torácica; não restrito à visualização dos pulmões, usando raios-X.",Indique “Sim” se alguma radiografia do tórax foi realizada durante a internação do paciente na unidade clínica (hospital) e coletada na data da avaliação.,0,0,0,0,0,0
diário,IMAGEM,imagi_xray_date,"Se sim para a radiografia de tórax, executou: data de radiografia de tórax",,Isso se refere à data em que a radiografia de tórax foi realizada.,Escreva a data em que a radiografia de tórax foi realizada (use o formato dd/mm/yyyy).,0,0,0,0,0,
diário,IMAGEM,imagi_xray_result,"Se sim, a radiografia de tórax realizou: achados de radiografia de tórax associados a esta doença.","1, Normal ou sem alteração aguda | 5, Anormal ou alteração aguda | 99, Desconhecido",Isso se refere a achados de radiografia de tórax associados a esta doença.,Selecione a opção mais apropriada correspondente às descobertas de radiografia de tórax associadas a esta doença.,0,0,0,0,0,0
diário,IMAGEM,imagi_xray_newinfilt,Novos infiltrados presentes em raios-X,"1, Sim, bilateral | 2, Sim, unilateral | 0, Não | 99, Desconhecido","Refere-se a novos infiltrados pulmonares presentes na radiografia torácica atual, não visualizados em radiografias torácicas anteriores do paciente. Os infiltrados pulmonares resultam da presença de uma substância mais densa que o ar (por exemplo, pus, edema, sangue, surfactante, proteína ou células) no parênquima pulmonar. Os infiltrados pulmonares bilaterais estão presentes em ambos os pulmões. Os infiltrados pulmonares unilaterais estão presentes apenas em um pulmão. ","Selecione a opção única mais apropriada correspondente aos novos infiltrados pulmonares presentes na radiografias do tórax atual, não visualizadas nas radiografias torácicas anteriores do paciente.",0,0,0,0,0,0
diário,IMAGEM,imagi_xray_infiltyp,Infiltrantes em raios-X consistentes com,"1, Pneumonite viral | 2, Pneumonia bacteriana | 3, Edema pulmonar | 99, Desconhecido","Refere-se à condição patológica com a qual os infiltrados pulmonares na radiografia torácica podem ser consistentes. A pneumonite viral produz caracteristicamente espessamento peribrônquico perihilar bilateral e infiltrados intersticiais que, particularmente em crianças, devido às suas vias aéreas de pequeno calibre, podem resultar em áreas de atelectasia ou aprisionamento de ar. A pneumonia bacteriana produz caracteristicamente opacidades pulmonares segmentares focais (ou seja, broncopneumonia) ou lobares (ou seja, pneumonia lobar). O edema pulmonar pode ser caracterizado por cefalização dos vasos do lobo superior, opacidades intersticiais, manguito peribronquial, linhas septas (linhas de Kerley B), opacificação do espaço aéreo (enchimento dos alvéolos com líquido) que pode ter uma distribuição perihilar ou em “asa de morcego” quando grave e aguda; e derrame pleural. ",Selecione tudo o que se aplica.,0,0,0,0,0,0
diário,IMAGEM,imagi_xray_pleueff,Efusão pleural em raio-x,"1, Sim | 0, Não | 99, Desconhecido",Isso se refere à presença de fluido na cavidade pleural resultante de transudação ou exsudação excessiva das superfícies pleurais.,"Indique 'sim', se o derrame pleural foi visualizado em radiografia de tórax.",0,0,0,0,0,0
diário,IMAGEM,imagi_xray_resultpleu,Se sim: derrame pleural nos detalhes de raios-x,"1, Unilateral | 2, Bilateral",Isso se refere à localização do derrame pleural.,Indique a localização do derrame pleural.,0,0,0,0,0,0
diário,IMAGEM,imagi_xray_resultpleusite,Se sim: lado (s) onde o derrame pleural identificado,"1, Direita | 2, Esquerda",Isso se refere ao lado onde está localizado o derrame pleural unilateral.,Indique o lado do derrame pleural.,0,0,0,0,0,0
diário,IMAGEM,imagi_ctchest,TC do tórax realizada,"1, Sim | 0, Não | 99, Desconhecido",Refere-se à imagem de tomografia computadorizada do tórax.,Indique “Sim” se alguma TC do tórax foi realizada durante a internação do paciente na unidade clínica (hospital) e coletada na data da avaliação.,0,0,0,0,0,0
diário,IMAGEM,imagi_ctchest_result,Se sim: os achados do peito da TC associados a esta doença,"1, Normal ou sem alteração aguda | 5, Alteração anormal ou aguda | 99, Desconhecido","Refere -se às descobertas identificadas no baú da TC. Infiltrados pulmonares referem -se à presença de infiltrados pulmonares ou pulmonares e podem incluir infiltrados alveolares, ar, intersticiais ou nodulares e normalmente se referem a uma substância ou tipo de célula que é estranha ao pulmão, ou se acumula em maior que a quantidade normal dentro dela .",Selecione a opção mais adequada correspondente aos achados da TC do tórax associados a esta doença.,0,0,0,0,0,0
diário,IMAGEM,imagi_ctchest_infiltra,Novos infiltrados presentes no CT,"1, Sim, bilateral | 2, Sim, unilateral | 0, Não | 99, Desconhecido","Refere-se a novos infiltrados pulmonares presentes na TC do tórax atual, não visualizados em radiografias torácicas anteriores do paciente. Os infiltrados pulmonares resultam da presença de uma substância mais densa que o ar (por exemplo, pus, edema, sangue, surfactante, proteína ou células) no parênquima pulmonar. Os infiltrados pulmonares bilaterais estão presentes em ambos os pulmões. Os infiltrados pulmonares unilaterais estão presentes apenas num pulmão.","Selecione a opção mais apropriada correspondente aos novos infiltrados pulmonares presentes na tomografia computadorizada atual, não visualizada em radiografias torácicas anteriores do paciente.",0,0,0,0,0,0
diário,IMAGEM,imagi_ctchest_infiltyp,Infiltrados no peito de TC consistente com,"1, Pneumonite viral | 2, Pneumonia bacteriana |3, Edema pulmonar| 99, Desconhecido","Refere-se à condição patológica com a qual os infiltrados pulmonares na radiografia torácica podem ser consistentes. A pneumonite viral produz caracteristicamente espessamento peribrônquico perihilar bilateral e infiltrados intersticiais que, particularmente em crianças, devido às suas vias aéreas de pequeno calibre, podem resultar em áreas de atelectasia ou aprisionamento de ar. A pneumonia bacteriana produz caracteristicamente opacidades pulmonares segmentares focais (ou seja, broncopneumonia) ou lobares (ou seja, pneumonia lobar). O edema pulmonar pode ser caracterizado por cefalização dos vasos do lobo superior, opacidades intersticiais, manguito peribronquial, linhas septas (linhas de Kerley B), opacificação do espaço aéreo (enchimento dos alvéolos com líquido) que pode ter uma distribuição perihilar ou em “asa de morcego” quando grave e aguda; e derrame pleural. ",Selecione tudo o que se aplica.,0,0,0,0,0,0
diário,IMAGEM,imagi_ctchest_pleueff,Efusão pleural no baú,"1, Sim | 0, Não | 99, Desconhecido",Isso se refere à presença de fluido na cavidade pleural resultante de transudação ou exsudação excessiva das superfícies pleurais.,"Indique 'sim', se o derrame pleural foi visualizado na tomografia computadorizada do peito.",0,0,0,0,0,0
diário,IMAGEM,imagi_ctchest_resultpleudet,Se sim: derrame pleural nos detalhes do peito da CT,"1, Unilateral | 2, Bilateral",Isso se refere à localização do derrame pleural.,Indique a localização do derrame pleural.,0,0,0,0,0,0
diário,IMAGEM,imagi_ctbrain,Cérebro de TC,"1, Sim | 0, Não | 99, Desconhecido",Refere-se à imagem por tomografia computadorizada do cérebro.,Indique “Sim” se foi realizada alguma tomografia computadorizada do cérebro durante a internação do paciente na unidade clínica (hospital) e coletada na data da avaliação.,0,0,0,0,0,0
diário,IMAGEM,imagi_ctbrain_date,Data cerebral da TC,,Isso se refere à data da tomografia computadorizada do cérebro.,Escreva a data em que o CT foi executado (use o formato dd/mm/aaaaaaaaaaaaaaaaaaaaaaaaaaaaaa,0,0,0,0,0,
diário,IMAGEM,imagi_ctbrain_findings,Achados do cérebro de TC,,Isso se refere aos principais achados da tomografia computadorizada do cérebro.,Escreva as principais conclusões da tomografia computadorizada do cérebro.,0,0,0,0,0,
diário,IMAGEM,imagi_mrib,Cérebro de ressonância magnética,"1, Sim | 0, Não | 99, Desconhecido",Refere-se à imagem por ressonância magnética (RM) do cérebro.,Indique “Sim” se alguma ressonância magnética cerebral foi realizada durante a internação do paciente na unidade clínica (hospital) e coletada na data da avaliação.,0,0,0,0,0,0
diário,IMAGEM,imagi_mrib_date,Data de ressonância magnética,,Isso se refere à data da ressonância magnética do cérebro.,Escreva a data em que a ressonância magnética foi executada (use o formato dd/mm/aaaaaaaaaaaaaaaaaaaaaaaaaaaaaa,0,0,0,0,0,
diário,IMAGEM,imagi_mrib_findings,Descobertas de ressonância magnética,,Isso se refere às principais conclusões da ressonância magnética do cérebro.,Escreva as principais conclusões da ressonância magnética do cérebro.,0,0,0,0,0,
diário,IMAGEM,imagi_ultrasound,Ultrassom,"1, Sim | 0, Não | 99, Desconhecido",Refere-se a qualquer imagem de ultrassom realizada durante a internação do paciente na unidade clínica (hospital) e coletada na data da avaliação.,Indique “Sim” se foi realizada uma ecografia durante a estadia do paciente na unidade clínica (hospital) e os resultados foram recolhidos na data da avaliação.,0,0,0,0,0,0
diário,IMAGEM,imagi_ultrasound_date,Se sim para o ultrassom executado: Data do ultrassom,,Isso se refere à data em que a imagem por ultrassom foi realizada.,Escreva a data em que o teste de imagem por ultrassom foi realizado (use o formato dd/mm/aaaa).,0,0,0,0,0,
diário,IMAGEM,imagi_ultrasound_site,Região do ultrassom,"1, Apenas no tórax | 2, Apenas no abdômen | 3, Tórax e abdômen | 99, Desconhecido",Refere-se à região do corpo que foi avaliada por meio de imagem de ultrassom.,Indique a região do corpo que foi avaliada através da ecografia.,0,0,0,0,0,0
diário,IMAGEM,imagi_ultrasound_findi,Se sim para o ultrassom executado: achados de ultrassom associados a esta doença,"1, Normal ou sem alteração aguda | 5, Anormal ou alteração aguda | 99, Desconhecido",Isso se refere a achados de imagem por ultrassom associados a essa doença.,Selecione a opção mais apropriada correspondente às descobertas de imagem por ultrassom associadas a esta doença.,0,0,0,0,0,0
diário,IMAGEM,imagi_ultrasound_asc,Ascites,"1, Sim | 0, Não | 99, Desconhecido",Ascites refere -se a um aumento patológico do fluido na cavidade peritoneal.,"Indique 'sim' se ascites foram identificadas no ultrassom na data da avaliação. Indique 'não' se não houvesse ascites no ultrassom na data da avaliação. Se a cavidade peritoneal não foi examinada por ultrassom para ascites na data da avaliação indicar ""desconhecido"".",0,0,0,0,0,0
diário,IMAGEM,imagi_ultrasound_ascsit,Se sim: classificação de ascites,"1, Pequeno | 2, Moderado | 3, Grave","Ascites leves/pequenas (grau 1) são detectáveis ​​apenas por ultrassonografia e geralmente requer aproximadamente 100 ml de fluido (onde o volume normal é de aproximadamente 25-50 ml); Ascite moderada (grau 2) implicando pelo menos 500-1000 ml de líquido peritoneal e detectado com exame físico; Ascites graves (grau 3) referem -se à manifestação de abdômen grosseiramente distendido, podem ser descritas como ascites tensas.","Selecione a opção mais adequada correspondente ao grau de ascite detectado na imagem de ultrassom. ",0,0,0,0,0,0
diário,IMAGEM,imagi_ultrasound_consoli,Consolidação,"1, Sim | 0, Não | 99, Desconhecido",Isso se refere à presença de uma área de rádio-opeso no pulmão. A opacificação é causada por material fluido ou sólido nas vias aéreas ou parênquima pulmonar.,"Indique “Sim” se foi identificada consolidação na ecografia na data da avaliação. Indique “Não” se não havia derrame(s) pleural(is) na ecografia na data da avaliação. Indique “Desconhecido” se o espaço pleural não foi examinado por ecografia para derrame(s) pleural(is) na data da avaliação. ",0,0,0,0,0,0
diário,IMAGEM,imagi_ultrasound_pleff,Efusão pleural,"1, Sim | 0, Não | 99, Desconhecido",Efusão pleural refere -se a um aumento patológico do fluido no espaço pleural.,Indique “Sim” se efusão(ões) pleural(is) foi(foram) identificada(s) na ultrassonografia na data da avaliação. Indique “Não” se não houve efusão(ões) pleural(is) na ultrassonografia na data da avaliação. Indique “Desconhecido” se o espaço pleural não foi examinado por ultrassom para efusão(ões) pleural(is) na data da avaliação.,0,0,0,0,0,0
diário,IMAGEM,imagi_ultrasound_plefr,"Se sim, para derrame pleural: Efusão pleural Tamanho certo (CM)",,Refere -se à profundidade do derrame pleural em centímetros (CM).,Indique a profundidade do derrame pleural no lado direito em centímetros (cm).,0,0,0,0,0,
diário,IMAGEM,imagi_ultrasound_plefl,"Se sim, para derrame pleural: Efusão pleural Tamanho esquerdo (CM)",,Refere -se à profundidade do derrame pleural em centímetros (CM).,Indique a profundidade do derrame pleural no lado esquerdo em centímetros (cm).,0,0,0,0,0,
diário,IMAGEM,imagi_ultrasound_peric,Efusão pericárdica,"1, Sim | 0, Não | 99, Desconhecido",Efusão pericárdica refere -se a um aumento patológico do fluido no espaço pericárdico.,"Se foi identificado derrame pericárdico na ecografia na data da avaliação, indique “Sim”. Se não houve derrame pericárdico na ecografia na data da avaliação, indique “Não”. Se o espaço pericárdico não foi examinado por ecografia para detectar derrame pericárdico na data da avaliação, indique “Desconhecido”. ",0,0,0,0,0,0
diário,IMAGEM,imagi_ultrasound_perics,Se sim: Tamanho do Efusão Pericárdica (CM),,Refere -se à profundidade do derrame pericárdico em centímetros (CM).,Indique a profundidade do derrame pericárdico no lado esquerdo em centímetros (CM).,0,0,0,0,0,
diário,IMAGEM,imagi_liversize,Tamanho do fígado (cm),,"Refere -se ao comprimento craniocaudal do fígado ao longo da linha medidalvicular, em centímetros (cm).","Indique o comprimento craniocaudal do fígado ao longo da linha medidalvicular, em centímetros (cm).",0,0,0,0,0,
diário,IMAGEM,imagi_gallbladder,Parede da vesícula biliar (mm),,"Refere -se à espessura da parede da vesícula biliar, em milímetros (mm).","Indique a espessura da parede da vesícula biliar, em milímetros (mm).",0,0,0,0,0,
diário,IMAGEM,imagi_ultrasound_unlisted,Outras descobertas (s),"1, Sim | 0, Não | 99, Desconhecido",Refere -se a outras descobertas de ultrassom que são clinicamente relevantes.,"Indique 'sim', se houver outros achados de imagem por ultrassom que são clinicamente relevantes.",0,0,0,0,0,0
diário,IMAGEM,imagi_ultrasound_unlistedoth,Se sim: especifique outras descobertas,,Refere -se a outros achados de imagem por ultrassom que são clinicamente relevantes.,"Se “Sim”, especifique os outros achados de imagem ultrassonográfica clinicamente relevantes.",0,0,0,0,0,
diário,IMAGEM,imagi_ecg,Eletrocardiograma (ECG),"1, Sim-normal | 2, Sim-anormal | 0, Não | 99, Desconhecido","Refere -se a um estudo que avalia o efeito de um tratamento na atividade elétrica cardíaca, conforme avaliado por eletrocardiografia.",Selecione as opções mais apropriadas que correspondem às descobertas do ECG.,0,0,0,0,0,0
diário,IMAGEM,imagi_ecg_spec,Resumo do ECG,,Refere -se a um resumo das principais descobertas do ECG,Se 'sim-abnmal' fornecer um resumo das principais descobertas do ECG.,0,0,0,0,0,
diário,IMAGEM,imagi_ecg_date,Data do ECG,,Refere -se à data do ECG,Escreva a data em formato dd/mm/yyyy.,0,0,0,0,0,
medicação,MEDICAÇÃO: Registre os medicamentos administrados ou prescritos desde o dia da apresentação até o dia da alta/resultado (um formulário por medicamento).,medi_medtype,Selecione agentes administrados enquanto hospitalizados ou na alta (um formulário por medicação),,"Refere-se a todos os medicamentos administrados a qualquer momento durante a internação do paciente na unidade clínica (hospital), incluindo no pronto-socorro, e prescritos na alta.","Indique o tipo de agente para todos os medicamentos administrados a qualquer momento durante a internação do paciente na unidade clínica (hospital), incluindo no pronto-socorro, e prescritos na alta.",0,0,0,0,0,
medicação,MEDICAÇÃO: Registre os medicamentos administrados ou prescritos desde o dia da apresentação até o dia da alta/resultado (um formulário por medicamento).,medi_treat,Este medicamento está tratando a doença?,"1, Sim | 0, Não",Refere-se ao uso do medicamento para tratar a doença causada pelo patógeno de interesse.,Indique 'sim' se este medicamento estiver sendo usado para tratar a doença causada pelo patógeno de interesse.,0,0,0,0,0,0
medicação,MEDICAÇÃO: Registre os medicamentos administrados ou prescritos desde o dia da apresentação até o dia da alta/resultado (um formulário por medicamento).,medi_antiviralagent,Antiviral,,"Refere -se a qualquer agente (s) prescrito especificamente para tratar uma infecção viral suspeita ou confirmada. Exemplos de inibidores da neuraminidase incluem oseltamivir, ribavirina, aciclovir e lopinavir/ritonavir. Os preparativos tópicos não estão incluídos.","Selecione o (s) agente (s) antiviral (s) administrado a qualquer momento durante a admissão do paciente nas instalações clínicas (hospital), inclusive no departamento de emergência, e prescrito na alta.",0,0,0,0,0,
medicação,MEDICAÇÃO: Registre os medicamentos administrados ou prescritos desde o dia da apresentação até o dia da alta/resultado (um formulário por medicamento).,medi_antibioagent,Antibiótico,,Antibióticos referem -se a qualquer agente (s) que atinja seletivamente as bactérias.,"Selecione o (s) agente (s) de antibióticos (s) administrado a qualquer momento durante a admissão do paciente na instalação clínica (hospital), inclusive no departamento de emergência, e prescrito na alta.",0,0,0,0,0,
medicação,MEDICAÇÃO: Registre os medicamentos administrados ou prescritos desde o dia da apresentação até o dia da alta/resultado (um formulário por medicamento).,medi_topicantibiotgent,Antibiótico tópico,"1, Penicilinas | 2, Cefalosporinas | 3, Tetraciclinas | 4, Aminoglicosídeos | 5, Macrolídeos | 6, Sulfonamidas e trimetoprim | 7, Quinolonas | 99, Desconhecido | 88, Outros",Refere -se à classe de antibióticos de antibióticos tópicos administrados durante a admissão e/ou prescrito na descarga.,Indique a classe de antibióticos tópicos administrados durante a admissão e/ou prescrito na descarga,0,0,0,0,0,0
medicação,MEDICAÇÃO: Registre os medicamentos administrados ou prescritos desde o dia da apresentação até o dia da alta/resultado (um formulário por medicamento).,medi_corticost,Corticosteróide,,"Os corticosteróides (geralmente chamados de 'esteróides') referem -se a todos os tipos de corticosteróide terapêutico, fabricados no córtex adrenal (a parte externa da glândula adrenal). Eles também são feitos em laboratório. Os exemplos incluem: prednisolona, ​​prednisona, metil-prednisolona, ​​dexametasona, hidrocortisona, fluticasona, betametasona. Os preparativos tópicos não estão incluídos, mas os preparativos inalados estão incluídos.","Selecione os corticosteróides administrados a qualquer momento durante a admissão do paciente nas instalações clínicas (hospital), inclusive no departamento de emergência e prescritas na alta.",0,0,0,0,0,
medicação,MEDICAÇÃO: Registre os medicamentos administrados ou prescritos desde o dia da apresentação até o dia da alta/resultado (um formulário por medicamento).,medi_anticoaguagent,Anticoagulação,,"Um anticoagulante refere -se a qualquer agente capaz de prevenir a formação de coágulos sanguíneos ou agregação plaquetária. Isso inclui agentes como heparina, varfarina, aspirina, clopidogrel e anticoagulantes administrados por subcutaneamente, entre muitos outros. Os preparativos tópicos não estão incluídos.","Selecione os anticoagulantes administrados a qualquer momento durante a admissão do paciente na instalação clínica (hospital), inclusive no departamento de emergência, e prescrito na alta.",0,0,0,0,0,
medicação,MEDICAÇÃO: Registre os medicamentos administrados ou prescritos desde o dia da apresentação até o dia da alta/resultado (um formulário por medicamento).,medi_anticoaguagent_ind,Indicação de anticoagulação,"1, Terapêutico (tratamento de TVP/EP) | 2, Profilaxia reforçada para infecção por patógeno de interesse | 3, Profilaxia de rotina em pacientes internados | 99, Desconhecido",Isso se refere à indicação dos anticoagulantes.,Selecione a opção mais apropriada correspondente à indicação do (s) anticoagulante (s).,0,0,0,0,0,0
medicação,MEDICAÇÃO: Registre os medicamentos administrados ou prescritos desde o dia da apresentação até o dia da alta/resultado (um formulário por medicamento).,medi_antifungagent,Agente antifúngico,,"Refere -se a qualquer agente que inibe o crescimento ou matando fungos, prescrito especificamente para tratar uma infecção fúngica suspeita ou confirmada.","Selecione o (s) agente (s) antifúngico (s) administrado a qualquer momento durante a admissão do paciente nas instalações clínicas (hospital), inclusive no departamento de emergência, e prescrito na alta.",0,0,0,0,0,
medicação,MEDICAÇÃO: Registre os medicamentos administrados ou prescritos desde o dia da apresentação até o dia da alta/resultado (um formulário por medicamento).,medi_inotropesvasopressor,Inotropes / Vasopressor,"1, Vasopressina | 2, Fenilefrina | 3, Epinefrina | 4, Norepinefrina | 5, Dopamina | 6, Angiotensina II | 7, Terlipressina | 88, Outros","Isso se refere ao uso contínuo de um vasopressor ou inotrope por pelo menos uma hora. Os agentes incluem noradrenalina, epinefrina, vasopressina, terlipressina e fenilefrina. Os inotropos ""positivos"" comumente usados ​​incluem dobutamina, dopamina, milrinona e adrenalina (epinefrina).","Selecione o agente vasopressor ou inotropo administrado a qualquer momento durante a admissão do paciente nas instalações clínicas (hospital), inclusive no departamento de emergência, e prescrito na alta.",0,0,0,0,0,0
medicação,MEDICAÇÃO: Registre os medicamentos administrados ou prescritos desde o dia da apresentação até o dia da alta/resultado (um formulário por medicamento).,medi_analgesic,Agente analgésico,"1, Paracetamol | 2, AINEs | 3, Opiáceos | 4, Cetamina | 99, Desconhecido | 88, Outros","Refere-se a quaisquer agentes que aliviam a dor sem perda de consciência. Estes incluem agentes analgésicos opióides, não opióides e adjuvantes.","Indique o(s) agente(s) analgésico(s) administrado(s) a qualquer momento durante a internação do paciente na unidade clínica (hospital), incluindo no pronto-socorro, e prescrito na alta.",0,0,0,0,0,0
medicação,MEDICAÇÃO: Registre os medicamentos administrados ou prescritos desde o dia da apresentação até o dia da alta/resultado (um formulário por medicamento).,medi_antipruritic,Agente Antiprurítico,"1, Hidrocortisona | 2, Calamina | 3, Anti-histamínicos | 4, Hidroxizina | 99, Desconhecido | 88, Outros",Isso se refere a qualquer agente (s) que alivie a coceira (prurido).,"Selecione o (s) agente (s) antiprurítico (s) administrado a qualquer momento durante a admissão do paciente nas instalações clínicas (hospital), inclusive no departamento de emergência e prescrito na alta.",0,0,0,0,0,0
medicação,MEDICAÇÃO: Registre os medicamentos administrados ou prescritos desde o dia da apresentação até o dia da alta/resultado (um formulário por medicamento).,medi_immunosupp,Medicamentos imunossupressores (não esteróides),,Refere-se a um paciente que se sabe ter tomado medicamentos prescritos com efeito imunossupressor (excluindo esteróides/corticosteroides).,Selecione a opção mais adequada correspondente à indicação do(s) imunossupressor(es).,0,0,0,0,0,
medicação,MEDICAÇÃO: Registre os medicamentos administrados ou prescritos desde o dia da apresentação até o dia da alta/resultado (um formulário por medicamento).,medi_ivig,Tipo de imunoglobulina intravenosa,"1, Imunoglobulina policlonal | 2, Imunoglobulina específica | 99, Desconhecido | 88, Outros","Refere-se ao tipo de imunoglobulina intravenosa. ",Selecione a opção mais adequada que representa o tipo de imunoglobulina intravenosa administrada.,0,0,0,0,0,0
medicação,MEDICAÇÃO: Registre os medicamentos administrados ou prescritos desde o dia da apresentação até o dia da alta/resultado (um formulário por medicamento).,medi_ivig_oth,Especifique outro tipo de imunoglobulina intravenosa,,"Se “Outro”, especifique o tipo de imunoglobulina intravenosa.","Especifique o tipo de imunoglobulina intravenosa. ",0,0,0,0,0,
medicação,MEDICAÇÃO: Registre os medicamentos administrados ou prescritos desde o dia da apresentação até o dia da alta/resultado (um formulário por medicamento).,medi_route,Via de administração do medicamento,"1, Oral | 2, Subcutânea | 3, Inalada | 4, IV | 5, Tópica | 99, Desconhecida | 88, Outros",Refere-se à via de administração do medicamento.,Selecione a opção mais adequada que representa a via de administração do medicamento.,0,0,0,0,0,0
medicação,MEDICAÇÃO: Registre os medicamentos administrados ou prescritos desde o dia da apresentação até o dia da alta/resultado (um formulário por medicamento).,medi_route_oth,Especificar outra via,,Refere-se à via de administração do medicamento.,"Se “Outro”, indique a via de administração do medicamento.",0,0,0,0,0,
medicação,MEDICAÇÃO: Registre os medicamentos administrados ou prescritos desde o dia da apresentação até o dia da alta/resultado (um formulário por medicamento).,medi_medstartdate,Data Agente Iniciado / Primeira dose,,Refere-se à data em que o medicamento foi iniciado/a primeira dose foi administrada.,Digite a data no formato dd/mm/yyyy.,0,0,0,0,0,
medicação,MEDICAÇÃO: Registre os medicamentos administrados ou prescritos desde o dia da apresentação até o dia da alta/resultado (um formulário por medicamento).,medi_medongoing,Terapia em andamento?,"1, Sim | 2, Não | 99, Desconhecida",Refere-se à terapia em andamento com medicamentos usados para tratar a doença causada pelo patógeno de interesse.,Indique se há terapia em andamento com medicamentos usados para tratar a doença causada pelo patógeno de interesse.,0,0,0,0,0,0
medicação,MEDICAÇÃO: Registre os medicamentos administrados ou prescritos desde o dia da apresentação até o dia da alta/resultado (um formulário por medicamento).,medi_medenddate,Data agente terminou / última dose,,"Refere-se à data em que o medicamento foi interrompido/a última dose foi administrada. ",Digite a data no formato dd/mm/yyyy.,0,0,0,0,0,
medicação,MEDICAÇÃO: Registre os medicamentos administrados ou prescritos desde o dia da apresentação até o dia da alta/resultado (um formulário por medicamento).,medi_numdays,Número total de dias de tratamento fornecido,,Isso se refere ao número total de dias para os quais uma dose foi recebida ou instruída a assumir a prescrição de alta.,Digite o número total de dias para os quais uma dose foi recebida ou instruída a assumir a prescrição de alta.,0,0,0,0,0,
medicação,MEDICAÇÃO: Registre os medicamentos administrados ou prescritos desde o dia da apresentação até o dia da alta/resultado (um formulário por medicamento).,medi_stopreason,Motivos para a interrupção do tratamento,"1, Melhoras | 2, Deterioração | 3, Morte | 4, Outros eventos adversos | 99, Desconhecida | 88, Outros",Refere-se ao motivo da interrupção do tratamento.,Selecione a opção mais adequada correspondente ao motivo da interrupção do tratamento.,0,0,0,0,0,0
medicação,MEDICAÇÃO: Registre os medicamentos administrados ou prescritos desde o dia da apresentação até o dia da alta/resultado (um formulário por medicamento).,medi_stopreason_oth,Especificar outro motivo,,Refere-se ao motivo da interrupção do tratamento.,"Se “Outro”, especifique o motivo da interrupção do tratamento.",0,0,0,0,0,
medicação,MEDICAÇÃO: Registre os medicamentos administrados ou prescritos desde o dia da apresentação até o dia da alta/resultado (um formulário por medicamento).,medi_frequency,Freqüência,,"Refere-se à frequência da administração de medicina especificada em um período de 24 horas (00:00 a 24:00 horas). Exemplos incluem 'cada 4 horas', 'duas vezes ao dia' etc.","Indique a frequência de administração do medicamento especificado num período de 24 horas (00:00 a 24:00 horas). Exemplos incluem “a cada 4 horas”, “duas vezes ao dia”, etc.",0,0,0,0,0,
medicação,MEDICAÇÃO: Registre os medicamentos administrados ou prescritos desde o dia da apresentação até o dia da alta/resultado (um formulário por medicamento).,medi_dose,Dose,,"Isso se refere à dosagem do medicamento administrado a qualquer momento durante a admissão do paciente nas instalações clínicas (hospital), inclusive no departamento de emergência, e prescrito na alta.","Escreva a dose; Não inclua unidades, pois isso é feito na seguinte pergunta.",0,0,0,0,0,
medicação,MEDICAÇÃO: Registre os medicamentos administrados ou prescritos desde o dia da apresentação até o dia da alta/resultado (um formulário por medicamento).,medi_units,Unidades,,"Isso se refere à dosagem do medicamento administrado a qualquer momento durante a admissão do paciente nas instalações clínicas (hospital), inclusive no departamento de emergência, e prescrito na alta.",Escreva as unidades da dosagem.,0,0,0,0,0,0
medicação,MEDICAÇÃO: Registre os medicamentos administrados ou prescritos desde o dia da apresentação até o dia da alta/resultado (um formulário por medicamento).,medi_units_oth,Unidades (outras),,"Refere-se à dosagem do medicamento administrado em qualquer momento da internação do paciente no centro clínico (hospital), inclusive no pronto-socorro, e prescrito na alta.",Escreva as unidades da dosagem.,0,0,0,0,0,
medicação,MEDICAÇÃO: Registre os medicamentos administrados ou prescritos desde o dia da apresentação até o dia da alta/resultado (um formulário por medicamento).,medi_numdoses,Número total de doses (número de vezes o medicamento foi injetado / engolido / infundido / inserido / aplicado / inalado),,"Refere-se ao número total de doses do medicamento administradas a qualquer momento durante a internação do paciente na unidade clínica (hospital), incluindo no pronto-socorro, e prescritas na alta.","Escreva o número total de doses do medicamento. Se o mesmo medicamento foi administrado por diferentes rotas, indique o número total de doses de todas as rotas de administração (injetado / engolido / infundido / inserido / aplicado / inalado).",0,0,0,0,0,
medicação,MEDICAÇÃO: Registre os medicamentos administrados ou prescritos desde o dia da apresentação até o dia da alta/resultado (um formulário por medicamento).,medi_offlab,Foi um uso off-label ou compassivo da medicação?,"1, Sim | 0, Não | 99, Desconhecido",Isso se refere à prática de prescrever ou usar um medicamento ou uma vacina para uma indicação que não é especificada no licenciamento regulatório nacional.,Selecione 'Sim' se este medicamento foi usado para uma indicação que não é especificada no licenciamento regulatório nacional.,0,0,0,0,0,0
medicação,MEDICAÇÃO: Registre os medicamentos administrados ou prescritos desde o dia da apresentação até o dia da alta/resultado (um formulário por medicamento).,medi_offlab_spec1,Se sim: especifique o uso off-label ou compassivo de uso,,Isso se refere à prática de prescrever ou usar um medicamento ou uma vacina para uma indicação que não é especificada no licenciamento regulatório nacional.,Especifique medicamentos que foram usados ​​para uma indicação que não é especificada no licenciamento regulatório nacional.,0,0,0,0,0,
patógenos,TESTE DE PATÓGENOS: Resultados de todos os tipos de testes de amostras e patógenos,test_collectiondate,Data de coleta,,Isso se refere à data de coleta de uma amostra clínica para teste de patógenos.,Escreva a data em que as amostras foram coletadas. Isso pode ser diferente do dia em que os resultados são relatados. Use formato dd/mm/yyyy.,0,0,0,0,0,
patógenos,TESTE DE PATÓGENOS: Resultados de todos os tipos de testes de amostras e patógenos,test_biospecimentype,Tipo de BioSecimen,,Refere-se ao tipo de amostra clínica coletada para teste de patógenos. O swab nasal/nasofaríngeo (NP) refere-se à coleta de material biológico das vias nasais/nasofaringe. O swab da garganta refere-se à coleta de material biológico da garganta/orofaringe. Swab nasal/NP + faringe combinado refere-se à coleta usando swab nasal/nasofaríngeo (NP) e swab faringe. Escarro refere-se ao material expelido dos pulmões e expectorado pela boca. Lavagem broncoalveolar (BAL) refere-se à lavagem dos pulmões com solução salina ou agentes mucolíticos para fins diagnósticos ou terapêuticos. Aspiração endotraqueal (ETA) refere-se à coleta de amostra do tubo endotraqueal. Esfregaço ocular refere-se à coleta de amostra biológica da superfície do olho. Esfregaço da lesão refere-se à coleta de amostra biológica de uma lesão na pele ou membrana mucosa. Sêmen refere-se à secreção dos órgãos reprodutores masculinos descarregada durante a ejaculação. Fezes/esfregaço retal refere-se à amostra biológica coletada de matéria fecal ou do reto por meio de esfregaço.,Selecione a opção mais apropriada que representa o tipo de amostra clínica coletada para testes de patógenos.,0,0,0,0,0,
patógenos,TESTE DE PATÓGENOS: Resultados de todos os tipos de testes de amostras e patógenos,test_pathtested,Patógeno testado / detectado,,Refere-se ao(s) patógeno(s) testado(s) utilizando a amostra biológica.,"Indique o(s) patógeno(s) que foram testado(s) usando a amostra biológica. ",0,0,0,0,0,
patógenos,TESTE DE PATÓGENOS: Resultados de todos os tipos de testes de amostras e patógenos,test_labtestmethod,Método de teste de laboratório,"1, PCR | 2, IgG | 3, Cultura | 4, IgM | 6, RDT | 5, Detecção de antígenos | 99, Desconhecido","Refere-se ao método laboratorial utilizado para testar o patógeno. ",Selecione a opção mais apropriada que representa o método de laboratório usado para testar o patógeno.,0,0,0,0,0,0
patógenos,TESTE DE PATÓGENOS: Resultados de todos os tipos de testes de amostras e patógenos,test_marker,Marcador laboratorial,"1, NS1 Ag | 2, IgG | 3, IgM | 4, Viral load / serotype | 5, Not applicable | 99, Unknown ",Refere-se ao marcador laboratorial utilizado para testar o patógeno.,Selecione a opção mais adequada que representa o marcador laboratorial usado para testar o patógeno.,0,0,0,0,0,0
patógenos,TESTE DE PATÓGENOS: Resultados de todos os tipos de testes de amostras e patógenos,test_result,Resultado do teste de patógenos,"1, Detectada | 0, Não detectada | 2, Equívoca | 99, Desconhecida",Refere-se aos resultados do(s) patógeno(s) testado(s) utilizando a amostra biológica.,Selecione a opção mais apropriada que representa os resultados dos patógenos testados para o uso da amostra biológica.,0,0,0,0,0,0
patógenos,TESTE DE PATÓGENOS: Resultados de todos os tipos de testes de amostras e patógenos,test_denguetyp,Sorotipo do vírus da dengue,"1, DENV1 | 2, DENV2 | 3, DENV3 | 4, DENV4","Refere-se ao rótulo do serotipo da espécie viral do vírus da dengue, que é um vírus de RNA de fita simples e sentido positivo da família Flaviviridae e do gênero Flavivirus, detectado através do teste PCR.",Selecione a opção mais adequada que representa a etiqueta do sorotipo da espécie viral do vírus da dengue detectada usando o teste PCR.,0,0,0,0,0,0
patógenos,TESTE DE PATÓGENOS: Resultados de todos os tipos de testes de amostras e patógenos,test_fluresist,Se o patógeno detectado for influenza: resistência ao oseltamivir identificada,"1, Sim | 0, Não | 3, Não testado | 99, Desconhecido",Refere-se à identificação da resistência ao Oseltamivir.,"Indique “Sim” se foi identificada resistência ao oseltamivir. ",0,0,0,0,0,0
patógenos,TESTE DE PATÓGENOS: Resultados de todos os tipos de testes de amostras e patógenos,test_ctvalue,Valor de CT,,Isso se refere ao limiar do ciclo (TC) para detecção de ácido nucleico em amostras usando reação em cadeia da polimerase em tempo real.,Indique o valor CT.,0,0,0,0,0,
patógenos,TESTE DE PATÓGENOS: Resultados de todos os tipos de testes de amostras e patógenos,test_vload,Viral load (copies/mL),,Refere-se à quantidade de vírus em um determinado volume de fluido.,"Indique a carga viral. ",0,0,0,0,0,
patógenos,TESTE DE PATÓGENOS: Resultados de todos os tipos de testes de amostras e patógenos,test_genrep,Sequência disponível no repositório de dados genômicos,"1, Sim | 0, Não",Isso se refere à disponibilidade da sequência genômica do patógeno em um repositório de dados.,Indique 'sim' se a sequência estiver disponível em um repositório de dados genômicos.,0,0,0,0,0,0
patógenos,TESTE DE PATÓGENOS: Resultados de todos os tipos de testes de amostras e patógenos,test_genrep_db,Repositório genômico,,Refere -se ao repositório genômico que contém os dados da sequência de patógenos.,Selecione o repositório genômico que contém os dados da sequência de patógenos.,0,0,0,0,0,
patógenos,TESTE DE PATÓGENOS: Resultados de todos os tipos de testes de amostras e patógenos,test_genrep_ref,Identificador de sequência do repositório,,Refere -se ao identificador da sequência no repositório.,Escreva o identificador da sequência no repositório genômico.,0,0,0,0,0,
fotografias,FOTOGRAFIAS,photo_date,Data da imagem,,Refere-se à data em que a imagem foi capturada.,Insira a data no formato DD/MM/AAAA.,0,0,0,0,0,
fotografias,FOTOGRAFIAS,photo_type,O que está sendo fotografado?,"1, Lesão cutânea | 2, Lesão mucosa | 99, Desconhecida | 88, Outros",Refere-se ao tipo de patologia capturada na fotografia.,Selecione a opção mais adequada que representa o tipo de patologia capturada na fotografia.,0,0,0,0,0,0
fotografias,FOTOGRAFIAS,photo_upload,Carregue a imagem aqui,,,,0,0,0,,,
fotografias,FOTOGRAFIAS,photo_site,Que parte do corpo está sendo fotografada?,"1, Cabeça, pescoço ou rosto | 2, Interior da boca | 3, Tronco anterior | 4, Tronco posterior | 5, Braço ou mão direita | 6, Braço ou mão esquerda | 7, Perianal | 8, Região púbica | 9, Perna ou pé direito | 10, Perna ou pé esquerdo | 99, Desconhecido | 88, Outros",Refere-se à parte do corpo capturada na fotografia.,Selecione a opção mais adequada que representa a parte do corpo capturada na fotografia.,0,0,0,0,0,0
fotografias,FOTOGRAFIAS,photo_site_oth,Especifique outro local,,"Refere-se à parte do corpo capturada na fotografia, não especificada acima.","Se “Outro”, especifique a parte do corpo capturada na fotografia, não especificada acima.",0,0,0,0,0,
fotografias,FOTOGRAFIAS,photo_sampleyn,Foi coletada uma amostra da área fotografada?,"1, Sim | 2, Não | 99, Desconhecido","Refere-se a uma amostra biológica da parte do corpo fotografada. ",Indique “Sim” se foi recolhida uma amostra biológica da parte do corpo fotografada.,0,0,0,0,0,0
fotografias,FOTOGRAFIAS,photo_sampleid,Insira o ID da amostra,,Refere-se ao número de identificação (ID) da amostra.,Escreva o ID da amostra.,0,0,0,0,0,
fotografias,FOTOGRAFIAS,photo_desc,Forneça qualquer outra descrição adicional relevante da foto ou de sua localização.,,"Refere-se a qualquer outra descrição adicional relevante da foto ou sua localização, não especificada acima.","Indique qualquer outra descrição adicional relevante da foto ou sua localização, não especificada acima.",0,0,0,0,0,
desfecho,COMPLICAÇÕES: Experimentadas em qualquer momento desde o dia da apresentação até o dia da alta/resultado.,compl_neurological,Complicações neurológicas,,Definido como qualquer complicação do sistema nervoso,Indique “Sim” se o paciente apresentou isso em qualquer momento durante a hospitalização.,0,0,0,0,0,
desfecho,COMPLICAÇÕES: Experimentadas em qualquer momento desde o dia da apresentação até o dia da alta/resultado.,compl_strokecva,Acidente de derrame / cerebrovascular,"1, Sim | 0, Não | 99, Desconhecido","Definido como uma perda súbita de função neurológica secundária à hemorragia ou isquemia no parênquima cerebral devido a um evento vascular. O AVC pode ser um diagnóstico clínico, com ou sem achados radiológicos de suporte.","Indique 'sim', se o paciente experimentou isso a qualquer momento durante a hospitalização.",0,0,0,0,0,0
desfecho,COMPLICAÇÕES: Experimentadas em qualquer momento desde o dia da apresentação até o dia da alta/resultado.,compl_severeneuro,Doença neurológica grave,"1, Sim | 0, Não | 99, Desconhecido","Isso se refere a várias manifestações neurológicas, incluindo meningite, encefalite, encefalopatia, convulsões sintomáticas agudas, hemorragia ou derrame intracraniano e síndrome de Guillain-Barre (GBS). A meningite é uma doença inflamatória dos leptomeninges, os tecidos ao redor do cérebro e da medula espinhal e é definida por um número anormal de glóbulos brancos no líquido cefalorraquidiano (LCR) dentro de um contexto clínico apropriado e sem achados radiológicos de apoio. Encefalite refere -se à inflamação do cérebro. Em comparação com a meningite, na encefalite, são esperadas anormalidades na função cerebral, incluindo estado mental alterado, déficits motores ou sensoriais, comportamento alterado e mudanças de personalidade e distúrbios de fala ou movimento. É definido por um estado mental alterado com duração? 24 horas, juntamente com dois dos seguintes critérios: febre documentada>/= 38 ° C (100,4 ° F); Contagem de glóbulos brancos (WBC) no líquido cefalorraquidiano (LCR)>/= 5 células/mm^3; apreensões generalizadas ou parciais não totalmente atribuíveis a um distúrbio convulsivo preexistente; novo início de achados neurológicos focais; presença de lesão aguda compatível na neuroimagem; Anormalidade na eletroencefalografia que é consistente com encefalite e não atribuível a outra causa. Conforme descrito pelo consórcio internacional de encefalite de 2013. As convulsões são definidas como uma anormalidade intermitente da fisiologia do sistema nervoso caracterizado por uma ocorrência transitória de movimento repentino, violento e irregular do corpo, causado pela contração involuntária dos músculos devido a atividade neuronal excessiva ou síncrona anormal no cérebro. Uma história estabelecida de epilepsia não é necessária. O derrame refere -se a uma perda súbita de função neurológica secundária à hemorragia ou isquemia no parênquima cerebral devido a um evento vascular. O AVC pode ser um diagnóstico clínico, com ou sem achados radiológicos de suporte. Hemorragia intracraniana refere -se à hemorragia/sangramento que ocorre dentro do crânio. A hemorragia intracraniana abrange quatro grandes tipos de hemorragia: hemorragia peridural, hemorragia subdural, hemorragia subaracnóidea e hemorragia intraparenquimatosa. A síndrome de Guillain-Barre refere-se a um distúrbio auto-imune rapidamente progressivo do sistema nervoso periférico, caracterizado pela paraestesia do membro, areflexia e fraqueza ou paralisia muscular generalizada que geralmente começa nas pernas e se espalha para os braços, o torso e a face. As características necessárias incluem fraqueza progressiva dos braços e/ou pernas, variando da fraqueza mínima das pernas a paralisia total de todos os quatro membros e incluindo os músculos do tronco, bulbar e facial e oftalmoplegia externo; e areflexia ou diminuição dos reflexos profundos do tendão em membros fracos. As características de suporte incluem progressão dos sintomas ao longo de dias a quatro semanas; Sintomas relativamente simétricos e bilaterais; Dor no tronco ou membros; Sintomas ou sinais do nervo craniano; Disfunção autonômica; Disfunção sensorial que é leve; Sem febre no início dos sintomas; LCF com proteína elevada e contagem de leucócitos normal a levemente elevada (geralmente <5 células/mm3); Anormalidades eletrodiagnósticas consistentes com GBS; Recuperação começando duas a quatro semanas após a interrupção da progressão.","Indique 'sim', se o paciente experimentou isso a qualquer momento durante a hospitalização.",0,0,0,0,0,0
desfecho,COMPLICAÇÕES: Experimentadas em qualquer momento desde o dia da apresentação até o dia da alta/resultado.,compl_encephalopathy,Encefalopatia,"1, Sim | 0, Não | 99, Desconhecido","Encefalopatia refere-se amplamente à disfunção cerebral que pode ser causada por um distúrbio funcional e/ou estrutural causado por uma variedade de etiologias, incluindo doenças de outros sistemas orgânicos (por exemplo, doença hepática, doença renal), medicamentos, produtos químicos e lesões. Apresenta uma variedade de sintomas, incluindo alteração do estado mental, confusão, perda de memória e alterações comportamentais.",Indique “Sim” se o paciente apresentou isso em qualquer momento durante a hospitalização.,0,0,0,0,0,0
desfecho,COMPLICAÇÕES: Experimentadas em qualquer momento desde o dia da apresentação até o dia da alta/resultado.,compl_seizure,Convulsão,"1, Sim | 0, Não | 99, Desconhecido","Definido como uma anormalidade intermitente da fisiologia do sistema nervoso caracterizado por uma ocorrência transitória de movimento repentino, violento e irregular do corpo, causado pela contração involuntária dos músculos devido a atividade neuronal excessiva ou síncrona anormal no cérebro. Uma história estabelecida de epilepsia não é necessária.","Indique 'sim', se o paciente experimentou isso a qualquer momento durante a hospitalização.",0,0,0,0,0,0
desfecho,COMPLICAÇÕES: Experimentadas em qualquer momento desde o dia da apresentação até o dia da alta/resultado.,compl_focalneuro,Sinais neurológicos focais,"1, Sim | 0, Não | 99, Desconhecido","Definido como deficiências de nervos, medula espinhal ou função cerebral que afetam uma região específica do corpo, p. Fraqueza no braço esquerdo, a perna direita, a paresis ou o PLEGIA, identificados no exame neurológico.","Indique 'sim', se o paciente experimentou isso a qualquer momento durante a hospitalização.",0,0,0,0,0,0
desfecho,COMPLICAÇÕES: Experimentadas em qualquer momento desde o dia da apresentação até o dia da alta/resultado.,compl_encephalitis,Encefalite,"1, Sim | 0, Não | 99, Desconhecido","Encefalite refere -se à inflamação do cérebro. É definido por um estado mental alterado que durou maior ou igual a 24 horas, juntamente com dois dos seguintes critérios: febre documentada maior ou igual a 38 ° C (100,4 ° F); Contagem de glóbulos brancos (WBC) no líquido cefalorraquidiano (LCR) maior ou igual a 5/mm³; apreensões generalizadas ou parciais não totalmente atribuíveis a um distúrbio convulsivo preexistente; novo início de achados neurológicos focais; presença de lesão aguda compatível na neuroimagem; Anormalidade na eletroencefalografia que é consistente com encefalite e não atribuível a outra causa. Conforme descrito pelo consórcio internacional de encefalite de 2013.","Indique 'sim', se o paciente experimentou isso a qualquer momento durante a hospitalização.",0,0,0,0,0,0
desfecho,COMPLICAÇÕES: Experimentadas em qualquer momento desde o dia da apresentação até o dia da alta/resultado.,compl_meningitis,Meningite,"1, Sim | 0, Não | 99, Desconhecido",A meningite é definida por um número anormal de glóbulos brancos no líquido cefalorraquidiano (LCR) em um contexto clínico apropriado e com ou sem achados radiológicos de suporte.,"Indique 'sim', se o paciente experimentou isso a qualquer momento durante a hospitalização.",0,0,0,0,0,0
desfecho,COMPLICAÇÕES: Experimentadas em qualquer momento desde o dia da apresentação até o dia da alta/resultado.,compl_gbs,Síndrome de Guillain-Barré (GBS),"1, Sim | 0, Não | 99, Desconhecido","Refere-se a uma doença autoimune de progressão rápida do sistema nervoso periférico, caracterizada por parestesias nos membros, arreflexia e fraqueza muscular generalizada ou paralisia que geralmente começa nas pernas e se espalha para os braços, tronco e rosto.",Indique “Sim” se o paciente apresentou isso em qualquer momento durante a hospitalização.,0,0,0,0,0,0
desfecho,COMPLICAÇÕES: Experimentadas em qualquer momento desde o dia da apresentação até o dia da alta/resultado.,compl_cnsinf,Infecção do SNC,"1, Sim | 0, Não | 99, Desconhecido","Refere-se a um processo infeccioso que afeta o cérebro e/ou a medula espinhal, podendo incluir encefalite, poliomielite, aracnoidite e meningite.",Indique “Sim” se o paciente apresentou isso em qualquer momento durante a hospitalização.,0,0,0,0,0,0
desfecho,COMPLICAÇÕES: Experimentadas em qualquer momento desde o dia da apresentação até o dia da alta/resultado.,compl_cvs,Complicações cardiovasculares,,Definido como qualquer complicação do sistema cardiovascular,Indique “Sim” se o paciente apresentou isso em qualquer momento durante a hospitalização.,0,0,0,0,0,
desfecho,COMPLICAÇÕES: Experimentadas em qualquer momento desde o dia da apresentação até o dia da alta/resultado.,compl_myocardial,Infarto do miocárdio,"1, Sim | 0, Não | 99, Desconhecido","Definido como isquemia do miocárdio, levando a lesão/necrose, diagnosticada por achados clínicos, eletrocardiografia alterada e enzimas cardíacas elevadas.","Indique 'sim', se o paciente experimentou isso a qualquer momento durante a hospitalização.",0,0,0,0,0,0
desfecho,COMPLICAÇÕES: Experimentadas em qualquer momento desde o dia da apresentação até o dia da alta/resultado.,compl_cardiacisc,Isquemia cardíaca,"1, Sim | 0, Não | 99, Desconhecido","Definido como diminuição do suprimento de sangue e oxigênio ao músculo cardíaco, conforme indicado pela sintomatologia típica (por exemplo, dor no peito) e confirmada por um eletrocardiograma (mostrando alterações isquêmicas, por exemplo, depressão ou elevação do ST) e/ou elevação da enzima cardíaca (por exemplo, troponina I aumentada).","Indique 'sim', se o paciente experimentou isso a qualquer momento durante a hospitalização.",0,0,0,0,0,0
desfecho,COMPLICAÇÕES: Experimentadas em qualquer momento desde o dia da apresentação até o dia da alta/resultado.,compl_endocardit,Endocardite,"1, Sim | 0, Não | 99, Desconhecido","Isso se refere a uma inflamação do endocárdio (revestimento interno do coração). É frequentemente causado por um distúrbio primário ou microorganismos, incluindo bactérias, vírus, fungos e diagnóstico de endocardite infecciosa, está de acordo com os critérios modificados da DUKE, usando evidências de resultados microbiológicos, ecocardiograma e sinais clínicos.","Indique 'sim', se o paciente experimentou isso a qualquer momento durante a hospitalização.",0,0,0,0,0,0
desfecho,COMPLICAÇÕES: Experimentadas em qualquer momento desde o dia da apresentação até o dia da alta/resultado.,compl_cardiomyop,Cardiomiopatia,"1, Sim | 0, Não | 99, Desconhecido","Isso se refere a distúrbios estruturais e funcionais do miocárdio comumente diagnosticados por ecocardiografia. A cardiomiopatia pode ser primária (genética) ou secundária (por exemplo, após o infarto do miocárdio).","Indique 'sim', se o paciente experimentou isso a qualquer momento durante a hospitalização.",0,0,0,0,0,0
desfecho,COMPLICAÇÕES: Experimentadas em qualquer momento desde o dia da apresentação até o dia da alta/resultado.,compl_chf,Insuficiência cardíaca congestiva,"1, Sim | 0, Não | 99, Desconhecido","Definido como falha do coração em bombear uma quantidade suficiente de sangue para atender às necessidades dos tecidos do corpo, resultando em congestionamento e edema do tecido. Os sinais e sintomas incluem falta de ar, edema de picada, fígado macio aumentado, veias do pescoço incorporadas e ralas pulmonares. Existem muitas maneiras de avaliar a função cardíaca (por exemplo, ecocardiografia, cateterismo do coração direito, testes funcionais e testes bioquímicos de suporte). No entanto, não há teste de diagnóstico para insuficiência cardíaca, pois é em grande parte um diagnóstico clínico baseado em um histórico cuidadoso e no exame físico.","Indique 'sim', se o paciente experimentou isso a qualquer momento durante a hospitalização.",0,0,0,0,0,0
desfecho,COMPLICAÇÕES: Experimentadas em qualquer momento desde o dia da apresentação até o dia da alta/resultado.,compl_cardiarrhy,Arritmia cardíaca,"1, Sim | 0, Não | 99, Desconhecido","Refere -se a qualquer variação da taxa ou ritmo normal (que pode incluir a origem do impulso e/ou sua propagação subsequente) no coração, confirmada pelo monitoramento eletrocardiográfico.","Indique 'sim', se o paciente experimentou isso a qualquer momento durante a hospitalização.",0,0,0,0,0,0
desfecho,COMPLICAÇÕES: Experimentadas em qualquer momento desde o dia da apresentação até o dia da alta/resultado.,compl_cardiarrest,Parada cardíaca,"1, Sim | 0, Não | 99, Desconhecido","A parada cardiopulmonar ou parada circulatória é definida como a cessação repentina da atividade cardíaca em um indivíduo que não responde, sem respiração normal e sem sinais de circulação.","Indique 'sim', se o paciente experimentou isso a qualquer momento durante a hospitalização.",0,0,0,0,0,0
desfecho,COMPLICAÇÕES: Experimentadas em qualquer momento desde o dia da apresentação até o dia da alta/resultado.,compl_myocarditis,Miocardite,"1, Sim | 0, Não | 99, Desconhecido","Isso se refere à inflamação do tecido muscular do coração (miocardite) / um processo inflamatório que afeta o pericárdio (pericardite). Pode ser diagnosticado clinicamente, com assistência de um ecocardiograma, EKG, laboratório ou testes radiológicos.","Indique 'sim', se o paciente experimentou isso a qualquer momento durante a hospitalização.",0,0,0,0,0,0
desfecho,COMPLICAÇÕES: Experimentadas em qualquer momento desde o dia da apresentação até o dia da alta/resultado.,compl_pericarditis,Pericardite,"1, Sim | 0, Não | 99, Desconhecido","Isso se refere à inflamação do tecido muscular do coração (miocardite) / um processo inflamatório que afeta o pericárdio (pericardite). Pode ser diagnosticado clinicamente, com assistência de um ecocardiograma, EKG, laboratório ou testes radiológicos.","Indique 'sim', se o paciente experimentou isso a qualquer momento durante a hospitalização.",0,0,0,0,0,0
desfecho,COMPLICAÇÕES: Experimentadas em qualquer momento desde o dia da apresentação até o dia da alta/resultado.,compl_respiratory,Complicações respiratórias,,Definido como qualquer complicação do sistema respiratório,Indique “Sim” se o paciente apresentou isso em qualquer momento durante a hospitalização.,0,0,0,0,0,
desfecho,COMPLICAÇÕES: Experimentadas em qualquer momento desde o dia da apresentação até o dia da alta/resultado.,compl_pneum,Pneumonia/pneumonite,"1, Sim | 0, Não | 99, Desconhecido","A pneumonia é uma infecção em um ou ambos os pulmões que causa inflamação dos alvéolos pulmonares e seu enchimento com líquido ou pus, dificultando a respiração. Essa inflamação é geralmente causada por bactérias, vírus ou fungos e pode resultar em sintomas como tosse, febre, calafrios e falta de ar.",Indique “Sim” se o paciente apresentou isso em qualquer momento durante a hospitalização.,0,0,0,0,0,0
desfecho,COMPLICAÇÕES: Experimentadas em qualquer momento desde o dia da apresentação até o dia da alta/resultado.,compl_pneum_etio,O agente etiológico é diferente do diagnóstico primário?,"1, sim | 2, Não | 99, Desconhecido","A pneumonia é uma infecção em um ou ambos os pulmões que causa inflamação dos alvéolos pulmonares e seu enchimento com líquido ou pus, dificultando a respiração. Essa inflamação é geralmente causada por bactérias, vírus ou fungos e pode resultar em sintomas como tosse, febre, calafrios e falta de ar.",Indique “Sim” se o paciente apresentou isso em qualquer momento durante a hospitalização.,0,0,0,0,0,0
desfecho,COMPLICAÇÕES: Experimentadas em qualquer momento desde o dia da apresentação até o dia da alta/resultado.,compl_pneum_type,Etiologia da pneumonia,"1, Viral | 2, Bacteriano | 3, Fúngico","A pneumonia é uma infecção em um ou ambos os pulmões que causa inflamação dos alvéolos pulmonares e seu enchimento com líquido ou pus, dificultando a respiração. Essa inflamação é geralmente causada por bactérias, vírus ou fungos e pode resultar em sintomas como tosse, febre, calafrios e falta de ar.",Indique “Sim” se o patógeno causador da pneumonia como complicação for diferente do patógeno de interesse na admissão.,0,0,0,0,0,0
desfecho,COMPLICAÇÕES: Experimentadas em qualquer momento desde o dia da apresentação até o dia da alta/resultado.,compl_pneum_acq,Contexto de aquisição da pneumonia,"1, Adquirido na comunidade | 2, Adquirido no hospital | 3, Adquirido no ventilador | 99, Desconhecido","Refere-se ao local onde a pneumonia foi contraída: comunidade, hospital, associada ao uso de ventilador ou desconhecido.",,0,0,0,0,,0
desfecho,COMPLICAÇÕES: Experimentadas em qualquer momento desde o dia da apresentação até o dia da alta/resultado.,compl_pneumothor,Pneumotórax,"1, Sim | 0, Não | 99, Desconhecido","Definido como a presença anormal de ar na cavidade pleural (entre os pulmões e a parede torácica), causando colapso do pulmão. Pode ser diagnosticado clinicamente, geralmente com confirmação radiológica.","Indique 'sim', se o paciente experimentou isso a qualquer momento durante a hospitalização.",0,0,0,0,0,0
desfecho,COMPLICAÇÕES: Experimentadas em qualquer momento desde o dia da apresentação até o dia da alta/resultado.,compl_pleuraleff,Efusão pleural,"1, Sim | 0, Não | 99, Desconhecido","Definido como aumento de quantidades de fluido dentro da cavidade pleural. Os sintomas incluem falta de ar, tosse e dor no peito. Geralmente é causado por infecções pulmonares, insuficiência cardíaca congestiva, tumores pleurais e pulmonares, distúrbios do tecido conjuntivo e trauma. Pode ser diagnosticado clinicamente, com ou sem confirmação radiológica ou intervencionista.","Indique 'sim', se o paciente experimentou isso a qualquer momento durante a hospitalização.",0,0,0,0,0,0
desfecho,COMPLICAÇÕES: Experimentadas em qualquer momento desde o dia da apresentação até o dia da alta/resultado.,compl_copneumoni,Pneumonia organizadora criptogênica (COP),"1, Sim | 0, Não | 99, Desconhecido","Isso se refere a uma doença pulmonar intersticial difusa idiopática, diagnosticada radiologicamente (múltiplas opacidades consolidativas ou de vidro moído) ou histologicamente (tecido de granulação e infiltrado inflamatório crônico em alvéolos). Anteriormente conhecido como bronquiolite obliteros que organizam pneumonia (Boop).","Indique 'sim', se o paciente experimentou isso a qualquer momento durante a hospitalização.",0,0,0,0,0,0
desfecho,COMPLICAÇÕES: Experimentadas em qualquer momento desde o dia da apresentação até o dia da alta/resultado.,compl_bronchioli,Bronquiolite,"1, Sim | 0, Não | 99, Desconhecido","Isso se refere à inflamação dos bronquíolos. Nos adultos, a bronquiolite é um termo geral usado para descrever uma inflamação inespecífica dos bronquíolos caracterizados pelo inchaço dos bronquíolos e do acúmulo de muco. Geralmente é causado pelo vírus sincicial respiratório e afeta as crianças. Sinais e sintomas incluem tosse, chiado e falta de ar. Na maioria dos casos, a biópsia pulmonar aberta ou toracoscópica é necessária para fazer um diagnóstico definitivo, embora a confirmação do tecido possa não ser necessária em pacientes com uma predisposição clara e achados radiológicos típicos. Em bebês e crianças, a bronquiolite é definida como uma doença em crianças <2 anos de idade, caracterizada por chiado e obstrução das vias aéreas devido à infecção primária ou reinfecção por um patógeno viral ou bacteriano, resultando em inflamação das pequenas vias aéreas/broquiolos. Este é um diagnóstico clínico, geralmente em crianças <2 anos.","Indique 'sim', se o paciente experimentou isso a qualquer momento durante a hospitalização.",0,0,0,0,0,0
desfecho,COMPLICAÇÕES: Experimentadas em qualquer momento desde o dia da apresentação até o dia da alta/resultado.,compl_ards,Síndrome de desconforto respiratório agudo (ARDS),"1, Sim | 0, Não | 99, Desconhecido","A síndrome de desconforto respiratório agudo (ARDS) foi definido pelos critérios de 2012 de Berlim:
1. Os sintomas respiratórios devem ter começado dentro de uma semana de um insulto clínico conhecido, ou o paciente deve ter sintomas novos ou agravados durante a semana passada.
2. Opacidades bilaterais consistentes com edema pulmonar devem estar presentes em uma radiografia de tórax ou tomográfica computada (TC). Essas opacidades não devem ser totalmente explicadas por derrames pleurais, colapso do lobar, colapso do pulmão ou nódulos pulmonares.
3. A insuficiência respiratória do paciente não deve ser totalmente explicada por insuficiência cardíaca ou sobrecarga de fluido. Uma avaliação objetiva (por exemplo, ecocardiografia) para excluir o edema pulmonar hidrostático é necessário se não houver fatores de risco para SDRAs.
4. Um comprometimento moderado a grave da oxigenação deve estar presente, conforme definido pela razão de tensão arterial de oxigênio e fração de oxigênio inspirado (PAO2/FIO2). A gravidade da hipoxemia define a gravidade dos ardos:
	- ARDS leve: o PAO2/FIO2 é> 200 mmHg, mas menor que (ou igual a) 300 mmHg, em configurações de ventilador que incluem pressão expiratória final positiva (PEEP) ou pressão positiva contínua das vias aéreas (CPAP) maior que (ou igual ou igual para) 5 cm H2O.
	- Ards moderados: o PAO2/FIO2 é> 100 mmHg, mas menor que (ou igual a) 200 mmHg, em configurações do ventilador que incluem Peep? 5 cm H2O.
	- Ards graves: o PAO2/FIO2 é menor que (ou igual a) 100 mmHg nas configurações do ventilador que incluem Peep maior que (ou igual a) 5 cm de H2O.","Indique 'sim', se o paciente experimentou isso a qualquer momento durante a hospitalização.",0,0,0,0,0,0
desfecho,COMPLICAÇÕES: Experimentadas em qualquer momento desde o dia da apresentação até o dia da alta/resultado.,compl_git,Complicações gastrointestinais,,Definido como qualquer complicação do sistema gastrointestinal,Indique “Sim” se o paciente apresentou isso em qualquer momento durante a hospitalização.,0,0,0,0,0,
desfecho,COMPLICAÇÕES: Experimentadas em qualquer momento desde o dia da apresentação até o dia da alta/resultado.,compl_ascite,Ascites,"1, Sim | 0, Não | 99, Desconhecido","Isso se refere ao aumento patológico da quantidade de fluido na cavidade abdominal (ascite). Pode ser diagnosticado clinicamente, com ou sem confirmação radiológica ou intervencionista. Os sintomas associados a ascites incluem aumento da circunferência abdominal, desconforto abdominal e distensão, falta de ar.","Indique 'sim', se o paciente experimentou isso a qualquer momento durante a hospitalização.",0,0,0,0,0,0
desfecho,COMPLICAÇÕES: Experimentadas em qualquer momento desde o dia da apresentação até o dia da alta/resultado.,compl_pancreatit,Pancreatite,"1, Sim | 0, Não | 99, Desconhecido","Isso se refere à inflamação aguda do pâncreas. A pancreatite aguda é diagnosticada clinicamente com suporte bioquímico (por exemplo, amilase sérica ou lipase sérica) e/ou evidências radiológicas e/ou histológicas. Todas as evidências devem ser consideradas juntas, uma vez que nenhuma característica é diagnóstica de pancreatite aguda.","Indique 'sim', se o paciente experimentou isso a qualquer momento durante a hospitalização.",0,0,0,0,0,0
desfecho,COMPLICAÇÕES: Experimentadas em qualquer momento desde o dia da apresentação até o dia da alta/resultado.,compl_acutehepat,Hepatite aguda,"1, Sim | 0, Não | 99, Desconhecido","Isso se refere a lesão hepática aguda resultante da inflamação acompanhada pelo aumento da atividade sérica da alanina transaminase (ALT). As etiologias incluem hepatite viral, drogas, toxinas e distúrbios autoimunes.","Indique 'sim', se o paciente experimentou isso a qualquer momento durante a hospitalização.",0,0,0,0,0,0
desfecho,COMPLICAÇÕES: Experimentadas em qualquer momento desde o dia da apresentação até o dia da alta/resultado.,compl_severeliver,Doença hepática grave (novo início),"1, Sim | 0, Não | 99, Desconhecido","Definido como cirrose e hipertensão portal com sangramento variceal, ascite, icterícia ou status pós -transplante de fígado.","Indique 'sim', se o paciente experimentou isso a qualquer momento durante a hospitalização.",0,0,0,0,0,0
desfecho,COMPLICAÇÕES: Experimentadas em qualquer momento desde o dia da apresentação até o dia da alta/resultado.,compl_hepaticenc,"Se sim, para doença hepática grave (novo início): encefalopatia hepática (qualquer grau)","1, Sim | 0, Não | 99, Desconhecido","Isso se refere a uma constelação de sinais e sintomas caracterizados por mudanças na personalidade, consciência e reflexos, resultantes de anormalidades neuropsiquiátricas secundárias a insuficiência hepática e/ou desvio sanguíneo sistêmico portal sem evidência de outras doenças cerebrais. As características clínicas incluem letargia; confusão (pode progredir para coma); asterixis; nistagmo patológico; reflexos oculovestibulares rápidos; decortar e decerebrar postura; espasticidade muscular; e reflexos plantares extensores bilaterais.","Indique 'sim', se o paciente experimentou isso a qualquer momento durante a hospitalização.",0,0,0,0,0,0
desfecho,COMPLICAÇÕES: Experimentadas em qualquer momento desde o dia da apresentação até o dia da alta/resultado.,compl_jaundice,"Se sim, para doença hepática grave (novo início): icterícia","1, Sim | 0, Não | 99, Desconhecido","Refere-se a uma manifestação clínica de hiperbilirrubinemia, caracterizada por coloração amarelada da pele, membranas mucosas e/ou esclera. ","Indique 'sim', se o paciente experimentou isso a qualquer momento durante a hospitalização.",0,0,0,0,0,0
desfecho,COMPLICAÇÕES: Experimentadas em qualquer momento desde o dia da apresentação até o dia da alta/resultado.,compl_liverdysfu,Disfunção hepática,"1, Sim | 0, Não | 99, Desconhecido","Isso se refere a uma descoberta que indica função hepática anormal, pode se referir a qualquer um dos seguintes: icterícia clínica; Hiperbilirrubinemia (nível de bilirrubina do sangue duas vezes o limite superior da faixa normal); Um aumento na alanina transaminase (ALT) ou aspartato transaminase (AST), o dobro do limite superior da faixa normal.","Indique 'sim', se o paciente experimentou isso a qualquer momento durante a hospitalização.",0,0,0,0,0,0
desfecho,COMPLICAÇÕES: Experimentadas em qualquer momento desde o dia da apresentação até o dia da alta/resultado.,compl_heme,Complicações hematológicas,,Definido como qualquer complicação do sistema hematológico,Indique “Sim” se o paciente apresentou isso em qualquer momento durante a hospitalização.,0,0,0,0,0,
desfecho,COMPLICAÇÕES: Experimentadas em qualquer momento desde o dia da apresentação até o dia da alta/resultado.,compl_thrombemb,Tromboembolismo,"1, Sim | 0, Não | 99, Desconhecido",Definido como a oclusão do lúmen de um vaso sanguíneo por um trombo que migrou de um local distal através da corrente sanguínea.,Indique “Sim” se o paciente apresentou isso em qualquer momento durante a hospitalização.,0,0,0,0,0,0
desfecho,COMPLICAÇÕES: Experimentadas em qualquer momento desde o dia da apresentação até o dia da alta/resultado.,compl_thrombemb_pe,"Se sim, para tromboembolismo: embolia pulmonar (PE)","1, Sim | 0, Não | 99, Desconhecido","Definido como a oclusão de uma artéria pulmonar por trombo, ar ou gordura. Diagnóstico do médico com base em sinais clínicos e/ou testes radiológicos (por exemplo, angiografia pulmonar tomográfica computada e/ou varredura de ventilação/perfusão).","Indique 'sim', se o paciente experimentou isso a qualquer momento durante a hospitalização.",0,0,0,0,0,0
desfecho,COMPLICAÇÕES: Experimentadas em qualquer momento desde o dia da apresentação até o dia da alta/resultado.,compl_thrombemb_dvt,"Se sim, para tromboembolismo: trombose venosa profunda (TVT)","1, Sim | 0, Não | 99, Desconhecido","Definido como a presença de um coágulo sanguíneo em uma veia profunda, predominantemente na extremidade inferior, mas pode incluir a pelve ou a extremidade superior. Os sintomas podem incluir dor, inchaço, calor e vermelhidão na área afetada. Diagnóstico do médico com base em sinais clínicos e/ou imagens de diagnóstico apropriadas, p. ultrassonografia.","Indique 'sim', se o paciente experimentou isso a qualquer momento durante a hospitalização.",0,0,0,0,0,0
desfecho,COMPLICAÇÕES: Experimentadas em qualquer momento desde o dia da apresentação até o dia da alta/resultado.,compl_thrombemb_oth,Se sim para tromboembolismo: outro tromboembolismo (não PE ou TVT),"1, Sim | 0, Não | 99, Desconhecido",Isso se refere a diagnósticos tromboembólicos não especificados acima.,"Indique 'sim', se o paciente experimentou isso a qualquer momento durante a hospitalização.",0,0,0,0,0,0
desfecho,COMPLICAÇÕES: Experimentadas em qualquer momento desde o dia da apresentação até o dia da alta/resultado.,compl_thrombemb_spec,Se sim: especifique outro tromboembolismo,,Isso se refere aos outros diagnósticos tromboembólicos não especificados acima.,"Se “Outro”, escreva os outros diagnósticos tromboembólicos que o paciente apresentou em qualquer momento durante a hospitalização.",0,0,0,0,0,
desfecho,COMPLICAÇÕES: Experimentadas em qualquer momento desde o dia da apresentação até o dia da alta/resultado.,compl_severebleed,Sangramento grave (que requer intervenção),"1, Sim | 0, Não | 99, Desconhecido","Definido como sangramento que resulta em comprometimento hemodinâmico, necessitando de intervenção, nomeadamente transfusão. Isso inclui a Escala de Sangramento da Organização Mundial da Saúde (OMS) grau 3 ou 4.",Indique “Sim” se o paciente apresentou isso em qualquer momento durante a hospitalização.,0,0,0,0,0,0
desfecho,COMPLICAÇÕES: Experimentadas em qualquer momento desde o dia da apresentação até o dia da alta/resultado.,compl_severebleed_site,Se sim: Site (s) de sangramento grave (s),"1, Pele | 7, Petequias | 2, Nariz | 3, Gengivas | 4, Trato gastrointestinal | 5, Trato urinário | 6, Vagina | 88, Outros | 99, Desconhecido","Isso se refere à localização dos locais de sangramento/hemorragia (s). As petéquias se referem a pequenas manchas avermelhadas ou arroxeadas na pele ou na membrana mucosa como resultado da hemorragia localizada. O sangramento do nariz refere -se a hemorragia localizada no nariz. O sangramento da gengiva refere -se à hemorragia que afeta a gengiva. O sangramento gastrointestinal (GI) refere -se à hemorragia em qualquer segmento do trato gastrointestinal do esôfago ao reto. O sangramento do trato urinário refere -se à hemorragia originária de qualquer parte do sistema urinário. O sangramento vaginal refere -se à hemorragia originária da vagina, não relacionada à menstruação normal.",Selecione a (s) opção (s) mais apropriada (s) correspondente à localização dos sites de sangramento/hemorragia.,0,0,0,0,0,0
desfecho,COMPLICAÇÕES: Experimentadas em qualquer momento desde o dia da apresentação até o dia da alta/resultado.,compl_severebleed_site_oth,Especificar outro(s) local(is) de hemorragia,,Refere-se à localização do(s) local(is) de sangramento/hemorragia.,"Se “Outro”, escreva a outra localização do(s) local(is) onde o paciente apresentou sangramento/hemorragia em qualquer momento desde o início da doença e apresentação ou admissão.",0,0,0,0,0,
desfecho,COMPLICAÇÕES: Experimentadas em qualquer momento desde o dia da apresentação até o dia da alta/resultado.,compl_anaemia,Anemia,"1, Sim | 0, Não | 99, Desconhecido","Definido como uma redução no número de glóbulos vermelhos, na quantidade de hemoglobina e/ou no volume de glóbulos vermelhos embalados. Clinicamente, a anemia representa uma redução na capacidade de transporte de oxigênio de um volume de sangue designado, resultante de um desequilíbrio entre perda de sangue (por hemorragia ou hemólise) e produção sanguínea. Sinais e sintomas de anemia podem incluir palidez da pele e membranas mucosas, falta de ar, palpitações do coração, murmúrios sistólicos suaves, letargia e fatigabilidade. Os limiares da Organização Mundial da Saúde são usados ​​para definir a anemia, por exemplo, em homens adultos com mais de 15 anos de anemia, é definida por uma hemoglobina <130g/L (<8,1mmol/L); Para fêmeas não grávidas com idades entre 15 anos, são <120g/L (<7,4mmol/L).","Indique 'sim', se o paciente experimentou isso a qualquer momento durante a hospitalização.",0,0,0,0,0,0
desfecho,COMPLICAÇÕES: Experimentadas em qualquer momento desde o dia da apresentação até o dia da alta/resultado.,compl_coagulatio,Transtorno de coagulação / DIC,"1, Sim | 0, Não | 99, Desconhecido","A coagulopatia (transtorno de sangramento) é definida como uma condição na qual há um desvio ou interrupção das propriedades normais de coagulação do sangue (a coagulação do sangue normal é interrompida). A coagulação intravascular disseminada (DIC) é definida como um processo patológico em que o sangue começa a coagular em todo o corpo. O DIC agudo é confirmado demonstrando aumento da geração de trombina (por exemplo, diminuição do fibrinogênio) e aumento da fibrinólise (por exemplo, produtos elevados de degradação da fibrina e dímero D). O diagnóstico de DIC crônico pode ser amplamente baseado em evidências de microangiopatia no filme de sangue e aumento dos níveis de produtos de degradação da fibrina e particularmente dímero D.","Indique 'sim', se o paciente experimentou isso a qualquer momento durante a hospitalização.",0,0,0,0,0,0
desfecho,COMPLICAÇÕES: Experimentadas em qualquer momento desde o dia da apresentação até o dia da alta/resultado.,compl_renalgut,Complicações renais/geniturinárias,,Definida como qualquer complicação do sistema renal/geniturinário,Indique “Sim” se o paciente apresentou isso em qualquer momento durante a hospitalização.,0,0,0,0,0,
desfecho,COMPLICAÇÕES: Experimentadas em qualquer momento desde o dia da apresentação até o dia da alta/resultado.,compl_acuterenal,Lesão renal aguda / insuficiência renal aguda,"1, Sim | 0, Não | 99, Desconhecido","A lesão renal aguda é definida quando um dos seguintes critérios é atendido: a creatinina sérica aumenta em> = 26umol/L ou 0,3mg/dL dentro de 48 horas; ou a creatinina sérica aumenta> = 1,5 dobra do valor de referência, que é conhecido ou presumido por ter ocorrido dentro dos 7 dias anteriores; ou a saída da urina é <0,5 ml/kg/h por> 6 horas consecutivas.","Indique 'sim', se o paciente experimentou isso a qualquer momento durante a hospitalização.",0,0,0,0,0,0
desfecho,COMPLICAÇÕES: Experimentadas em qualquer momento desde o dia da apresentação até o dia da alta/resultado.,compl_uti,Infecção do trato urinário,"1, Sim | 0, Não | 99, Desconhecido",Isso se refere a respostas inflamatórias do epitélio do trato urinário a invasões microbianas. Eles são frequentemente infecções bacterianas com bacterúria associada e piúria.,"Indique 'sim', se o paciente experimentou isso a qualquer momento durante a hospitalização.",0,0,0,0,0,0
desfecho,COMPLICAÇÕES: Experimentadas em qualquer momento desde o dia da apresentação até o dia da alta/resultado.,compl_urineret,Retenção urinária,"1, Sim | 0, Não | 99, Desconhecido",Refere-se ao acúmulo de urina na bexiga devido à incapacidade de urinar.,Indique “Sim” se o paciente apresentou isso em qualquer momento durante a hospitalização.,0,0,0,0,0,0
desfecho,COMPLICAÇÕES: Experimentadas em qualquer momento desde o dia da apresentação até o dia da alta/resultado.,compl_urineret_spec,especificar,,Refere-se ao acúmulo de urina na bexiga devido à incapacidade de urinar.,"Se “Sim”, especifique",0,0,0,0,0,
desfecho,COMPLICAÇÕES: Experimentadas em qualquer momento desde o dia da apresentação até o dia da alta/resultado.,compl_ent,Complicações otorrinolaringológicas,"1, Sim | 0, Não | 99, Desconhecido",Definido como qualquer complicação do sistema auditivo/nasal e faríngeo,Indique “Sim” se o paciente apresentou isso em qualquer momento durante a hospitalização.,0,0,0,0,0,0
desfecho,COMPLICAÇÕES: Experimentadas em qualquer momento desde o dia da apresentação até o dia da alta/resultado.,compl_deepneck,Infecções profundas do espaço cervical,"1, Sim | 0, Não | 99, Desconhecido",Refere-se a uma infecção dos planos fasciais profundos do pescoço.,Indique “Sim” se o paciente apresentou isso em qualquer momento durante a hospitalização.,0,0,0,0,0,0
desfecho,COMPLICAÇÕES: Experimentadas em qualquer momento desde o dia da apresentação até o dia da alta/resultado.,compl_msk,Complicações musculoesqueléticas,,Definido como qualquer complicação do sistema musculoesquelético,Indique “Sim” se o paciente apresentou isso em qualquer momento durante a hospitalização.,0,0,0,0,0,
desfecho,COMPLICAÇÕES: Experimentadas em qualquer momento desde o dia da apresentação até o dia da alta/resultado.,compl_rhabdomyol,Rabdomiólise,"1, Sim | 0, Não | 99, Desconhecido","A rabdomiólise é uma síndrome caracterizada por necrose muscular e liberação de mioglobina no sangue, resultante de lesão muscular. O diagnóstico é feito em um paciente com uma doença neuromuscular aguda ou urina escura sem outros sintomas, além de uma elevação aguda acentuada na creatina quinase. A creatina quinase é tipicamente pelo menos cinco vezes o limite superior do normal (no entanto, não há limiar de diagnóstico para estabelecer o diagnóstico). A biópsia muscular, a eletromiografia, a imagem radiológica e a presença de mioglobinúria não são necessárias para o diagnóstico.","Indique 'sim', se o paciente experimentou isso a qualquer momento durante a hospitalização.",0,0,0,0,0,0
desfecho,COMPLICAÇÕES: Experimentadas em qualquer momento desde o dia da apresentação até o dia da alta/resultado.,compl_myositis,Miosite,"1, Sim | 0, Não | 99, Desconhecido","A miosite é definida como um processo inflamatório que afeta os músculos esqueléticos. As causas incluem infecções, lesões e distúrbios autoimunes. Pode ser um diagnóstico clínico com evidências de apoio de testes de laboratório, p. Creatina sérica elevada quinase; A confirmação histológica não é necessária para fazer o diagnóstico. A miosite pode ocorrer sem subsequente progressão para rabdomiólise.","Indique 'sim', se o paciente experimentou isso a qualquer momento durante a hospitalização.",0,0,0,0,0,0
desfecho,COMPLICAÇÕES: Experimentadas em qualquer momento desde o dia da apresentação até o dia da alta/resultado.,compl_skin,Complicações cutâneas,,Definida como qualquer complicação da pele,Indique “Sim” se o paciente apresentou isso em qualquer momento durante a hospitalização.,0,0,0,0,0,
desfecho,COMPLICAÇÕES: Experimentadas em qualquer momento desde o dia da apresentação até o dia da alta/resultado.,compl_cellulitis,Celulite,"1, Sim | 0, Não | 99, Desconhecido","Definida como uma inflamação aguda, difusa e supurativa do tecido conjuntivo frouxo, particularmente dos tecidos subcutâneos profundos e, às vezes, dos músculos, mais comumente observada como resultado de uma infecção. O diagnóstico é feito com base em sinais e sintomas clínicos, podendo ser apoiado por evidências microbiológicas.",Indique “Sim” se o paciente apresentou isso em qualquer momento durante a hospitalização.,0,0,0,0,0,0
desfecho,COMPLICAÇÕES: Experimentadas em qualquer momento desde o dia da apresentação até o dia da alta/resultado.,compl_cellulitis_site,Se sim: local (s) de celulite,"1, Pele | 2, Nariz | 3, Gengivas | 4, Trato gastrointestinal | 5, Trato urinário | 6, Vagina | 99, Desconhecido | 88, Outros",Isso se refere ao (s) local (s) em que a celulite foi identificada.,"Selecione o (s) local (s) mais apropriado (s) em que a celulite foi identificada a qualquer momento durante a hospitalização. Se 'outro', especifique o (s) outro (s) site (s) no espaço fornecido abaixo.",0,0,0,0,0,0
desfecho,COMPLICAÇÕES: Experimentadas em qualquer momento desde o dia da apresentação até o dia da alta/resultado.,compl_cellulitis_site_oth,Especificar outro(s) local(is) da celulite,,Refere-se ao(s) outro(s) local(is) em que a celulite foi identificada.,"Se “Outro”, escreva o(s) local(is) em que a celulite foi identificada em qualquer momento durante a hospitalização. ",0,0,0,0,0,
desfecho,COMPLICAÇÕES: Experimentadas em qualquer momento desde o dia da apresentação até o dia da alta/resultado.,compl_skabscess,Abscesso cutâneo,"1, Sim | 0, Não | 99, Desconhecido",Refere-se a uma área circunscrita de pus ou detritos necróticos na pele.,Indique “Sim” se o paciente apresentou isso em qualquer momento durante a hospitalização.,0,0,0,0,0,0
desfecho,COMPLICAÇÕES: Experimentadas em qualquer momento desde o dia da apresentação até o dia da alta/resultado.,compl_eschar,Perda de tecido da pele ou ESCAR,"1, Sim | 0, Não | 99, Desconhecido","O ESCAR é definido como uma crosta seca e escura ou caindo de pele morta, normalmente causada por uma queimadura, uma mordida de insetos (por exemplo, algumas infecções de rickettsial) ou infecção pelo antraz.","Indique 'sim', se o paciente experimentou isso a qualquer momento durante a hospitalização.",0,0,0,0,0,0
desfecho,COMPLICAÇÕES: Experimentadas em qualquer momento desde o dia da apresentação até o dia da alta/resultado.,compl_scar,Cicatriz cutânea,"1, Sim | 0, Não | 99, Desconhecido",Refere-se a uma marca permanente deixada na pele durante o processo de cicatrização da ferida.,Indique “Sim” se o paciente apresentou isso em qualquer momento durante a hospitalização.,0,0,0,0,0,0
desfecho,COMPLICAÇÕES: Experimentadas em qualquer momento desde o dia da apresentação até o dia da alta/resultado.,compl_nec,Infecção necrosante,"1, Sim | 0, Não | 99, Desconhecido",Refere-se à infecção associada à morte da pele e do tecido mole subjacente.,Indique “Sim” se o paciente apresentou isso em qualquer momento durante a hospitalização.,0,0,0,0,0,0
desfecho,COMPLICAÇÕES: Experimentadas em qualquer momento desde o dia da apresentação até o dia da alta/resultado.,compl_eye,Complicações oftalmológicas,,Definido como qualquer complicação ocular,Indique “Sim” se o paciente apresentou isso em qualquer momento durante a hospitalização.,0,0,0,0,0,
desfecho,COMPLICAÇÕES: Experimentadas em qualquer momento desde o dia da apresentação até o dia da alta/resultado.,compl_eyeinf,Infecção ocular,"1, Sim | 0, Não | 99, Desconhecido",Refere-se a um processo infeccioso que afeta qualquer parte do olho.,Indique “Sim” se o paciente apresentou isso em qualquer momento durante a hospitalização.,0,0,0,0,0,0
desfecho,COMPLICAÇÕES: Experimentadas em qualquer momento desde o dia da apresentação até o dia da alta/resultado.,compl_cornealsubepi,Infiltrados subepiteliais da córnea,"1, Sim | 0, Não | 99, Desconhecido",Refere-se a infiltrados subepiteliais da córnea.,Indique “Sim” se o paciente apresentou isso em qualquer momento durante a hospitalização.,0,0,0,0,0,0
desfecho,COMPLICAÇÕES: Experimentadas em qualquer momento desde o dia da apresentação até o dia da alta/resultado.,compl_cornealstroma,Infiltrados do estroma da córnea,"1, Sim | 0, Não | 99, Desconhecido",Refere-se a infiltrados estromais da córnea.,Indique “Sim” se o paciente apresentou isso em qualquer momento durante a hospitalização.,0,0,0,0,0,0
desfecho,COMPLICAÇÕES: Experimentadas em qualquer momento desde o dia da apresentação até o dia da alta/resultado.,compl_sys,Complicações sistêmicas,,Definido como qualquer complicação sistêmica,Indique “Sim” se o paciente apresentou isso em qualquer momento durante a hospitalização.,0,0,0,0,0,
desfecho,COMPLICAÇÕES: Experimentadas em qualquer momento desde o dia da apresentação até o dia da alta/resultado.,compl_bacteraemi,Bacteremia,"1, Sim | 0, Não | 99, Desconhecido","Definido como a presença de bactérias no sangue, na maioria das vezes detectada através da investigação da cultura do sangue. Os episódios de suspeita de contaminação artefactual de uma cultura no sangue não devem ser registrados.","Indique 'sim' se a bacteremia ocorreu a qualquer momento durante a hospitalização. Indique 'não', se a bacteremia nunca ocorreu ou se apenas as bactérias cultivadas fossem contaminantes da pele (por exemplo, estafilococos negativos da coagulase ou diferaides).",0,0,0,0,0,0
desfecho,COMPLICAÇÕES: Experimentadas em qualquer momento desde o dia da apresentação até o dia da alta/resultado.,compl_hyperglyce,Hiperglicemia,"1, Sim | 0, Não | 99, Desconhecido","Para adultos, é definido como um nível anormalmente alto de glicose no sangue, o nível de glicose no sangue que está consistentemente acima de 126 mg/dL ou 7 mmol/L. Para crianças, é definido como um nível de glicose no sangue consistentemente acima de 8,3 mmol/L.","Indique “Sim” se a bacteremia ocorreu em algum momento durante a hospitalização. Indique “Não” se a bacteremia nunca ocorreu ou se apenas as bactérias cultivadas foram consideradas contaminantes da pele (por exemplo, estafilococos coagulase negativos ou difteroides).",0,0,0,0,0,0
desfecho,COMPLICAÇÕES: Experimentadas em qualquer momento desde o dia da apresentação até o dia da alta/resultado.,compl_hypoglycem,Hipoglicemia,"1, Sim | 0, Não | 99, Desconhecido","Isso se refere a um nível anormalmente baixo de glicose no sangue. Para adultos, é definido como um nível anormalmente baixo de glicose no sangue, um nível de glicose no sangue que está consistentemente abaixo de 70mg/dL ou 4 mmol/L. Para crianças, é definido como um nível de glicose no sangue abaixo de 3 mmol/L.","Indique 'sim', se o paciente experimentou isso a qualquer momento durante a hospitalização.",0,0,0,0,0,0
desfecho,COMPLICAÇÕES: Experimentadas em qualquer momento desde o dia da apresentação até o dia da alta/resultado.,compl_shock,Choque,"1, Sim | 0, Não | 99, Desconhecido","O choque refere -se a insuficiência circulatória, causando a entrega inadequada de oxigênio para atender às necessidades metabólicas celulares. É definido pela presença de qualquer um dos seguintes: Evidência de hipoperfusão (por exemplo, reabastecimento capilar> 2 segundos, pele úmida fria e pulso rápido/fraco, estado mental alterado), pressão de pulso estreita (menor ou igual a 20mmhg) , hipotensão para idade e taquicardia (> 100bpm).","Indique 'sim', se o paciente experimentou isso a qualquer momento durante a hospitalização.",0,0,0,0,0,0
desfecho,COMPLICAÇÕES: Experimentadas em qualquer momento desde o dia da apresentação até o dia da alta/resultado.,compl_reshock,Episódios re-Shock,"1, Sim | 0, Não | 99, Desconhecido","O choque recorrente ou choque recorrente é definido como um episódio separado de choque que ocorre pelo menos 2-6 horas após a resolução clínica de um episódio inicial de choque, onde a resolução clínica se refere a uma pressão de pulso> 25mhg sem sinais de perfusão prejudicada. Isso não inclui choque persistente (onde nenhuma resolução é vista).","Indique 'sim', se o paciente experimentou isso a qualquer momento durante a hospitalização.",0,0,0,0,0,0
desfecho,COMPLICAÇÕES: Experimentadas em qualquer momento desde o dia da apresentação até o dia da alta/resultado.,compl_reshockep,Número de episódios de re-Shock,"1, 1 | 2, 2 | 3, 3 | 4, 4+ | 99, Desconhecido",Isso se refere ao número de vezes que o re-choque foi identificado enquanto o paciente foi hospitalizado.,"Se 'sim', selecione a opção mais apropriada que corresponde ao número de episódios de re-Shock que o paciente experimentou a qualquer momento durante a hospitalização.",0,0,0,0,0,0
desfecho,COMPLICAÇÕES: Experimentadas em qualquer momento desde o dia da apresentação até o dia da alta/resultado.,compl_sepsis,Sepse,"1, Sim | 0, Não | 99, Desconhecido","Conforme definido de acordo com a Força-Tarefa SCCM/ESICM de 2016 como uma disfunção de órgãos com risco de vida causada por uma resposta desregulada do hospedeiro à infecção com o seguinte: Disfunção de órgãos determinada por uma avaliação seqüencial de falha de órgão (SOFA) de maior ou igual a 2 pontos (ou pontuação rápida do sofá/QSOFA maior ou igual a 2); e uma infecção com diagnóstico médico (que pode ser suportado por sinais e sintomas clínicos, evidências radiológicas e/ou microbiológicas).","Indique 'sim', se o paciente experimentou isso a qualquer momento durante a hospitalização.",0,0,0,0,0,0
desfecho,COMPLICAÇÕES: Experimentadas em qualquer momento desde o dia da apresentação até o dia da alta/resultado.,compl_hypothermia,"1, Sim | 0, Não | 99, Desconhecido","1, Sim | 0, Não | 99, Desconhecido",Refere-se a temperatura corporal anormalmente baixa.,Indique “Sim” se o paciente apresentou isso em qualquer momento durante a hospitalização.,0,0,0,0,0,0
desfecho,COMPLICAÇÕES: Experimentadas em qualquer momento desde o dia da apresentação até o dia da alta/resultado.,compl_otherdesc,Outras complicações,,,,0,0,0,,,
desfecho,COMPLICAÇÕES: Experimentadas em qualquer momento desde o dia da apresentação até o dia da alta/resultado.,compl_unlisted,Outras complicações (s),"1, Sim | 0, Não | 99, Desconhecido",Isso se refere a outras complicações não especificadas acima.,"Especifique todas as outras complicações, não listadas acima, o paciente experimentado a qualquer momento durante a hospitalização.",0,0,0,0,0,0
desfecho,INTERVENÇÕES: Registre as intervenções realizadas ou prescritas desde o dia da apresentação até o dia da alta/resultado.,inter_ivfluid,Fluido parenteral / IV,"1, Sim | 0, Não | 99, Desconhecido","Refere-se a fluidos intravenosos que incluem cristaloides, albumina, gelatina, amidos ou outras soluções.",Indique “Sim” se o paciente recebeu fluidos intravenosos em qualquer momento durante a hospitalização.,0,0,0,0,0,0
desfecho,INTERVENÇÕES: Registre as intervenções realizadas ou prescritas desde o dia da apresentação até o dia da alta/resultado.,inter_ivfluid_type,Se sim: selecione todo o fluido parenteral / iv que foi administrado,,"Isso se refere ao tipo de fluido parenteral ou intravenoso (iv) é prescrito como uma substituição de fluido, eletrólitos, calorias, vitaminas e outras substâncias nutricionais. Os fluidos cristalóides referem -se a soluções de sais minerais, incluindo solução salina normal (0,9%), solução de Ringer Lactated/Hartman, dextrose a 5% na água, 10% de dextrose em água, hipotônica e solução salina hipertônica, entre outros. A albumina refere -se a preparações intravenosas de albumina sérica humana purificada usada para substituir a albumina perdida em pacientes por hipoalbuminemia, para tratar hipovolemia e ascite e como parte de alguns kits de diagnóstico de imagem. As soluções comuns de albumina colroid incluem albumina 4%, 5% e 20%, entre outras. A gelatina refere -se a um substituto de volume plasmático coloidal, isotônico, fisiologicamente equilibrado, contendo gelatina succinilada e eletrólitos, com potenciais propriedades nefroprotetores. Os fluidos parenterais de gelatina comuns incluem Gelaspan, Gelofusina, Geloplasma, Isoplex, entre outros. Os amidos referem -se a uma solução intravenosa de amido de hidroxietil (HES), derivado hidroxietil sintético e não iônico de amido usado como expansor de plasma quando preparado em uma solução isotônica. Fluidos parenterais comuns à base de amido, baseados em amido incluem produtos de amido hidroxietil (HES), entre outros.",Selecione as opções mais apropriadas correspondentes ao (s) fluido (s) parenteral (s) administrado.,0,0,0,0,0,
desfecho,INTERVENÇÕES: Registre as intervenções realizadas ou prescritas desde o dia da apresentação até o dia da alta/resultado.,inter_ivfluid_cryst,Volume total de cristalóides dado durante a admissão (ML),,"Os fluidos cristalóides referem -se a soluções de sais minerais, incluindo solução salina normal (0,9%), solução de Ringer Lactated/Hartman, dextrose a 5% na água, 10% de dextrose em água, hipotônica e solução salina hipertônica, entre outros.",Registre o volume total de fluido cristalóide que o paciente recebeu durante a admissão em mililitros (ML).,0,0,0,0,0,
desfecho,INTERVENÇÕES: Registre as intervenções realizadas ou prescritas desde o dia da apresentação até o dia da alta/resultado.,inter_ivfluid_colloid,Volume total de colóides administrado durante a admissão (mL),,"Os fluidos coloidais são soluções que contêm moléculas grandes, como proteínas ou polissacarídeos, que permanecem na corrente sanguínea por um período mais longo em comparação com os cristaloides. Esses fluidos ajudam a manter ou expandir o volume intravascular, atraindo água para os vasos sanguíneos por meio da pressão oncótica. Os colóides comuns incluem gelatinas, amidos ou albumina. ",Registre o volume total de fluido colóide que o paciente recebeu durante a admissão em mililitros (mL).,0,0,0,0,0,
desfecho,INTERVENÇÕES: Registre as intervenções realizadas ou prescritas desde o dia da apresentação até o dia da alta/resultado.,inter_ivfluid_reas,Razão (s) para o fluido IV (verifique tudo o que se aplica),"1, Choque | 2, Hematocrite elevado/em aumento | 3, Anorexia | 4, Vómitos persistentes | 88, Outros","Refere-se à(s) razão(ões) (indicação(ões)) para terapia com fluidos parenterais/intravenosos (IV) em qualquer momento durante a admissão. Se houver várias indicações, selecione todas as que se aplicam. Choque refere-se à falha circulatória, causando fornecimento inadequado de oxigênio para atender às necessidades metabólicas celulares. É definido pela presença de dois dos seguintes sintomas: evidência de hipoperfusão (por exemplo, enchimento capilar > 2 segundos, pele fria e úmida e pulso rápido/fraco, estado mental alterado), pressão de pulso estreita (menor ou igual a 20 mmHg), hipotensão para a idade e taquicardia (> 100 bpm). Hematorit elevado/crescente refere-se a uma elevação acima da proporção normal do volume de glóbulos vermelhos em relação ao volume total de sangue. Anorexia refere-se à falta ou perda de apetite acompanhada por aversão a alimentos e incapacidade de comer.",Selecione tudo o que se aplica.,0,0,0,0,0,0
desfecho,INTERVENÇÕES: Registre as intervenções realizadas ou prescritas desde o dia da apresentação até o dia da alta/resultado.,inter_ivfluid_reas_oth,Especifique outro motivo para fluido IV,,Refere-se ao(s) motivo(s) (indicação(ões)) para terapia com fluidos parenterais/intravenosos (IV) em qualquer momento durante a admissão.,"Se “Outro”, especifique o(s) motivo(s) (indicação(ões)) para a terapia com fluidos parenterais/intravenosos (IV) em qualquer momento durante a admissão.",0,0,0,0,0,
desfecho,INTERVENÇÕES: Registre as intervenções realizadas ou prescritas desde o dia da apresentação até o dia da alta/resultado.,inter_ivfluid_start,Data do primeiro fluido IV começou,,Isso se refere à data em que o primeiro fluido parenteral / intravenoso (iv) foi iniciado.,Digite a data no formato dd/mm/yyyy.,0,0,0,0,0,
desfecho,INTERVENÇÕES: Registre as intervenções realizadas ou prescritas desde o dia da apresentação até o dia da alta/resultado.,inter_ivfluid_end,Data Last IV Fluid terminou,,Isso se refere à data em que o último fluido parenteral / intravenoso (iv) terminou.,Digite a data no formato dd/mm/yyyy.,0,0,0,0,0,
desfecho,INTERVENÇÕES: Registre as intervenções realizadas ou prescritas desde o dia da apresentação até o dia da alta/resultado.,inter_bpt,Transfusão de produtos sanguíneos,"1, Sim | 0, Não | 99, Desconhecido","Refere-se a uma transfusão de sangue (sangue total ou concentrado de hemácias) ou outros produtos sanguíneos, excluindo imunoglobulina humana normal (por exemplo, albumina, granulócitos, plaquetas, plasma fresco congelado (FFP), FP24, PF-24, crioprecipitado, concentrado de proteína C, criossupernatante ou um fator de coagulação não recombinante específico) em qualquer momento na data da avaliação. ","Indique “Sim” se o paciente recebeu produtos sanguíneos ou transfusão de produtos sanguíneos em qualquer momento durante a admissão. Se “Sim”, selecione o(s) produto(s) abaixo.",0,0,0,0,0,0
desfecho,INTERVENÇÕES: Registre as intervenções realizadas ou prescritas desde o dia da apresentação até o dia da alta/resultado.,inter_bpt_type,Se sim: selecione toda a transfusão de produtos sanguíneos que foram administrados,"1, Plaquetas | 2, Crioprecipitado | 3, Sangue total | 4, Plasma fresco congelado | 5, Concentrado de fibrinogênio | 6, Concentrado de hemácias (concentrado de glóbulos vermelhos)","Isso se refere a uma transfusão de sangue (sangue inteiro ou glóbulos vermelhos compactados) ou outros produtos sanguíneos que excluem imunoglobulina normal humana (por exemplo, albumina, granulócitos, plaquetas, plasma fresco congelado (FFP), FP24, PF-24, crioprecipitado, proteína C, concentrado, criosupernatant ou um fator de coagulação não recombinante específico) a qualquer momento no data de avaliação. As plaquetas referem -se à transferência de plaquetas de sangue de um doador para um destinatário ou reinfusão para o doador. O crioprecipitado refere -se a um produto sanguíneo congelado preparado a partir do plasma congelado que contém fibrinogênio (fator I), fator anti -hemofílico (fator VIII), fator XIII, fator von Willebrand (VWF) e fibronectina. O sangue total refere -se à administração intravenosa de sangue total (sangue que contém glóbulos plasmáticos e vermelhos) em um indivíduo. RBC embalado refere -se a glóbulos vermelhos de uma unidade de sangue total após a remoção da maior parte do plasma, deixando uma unidade com um hematócrito de cerca de 60%. O plasma congelado fresco refere -se ao plasma que é separado do sangue inteiro e congelado rapidamente após uma doação de sangue para ser usado para transfusões de sangue. O concentrado de fibrinogênio é um agente hemostático usado para o tratamento de episódios de sangramento agudo em pacientes com deficiência congênita de fibrinogênio, incluindo afibrinogenemia e hipofibrinogenemia.",Selecione as opções mais apropriadas correspondentes aos produtos sanguíneos que foram administrados.,0,0,0,0,0,0
desfecho,INTERVENÇÕES: Registre as intervenções realizadas ou prescritas desde o dia da apresentação até o dia da alta/resultado.,inter_bpt_plate,"Plaquetas, número total de unidades",,As plaquetas referem -se à transferência de plaquetas de sangue de um doador para um destinatário ou reinfusão para o doador.,Registre o número total de unidades que o paciente recebeu durante a admissão.,0,0,0,0,0,
desfecho,INTERVENÇÕES: Registre as intervenções realizadas ou prescritas desde o dia da apresentação até o dia da alta/resultado.,inter_bpt_cryo,"Crioprecipitado, número total de unidades",,"O crioprecipitado refere -se a um produto sanguíneo congelado preparado a partir do plasma congelado que contém fibrinogênio (fator I), fator anti -hemofílico (fator VIII), fator XIII, fator von Willebrand (VWF) e fibronectina. O crioprecipitado refere -se a um produto sanguíneo congelado preparado a partir do plasma congelado que contém fibrinogênio (fator I), fator anti -hemofílico (fator VIII), fator XIII, fator von Willebrand (VWF) e fibronectina.",Registre o número total de unidades que o paciente recebeu durante a admissão.,0,0,0,0,0,
desfecho,INTERVENÇÕES: Registre as intervenções realizadas ou prescritas desde o dia da apresentação até o dia da alta/resultado.,inter_bpt_rbc,"RBC de sangue inteiro/embalado, número total de unidades",,"O sangue total refere -se à administração intravenosa de sangue total (sangue que contém glóbulos plasmáticos e vermelhos) em um indivíduo. RBC embalado refere -se a glóbulos vermelhos de uma unidade de sangue total após a remoção da maior parte do plasma, deixando uma unidade com um hematócrito de cerca de 60%.",Registre o número total de unidades que o paciente recebeu durante a admissão.,0,0,0,0,0,
desfecho,INTERVENÇÕES: Registre as intervenções realizadas ou prescritas desde o dia da apresentação até o dia da alta/resultado.,inter_bpt_ffp,"Plasma congelado fresco (FFP), número total de unidades",,O plasma congelado fresco refere -se ao plasma que é separado do sangue inteiro e congelado rapidamente após uma doação de sangue para ser usado para transfusões de sangue.,Registre o número total de unidades que o paciente recebeu durante a admissão.,0,0,0,0,0,
desfecho,INTERVENÇÕES: Registre as intervenções realizadas ou prescritas desde o dia da apresentação até o dia da alta/resultado.,inter_bpt_fibrin,"Concentrado de fibrinogênio, número total de unidades",,"O concentrado de fibrinogênio é um agente hemostático usado para o tratamento de episódios agudos de sangramento em pacientes com deficiência congênita de fibrinogênio, incluindo afibrinogenemia e hipofibrinogenemia.",Registre o número total de unidades que o paciente recebeu durante a admissão.,0,0,0,0,0,
desfecho,INTERVENÇÕES: Registre as intervenções realizadas ou prescritas desde o dia da apresentação até o dia da alta/resultado.,inter_bpt_rcc,"Concentrado de hemácias (concentrado de glóbulos vermelhos), número total de unidades",,"O concentrado de hemácias refere-se aos glóbulos vermelhos de uma unidade de sangue total após a remoção da maior parte do plasma, deixando uma unidade com um hematócrito de cerca de 60%.",Registre o número total de unidades que o paciente recebeu durante a internação.,0,0,0,0,0,
desfecho,INTERVENÇÕES: Registre as intervenções realizadas ou prescritas desde o dia da apresentação até o dia da alta/resultado.,inter_ivimmunogl,Imunoglobulina intravenosa,"1, Sim | 0, Não | 99, Desconhecido","This refers to immunoglobulin preparations used in intravenous infusion, containing primarily Immunoglobulin G (IgG).Examples of commercial intravenous immunoglobulin IVIG preparations include Octagam®, Intragam P®, KIOVIG®, Flebogamma 5% DIF®, Carimune NF®, Gamunex®, Gammagard S/D®, Gammagard Liquid®, Gammaked® e Privigen®.","Indique 'sim', se o paciente recebeu imunoglobulina intravenosa a qualquer momento durante a admissão.",0,0,0,0,0,0
desfecho,INTERVENÇÕES: Registre as intervenções realizadas ou prescritas desde o dia da apresentação até o dia da alta/resultado.,inter_diuretics,Diuréticos,"1, Sim | 0, Não | 99, Desconhecido","Isso se refere a classe de agentes que aumentam a produção de urina pelo rim. Através de vários mecanismos de ações, os diuréticos retêm a água na urina, fornece um meio de diurese forçada.","Indique 'sim', se o paciente recebeu terapia diurética a qualquer momento durante a admissão.",0,0,0,0,0,0
desfecho,INTERVENÇÕES: Registre as intervenções realizadas ou prescritas desde o dia da apresentação até o dia da alta/resultado.,inter_nacetylcys,N-acetil cisteína,"1, Sim | 0, Não | 99, Desconhecido",Isso se refere à derivada N-acetil da cisteína; usado como agente mucolítico para reduzir a viscosidade das secreções mucosas.,"Indique 'sim', se o paciente recebeu N-acetil cisteína (NAC) a qualquer momento durante a admissão.",0,0,0,0,0,0
desfecho,INTERVENÇÕES: Registre as intervenções realizadas ou prescritas desde o dia da apresentação até o dia da alta/resultado.,inter_fluiddrain,Drenagem de fluidos,"1, Sim | 0, Não | 99, Desconhecido",Isso se refere ao procedimento de remoção do fluido do espaço pleural ou da cavidade peritoneal.,"Indique 'sim', se isso foi drenagem fluida da cavidade pleural ou peritoneal, foi realizada a qualquer momento durante a admissão.",0,0,0,0,0,0
desfecho,INTERVENÇÕES: Registre as intervenções realizadas ou prescritas desde o dia da apresentação até o dia da alta/resultado.,inter_fluiddrain_reas,Se sim: Razão para esta drenagem,"1, Ascites | 2, Derrame pleural",Isso se refere ao motivo (indicação) para a drenagem de fluidos. Ascites refere -se ao acúmulo anormal de fluido na cavidade peritoneal. Efusão pleural refere -se à presença de fluido na cavidade pleural resultante de transudação ou exsudação excessiva das superfícies pleurais.,Selecione a opção mais apropriada correspondente ao motivo (indicação) para drenagem de fluidos.,0,0,0,0,0,0
desfecho,INTERVENÇÕES: Registre as intervenções realizadas ou prescritas desde o dia da apresentação até o dia da alta/resultado.,inter_plasmaex,Plasmaférese / troca de plasma,"1, Sim | 0, Não | 99, Desconhecido","A plasmaférese (troca de plasma) refere -se à separação extracorpórea de componentes sanguíneos, resultando em um produto filtrado. Os métodos incluem centrifugação de fluxo descontínuo, centrifugação de fluxo contínuo e filtração plasmática.","Indique 'sim', se o paciente recebeu plasmapharesia a qualquer momento durante a admissão.",0,0,0,0,0,0
desfecho,INTERVENÇÕES: Registre as intervenções realizadas ou prescritas desde o dia da apresentação até o dia da alta/resultado.,inter_plasmaex_days,Dias em suporte de troca de plasma durante a internação,,"Refere-se ao número total de dias corridos em que o paciente esteve em suporte de plasmaférese (troca de plasma). Plasmaférese (troca de plasma) refere-se à separação extracorpórea de componentes do sangue, resultando em um produto filtrado. Os métodos incluem centrifugação de fluxo descontínuo, centrifugação de fluxo contínuo e filtragem de plasma.",Escreva o número total de dias corridos em que o paciente esteve em suporte de plasmaférese (plasmaférese).,0,0,0,0,0,
desfecho,INTERVENÇÕES: Registre as intervenções realizadas ou prescritas desde o dia da apresentação até o dia da alta/resultado.,inter_isolation,O paciente estava isolado em casa ou no hospital?,"1, Sim | 0, Não | 99, Desconhecido",Isso se refere ao isolamento do paciente em casa ou no hospital durante essa admissão por patógeno de interesse.,Indique 'sim' se o paciente foi isolado em casa ou no hospital durante essa admissão por patógeno de interesse.,0,0,0,0,0,0
desfecho,INTERVENÇÕES: Registre as intervenções realizadas ou prescritas desde o dia da apresentação até o dia da alta/resultado.,inter_isolation_date,"Se sim: data, o indivíduo inseriu isolamento",,Isso se refere à data de início do isolamento do paciente em casa ou no hospital durante essa admissão por patógeno de interesse.,Escreva a data em formato dd/mm/yyyy.,0,0,0,0,0,
desfecho,INTERVENÇÕES: Registre as intervenções realizadas ou prescritas desde o dia da apresentação até o dia da alta/resultado.,inter_surg,Alguma intervenção cirúrgica realizada em relação à infecção pelo patógeno de interesse?,"1, Sim | 0, Não | 99, Desconhecido",Isso se refere a qualquer intervenção cirúrgica realizada em relação à infecção pelo patógeno de interesse.,Indique 'sim' se uma intervenção cirúrgica foi realizada em relação à infecção pelo patógeno de interesse.,0,0,0,0,0,0
desfecho,INTERVENÇÕES: Registre as intervenções realizadas ou prescritas desde o dia da apresentação até o dia da alta/resultado.,inter_surg_type,"Se sim: qual foi a cirurgia? (por exemplo, desbridamento do tecido infectado)",,Isso se refere a qualquer intervenção cirúrgica realizada em relação à infecção pelo patógeno de interesse.,"Se 'sim', escreva o nome da intervenção / procedimento cirúrgico que foi realizada em relação à infecção pelo patógeno de interesse.",0,0,0,0,0,
desfecho,INTERVENÇÕES: Registre as intervenções realizadas ou prescritas desde o dia da apresentação até o dia da alta/resultado.,inter_surg_date,Se sim: data da primeira cirurgia,,Isso se refere à data da primeira intervenção cirúrgica que foi realizada em relação à infecção pelo patógeno de interesse.,"Escreva a data da primeira cirurgia, use o formato dd/mm/aaaaaaaaaaaaaaaaaaaaaaaaaaaaaaaaaa",0,0,0,0,0,
desfecho,INTERVENÇÕES: Registre as intervenções realizadas ou prescritas desde o dia da apresentação até o dia da alta/resultado.,inter_surg_sec,Foi realizada uma segunda intervenção cirúrgica em relação à infecção pelo patógeno de interesse?,"1, Sim | 0, Não | 99, Desconhecido",Refere-se a qualquer intervenção cirúrgica realizada em relação à infecção pelo patógeno de interesse.,Indique “Sim” se uma segunda intervenção cirúrgica foi realizada em relação à infecção pelo patógeno de interesse.,0,0,0,0,0,0
desfecho,INTERVENÇÕES: Registre as intervenções realizadas ou prescritas desde o dia da apresentação até o dia da alta/resultado.,inter_surg_secdate,Data da segunda cirurgia,,Refere-se à data da segunda intervenção cirúrgica realizada em relação à infecção pelo patógeno de interesse.,"Escreva a data da segunda cirurgia, usando o formato DD/MM/AAAA.",0,0,0,0,0,
desfecho,INTERVENÇÕES: Registre as intervenções realizadas ou prescritas desde o dia da apresentação até o dia da alta/resultado.,inter_other,Outras intervenções ou procedimentos,"1, Sim | 0, Não | 99, Desconhecido","Refere-se a qualquer outra intervenção terapêutica específica ou procedimento administrado a qualquer momento durante a internação, não caracterizado de outra forma, que você acredita ser relevante.",Indique “Sim” se outras intervenções ou procedimentos foram realizados entre 00:00 e 24:00 horas no dia da avaliação.,0,0,0,0,0,0
desfecho,INTERVENÇÕES: Registre as intervenções realizadas ou prescritas desde o dia da apresentação até o dia da alta/resultado.,inter_other_spec,Especifique outras intervenções ou procedimentos,,"Refere-se a qualquer outra intervenção terapêutica específica ou procedimento administrado a qualquer momento durante a internação, não caracterizado de outra forma, que você acredita ser relevante.","Se “Sim”, especifique as intervenções terapêuticas ou procedimentos não caracterizados que você acredita serem relevantes.",0,0,0,0,0,
desfecho,SUPORTE RESPIRATÓRIO: Registre todas as intervenções respiratórias realizadas ou prescritas desde o dia da apresentação até o dia da alta/resultado.,inter_suppleo2,Algum oxigênio suplementar?,"1, Sim | 0, Não | 99, Desconhecido","Isso se refere a qualquer método de oxigenoterapia que possa ser entregue por cânula do nariz, máscara ou ventilação não invasiva ou invasiva.","Indique 'sim', se o paciente experimentou isso a qualquer momento durante a hospitalização.",0,0,0,0,0,0
desfecho,SUPORTE RESPIRATÓRIO: Registre todas as intervenções respiratórias realizadas ou prescritas desde o dia da apresentação até o dia da alta/resultado.,inter_suppleo2_ongoing,Ainda em oxigênio suplementar?,"1, Sim | 0, Não | 99, Desconhecido","Refere-se à oxigenoterapia contínua que pode ser administrada por meio de cânula nasal, máscara ou ventilação não invasiva ou invasiva.",Indique “Sim” se o paciente ainda estiver em oxigenoterapia suplementar.,0,0,0,0,0,0
desfecho,SUPORTE RESPIRATÓRIO: Registre todas as intervenções respiratórias realizadas ou prescritas desde o dia da apresentação até o dia da alta/resultado.,inter_suppleo2_dur,Número de dias corridos em que o paciente recebeu algum suporte respiratório durante a internação,,Refere-se ao número total de dias corridos em que o paciente recebeu este suporte respiratório durante a internação (inclui o uso em qualquer momento durante a internação).,Escreva o número total de dias corridos em que o paciente recebeu este suporte respiratório durante a internação (inclui o uso em qualquer momento durante a internação).,0,0,0,0,0,
desfecho,SUPORTE RESPIRATÓRIO: Registre todas as intervenções respiratórias realizadas ou prescritas desde o dia da apresentação até o dia da alta/resultado.,inter_suppleo2_flow,Volume máximo de fluxo de O2 (l/min),"1, <2 L/min | 2, 2-5 L/min | 3, 6-10 L/min | 4, 11-15 L/min | 5, >15 L/min | 99, Desconhecido",Isso se refere ao volume máximo de fluxo de O2 entregue ao paciente a qualquer momento durante a hospitalização.,Selecione o volume máximo de fluxo de O2 entregue ao paciente a qualquer momento durante a hospitalização.,0,0,0,0,0,0
desfecho,SUPORTE RESPIRATÓRIO: Registre todas as intervenções respiratórias realizadas ou prescritas desde o dia da apresentação até o dia da alta/resultado.,inter_nasalprongs,Canulagem nasal,"1, Sim | 0, Não | 99, Desconhecido",Refere-se ao modo como o paciente recebeu oxigênio suplementar no dia da avaliação. Os prongs nasais ou cânulas nasais administram oxigênio através de dois pequenos prongs ou cânulas inseridos nas narinas.,Indique “Sim” se este modo de suporte respiratório foi utilizado para administrar oxigênio suplementar em qualquer momento durante a hospitalização.,0,0,0,0,0,0
desfecho,SUPORTE RESPIRATÓRIO: Registre todas as intervenções respiratórias realizadas ou prescritas desde o dia da apresentação até o dia da alta/resultado.,inter_nasalprongs_ongoing,Ainda em uso?,"1, Sim | 0, Não | 99, Desconhecido",Refere-se à ventilação não invasiva contínua.,Indique “Sim” se o paciente ainda estiver recebendo oxigênio suplementar através de cânulas nasais.,0,0,0,0,0,0
desfecho,SUPORTE RESPIRATÓRIO: Registre todas as intervenções respiratórias realizadas ou prescritas desde o dia da apresentação até o dia da alta/resultado.,inter_nasalprongs_dur,Número de dias corridos em que o paciente recebeu oxigênio suplementar por cânulas nasais,,Refere-se ao número total de dias corridos em que o paciente recebeu ventilação não invasiva.,Escreva o número total de dias corridos em que o paciente recebeu oxigênio suplementar através de cânulas nasais durante a internação (inclui o uso em qualquer momento durante a internação).,0,0,0,0,0,
desfecho,SUPORTE RESPIRATÓRIO: Registre todas as intervenções respiratórias realizadas ou prescritas desde o dia da apresentação até o dia da alta/resultado.,inter_facemask,Máscara facial,"1, Sim | 0, Não | 99, Desconhecido","Refere-se ao modo como o paciente recebeu oxigênio suplementar no dia da avaliação. Uma máscara facial simples de oxigênio é um dispositivo colocado sobre o nariz, a boca ou a traqueostomia do paciente para administrar oxigênio às vias respiratórias.",Indique “Sim” se este modo de suporte respiratório foi utilizado para administrar oxigênio suplementar em qualquer momento durante a hospitalização.,0,0,0,0,0,0
desfecho,SUPORTE RESPIRATÓRIO: Registre todas as intervenções respiratórias realizadas ou prescritas desde o dia da apresentação até o dia da alta/resultado.,inter_facemask_ongoing,Ainda em uso?,"1, Sim | 0, Não | 99, Desconhecido",Refere-se à ventilação não invasiva contínua.,Indique “Sim” se o paciente ainda estiver recebendo oxigênio suplementar por máscara facial.,0,0,0,0,0,0
desfecho,SUPORTE RESPIRATÓRIO: Registre todas as intervenções respiratórias realizadas ou prescritas desde o dia da apresentação até o dia da alta/resultado.,inter_facemask_dur,Número de dias corridos em que o paciente recebeu oxigênio suplementar por meio de máscara facial,,Refere-se ao número total de dias corridos em que o paciente recebeu ventilação não invasiva.,Escreva o número total de dias corridos em que o paciente recebeu oxigênio suplementar por máscara facial durante a internação (inclui o uso em qualquer momento durante a internação).,0,0,0,0,0,
desfecho,SUPORTE RESPIRATÓRIO: Registre todas as intervenções respiratórias realizadas ou prescritas desde o dia da apresentação até o dia da alta/resultado.,inter_hfno,Oxigênio nasal de alto fluxo,"1, Sim | 0, Não | 99, Desconhecido","Refere-se ao modo como o paciente recebeu oxigênio suplementar no dia da avaliação. A oxigenoterapia nasal de alto fluxo é um suporte respiratório não invasivo que fornece ar aquecido, umidificado e enriquecido com oxigênio aos pacientes por meio de uma cânula nasal de alto fluxo a taxas de fluxo superiores às normalmente fornecidas por dispositivos de oxigênio de fluxo padrão.",Indique “Sim” se este modo de suporte respiratório foi utilizado para fornecer oxigênio suplementar ao paciente em qualquer momento durante a internação.,0,0,0,0,0,0
desfecho,SUPORTE RESPIRATÓRIO: Registre todas as intervenções respiratórias realizadas ou prescritas desde o dia da apresentação até o dia da alta/resultado.,inter_hfno_ongoing,Ainda em uso?,"1, Sim | 0, Não | 99, Desconhecido",Refere-se à ventilação não invasiva contínua.,Indique “Sim” se o paciente ainda estiver recebendo oxigênio nasal de alto fluxo.,0,0,0,0,0,0
desfecho,SUPORTE RESPIRATÓRIO: Registre todas as intervenções respiratórias realizadas ou prescritas desde o dia da apresentação até o dia da alta/resultado.,inter_hfno_dur,Número de dias corridos em que o paciente recebeu oxigênio nasal de alto fluxo,,Refere-se ao número total de dias corridos em que o paciente recebeu oxigênio nasal de alto fluxo.,Escreva o número total de dias corridos em que o paciente recebeu oxigênio nasal de alto fluxo durante a internação (inclui o uso em qualquer momento durante a internação).,0,0,0,0,0,
desfecho,SUPORTE RESPIRATÓRIO: Registre todas as intervenções respiratórias realizadas ou prescritas desde o dia da apresentação até o dia da alta/resultado.,inter_nivent,Tipo de ventilação não invasiva,"1, Sim | 0, Não | 99, Desconhecido","Suporte respiratório não invasivo ou ventilação (NIV) refere-se ao fornecimento de suporte ventilatório através das vias aéreas superiores do paciente usando uma máscara ou dispositivo semelhante. Inclui cânula nasal de alto fluxo, pressão positiva contínua das vias aéreas (CPAP) e pressão das vias aéreas positivas para bilevel (BPAP).",Indique “Sim” se este modo de suporte respiratório foi utilizado para administrar oxigênio suplementar em qualquer momento durante a hospitalização.,0,0,0,0,0,0
desfecho,SUPORTE RESPIRATÓRIO: Registre todas as intervenções respiratórias realizadas ou prescritas desde o dia da apresentação até o dia da alta/resultado.,inter_nivent_type,Tipo de suporte respiratório não invasivo,"1, CPAP | 2, BIPAP | 99, Desconhecido | 88, Outro","Suporte respiratório não invasivo ou ventilação não invasiva (VNI) refere-se ao fornecimento de suporte ventilatório através das vias aéreas superiores do paciente usando uma máscara ou dispositivo semelhante. Inclui cânula nasal de alto fluxo, pressão positiva contínua nas vias aéreas (CPAP) e pressão positiva bifásica nas vias aéreas (BPAP).",Selecione a opção mais adequada correspondente ao tipo de VNI utilizado em qualquer momento durante a hospitalização,0,0,0,0,0,0
desfecho,SUPORTE RESPIRATÓRIO: Registre todas as intervenções respiratórias realizadas ou prescritas desde o dia da apresentação até o dia da alta/resultado.,inter_nivent_typ_oth,Especifique outro tipo de ventilação não invasiva,,"Suporte respiratório não invasivo ou ventilação não invasiva (VNI) refere-se ao fornecimento de suporte ventilatório através das vias aéreas superiores do paciente usando uma máscara ou dispositivo semelhante. Inclui cânula nasal de alto fluxo, pressão positiva contínua nas vias aéreas (CPAP) e pressão positiva bifásica nas vias aéreas (BPAP).","Se “Outro”, especifique outro tipo de ventilação não invasiva.",0,0,0,0,0,
desfecho,SUPORTE RESPIRATÓRIO: Registre todas as intervenções respiratórias realizadas ou prescritas desde o dia da apresentação até o dia da alta/resultado.,inter_nivent_ongoing,Ainda em uso?,"1, Sim | 0, Não | 99, Desconhecido",Refere-se à ventilação não invasiva contínua.,Indique “Sim” se o paciente ainda estiver em ventilação não invasiva.,0,0,0,0,0,0
desfecho,SUPORTE RESPIRATÓRIO: Registre todas as intervenções respiratórias realizadas ou prescritas desde o dia da apresentação até o dia da alta/resultado.,inter_nivent_dur,Número de dias corridos em que o paciente recebeu ventilação não invasiva,,Refere-se ao número total de dias corridos em que o paciente recebeu ventilação não invasiva.,Escreva o número total de dias corridos em que o paciente recebeu ventilação não invasiva durante a internação (inclui o uso em qualquer momento durante a internação).,0,0,0,0,0,
desfecho,SUPORTE RESPIRATÓRIO: Registre todas as intervenções respiratórias realizadas ou prescritas desde o dia da apresentação até o dia da alta/resultado.,inter_invent,Ventilação invasiva,"1, Sim | 0, Não | 99, Desconhecido","Refere-se ao modo pelo qual o paciente recebeu oxigênio suplementar no dia da avaliação. Ventilação invasiva indica que o paciente foi submetido a intubação traqueal, para fins de ventilação mecânica invasiva. A ventilação mecânica invasiva (VMI) é um método para auxiliar ou substituir mecanicamente a respiração espontânea em pacientes, utilizando um dispositivo motorizado que força o ar oxigenado para os pulmões. O modo de intubação pode ser orotraqueal, nasotraqueal ou através de uma cricotirotomia ou traqueotomia.",Indique “Sim” se este modo de suporte respiratório foi usado para fornecer oxigênio suplementar ao paciente em qualquer momento durante a hospitalização.,0,0,0,0,0,0
desfecho,SUPORTE RESPIRATÓRIO: Registre todas as intervenções respiratórias realizadas ou prescritas desde o dia da apresentação até o dia da alta/resultado.,inter_invent_ongoing,Ainda em uso?,"1, Sim | 0, Não | 99, Desconhecido",Refere-se à ventilação invasiva contínua.,Indique “Sim” se o paciente ainda estiver em ventilação invasiva.,0,0,0,0,0,0
desfecho,SUPORTE RESPIRATÓRIO: Registre todas as intervenções respiratórias realizadas ou prescritas desde o dia da apresentação até o dia da alta/resultado.,inter_invent_dur,Número de dias corridos em que o paciente recebeu ventilação invasiva,,Refere-se ao número total de dias corridos em que o paciente recebeu ventilação invasiva.,Escreva o número total de dias corridos em que o paciente recebeu ventilação invasiva durante a internação (inclui o uso em qualquer momento durante a internação).,0,0,0,0,0,
desfecho,SUPORTE RESPIRATÓRIO: Registre todas as intervenções respiratórias realizadas ou prescritas desde o dia da apresentação até o dia da alta/resultado.,inter_ecmo,Tipo de ECLS / ECMO,"1, Sim | 0, Não | 99, Desconhecido","Os dois principais tipos de oxigenação da membrana extracorpórea (ECMO), também denominada suporte de vida extracorpóreo (ECLs), são venososos (venosos-venosos), que são usados ​​para apoiar os pulmões e veno-arterial (venoso-arterial), que é usado para apoiar os pulmões e o coração.",Indique “Sim” se este modo de suporte respiratório foi usado para fornecer oxigênio suplementar ao paciente em qualquer momento durante a hospitalização.,0,0,0,0,0,0
desfecho,SUPORTE RESPIRATÓRIO: Registre todas as intervenções respiratórias realizadas ou prescritas desde o dia da apresentação até o dia da alta/resultado.,inter_ecmo_typ,Tipo de ECLS/ECMO,"1, Veno-venosa (VV) | 2, Veno-arterial (VA) | 99, Desconhecido","Os dois principais tipos de oxigenação por membrana extracorpórea (ECMO), também chamada de suporte de vida extracorpóreo (ECLS), são veno-venosa (venosa-venosa), usada para apoiar os pulmões, e veno-arterial (venosa-arterial), usada para apoiar os pulmões e o coração.",Selecione a opção mais adequada correspondente ao tipo de ECLS/ECMO utilizado em qualquer momento durante a hospitalização.,0,0,0,0,0,0
desfecho,SUPORTE RESPIRATÓRIO: Registre todas as intervenções respiratórias realizadas ou prescritas desde o dia da apresentação até o dia da alta/resultado.,inter_ecmo_ongoing,Ainda em uso?,"1, Sim | 0, Não | 99, Desconhecido",Refere-se à ECMO/ECLS contínua.,Indique “Sim” se o paciente ainda estiver em ECMO/ECLS.,0,0,0,0,0,0
desfecho,SUPORTE RESPIRATÓRIO: Registre todas as intervenções respiratórias realizadas ou prescritas desde o dia da apresentação até o dia da alta/resultado.,inter_ecmo_dur,Número de dias consecutivos em que o paciente recebeu ECLS/ECMO,,"Refere-se ao número de dias corridos em que o paciente recebeu oxigenação por membrana extracorpórea (ECMO), também chamada de suporte de vida extracorpóreo (ECLS).",Escreva o número total de dias corridos em que o paciente recebeu ECLS/ECMO durante a internação (inclui o uso em qualquer momento durante a internação).,0,0,0,0,0,
desfecho,SUPORTE RESPIRATÓRIO: Registre todas as intervenções respiratórias realizadas ou prescritas desde o dia da apresentação até o dia da alta/resultado.,inter_prone,Posição prona,"1, Sim | 0, Não | 99, Desconhecido","A posição prona refere-se ao ato de colocar o paciente deitado em posição prona para auxiliar a ventilação. Isso inclui pacientes com ventilação invasiva/intubados e pacientes não intubados ou com ventilação autônoma. ",Indique “Sim” para qualquer paciente que tenha ficado em posição prona para auxiliar a ventilação em qualquer momento durante a internação.,0,0,0,0,0,0
desfecho,SUPORTE RESPIRATÓRIO: Registre todas as intervenções respiratórias realizadas ou prescritas desde o dia da apresentação até o dia da alta/resultado.,inter_prone_when,Quando foi a posição prona?,"1, Durante ventilação invasiva | 2, Durante ventilação espontânea | 99, Desconhecido",Refere-se ao tipo de ventilação assistida quando o paciente foi colocado em posição prona. Pode ser ventilação invasiva/pacientes intubados ou pacientes não intubados/autoventilados.,Especifique o tipo de ventilação assistida administrada quando o paciente foi colocado em posição prona.,0,0,0,0,0,0
desfecho,SUPORTE RESPIRATÓRIO: Registre todas as intervenções respiratórias realizadas ou prescritas desde o dia da apresentação até o dia da alta/resultado.,inter_prone_awake,Prono acordado?,"1, Sim | 0, Não | 99, Desconhecido","Refere-se à prática de colocar os pacientes em posição prona enquanto estão acordados, sem sedação, para melhorar a oxigenação.",Indique “Sim” se a pronação acordada foi usada em qualquer momento durante a internação.,0,0,0,0,0,0
desfecho,SUPORTE RESPIRATÓRIO: Registre todas as intervenções respiratórias realizadas ou prescritas desde o dia da apresentação até o dia da alta/resultado.,inter_othersuppleo2,Outras intervenções ou procedimentos de suporte respiratório,"1, Sim | 0, Não | 99, Desconhecido",Refere-se a qualquer outra intervenção ou procedimento específico de suporte respiratório não caracterizado de outra forma que você acredita ser relevante.,Indique “Sim” se outras intervenções ou procedimentos de suporte respiratório foram usados em qualquer momento durante a internação,0,0,0,0,0,0
desfecho,SUPORTE RESPIRATÓRIO: Registre todas as intervenções respiratórias realizadas ou prescritas desde o dia da apresentação até o dia da alta/resultado.,inter_othersuppleo2_spec,Especifique outras intervenções ou procedimentos de suporte respiratório,,Refere-se a qualquer outra intervenção ou procedimento específico de suporte respiratório não caracterizado de outra forma que você acredita ser relevante.,"Se “Sim”, especifique as intervenções ou procedimentos de suporte respiratório não caracterizados que você acredita serem relevantes.",0,0,0,0,0,
desfecho,INTERVENÇÕES DE CUIDADOS AVANÇADOS: Registre todas as intervenções de cuidados avançados realizadas desde o dia da apresentação até o dia da alta/resultado.,crito_critcare,As intervenções de cuidados intensivos foram administrados durante a admissão?,"1, Sim | 0, Não | 99, Desconhecido",Isso se refere a intervenção terapêutica (s) ou procedimentos (s) ou procedimentos (s) que foram administrados a qualquer momento durante a hospitalização.,"Indique 'sim', se as intervenções de cuidados intensivos foram administrados a qualquer momento durante a hospitalização.",0,0,0,0,0,0
desfecho,INTERVENÇÕES DE CUIDADOS AVANÇADOS: Registre todas as intervenções de cuidados avançados realizadas desde o dia da apresentação até o dia da alta/resultado.,crito_icu,Se sim: ICU / ITU / HDU / Admissão da Unidade de Cuidados Intermediários,"1, Sim | 0, Não | 99, Desconhecido","Isso se refere a unidades de terapia intensiva (UTI), unidades intensivas de terapia/tratamento (UTU), unidades de cuidados intensivos, unidades de alta dependência (HDU) ou unidade de nível semelhante.",Indique 'sim' se o paciente foi admitido na UTI (ou unidade de nível semelhante) pelo menos uma vez a qualquer momento durante a hospitalização.,0,0,0,0,0,0
desfecho,INTERVENÇÕES DE CUIDADOS AVANÇADOS: Registre todas as intervenções de cuidados avançados realizadas desde o dia da apresentação até o dia da alta/resultado.,crito_icu_ongoing,Ainda na UTI / UT / HDU / Unidade de Cuidados Intermediários?,"1, Sim | 0, Não | 99, Desconhecido",Refere-se à internação em andamento na UTI/UTI/UAD/Unidade de Cuidados Intermediários.,Indique “Sim” se o paciente ainda estiver internado na UTI (ou unidade de nível semelhante).,0,0,0,0,0,0
desfecho,INTERVENÇÕES DE CUIDADOS AVANÇADOS: Registre todas as intervenções de cuidados avançados realizadas desde o dia da apresentação até o dia da alta/resultado.,crito_icu_date,Data da Primeira ICU / ITU / HDU / Admissão da Unidade de Cuidados Intermediários,,Isso se refere à data da primeira admissão na UTI (ou unidade de nível semelhante).,Escreva a data em formato dd/mm/yyyy.,0,0,0,0,0,
desfecho,INTERVENÇÕES DE CUIDADOS AVANÇADOS: Registre todas as intervenções de cuidados avançados realizadas desde o dia da apresentação até o dia da alta/resultado.,crito_icu_disdate,Data da primeira alta da UTI,,Refere-se à data da primeira alta da UTI (ou unidade de nível semelhante).,Escreva a data no formato DD/MM/AAAA.,0,0,0,0,0,
desfecho,INTERVENÇÕES DE CUIDADOS AVANÇADOS: Registre todas as intervenções de cuidados avançados realizadas desde o dia da apresentação até o dia da alta/resultado.,crito_icu_dur,Duração da primeira UTI / ITU / HDU / Intermediária Admission (dias),,Isso se refere à duração total da primeira admissão na UTI (ou unidade de nível semelhante).,Escreva o número total de dias de calendário em que o paciente foi admitido na UTI.,0,0,0,0,0,
desfecho,INTERVENÇÕES DE CUIDADOS AVANÇADOS: Registre todas as intervenções de cuidados avançados realizadas desde o dia da apresentação até o dia da alta/resultado.,crito_icu_readm,"O paciente foi admitido na UTI / UT / HDU / Unidade de Cuidados Intermediários mais de uma vez? ","1, Sim | 0, Não | 99, Desconhecido",Refere-se a qualquer admissão em uma unidade de terapia intensiva (ou unidade de nível semelhante) a qualquer momento durante a internação do paciente.,Indique “Sim” se o paciente foi internado na UTI mais de uma vez em qualquer momento durante a internação.,0,0,0,0,0,0
desfecho,INTERVENÇÕES DE CUIDADOS AVANÇADOS: Registre todas as intervenções de cuidados avançados realizadas desde o dia da apresentação até o dia da alta/resultado.,crito_icu_findate,Data da última admissão na UTI/UTI/HDU/Unidade de Cuidados Intermediários,,Refere-se à data da primeira internação na UTI (ou unidade de nível semelhante).,Insira a data no formato DD/MM/AAAA.,0,0,0,0,0,
desfecho,INTERVENÇÕES DE CUIDADOS AVANÇADOS: Registre todas as intervenções de cuidados avançados realizadas desde o dia da apresentação até o dia da alta/resultado.,crito_icu_findur,Duração da última admissão na UTI/UTI/HDU/Unidade de Cuidados Intermediários (dias),,Refere-se à duração total da admissão final na UTI (ou unidade de nível semelhante).,Escreva o número total de dias corridos em que o paciente foi internado na UTI.,0,0,0,0,0,
desfecho,INTERVENÇÕES DE CUIDADOS AVANÇADOS: Registre todas as intervenções de cuidados avançados realizadas desde o dia da apresentação até o dia da alta/resultado.,crito_neuromuscu,Agentes de bloqueio neuromuscular,"1, Sim | 0, Não | 99, Desconhecido","Isso se refere ao uso de bloqueadores neuromusculares. Exemplos incluem Atracurium, Cisatracurium, Nimbex, Norcuron, Pancurônio, Pavulon, Rocurônio, Trácrio, Vecurônio, Zemuron.","Indique 'sim', se os bloqueadores neuromusculares foram usados ​​a qualquer momento durante essa admissão.",0,0,0,0,0,0
desfecho,INTERVENÇÕES DE CUIDADOS AVANÇADOS: Registre todas as intervenções de cuidados avançados realizadas desde o dia da apresentação até o dia da alta/resultado.,crito_nitricoxid,Óxido nítrico inalado,"1, Sim | 0, Não | 99, Desconhecido","Isso se refere ao óxido nítrico, como no inalante, normalmente usado para insuficiência respiratória hipóxica, entre outros usos.",Indique 'sim' se o óxido nítrico inalado foi usado a qualquer momento durante essa admissão.,0,0,0,0,0,0
desfecho,INTERVENÇÕES DE CUIDADOS AVANÇADOS: Registre todas as intervenções de cuidados avançados realizadas desde o dia da apresentação até o dia da alta/resultado.,crito_tracheosto,Traqueostomia inserida,"1, Sim | 0, Não | 99, Desconhecido","Isso se refere à formação cirúrgica de uma abertura na traquéia através do pescoço, ou a abertura assim criada.",Indique 'sim' se uma traqueostomia foi inserida no paciente a qualquer momento durante a admissão.,0,0,0,0,0,0
desfecho,INTERVENÇÕES DE CUIDADOS AVANÇADOS: Registre todas as intervenções de cuidados avançados realizadas desde o dia da apresentação até o dia da alta/resultado.,crito_rtt,Terapia de reposição renal (RRT) ou diálise,"1, Sim | 0, Não | 99, Desconhecido","Isso se refere a tratamentos que substituem a função de filtragem no sangue dos rins. Inclui diálise (hemodiálise ou diálise peritoneal), hemofiltração e hemodiafiltração. O transplante de rim também pode ser considerado uma terapia de reposição renal. Pode ser intermitente ou contínuo.","Indique 'sim', se o paciente recebeu terapia de reposição renal contínua ou hemodiálise intermitente a qualquer momento durante a hospitalização.",0,0,0,0,0,0
desfecho,INTERVENÇÕES DE CUIDADOS AVANÇADOS: Registre todas as intervenções de cuidados avançados realizadas desde o dia da apresentação até o dia da alta/resultado.,crito_rtt_ongoing,Ainda em uso?,"1, Sim | 0, Não | 99, Desconhecido",Refere-se à terapia de substituição renal (RRT) ou diálise em andamento.,Indique “Sim” se o paciente ainda estiver em terapia de substituição renal (TSR) ou diálise.,0,0,0,0,0,0
desfecho,INTERVENÇÕES DE CUIDADOS AVANÇADOS: Registre todas as intervenções de cuidados avançados realizadas desde o dia da apresentação até o dia da alta/resultado.,crito_rtt_dur,Número de dias de calendário no RRT ou duração da diálise durante a admissão,,Isso se refere ao número total de dias em que o paciente recebeu RRT ou diálise a qualquer momento durante essa admissão.,"Escreva o número total de dias de calendário que o paciente recebeu RRT ou diálise a qualquer momento durante essa admissão. Mesmo que o paciente tenha recebido isso mais de uma vez em um dia do calendário (ou seja, entre 00:00 e 24:00 horas), isso conta como um para o número total de dias.",0,0,0,0,0,
desfecho,INTERVENÇÕES DE CUIDADOS AVANÇADOS: Registre todas as intervenções de cuidados avançados realizadas desde o dia da apresentação até o dia da alta/resultado.,crito_inotropesv,Inotropes / Vasopressors,"1, Sim | 0, Não | 99, Desconhecido","Isso se refere ao uso contínuo de um vasopressor ou inotrope por pelo menos uma hora. Os agentes incluem noradrenalina, epinefrina, vasopressina, terlipressina e fenilefrina. Os inotropos ""positivos"" comumente usados ​​incluem dobutamina, dopamina, milrinona e adrenalina (epinefrina).","Indique 'sim', se o paciente recebeu inotropes / vasopressores por pelo menos uma hora a qualquer momento durante a hospitalização.",0,0,0,0,0,0
desfecho,INTERVENÇÕES DE CUIDADOS AVANÇADOS: Registre todas as intervenções de cuidados avançados realizadas desde o dia da apresentação até o dia da alta/resultado.,crito_inotropesv_ongoing,Ainda em uso?,"1, Sim | 0, Não | 99, Desconhecido",Refere-se à terapia inotrópica/vasoativa em andamento.,Indique “Sim” se o paciente ainda estiver em terapia inotrópica/vasoativa.,0,0,0,0,0,0
desfecho,INTERVENÇÕES DE CUIDADOS AVANÇADOS: Registre todas as intervenções de cuidados avançados realizadas desde o dia da apresentação até o dia da alta/resultado.,crito_inotropesv_dur,Inotropes totais / duração do vasopressor durante a admissão (dias),,Refere -se ao número total de dias durante essa admissão de que o paciente recebeu terapia inotrópica/vasoativa.,Escreva o número total de dias de calendário que o paciente recebeu terapia inotrópica ou vasoativa a qualquer momento durante essa admissão.,0,0,0,0,0,
desfecho,INTERVENÇÕES DE CUIDADOS AVANÇADOS: Registre todas as intervenções de cuidados avançados realizadas desde o dia da apresentação até o dia da alta/resultado.,crito_critcareunlst,Outras intervenções de cuidados intensivos ou procedimentos (s) ou procedimentos,"1, Sim | 0, Não | 99, Desconhecido",Isso refere -se a qualquer outra intervenção terapêutica (s) ou procedimento (s) ou procedimento (s) específica (s) que você acredita que possa ser relevante.,Indique 'sim' se outras intervenções ou procedimentos de cuidados intensivos foram usados ​​a qualquer momento durante a hospitalização.,0,0,0,0,0,0
desfecho,INTERVENÇÕES DE CUIDADOS AVANÇADOS: Registre todas as intervenções de cuidados avançados realizadas desde o dia da apresentação até o dia da alta/resultado.,crito_critcareunlst_oth,Se o outro: especifique outras intervenções de cuidados intensivos ou procedimentos (s) ou procedimentos (s),,Isso refere -se a qualquer outra intervenção terapêutica (s) ou procedimento (s) ou procedimento (s) específica (s) que você acredita que possa ser relevante.,"Se 'sim', especifique a intervenção terapêutica (s) ou procedimento (s) ou procedimento (s) que você acredita que pode ser relevante.",0,0,0,0,0,
desfecho,DIAGNÓSTICO,diagn_primary,Diagnóstico primário,,Refere-se ao diagnóstico primário (principal) pelo qual o paciente procurou atendimento ou foi admitido na instituição.,Selecione a opção mais adequada que indica o diagnóstico.,0,0,0,0,0,
desfecho,DIAGNÓSTICO,diagn_primary_type,Tipo de diagnóstico,"1, Diagnóstico clínico | 2, Confirmado em laboratório | 3, Confirmado radiologicamente (por exemplo, radiografia do tórax, TC) | 99, Desconhecido | 88, Outros",Refere-se ao método utilizado para diagnosticar a condição. O diagnóstico clínico refere-se à confiança nos sinais e sintomas clínicos. Confirmado em laboratório refere-se ao uso de exames laboratoriais. Confirmado radiologicamente refere-se à confiança em modalidades de imagem.,Selecione a opção mais adequada que indica o tipo de diagnóstico.,0,0,0,0,0,0
desfecho,DIAGNÓSTICO,diagn_secondary,Diagnóstico secundário,,Refere-se ao diagnóstico secundário que estava presente no momento em que o paciente procurou atendimento ou se desenvolveu durante a internação.,Selecione a opção mais adequada que indica o diagnóstico.,0,0,0,0,0,
desfecho,DIAGNÓSTICO,diagn_secondary_type,Tipo de diagnóstico,"1, Diagnóstico clínico | 2, Confirmado em laboratório | 3, Confirmado radiologicamente (por exemplo, radiografia do tórax, TC) | 99, Desconhecido |88, Outros",Refere-se ao método utilizado para diagnosticar a condição. O diagnóstico clínico refere-se à confiança nos sinais e sintomas clínicos. Confirmado em laboratório refere-se ao uso de exames laboratoriais. Confirmado radiologicamente refere-se à confiança em modalidades de imagem.,Selecione a opção mais adequada que indica o tipo de diagnóstico.,0,0,0,0,0,0
desfecho,DIAGNÓSTICO,diagn_additional,Diagnóstico adicional,,Refere-se ao diagnóstico adicional que estava presente no momento em que o paciente procurou atendimento ou se desenvolveu durante a internação.,Selecione a opção mais adequada que indica o diagnóstico.,0,0,0,0,0,0
desfecho,DIAGNÓSTICO,diagn_additional_list,Diagnóstico adicional,,Refere-se ao diagnóstico adicional que estava presente no momento em que o paciente procurou atendimento ou se desenvolveu durante a internação.,Selecione a opção mais adequada que indica o diagnóstico.,0,0,0,0,0,
desfecho,DIAGNÓSTICO,diagn_additional_type,Tipo de diagnóstico,"1, Diagnóstico clínico | 2, Confirmado em laboratório | 3, Confirmado radiologicamente (por exemplo, radiografia do tórax, TC) | 99, Desconhecido |88, Outros",Refere-se ao método utilizado para diagnosticar a condição. O diagnóstico clínico refere-se à confiança nos sinais e sintomas clínicos. Confirmado em laboratório refere-se ao uso de exames laboratoriais. Confirmado radiologicamente refere-se à confiança em modalidades de imagem.,Selecione a opção mais adequada que indica o tipo de diagnóstico.,0,0,0,0,0,0
desfecho,DIAGNÓSTICO,diagn_additional2,Diagnóstico adicional,,Refere-se ao diagnóstico adicional que estava presente no momento em que o paciente procurou atendimento ou se desenvolveu durante a internação.,Selecione a opção mais adequada que indica o diagnóstico.,0,0,0,0,0,0
desfecho,DIAGNÓSTICO,diagn_additional2_list,Diagnóstico adicional,,Refere-se ao diagnóstico adicional que estava presente no momento em que o paciente procurou atendimento ou se desenvolveu durante a internação.,Selecione a opção mais adequada que indica o diagnóstico.,0,0,0,0,0,
desfecho,DIAGNÓSTICO,diagn_additional2_type,Tipo de diagnóstico,"1, Diagnóstico clínico | 2, Confirmado em laboratório | 3, Confirmado radiologicamente (por exemplo, radiografia do tórax, TC) | 99, Desconhecido |88, Outros",Refere-se ao método utilizado para diagnosticar a condição. O diagnóstico clínico refere-se à confiança nos sinais e sintomas clínicos. Confirmado em laboratório refere-se ao uso de exames laboratoriais. Confirmado radiologicamente refere-se à confiança em modalidades de imagem.,Selecione a opção mais adequada que indica o tipo de diagnóstico.,0,0,0,0,0,0
desfecho,DIAGNÓSTICO,diagn_mpox_clade,Clade MPOX,"1, Ia | 2, Ib | 3, Subtipo I desconhecido | 4, IIa | 5, IIb | 6, Subtipo II desconhecido | 7, Não realizado | 99, Desconhecido | 88, Outros",Refere -se ao clado do vírus MPOX identificado durante o teste de MPOX.,Selecione a opção mais apropriada que representa o clado do vírus MPOX identificado durante o teste MPOX.,0,0,0,0,0,0
desfecho,DIAGNÓSTICO,diagn_mpox_cladeoth,Especifique outro clado de mpox,,Refere-se ao clado do vírus Mpox identificado durante o teste de mpox.,"Se “Outro”, escreva o clado do vírus Mpox identificado durante o teste de mpox.",0,0,0,0,0,
desfecho,DIAGNÓSTICO,diagn_denguetyp,"1, DENV1 | 2, DENV2 | 3, DENV3 | 4, DENV4","1, DENV1 | 2, DENV2 | 3, DENV3 | 4, DENV4","Refere-se ao rótulo do serotipo da espécie viral do vírus da dengue, que é um vírus de RNA de fita simples e sentido positivo da família Flaviviridae e do gênero Flavivirus, detectado através do teste PCR.",Selecione a opção mais adequada que representa a etiqueta do sorotipo da espécie viral do vírus da dengue detectada usando o teste PCR.,0,0,0,0,0,0
desfecho,DIAGNÓSTICO,diagn_dengueclass,"1, Dengue sem complicações | 2, Dengue com sinais de alerta | 3, Dengue grave","1, Uncomplicated dengue | 2, Dengue with warning signs | 3, Severe dengue","Refere-se à classificação da dengue da Organização Mundial da Saúde de 2009. ",Selecione a opção mais adequada correspondente à classificação final da dengue (com base na classificação da dengue da Organização Mundial da Saúde de 2009).,0,0,0,0,0,0
desfecho,DIAGNÓSTICO,diagn_dengueclass_dss,"1, Sim | 0, Não | 99, Desconhecido","1, Yes | 0, No | 99, Unknown","A síndrome do choque da dengue (DSS) refere-se ao vazamento grave de plasma, levando ao choque e/ou acúmulo de fluidos com dificuldade respiratória.",Indique “Sim” se o paciente apresentar essa complicação da dengue grave que apresentou durante esta internação.,0,0,0,0,0,0
desfecho,DIAGNÓSTICO,diagn_dengueclass_sevbl,"1, Sim | 0, Não | 99, Desconhecido","1, Yes | 0, No | 99, Unknown","Refere-se a hemorragia grave, conforme avaliado pelo médico.",Indique “Sim” se o paciente apresentar essa complicação da dengue grave que apresentou durante esta internação.,0,0,0,0,0,0
desfecho,DIAGNÓSTICO,diagn_dengueclass_sevorgimp,"1, Sim | 0, Não | 99, Desconhecido","1, Yes | 0, No | 99, Unknown","Refere-se ao envolvimento grave de órgãos, que pode incluir: o envolvimento do fígado é indicado por um AST ou ALT maior ou igual a 1000 IU/L, o envolvimento do sistema nervoso é evidenciado por alteração da consciência.",Indique “Sim” se o paciente apresentar essa complicação da dengue grave que apresentou durante esta internação.,0,0,0,0,0,0
desfecho,DIAGNÓSTICO,diagn_hepatitis_type,Tipo de hepatite,"1, A | 2, B | 3, C | 4, D | 5, E | 88, Outros","Isso se refere a vírus de DNA e RNA, bem como vírus de humanos e animais, seguindo uma classificação não exagerada de vírus não relacionados, que causam inflamação e disfunção hepática.","Se a infecção pelo vírus da hepatite 'Lab confirmada', selecione a opção mais apropriada correspondente ao tipo de vírus da hepatite detectado.",0,0,0,0,0,0
desfecho,DIAGNÓSTICO,diagn_hepatitis_type_oth,Especifique outro tipo de hepatite,,"Refere-se tanto a vírus de DNA e RNA como a vírus de humanos e animais, seguindo uma classificação não taxonómica de vírus não relacionados, que causam inflamação e disfunção hepática.","Se for “Outro”, especifique o tipo de vírus da hepatite. ",0,0,0,0,0,
desfecho,DIAGNÓSTICO,diagn_bacte,Infecção bacteriana,,Refere -se ao método de identificar ou excluir uma infecção bacteriana nesta admissão.,Selecione a opção mais apropriada que representa o método de identificação ou exclusão de uma infecção bacteriana nesta admissão.,0,0,0,0,0,
desfecho,DIAGNÓSTICO,diagn_bacte_cont,Infecção bacteriana (se confirmada em laboratório),"1, Adquirido na comunidade | 2, Adquirido no hospital | 99, Desconhecido",Refere-se ao método de identificação ou exclusão de uma infecção bacteriana nesta admissão.,Selecione a opção mais adequada que representa o método de identificação ou exclusão de uma infecção bacteriana nesta admissão.,0,0,0,0,0,0
desfecho,DIAGNÓSTICO,diagn_pathounlist,Outros patógenos detectados,"1, Sim | 0, Não | 99, Desconhecido","Isso se refere à detecção de outros patógenos, não listados acima.","Especifique outros patógenos detectados, não listados acima.",0,0,0,0,0,0
desfecho,DIAGNÓSTICO,diagn_pathounlist_cont,Outro(s) patógeno(s) (se confirmado em laboratório),"1, Adquirido na comunidade | 2, Adquirido no hospital | 99, Desconhecido",Refere-se ao método de identificação ou exclusão de uma infecção bacteriana nesta admissão.,Selecione a opção mais adequada que representa o método de identificação ou exclusão de uma infecção bacteriana nesta admissão.,0,0,0,0,0,0
desfecho,RESULTADO,outco_date,Data de resultado,,Isso se refere à data do resultado.,Escreva a data do resultado no formato dd/mm/aaaaaaaaaaaaaaaaaaaaaaaaaaaaaaaaaaaa,0,0,0,0,0,
desfecho,RESULTADO,outco_outcome,Resultado,"1, Alta com vida | 2, Ainda hospitalizado | 3, Transferência para outra unidade | 4, Óbito | 5, Cuidados paliativos | 6, Alta contra a recomendação médica | 7, Vivo, não internado",Isso se refere ao resultado.,Selecione o resultado que é verdadeiro na data do resultado. Os cuidados paliativos incluem descarga paliativa.,0,0,0,0,0,0
desfecho,RESULTADO,outco_selfcare,Capacidade de autocuidado na descarga versus antes da doença,"1, Igual ao estado antes da doença | 2, Pior | 3, Melhor | 99, Desconhecido",Isso se refere à capacidade de executar atividades básicas de cuidados pessoais e atividades instrumentais da vida diária na alta em comparação com antes do início da doença.,Selecione a opção mais apropriada que representa a capacidade de executar atividades básicas de cuidados pessoais e atividades instrumentais da vida diária na alta em comparação com antes do início da doença.,0,0,0,0,0,0
desfecho,RESULTADO,outco_oxyth,Oxigenoterapia pós-descarga tratamento,"1, Sim | 0, Não | 99, Desconhecido",Isso se refere à necessidade do paciente de oxigenoterapia após a descarga das instalações hospitalares.,Indique 'sim' se o paciente precisar de oxigenoterapia após a descarga das instalações hospitalares.,0,0,0,0,0,0
desfecho,RESULTADO,outco_carerel,Necessidades de saúde em andamento relacionadas a essa admissão para patógeno de interesse,"1, Sim | 0, Não | 99, Desconhecido",Isso se refere à necessidade de assistência médica contínua relacionada a essa admissão por patógeno de interesse,Indique 'sim' se o paciente precisar de assistência médica contínua relacionada a essa admissão para patógeno de interesse.,0,0,0,0,0,0
desfecho,RESULTADO,outco_carenonrel,Os cuidados de saúde em andamento não são relacionados ao episódio de patógenos,"1, Sim | 0, Não | 99, Desconhecido",Isso se refere à necessidade de cuidados de saúde em andamento não relacionados a essa admissão por patógeno de interesse,Indique 'sim' se o paciente precisar de cuidados de saúde em andamento não relacionados a essa admissão por patógeno de interesse.,0,0,0,0,0,0
desfecho,RESULTADO,outco_carefordif,"Medicamente adequado para a alta (patógeno resolvido), mas permanece no hospital por outro motivo (por exemplo, aguardando atendimento alternativo, residente em cuidados de saúde ou saúde mental de longo prazo)","1, Sim | 0, Não | 99, Desconhecido","Isso se refere ao fato de o paciente ser ajustado médico para alta (a infecção por patógenos foi resolvida), mas permanecendo no hospital por outros motivos (por exemplo, aguardando atendimento alternativo, residente em cuidados de saúde de longo prazo ou unidades de saúde mental).","Indique 'sim' se o paciente é ajustado para a alta (a infecção por patógenos foi resolvida), mas permanecer no hospital por outros motivos (por exemplo, aguardando atendimento alternativo, residente em cuidados de saúde ou saúde mental de longo prazo)",0,0,0,0,0,0
desfecho,RESULTADO,outco_transfersite,Se transferido para outra instituição: a instituição de transferência é um local de estudo?,"1, Sim | 0, Não | 99, Desconhecido",Refere-se se a instituição de transferência é um local de estudo.,Indique “Sim” se a instituição de transferência for um local de estudo.,0,0,0,0,0,0
desfecho,RESULTADO,outco_transfersite_pin,Qual é o número de identificação do participante na nova instituição?,"1, Sim | 0, Não | 99, Desconhecido",Refere-se ao número de identificação do participante na instituição de transferência.,Indique o número de identificação do participante na instituição de transferência.,0,0,0,0,0,0
desfecho,RESULTADO,outco_ceiling,Foi definido um nível máximo de suporte médico (“limite de cuidados”) para o paciente durante a internação?,"1, Sim | 0, Não | 99, Desconhecido",Refere-se ao nível máximo de suporte médico definido para o paciente durante a internação atual.,"Indique “Sim” se um nível máximo de suporte médico foi definido para este paciente durante a internação atual. ",0,0,0,0,0,0
desfecho,RESULTADO,outco_ceiling_descri,"Descreva o que foi (por exemplo, não para ventilação invasiva; não para UTI; ou não para RCP)",,Refere-se ao nível máximo de suporte médico definido para o paciente durante a internação atual.,"Se “Sim”, descreva o nível máximo de suporte médico definido para este paciente durante a admissão atual.",0,0,0,0,0,
gravidez,DETALHES DA GRAVIDEZ,preg_form,"Preencha este formulário apenas para pacientes grávidas, puérperas (≤28 dias após o parto) ou neonatos cujas mães não estão incluídas no estudo.",,Data do calendário (DD–MM–AAAA) em que o CRF foi preenchido.,,0,0,0,0,,
gravidez,DETALHES DA GRAVIDEZ,preg_date,Data de preenchimento do formulário,,,,0,0,0,,,
gravidez,DETALHES DA GRAVIDEZ,pregdet_medirep,Reprodução medicamente assistida?,"1, sim | 0, Não | 99, Desconhecido",Refere-se a procedimentos médicos usados ​​principalmente para tratar a infertilidade.,,0,0,0,0,,0
gravidez,DETALHES DA GRAVIDEZ,pregdet_edd,Data estimada de entrega (EDD),,"Refere-se à data prevista em que uma mulher grávida dará à luz. Se não estiver disponível, forneça o LMP abaixo, se possível",,0,0,0,0,,
gravidez,DETALHES DA GRAVIDEZ,pregdet_lmp,Data da última menstruação (DUM),,Refere-se à data do primeiro dia do ciclo menstrual mais recente.,,0,0,0,0,,
gravidez,DETALHES DA GRAVIDEZ,pregdet_parity,Paridade,,"Refere-se ao número de gestações que progrediram para uma idade gestacional viável (geralmente ≥20 semanas), independentemente de o bebê ter nascido vivo ou natimorto. Nascimentos múltiplos (por exemplo, gêmeos) de uma única gravidez são contados como um evento de paridade.",,0,0,0,0,,
gravidez,DETALHES DA GRAVIDEZ,pregdet_gravidity,Gravidade,,"Refere-se ao número total de vezes que uma mulher engravidou, independentemente do resultado da gravidez. Isso inclui gravidez atual, abortos espontâneos, abortos, gravidez ectópica e natimortos.",,0,0,0,0,,
gravidez,DETALHES DA GRAVIDEZ,pregdet_prevcs,Número de partos cirúrgicos anteriores (cesarianas).,,Refere-se ao número de partos cirúrgicos anteriores de um ou mais fetos intrauterinos através de uma incisão abdominal (cesariana).,,0,0,0,0,,
gravidez,DETALHES DA GRAVIDEZ,pregdet_fetnum,Número de embriões/fetos nesta gravidez.,,Isto se refere ao número de embriões/fetos nesta gravidez,,0,0,0,0,,
gravidez,GRAVIDEZ-COMORBIDADES,preg_comor,Comorbidades durante a gravidez atual,"1, sim | 0, Não | 99, Desconhecido","Condições médicas pré-existentes ou relacionadas à gravidez, presentes a qualquer momento durante a gravidez atual, que possam afetar a saúde materna ou fetal.",,0,0,0,0,,0
gravidez,GRAVIDEZ-COMORBIDADES,preg_diabetes,Diabetes,"1, sim | 0, Não | 99, Desconhecido","Distúrbio do metabolismo da glicose presente durante a gravidez atual, incluindo diabetes mellitus tipo 1 ou tipo 2 pré-existente ou diabetes diagnosticado pela primeira vez durante a gravidez (diabetes gestacional).",,0,0,0,0,,0
gravidez,GRAVIDEZ-COMORBIDADES,preg_obesity,Obesidade,"1, sim | 0, Não | 99, Desconhecido",Uma condição materna definida por um índice de massa corporal (IMC) antes da gravidez ou no início da gravidez ≥30 kg/m².,,0,0,0,0,,0
gravidez,GRAVIDEZ-COMORBIDADES,preg_hypertension,Hipertensão,"1, sim | 0, Não | 99, Desconhecido","Pressão arterial elevada (≥140/90 mmHg) presente durante a gravidez atual, seja pré-existente ou diagnosticada durante a gravidez",,0,0,0,0,,0
gravidez,GRAVIDEZ-COMORBIDADES,preg_sicklecell,Célula falciforme,"1, sim | 0, Não | 99, Desconhecido","Distúrbio da hemoglobina caracterizado pela presença de hemoglobina falciforme, incluindo doença falciforme ou traço falciforme, presente durante a gravidez atual.",,0,0,0,0,,0
gravidez,GRAVIDEZ-COMORBIDADES,preg_renal,Doenças renais,"1, sim | 0, Não | 99, Desconhecido","Comprometimento agudo ou crônico da função renal presente durante a gravidez atual, incluindo doença renal crônica, nefropatia ou disfunção renal associada à gravidez",,0,0,0,0,,0
gravidez,GRAVIDEZ-COMORBIDADES,preg_immsup,Imunossupressão,"1, sim | 0, Não | 99, Desconhecido","Estado de função imunológica reduzida devido ao tratamento médico presente durante a gravidez atual, como corticosteróides sistêmicos, terapias biológicas, quimioterapia ou medicamentos imunossupressores pós-transplante.",,0,0,0,0,,0
gravidez,GRAVIDEZ-COMORBIDADES,preg_immcom,Imunocomprometido,"1, sim | 0, Não | 99, Desconhecido","Função imunológica prejudicada devido a uma condição médica subjacente presente durante a gravidez atual, como infecção por HIV, imunodeficiência congênita ou malignidade.",,0,0,0,0,,0
gravidez,GRAVIDEZ-COMORBIDADES,preg_othcomor,Outro,"1, sim | 0, Não | 99, Desconhecido",Qualquer outra condição médica materna presente durante a gravidez atual que não esteja listada acima.,,0,0,0,0,,0
gravidez,GRAVIDEZ-COMORBIDADES,preg_othcomor_spec,"Se outro, especifique",,,,0,0,0,,,
gravidez,GRAVIDEZ-COMORBIDADES,preg_smoking,Status de fumante,"1, Fumante atual | 2, Ex-fumante (parou ANTES DA GRAVIDEZ) | 3, Ex-fumante (parou DURANTE a gravidez) | 0, Nunca fumei",Uso materno de tabaco,,0,0,0,0,,0
gravidez,GRAVIDEZ-COMORBIDADES,preg_substance,Uso de substâncias durante a gravidez,"1, sim | 0, Não | 99, Desconhecido","Uso de substâncias psicoativas não prescritas (por exemplo, álcool, cannabis, opioides, estimulantes) em qualquer momento da gravidez.",,0,0,0,0,,0
gravidez,COMPLICAÇÕES RELACIONADAS À GRAVIDEZ,pregcomp_mat,Complicações na gravidez materna?,"1, sim | 0, Não | 99, Desconhecido",,,0,0,0,,,0
gravidez,COMPLICAÇÕES RELACIONADAS À GRAVIDEZ,pregcomp_preecl,Pré-eclâmpsia,"1, sim | 0, Não | 99, Desconhecido",Hipertensão de início recente (≥140/90 mmHg) após 20 semanas de gestação com proteinúria ou disfunção de órgão-alvo,,0,0,0,0,,0
gravidez,COMPLICAÇÕES RELACIONADAS À GRAVIDEZ,pregcomp_preecl_week,Semana gestacional de início,,Semana gestacional completada em que a condição foi diagnosticada ou documentada pela primeira vez.,,0,0,0,0,,
gravidez,COMPLICAÇÕES RELACIONADAS À GRAVIDEZ,pregcomp_ecl,Eclampsia,"1, sim | 0, Não | 99, Desconhecido","Ocorrência de convulsões generalizadas em mulher com pré-eclâmpsia, não atribuível a outras causas.",,0,0,0,0,,0
gravidez,COMPLICAÇÕES RELACIONADAS À GRAVIDEZ,pregcomp_ecl_week,Semana gestacional de início,,Semana gestacional completada em que a condição foi diagnosticada ou documentada pela primeira vez.,,0,0,0,0,,
gravidez,COMPLICAÇÕES RELACIONADAS À GRAVIDEZ,pregcomp_hellp,Síndrome HELLP,"1, sim | 0, Não | 99, Desconhecido","Variante grave de pré-eclâmpsia caracterizada por hemólise, enzimas hepáticas elevadas e",,0,0,0,0,,0
gravidez,COMPLICAÇÕES RELACIONADAS À GRAVIDEZ,pregcomp_hellp_week,Semana gestacional de início,,Semana gestacional completada em que a condição foi diagnosticada ou documentada pela primeira vez.,,0,0,0,0,,
gravidez,COMPLICAÇÕES RELACIONADAS À GRAVIDEZ,pregcomp_gdm,Diabetes gestacional,"1, sim | 0, Não | 99, Desconhecido","Intolerância à glicose com início ou primeiro reconhecimento durante a gravidez, diagnosticada por testes padrão de glicose.",,0,0,0,0,,0
gravidez,COMPLICAÇÕES RELACIONADAS À GRAVIDEZ,pregcomp_gdm_week,Semana gestacional de início,,Semana gestacional completada em que a condição foi diagnosticada ou documentada pela primeira vez.,,0,0,0,0,,
gravidez,COMPLICAÇÕES RELACIONADAS À GRAVIDEZ,pregcomp_pih,Hipertensão induzida pela gravidez,"1, sim | 0, Não | 99, Desconhecido",Hipertensão de início recente após 20 semanas de gestação sem proteinúria ou características sistêmicas.,,0,0,0,0,,0
gravidez,COMPLICAÇÕES RELACIONADAS À GRAVIDEZ,pregcomp_pih_week,Semana gestacional de início,,Semana gestacional completada em que a condição foi diagnosticada ou documentada pela primeira vez.,,0,0,0,0,,
gravidez,COMPLICAÇÕES RELACIONADAS À GRAVIDEZ,pregcomp_utbleed,Sangramento uterino,"1, sim | 0, Não | 99, Desconhecido","Sangramento vaginal que ocorre durante a gravidez, excluindo sangramento normal de implantação.",,0,0,0,0,,0
gravidez,COMPLICAÇÕES RELACIONADAS À GRAVIDEZ,pregcomp_utbleed_week,Semana gestacional de início,,Semana gestacional completada em que a condição foi diagnosticada ou documentada pela primeira vez.,,0,0,0,0,,
gravidez,COMPLICAÇÕES RELACIONADAS À GRAVIDEZ,pregcomp_malaria,Infecção por malária na gravidez,"1, sim | 0, Não | 99, Desconhecido",Infecção por Plasmodium confirmada em laboratório durante a gravidez.,,0,0,0,0,,0
gravidez,COMPLICAÇÕES RELACIONADAS À GRAVIDEZ,pregcomp_malaria_week,Semana gestacional de início,,Semana gestacional completada em que a condição foi diagnosticada ou documentada pela primeira vez.,,0,0,0,0,,
gravidez,COMPLICAÇÕES RELACIONADAS À GRAVIDEZ,pregcomp_oth,Outras complicações da gravidez materna,"1, sim | 0, Não | 99, Desconhecido",Semana gestacional completada em que a condição foi diagnosticada ou documentada pela primeira vez.,,0,0,0,0,,0
gravidez,COMPLICAÇÕES RELACIONADAS À GRAVIDEZ,pregcomp_othspec,Especifique outras complicações da gravidez materna,,,,0,0,0,,,
gravidez,COMPLICAÇÕES RELACIONADAS À GRAVIDEZ,pregcomp_placfetab,Anormalidades placentárias/líquido amniótico/fetais identificadas no período pré-natal,"1, sim | 0, Não | 99, Desconhecido",Anormalidades estruturais ou funcionais detectadas por ultrassonografia ou testes pré-natais.,,0,0,0,0,,0
gravidez,COMPLICAÇÕES RELACIONADAS À GRAVIDEZ,pregcomp_lowaf,Líquido amniótico diminuído,"1, sim | 0, Não | 99, Desconhecido",Volume de líquido amniótico abaixo do normal para a idade gestacional.,,0,0,0,0,,0
gravidez,COMPLICAÇÕES RELACIONADAS À GRAVIDEZ,pregcomp_lowaf_week,Semana gestacional de início,,Semana gestacional completada em que a condição foi diagnosticada ou documentada pela primeira vez.,,0,0,0,0,,
gravidez,COMPLICAÇÕES RELACIONADAS À GRAVIDEZ,pregcomp_highaf,Excesso de líquido amniótico,"1, sim | 0, Não | 99, Desconhecido",Volume de líquido amniótico acima do normal para a idade gestacional.,,0,0,0,0,,0
gravidez,COMPLICAÇÕES RELACIONADAS À GRAVIDEZ,pregcomp_highaf_week,Semana gestacional de início,,Semana gestacional completada em que a condição foi diagnosticada ou documentada pela primeira vez.,,0,0,0,0,,
gravidez,COMPLICAÇÕES RELACIONADAS À GRAVIDEZ,pregcomp_pprevia,Placenta prévia,"1, sim | 0, Não | 99, Desconhecido",Placenta cobrindo parcial ou totalmente o orifício cervical interno.,,0,0,0,0,,0
gravidez,COMPLICAÇÕES RELACIONADAS À GRAVIDEZ,pregcomp_pprevia_week,Semana gestacional de início,,Semana gestacional completada em que a condição foi diagnosticada ou documentada pela primeira vez.,,0,0,0,0,,
gravidez,COMPLICAÇÕES RELACIONADAS À GRAVIDEZ,pregcomp_plowlying,Placenta baixa,"1, sim | 0, Não | 99, Desconhecido","Placenta localizada próxima, mas não cobrindo o orifício cervical interno.",,0,0,0,0,,0
gravidez,COMPLICAÇÕES RELACIONADAS À GRAVIDEZ,pregcomp_plowlying_week,Semana gestacional de início,,Semana gestacional completada em que a condição foi diagnosticada ou documentada pela primeira vez.,,0,0,0,0,,
gravidez,COMPLICAÇÕES RELACIONADAS À GRAVIDEZ,pregcomp_pinsuff,Insuficiência placentária,"1, sim | 0, Não | 99, Desconhecido","Função placentária inadequada, resultando em comprometimento do crescimento ou bem-estar fetal.",,0,0,0,0,,0
gravidez,COMPLICAÇÕES RELACIONADAS À GRAVIDEZ,pregcomp_pinsuff_week,Semana gestacional de início,,Semana gestacional completada em que a condição foi diagnosticada ou documentada pela primeira vez.,,0,0,0,0,,
gravidez,COMPLICAÇÕES RELACIONADAS À GRAVIDEZ,pregcomp_iugr,Restrição de crescimento intrauterino,"1, sim | 0, Não | 99, Desconhecido",Peso fetal estimado abaixo do percentil 10 para a idade gestacional devido a causas patológicas.,,0,0,0,0,,0
gravidez,COMPLICAÇÕES RELACIONADAS À GRAVIDEZ,pregcomp_iugr_week,Semana gestacional de início,,Semana gestacional completada em que a condição foi diagnosticada ou documentada pela primeira vez.,,0,0,0,0,,
gravidez,COMPLICAÇÕES RELACIONADAS À GRAVIDEZ,pregcomp_othpyn,Outras anomalias placentárias/líquido amniótico/fetais identificadas no período pré-natal,"1, sim | 0, Não | 99, Desconhecido",,,0,0,0,,,0
gravidez,COMPLICAÇÕES RELACIONADAS À GRAVIDEZ,pregcomp_othpspec,especificar outras anomalias placentárias/de líquido amniótico/fetais identificadas no período pré-natal,,,,0,0,0,,,
gravidez,MEDICAMENTOS PARA GRAVIDEZ,pregmed_immunosup,Algum tratamento imunossupressor durante a gravidez?,"1, sim | 0, Não | 99, Desconhecido","Uso de medicamentos que reduzem a função imunológica, incluindo corticosteróides sistêmicos, produtos biológicos, quimioterapia ou medicamentos relacionados a transplantes.",,0,0,0,0,,0
gravidez,MEDICAMENTOS PARA GRAVIDEZ,pregmed_immunosup_num,Quantos medicamentos imunossupressores?,,Número de agentes imunossupressores distintos tomados concomitantemente ou sequencialmente durante a gravidez.,,0,0,0,0,,
gravidez,MEDICAMENTOS PARA GRAVIDEZ,pregmed_immunosup_name,Nome(s) do(s) medicamento(s) imunossupressor(es).,,Nome(s) genérico(s) do(s) medicamento(s) imunossupressor(es) utilizado(s).,,0,0,0,0,,
gravidez,MEDICAMENTOS PARA GRAVIDEZ,pregmed_otheryn,Algum outro medicamento para gravidez?,"1, sim | 0, Não | 99, Desconhecido",Uso de qualquer medicamento prescrito ou de venda livre (excluindo imunossupressores) durante a gravidez.,,0,0,0,0,,0
gravidez,MEDICAMENTOS PARA GRAVIDEZ,pregmed_othernum,Quantos medicamentos para gravidez?,,Número de medicamentos distintos tomados durante a gravidez.,,0,0,0,0,,
gravidez,MEDICAMENTOS PARA GRAVIDEZ,pregmed_othername,Nome(s) do(s) medicamento(s).,,Nome(s) genérico(s) dos medicamentos utilizados.,,0,0,0,0,,
gravidez,VACINAS PARA GRAVIDEZ,pregmed_antvacc,Vacinas pré-natais administradas,"1, COVID-19 | 2, Hepatite B | 3, febre amarela | 4, Varicela | 88, Outro","Vacinas recebidas durante a gravidez (por exemplo, tétano, gripe, COVID-19).",,0,0,0,0,,0
gravidez,VACINAS PARA GRAVIDEZ,pregmed_antvacc_oth,"Se outro, especifique",,,,0,0,0,,,
gravidez,TESTE RELACIONADO À GRAVIDEZ,pregtest_yn,As amostras biológicas foram colhidas e testadas durante a gravidez?,"1, sim | 0, Não | 99, Desconhecido",Qualquer amostra biológica materna coletada e analisada durante a gravidez.,,0,0,0,0,,0
gravidez,TESTE RELACIONADO À GRAVIDEZ,pregtest_type,Quais das seguintes amostras foram colhidas?,"1, Líquido amniótico | 2, Placenta | 3, sangue do cordão umbilical | 4, esfregaço vaginal | 5, swab fecal/retal | 6, Tecido para gravidez | 99, Desconhecido | 88, Outro",Qualquer amostra biológica materna coletada e analisada durante a gravidez.,,0,0,0,0,,0
gravidez,TESTE RELACIONADO À GRAVIDEZ,pregtest_desc,Descreva os testes de amostra e os resultados.,,Método laboratorial utilizado e resultado qualitativo/quantitativo.,,0,0,0,0,,
gravidez,RESULTADO DA GRAVIDEZ,pregout_bboutc,Resultado da gravidez,"1, Nascido vivo (mesmo que o bebê tenha morrido após o nascimento) | 2, Aborto (<22 semanas) | 3, Rescisão por opção | 4, Rescisão - anormalidade ultrassonográfica | 5, Rescisão - outro motivo/motivo desconhecido | 6, Natimorto (morte intrauterina/intraparto a partir de 22 semanas de gestação) | 7, Gravidez ectópica | 8, em andamento | 99, Desconhecido","Resultado final da gravidez (nascido vivo, nado-morto, aborto espontâneo, interrupção).",,0,0,0,0,,0
gravidez,RESULTADO DA GRAVIDEZ,pregout_weeks,Idade gestacional no desfecho (semanas completas),,"Idade gestacional no parto ou final da gravidez, calculada em semanas completas.",,0,0,0,0,,
gravidez,RESULTADO DA GRAVIDEZ,pregout_bbtest,Bebê testado para infecção da mãe de interesse?,"1, sim | 0, Não | 99, Desconhecido",Bebê testado para o patógeno que afeta a mãe.,,0,0,0,0,,0
gravidez,RESULTADO DA GRAVIDEZ,pregout_bbresl,Especifique o resultado do teste da infecção materna de interesse,"1, Positivo | 0, Negativo | 99, Desconhecido",Resultado laboratorial de testes infantis relacionados à infecção materna.,,0,0,0,0,,0
gravidez,RESULTADO DA GRAVIDEZ,pregout_bboutc_termreas,"Se a interrupção for devido a anomalia ultrassonográfica ou outro motivo, especifique",,Especifique a indicação clínica para interrupção da gravidez.,,0,0,0,0,,
gravidez,RESULTADO DA GRAVIDEZ,pregout_bboutc_stillb,Se natimorto: macerado ou fresco?,"1, Macerado | 2, Fresco | 99, Desconhecido","Fresco: morte ocorreu durante o trabalho de parto ou pouco antes do parto; Macerado: morte ocorreu dias antes do parto, com alteração da pele",,0,0,0,0,,0
gravidez,RESULTADO DA GRAVIDEZ,pregout_matdeath,A mãe morreu durante a gravidez?,"1, sim | 0, Não | 99, Desconhecido",Morte ocorrida durante a gravidez ou até 42 dias após o final da gravidez.,,0,0,0,0,,0
gravidez,RESULTADO DA GRAVIDEZ,pregout_matdeath_age,Idade na morte,,Idade materna em anos completos no momento do óbito.,,0,0,0,0,,
gravidez,RESULTADO DA GRAVIDEZ,pregout_matdeath_cause,Causa(s) da morte,,Causas médicas subjacentes e contribuintes.,,0,0,0,0,,
gravidez,RESULTADO DA GRAVIDEZ,pregout_matdeath_place,Local da morte,"1, Em casa | 2, Hospital/instalação médica | 99, Desconhecido","Local onde ocorreu a morte (por exemplo, hospital, casa).",,0,0,0,0,,0
gravidez,RESULTADO DA GRAVIDEZ,pregout_matdeath_time,Ponto de tempo da morte,"1, Pré-entrega | 2, Durante a entrega | 3, Pós-entrega (dentro de 40 dias) | 99, Desconhecido","Momento relativo à gravidez (pré-natal, intraparto, pós-parto).",,0,0,0,0,,0
gravidez,RESULTADO DA GRAVIDEZ,pregout_othdet,"Outros detalhes sobre a gravidez, não especificados acima.",,,,0,0,0,,,
gravidez,RESULTADO DA GRAVIDEZ,pregout_nbornincl,O recém-nascido está incluído no estudo?,"1, sim | 0, Não | 99, Desconhecido",Indica se a criança está formalmente matriculada.,,0,0,0,0,,0
gravidez,RESULTADO DA GRAVIDEZ,pregout_nborpin,Indique o Número de Identificação do Participante (PIN) do recém-nascido,,Identificador exclusivo do estudo para o recém-nascido.,,0,0,0,0,,
recém-nascido,RESULTADOS RECÉM-NASCIDOS,nborn_sex,Sexo do recém-nascido ao nascer,"1, Masculino | 2, Feminino | 99, Desconhecido | 88, Outro",Isso se refere às características sexuais físicas no nascimento.,,0,0,0,0,,0
recém-nascido,RESULTADOS RECÉM-NASCIDOS,nborn_modedel,Modo de entrega,"1, vaginal | 2, Vaginal assistida | 3, Cesariana eletiva (antes do parto, antes da ruptura de membranas) | 4, Cesariana de emergência (após trabalho de parto e/ou ruptura de membranas)",Isto se refere ao método pelo qual o feto é entregue.,,0,0,0,0,,0
recém-nascido,RESULTADOS RECÉM-NASCIDOS,nborn_placedel,Local de entrega,"1, Em casa | 2, Hospital/instalação médica | 99, Desconhecido",Refere-se ao local de nascimento do feto.,,0,0,0,0,,0
recém-nascido,RESULTADOS RECÉM-NASCIDOS,nborn_ga,Idade gestacional (semanas),,Refere-se à idade gestacional do feto (escrita em semanas completas). Pode ser calculado a partir da última menstruação (DUM) da mulher ou calculado usando a melhor data de parto estimada obstétrica (DMP) com base na seguinte fórmula: Idade Gestacional = (28 - (DUM - Data de Referência)) / 7. A data de referência é a data em que você está tentando determinar a idade gestacional.,,0,0,0,0,,
recém-nascido,RESULTADOS RECÉM-NASCIDOS,nborn_gamethod,Como foi estimada a gestação?,"1, LMP | 2, EDD | 99, Desconhecido",Refere-se ao método de estimativa da idade gestacional. DUM refere-se à data do primeiro dia do ciclo menstrual mais recente. EDD refere-se à data estimada de entrega.,,0,0,0,0,,0
recém-nascido,RESULTADOS RECÉM-NASCIDOS,nborn_birthweight,Peso do recém-nascido ao nascer,,"Refere-se à medição do peso de um recém-nascido imediatamente após o nascimento, normalmente registrada nos primeiros minutos de vida.",,0,0,0,0,,
recém-nascido,RESULTADOS RECÉM-NASCIDOS,nborn_birthweight_units,Peso do recém-nascido ao nascer (selecionar unidades),"1,g| 2, libras",Peso medido ao nascer (g ou lb).,,0,0,0,0,,0
recém-nascido,RESULTADOS RECÉM-NASCIDOS,nborn_birthweight_g,Peso do recém-nascido ao nascer (g),,"Refere-se à medição do peso de um recém-nascido imediatamente após o nascimento, normalmente registrada nos primeiros minutos de vida.",,0,0,0,0,,
recém-nascido,RESULTADOS RECÉM-NASCIDOS,nborn_birthweight_lb,Peso do recém-nascido ao nascer (lb),,"Refere-se à medição do peso de um recém-nascido imediatamente após o nascimento, normalmente registrada nos primeiros minutos de vida.",,0,0,0,0,,
recém-nascido,RESULTADOS RECÉM-NASCIDOS,nborn_length,Comprimento do recém-nascido ao nascer,,"Refere-se à medição do comprimento de um recém-nascido, do topo da cabeça até a parte inferior de um dos calcanhares.",,0,0,0,0,,
recém-nascido,RESULTADOS RECÉM-NASCIDOS,nborn_length_units,Comprimento do recém-nascido ao nascer (unidades selecionadas),"1, polegadas | 2,cm",Comprimento coroa-calcanhar ao nascer (polegadas ou cm).,,0,0,0,0,,0
recém-nascido,RESULTADOS RECÉM-NASCIDOS,nborn_length_cm,Comprimento do recém-nascido ao nascer (cm),,"Refere-se à medição do comprimento de um recém-nascido, do topo da cabeça até a parte inferior de um dos calcanhares.",,0,0,0,0,,
recém-nascido,RESULTADOS RECÉM-NASCIDOS,nborn_length_in,Comprimento do recém-nascido ao nascer (in),,"Refere-se à medição do comprimento de um recém-nascido, do topo da cabeça até a parte inferior de um dos calcanhares.",,0,0,0,0,,
recém-nascido,RESULTADOS RECÉM-NASCIDOS,nborn_infhc,Perímetro cefálico ao nascer,,Refere-se à medição da maior área da cabeça (distância desde a parte de trás da cabeça até acima das sobrancelhas e orelhas) (em cm).,,0,0,0,0,,
recém-nascido,RESULTADOS RECÉM-NASCIDOS,nborn_infhc_units,Perímetro cefálico ao nascer (selecionar unidades),"1, polegadas | 2,cm",Circunferência occipito-frontal ao nascimento (cm).,,0,0,0,0,,0
recém-nascido,RESULTADOS RECÉM-NASCIDOS,nborn_infhc_cm,Perímetro cefálico ao nascer (cm),,Refere-se à medição da maior área da cabeça (distância da parte de trás da cabeça até acima das sobrancelhas e orelhas).,,0,0,0,0,,
recém-nascido,RESULTADOS RECÉM-NASCIDOS,nborn_infhc_in,Perímetro cefálico ao nascer (in),,Refere-se à medição da maior área da cabeça (distância da parte de trás da cabeça até acima das sobrancelhas e orelhas).,,0,0,0,0,,
recém-nascido,RESULTADOS RECÉM-NASCIDOS,nborn_apgar,Pontuação APGAR aos 5 minutos (1-1),,"Refere-se a uma pontuação para avaliar a adaptação do recém-nascido à vida extrauterina. Cinco itens - frequência cardíaca, esforço respiratório, tônus ​​muscular, irritabilidade reflexa e cor - são avaliados 6 segundos após o nascimento e novamente cinco minutos depois em uma escala de -2, sendo o mais baixo, sendo 2 normal. Os cinco números são somados para o índice de Apgar. Uma pontuação de -3 representa sofrimento grave, 4-7 indica sofrimento moderado e uma pontuação de 7-1 prediz ausência de dificuldade de adaptação à vida extrauterina.",,0,0,0,0,,
recém-nascido,RESULTADOS RECÉM-NASCIDOS,nborn_resusc,Reanimação necessária após o parto,"1, sim | 0, Não | 99, Desconhecido",Refere-se a medidas aplicadas para o restabelecimento da vida de um recém-nascido.,,0,0,0,0,,0
recém-nascido,RESULTADOS RECÉM-NASCIDOS,nborn_resuscdet,Dê detalhes,,Refere-se a medidas aplicadas para o restabelecimento da vida de um recém-nascido.,,0,0,0,0,,
recém-nascido,RESULTADOS RECÉM-NASCIDOS,nborn_nicu,Admissão na UTIN,"1, Sim, relacionado ao patógeno de interesse | 2, Sim, não relacionado ao patógeno de interesse | 3, Não, devido à indisponibilidade de UTIN | 0, Não | 4, Não aplicável | 99, Desconhecido",Refere-se à admissão do recém-nascido na unidade de terapia intensiva neonatal.,,0,0,0,0,,0
recém-nascido,RESULTADOS RECÉM-NASCIDOS,nborn_hospdur,Duração da internação hospitalar,,Refere-se à duração total da internação hospitalar durante a internação atual (em dias).,,0,0,0,0,,
recém-nascido,RESULTADOS RECÉM-NASCIDOS,nborn_outc,Resultado neonatal,"1, alta saudável | 2, Alta com complicações/sequelas | 3, ainda na enfermaria neonatal | 4, Encaminhado para outro hospital | 5, Morte | 99, Desconhecido | 6, Não aplicável",Isso se refere ao resultado do recém-nascido.,,0,0,0,0,,0
recém-nascido,RESULTADOS RECÉM-NASCIDOS,nborn_compyn,Ocorreu alguma complicação neonatal?,"1, sim | 0, Não | 99, Desconhecido",Refere-se a quaisquer complicações ocorridas durante o período neonatal.,,0,0,0,0,,0
recém-nascido,RESULTADOS RECÉM-NASCIDOS,nborn_compsel,Selecione todas as opções aplicáveis.,"1, Síndrome do desconforto respiratório | 2, Hemorragia intraventricular | 3, Enterocolite necrosante | 4, Encefalopatia Neonatal | 5, Doença pulmonar crônica | 6, Icterícia grave com necessidade de fototerapia | 7, Anomalia congênita importante |  8, Infecção grave/sepse |  9, Meningite | 10, Transfusão de troca | 99, Desconhecido | 88, Outro",Refere-se a quaisquer complicações ocorridas durante o período neonatal.,,0,0,0,0,,0
recém-nascido,RESULTADOS RECÉM-NASCIDOS,nborn_compoth,Se outro: Especifique,,Refere-se a quaisquer complicações ocorridas durante o período neonatal.,,0,0,0,0,,
recém-nascido,RESULTADOS RECÉM-NASCIDOS,nborn_death,Morte de recém-nascido ou criança,"1, sim | 0, Não | 99, Desconhecido",Isto se refere à morte do recém-nascido ou criança,,0,0,0,0,,0
recém-nascido,RESULTADOS RECÉM-NASCIDOS,nborn_deathage,Idade na morte,,Refere-se à idade do recém-nascido ou criança no momento da morte (meses).,,0,0,0,0,,
recém-nascido,RESULTADOS RECÉM-NASCIDOS,nborn_deathage_units,Idade ao morrer (selecionar unidades),"1,dias | 2, meses",,,0,0,0,,,0
recém-nascido,RESULTADOS RECÉM-NASCIDOS,nborn_deathage_days,Idade ao morrer (dias),,Refere-se à idade do recém-nascido ou criança no momento da morte.,,0,0,0,0,,
recém-nascido,RESULTADOS RECÉM-NASCIDOS,nborn_deathage_months,Idade ao morrer (meses),,Refere-se à idade do recém-nascido ou criança no momento da morte.,,0,0,0,0,,
recém-nascido,RESULTADOS RECÉM-NASCIDOS,nborn_deathcause,Causa(s) da morte,,Refere-se à causa da morte do recém-nascido ou criança.,,0,0,0,0,,
recém-nascido,RESULTADOS RECÉM-NASCIDOS,nborn_birthdefectyn,Anomalia congênita presente?,"1, sim | 0, Não | 99, Desconhecido",Isto se refere a anormalidades estruturais ou funcionais do feto que ocorreram durante o desenvolvimento intra-uterino.,,0,0,0,0,,0
recém-nascido,RESULTADOS RECÉM-NASCIDOS,nborn_birthdefectnum,Quantos?,,Isto se refere a anormalidades estruturais ou funcionais do feto que ocorreram durante o desenvolvimento intra-uterino.,,0,0,0,0,,
recém-nascido,RESULTADOS RECÉM-NASCIDOS,nborn_birthdefect1,Descrever anomalia congênita,,Isto se refere a anormalidades estruturais ou funcionais do feto que ocorreram durante o desenvolvimento intra-uterino.,,0,0,0,0,,
recém-nascido,RESULTADOS RECÉM-NASCIDOS,nborn_birthdefect1_date,Data do diagnóstico de anomalia congênita,,Isto se refere a anormalidades estruturais ou funcionais do feto que ocorreram durante o desenvolvimento intra-uterino.,,0,0,0,0,,
recém-nascido,RESULTADOS RECÉM-NASCIDOS,nborn_birthdefect2,Descrever anomalia congênita,,Isto se refere a anormalidades estruturais ou funcionais do feto que ocorreram durante o desenvolvimento intra-uterino.,,0,0,0,0,,
recém-nascido,RESULTADOS RECÉM-NASCIDOS,nborn_birthdefect2_date,Data do diagnóstico de anomalia congênita,,Isto se refere a anormalidades estruturais ou funcionais do feto que ocorreram durante o desenvolvimento intra-uterino.,,0,0,0,0,,
recém-nascido,RESULTADOS RECÉM-NASCIDOS,nborn_birthdefect3,Descrever anomalia congênita,,Isto se refere a anormalidades estruturais ou funcionais do feto que ocorreram durante o desenvolvimento intra-uterino.,,0,0,0,0,,
recém-nascido,RESULTADOS RECÉM-NASCIDOS,nborn_birthdefect3_date,Data do diagnóstico de anomalia congênita,,Isto se refere a anormalidades estruturais ou funcionais do feto que ocorreram durante o desenvolvimento intra-uterino.,,0,0,0,0,,
recém-nascido,LESÕES RECÉM-NASCIDAS,nborn_lesion,Lesões cutâneas ou mucosas neonatais,"1, sim | 0, Não | 99, Desconhecido",Refere-se à presença de lesões cutâneas ou mucosas observadas no neonato.,,0,0,0,0,,0
recém-nascido,LESÕES RECÉM-NASCIDAS,nborn_lesion_age,Idade de início das lesões (semanas completas),,Refere-se à idade (em semanas completas) em que as lesões apareceram pela primeira vez.,,0,0,0,0,,
recém-nascido,LESÕES RECÉM-NASCIDAS,nborn_lesion_num,Número máximo de lesões observadas,"1, Leve (< 25 lesões cutâneas) | 2, Moderado (25-99 lesões cutâneas) | 3, Grave (100-250 lesões cutâneas) | 4, Muito grave (> 250 lesões cutâneas) | 99, Desconhecido",Isto se refere ao número máximo de lesões observadas.,,0,0,0,0,,0
recém-nascido,LESÕES RECÉM-NASCIDAS,nborn_lesion_site,Local(is) da lesão e pontuação de dor (0 = sem dor 10 = pior dor),"1, Cabeça/rosto/pescoço | 2, Dentro da boca | 3, Torso | 4, Braços e/ou mãos | 5, Pernas e/ou pés | 6, Genitália externa | 7, Perianal | 8, Canal vaginal | 9, reto | 88, Outro",Localização(ões) anatômica(s) das lesões e intensidade da dor avaliada em 0–10.,,0,0,0,0,,0
recém-nascido,LESÕES RECÉM-NASCIDAS,nborn_lesion_site_oth,"Se outro, especifique o local da lesão",,Isto se refere a locais de lesão não listados acima.,,0,0,0,0,,
recém-nascido,LESÕES RECÉM-NASCIDAS,nborn_lesion_type,Tipo(s) de lesões atualmente presentes,"1, Vesícula | 2, Pústula | 3, Lesão ulcerada | 4, Lesão madura com crosta/crosta | 5, Evidência residual de lesões resolvidas (cicatriz/descoloração) | 6, Lesões hemorrágicas/hemorrágicas",Isto se refere ao(s) tipo(s) morfológico(s) de lesões presentes hoje.,,0,0,0,0,,0
recém-nascido,SINAIS E SINTOMAS DO RECÉM-NASCIDO,nborn_sympt,Sintomas neonatais ao exame clínico,"1, sim | 0, Não | 99, Desconhecido",Refere-se a sinais ou sintomas identificados durante o exame clínico neonatal.,,0,0,0,0,,0
recém-nascido,SINAIS E SINTOMAS DO RECÉM-NASCIDO,nborn_fever,Febre,"1, sim | 0, Não | 99, Desconhecido","Em neonatos, febre refere-se a uma temperatura corporal medida de -38,0 °C, e a hipotermia também pode indicar infecção.",,0,0,0,0,,0
recém-nascido,SINAIS E SINTOMAS DO RECÉM-NASCIDO,nborn_cough,Tosse,"1, sim | 0, Não | 99, Desconhecido",Isso se refere à presença de tosse.,,0,0,0,0,,0
recém-nascido,SINAIS E SINTOMAS DO RECÉM-NASCIDO,nborn_wheezing,Chiado,"1, sim | 0, Não | 99, Desconhecido",Definido como um som respiratório agudo resultante de um estreitamento ou obstrução das pequenas vias aéreas.,,0,0,0,0,,0
recém-nascido,SINAIS E SINTOMAS DO RECÉM-NASCIDO,nborn_rhinorrhoe,Coriza (rinorreia),"1, sim | 0, Não | 99, Desconhecido",Definido como aumento da secreção mucosa do nariz.,,0,0,0,0,,0
recém-nascido,SINAIS E SINTOMAS DO RECÉM-NASCIDO,nborn_respdistress,Desconforto respiratório,"1, sim | 0, Não | 99, Desconhecido",Refere-se a um aumento patológico no esforço e na frequência dos movimentos respiratórios.,,0,0,0,0,,0
recém-nascido,SINAIS E SINTOMAS DO RECÉM-NASCIDO,nborn_tachypnoea,Respiração rápida (taquipneia),"1, sim | 0, Não | 99, Desconhecido","Em neonatos, a taquipneia é definida como uma frequência respiratória superior a 60 respirações por minuto.",,0,0,0,0,,0
recém-nascido,SINAIS E SINTOMAS DO RECÉM-NASCIDO,nborn_nasalflar,Alargamento nasal,"1, sim | 0, Não | 99, Desconhecido","Em neonatos, o alargamento nasal refere-se ao alargamento das narinas durante a inspiração e é um sinal clínico de aumento do trabalho respiratório.",,0,0,0,0,,0
recém-nascido,SINAIS E SINTOMAS DO RECÉM-NASCIDO,nborn_grunt,Grunhindo,"1, sim | 0, Não | 99, Desconhecido","Em neonatos, o grunhido refere-se a um som expiratório produzido pelo fechamento parcial da glote e é um sinal de desconforto respiratório.",,0,0,0,0,,0
recém-nascido,SINAIS E SINTOMAS DO RECÉM-NASCIDO,nborn_apnoea,Apnéia,"1, sim | 0, Não | 99, Desconhecido",Definido como uma ausência transitória na respiração espontânea.,,0,0,0,0,,0
recém-nascido,SINAIS E SINTOMAS DO RECÉM-NASCIDO,nborn_nasalcongestion,Congestão nasal,"1, sim | 0, Não | 99, Desconhecido","Definido como capacidade reduzida de passar ar pela cavidade nasal, muitas vezes levando à respiração pela boca.",,0,0,0,0,,0
recém-nascido,SINAIS E SINTOMAS DO RECÉM-NASCIDO,nborn_vomit,Vômito,"1, sim | 0, Não | 99, Desconhecido",Definido como a expulsão do estômago ou intestino delgado pela boca.,,0,0,0,0,,0
recém-nascido,SINAIS E SINTOMAS DO RECÉM-NASCIDO,nborn_diarrhoea,Diarréia,"1, sim | 0, Não | 99, Desconhecido","Nos neonatos, a diarreia refere-se a uma alteração na frequência ou consistência das fezes em comparação com o padrão normal do bebê.",,0,0,0,0,,0
recém-nascido,SINAIS E SINTOMAS DO RECÉM-NASCIDO,nborn_consti,Constipação,"1, sim | 0, Não | 99, Desconhecido","Em neonatos, constipação refere-se à passagem de fezes infrequente, difícil ou dolorosa em comparação com o padrão intestinal habitual do neonato.",,0,0,0,0,,0
recém-nascido,SINAIS E SINTOMAS DO RECÉM-NASCIDO,nborn_lowurine,Diminuição da produção de urina,"1, sim | 0, Não | 99, Desconhecido","Em neonatos, a redução do débito urinário é definida como débito urinário <1 ml/kg/hora.",,0,0,0,0,,0
recém-nascido,SINAIS E SINTOMAS DO RECÉM-NASCIDO,nborn_jaund,Icterícia,"1, sim | 0, Não | 99, Desconhecido","Definida como manifestação clínica de hiperbilirrubinemia, caracterizada pela coloração amarelada da pele, mucosas e/ou esclera.",,0,0,0,0,,0
recém-nascido,SINAIS E SINTOMAS DO RECÉM-NASCIDO,nborn_skinpallor,Palidez da pele,"1, sim | 0, Não | 99, Desconhecido",Isso se refere à aparência pálida e não natural da pele.,,0,0,0,0,,0
recém-nascido,SINAIS E SINTOMAS DO RECÉM-NASCIDO,nborn_ftt,Falha em prosperar,"1, sim | 0, Não | 99, Desconhecido","Em neonatos, o fracasso no crescimento refere-se ao ganho de peso inadequado ou à perda de peso além dos limites fisiológicos esperados.”",,0,0,0,0,,0
recém-nascido,SINAIS E SINTOMAS DO RECÉM-NASCIDO,nborn_hypotonia,Diminuição do tônus/hipotonia,"1, sim | 0, Não | 99, Desconhecido",Refere-se à redução do tônus ​​muscular em relação ao esperado para a idade gestacional e condição clínica do neonato.,,0,0,0,0,,0
recém-nascido,SINAIS E SINTOMAS DO RECÉM-NASCIDO,nborn_bulgefont,Fontanela protuberante,"1, sim | 0, Não | 99, Desconhecido","Em neonatos, abaulamento da fontanela refere-se ao abaulamento externo ou plenitude da fontanela anterior quando o bebê está calmo e na posição vertical, e pode indicar aumento da pressão intracraniana.",,0,0,0,0,,0
recém-nascido,SINAIS E SINTOMAS DO RECÉM-NASCIDO,nborn_hypotherm,Hipotermia,"1, sim | 0, Não | 99, Desconhecido",Isto se refere à temperatura corporal anormalmente reduzida devido à falha na termorregulação.,,0,0,0,0,,0
recém-nascido,SINAIS E SINTOMAS DO RECÉM-NASCIDO,nborn_feedingdiff,Dificuldade de alimentação,"1, sim | 0, Não | 99, Desconhecido","Em neonatos, a dificuldade de alimentação inclui sucção inadequada, pega fraca, fadiga durante a alimentação ou incapacidade de completar a alimentação.",,0,0,0,0,,0
recém-nascido,SINAIS E SINTOMAS DO RECÉM-NASCIDO,nborn_hepatomegally,Hepatomegalia,"1, sim | 0, Não | 99, Desconhecido",Definido como um aumento patológico do fígado,,0,0,0,0,,0
recém-nascido,SINAIS E SINTOMAS DO RECÉM-NASCIDO,nborn_anaemia,Anemia,"1, sim | 0, Não | 99, Desconhecido","Isto se refere a uma redução no número de glóbulos vermelhos, na quantidade de hemoglobina e/ou no volume de concentrado de glóbulos vermelhos em relação aos intervalos de referência neonatais.",,0,0,0,0,,0
recém-nascido,SINAIS E SINTOMAS DO RECÉM-NASCIDO,nborn_seizconv,Convulsões,"1, sim | 0, Não | 99, Desconhecido","Definida como uma anormalidade intermitente da fisiologia do sistema nervoso caracterizada por uma ocorrência transitória de movimento súbito, violento e irregular do corpo, causado pela contração involuntária dos músculos devido à atividade neuronal anormal, excessiva ou síncrona no cérebro.",,0,0,0,0,,0
recém-nascido,SINAIS E SINTOMAS DO RECÉM-NASCIDO,nborn_keratitis,Queratite,"1, sim | 0, Não | 99, Desconhecido",Isso se refere à inflamação da córnea do olho.,,0,0,0,0,,0
recém-nascido,SINAIS E SINTOMAS DO RECÉM-NASCIDO,nborn_conjunctiv,Conjuntivite,"1, sim | 0, Não | 99, Desconhecido",Definida como inflamação da conjuntiva,,0,0,0,0,,0
recém-nascido,SINAIS E SINTOMAS DO RECÉM-NASCIDO,nborn_ocularother,Outros achados oculares,"1, sim | 0, Não | 99, Desconhecido",Quaisquer achados oculares anormais além do diagnóstico primário.,,0,0,0,0,,0
recém-nascido,SINAIS E SINTOMAS DO RECÉM-NASCIDO,nborn_ocularother_spec,Por favor especifique,,,,0,0,0,,,
recém-nascido,SINAIS E SINTOMAS DO RECÉM-NASCIDO,nborn_lymph,Linfadenopatia,"1, Sim-doloroso | 2, Sim, não é doloroso | 0, Não | 99, Desconhecido",Definido como um achado clínico de aumento anormal dos gânglios linfáticos.,,0,0,0,0,,0
recém-nascido,SINAIS E SINTOMAS DO RECÉM-NASCIDO,nborn_lymph_site,Especifique o(s) local(is) de linfadenopatia,"1, Axilar (axilas) | 2, Cervical (pescoço)| 3, Inguinal (virilha) | 99, Desconhecido | 88, Outro",Refere-se ao local em que a linfadenopatia foi identificada.,,0,0,0,0,,0
recém-nascido,SINAIS E SINTOMAS DO RECÉM-NASCIDO,nborn_lymph_site_oth,Especifique outro(s) local(is) de linfadenopatia,,Refere-se ao local em que a linfadenopatia foi identificada.,,0,0,0,0,,
recém-nascido,SINAIS E SINTOMAS DO RECÉM-NASCIDO,nborn_haemorrhag,Sangramento (hemorragia),"1, sim | 0, Não | 99, Desconhecido","Definido como a presença de sangue em local onde não é fisiologicamente normal ou perda de sangue na circulação, seja interna ou externamente. Isto pode incluir epistaxe (sangue do nariz), sangramento gengival (sangue das gengivas/gengiva), sangue de qualquer parte do trato gastrointestinal (hemorragia gastrointestinal) ou do trato geniturinário (vagina ou uretra), incluindo hematúria.",,0,0,0,0,,0
recém-nascido,SINAIS E SINTOMAS DO RECÉM-NASCIDO,nborn_haemorrhag_site,Especifique o(s) local(is) de sangramento,,Refere-se à localização do(s) local(is) de sangramento/hemorragia.,,0,0,0,0,,
recém-nascido,SINAIS E SINTOMAS DO RECÉM-NASCIDO,nborn_haemorrhag_site_oth,Especifique outro(s) local(is) de sangramento/hemorragia,,"Refere-se à localização do(s) local(is) de sangramento/hemorragia. Petéquias referem-se a pequenas manchas avermelhadas ou arroxeadas na pele ou nas mucosas, como resultado de hemorragia localizada. Sangramento nasal refere-se a hemorragia localizada no nariz. O sangramento gengival refere-se à hemorragia que afeta a gengiva. Sangramento gastrointestinal (GI) refere-se a hemorragia em qualquer segmento do trato gastrointestinal, do esôfago ao reto. Sangramento do trato urinário refere-se a hemorragia originada em qualquer parte do sistema urinário. O sangramento vaginal refere-se à hemorragia originada na vagina, não relacionada à menstruação normal.",,0,0,0,0,,
recém-nascido,SINAIS E SINTOMAS DO RECÉM-NASCIDO,nborn_other,Outros sintomas,"1, sim | 0, Não | 99, Desconhecido",Isto se refere à presença de um sinal ou anormalidade alternativa não listada acima.,,0,0,0,0,,0
recém-nascido,SINAIS E SINTOMAS DO RECÉM-NASCIDO,nborn_other_spec,"Se sim, especifique outro",,,,0,0,0,,,
recém-nascido,SINAIS E SINTOMAS DO RECÉM-NASCIDO,nborn_imaging,Imagens realizadas,"1, Ultrassonografia craniana | 2, ressonância magnética | 88, Outro | 0, Nenhum","Qualquer estudo radiológico realizado (por exemplo, ultrassom, ressonância magnética, raio-X).",,0,0,0,0,,0
recém-nascido,SINAIS E SINTOMAS DO RECÉM-NASCIDO,nborn_imaging_oth,Especificar,,,,0,0,0,,,
recém-nascido,SINAIS E SINTOMAS DO RECÉM-NASCIDO,nborn_imaging_res,Resultados de imagem,"1, resultados normais | 2, achados anormais",Resumo das descobertas.,,0,0,0,0,,0
recém-nascido,SINAIS E SINTOMAS DO RECÉM-NASCIDO,nborn_imaging_res_det,"Se resultados anormais, forneça detalhes",,Descrição dos achados de imagem anormais.,,0,0,0,0,,
recém-nascido,SINAIS E SINTOMAS DO RECÉM-NASCIDO,nborn_conginfectyn,Infecções adquiridas congenitamente,"1, sim | 0, Não | 99, Desconhecido","Refere-se a infecções suspeitas ou confirmadas no recém-nascido, adquiridas no útero e que persistem após o nascimento.",,0,0,0,0,,0
recém-nascido,SINAIS E SINTOMAS DO RECÉM-NASCIDO,nborn_conginfecttype,Tipo de infecções adquiridas congenitamente,"1, CMV | 2, Sífilis | 3, Toxoplasmose | 4, VIH | 5, HCV | 6, VHB | 7, HSV-1 | 8, HSV-2 | 99, Desconhecido | 88, Outro",Refere-se ao(s) tipo(s) de infecções suspeitas ou confirmadas no recém-nascido que são adquiridas no útero e que persistem após o nascimento.,,0,0,0,0,,0
recém-nascido,SINAIS E SINTOMAS DO RECÉM-NASCIDO,nborn_conginfectother,Especifique outras infecções adquiridas congenitamente,,"Refere-se a outras infecções suspeitas ou confirmadas, não especificadas acima, no recém-nascido, adquiridas no útero e que persistem após o nascimento.",,0,0,0,0,,
recém-nascido,SINAIS E SINTOMAS DO RECÉM-NASCIDO,nborn_breastfed,O bebê já foi amamentado?,"1, sim | 0, Não | 99, Desconhecido",A criança recebeu leite materno pelo menos uma vez após o nascimento.,,0,0,0,0,,0
recém-nascido,SINAIS E SINTOMAS DO RECÉM-NASCIDO,nborn_breastfed_status,Estado de amamentação,"1, atualmente amamentada | 0, Amamentação descontinuada","Situação atual de amamentação do bebê no momento da avaliação, independentemente da exclusividade.",,0,0,0,0,,0
recém-nascido,SINAIS E SINTOMAS DO RECÉM-NASCIDO,nborn_breastfed_dur,"Se a amamentação foi interrompida, quanto tempo durou a amamentação? (em semanas)",,Número total de semanas em que a amamentação ocorreu antes da interrupção permanente.,,0,0,0,0,,
recém-nascido,TESTES DE LABORATÓRIO RECÉM-NASCIDOS,nborn_labtestyn,Teste de Mpox infantil realizado?,"1, sim | 0, Não | 99, Desconhecido",Testes laboratoriais realizados para detectar o vírus Mpox na criança.,,0,0,0,0,,0
recém-nascido,TESTES DE LABORATÓRIO RECÉM-NASCIDOS,nborn_specimen,Tipo de amostra Mpox,"1, Líquido amniótico | 2, Sangue do cordão umbilical durante a gravidez | 3, Sangue do cordão umbilical após o parto | 4, Amostra de placenta durante a gravidez | 5, amostra de placenta após o parto | 6, Lesão cutânea | 7, Sangue | 8, swab nasofaríngeo | 9, Urina |88, Outro","Amostra biológica utilizada (por exemplo, esfregaço de lesão, sangue).",,0,0,0,0,,0
recém-nascido,TESTES DE LABORATÓRIO RECÉM-NASCIDOS,nborn_specimenother,Especificar,,,,0,0,0,,,
recém-nascido,TESTES DE LABORATÓRIO RECÉM-NASCIDOS,nborn_labmethod,Método laboratorial Mpox,"1, PCR | 2, Orto PCR | 3, Sorologia | 999, Outro","Técnica de diagnóstico utilizada (por exemplo, PCR).",,0,0,0,0,,0
recém-nascido,TESTES DE LABORATÓRIO RECÉM-NASCIDOS,nborn_pcrres,Resultado PCR,"1, Positivo | 0, Negativo",Resultado qualitativo da PCR (positivo/negativo).,,0,0,0,0,,0
recém-nascido,TESTES DE LABORATÓRIO RECÉM-NASCIDOS,nborn_pcrct,Limiar do Ciclo de PCR (CT),,Número de ciclos de amplificação necessários para detectar DNA viral; CT mais baixo indica carga viral mais alta.,,0,0,0,0,,
recém-nascido,DETALHES DO NEONATO,nborn_motherincl,A mãe está incluída no estudo?,"1, sim | 0, Não | 99, Desconhecido",Isso se refere à inclusão da mãe no mesmo estudo.,,0,0,0,0,,0
recém-nascido,DETALHES DO NEONATO,nborn_motherpin,especifique seu PIN,,Refere-se ao número de identificação do participante atribuído à mãe do recém-nascido do estudo.,,0,0,0,0,,
acompanhamento,AVALIAÇÃO DE ACOMPANHAMENTO,follow_date,Data do acompanhamento,,Refere-se à data do acompanhamento do paciente.,Escreva a data do acompanhamento. Use o formato DD/MM/AAAA.,0,0,0,0,0,
acompanhamento,AVALIAÇÃO DE ACOMPANHAMENTO,follow_outcome,Resultado do paciente,,Refere-se a uma avaliação do resultado do paciente no acompanhamento.,Selecione a opção mais adequada que representa o resultado do paciente.,0,0,0,0,0,
acompanhamento,AVALIAÇÃO DE ACOMPANHAMENTO,follow_outcome_date,Primeira/mais recente data em que o resultado selecionado se verificou,,Refere-se à primeira/mais antiga data em que o resultado selecionado foi verdadeiro.,Escreva a primeira ou a mais antiga data em que o resultado selecionado ocorreu. Use o formato DD/MM/AAAA.,0,0,0,0,0,
acompanhamento,AVALIAÇÃO DE ACOMPANHAMENTO,follow_outcome_reas,Motivo do resultado,,Refere-se à reinternação devido à infecção pelo patógeno de interesse.,Escreva a data da hospitalização. Use o formato DD/MM/AAAA.,0,0,0,0,0,
acompanhamento,AVALIAÇÃO DE ACOMPANHAMENTO,follow_skindamage,A pele do paciente está danificada após a resolução da doença aguda?,"1, Sim | 0, Não | 99, Desconhecido","Refere-se à presença de cicatrizes, pigmentação alterada, contraturas ou outras deformidades secundárias a lesões cutâneas resolvidas.",Indique “Sim” se o paciente tiver algum dano cutâneo relacionado à resolução de lesões cutâneas ativas.,0,0,0,0,0,0
acompanhamento,AVALIAÇÃO DE ACOMPANHAMENTO,follow_skindamage_type,Se sim: selecione tudo o que se aplica,"1, Cicatrizes atróficas | 2, Cicatrizes hipertróficas | 3, Deformidades | 4, Hipopigmentação | 5, Hiperpigmentação | 6, Contraturas | 88, Outros ","Isso se refere à presença de cicatrizes, pigmentação alterada, contraturas ou outras deformidades secundárias para lesões de pele resolvidas. As cicatrizes atróficas se referem a cicatrizes que formam uma depressão em comparação com o nível da pele circundante devido a danos ao colágeno, gordura ou outros tecidos abaixo da pele. A cicatriz hipertrófica refere -se a uma marca permanente na pele causada por depósitos de quantidades excessivas de colágeno durante a cicatrização de feridas. É elevado e não se estende além dos limites originais da ferida; A elevação pode estabilizar ou regredir espontaneamente.  Deformidades se referem a alterações ou desvios da forma ou tamanho normal que resultam em uma desfiguração para as estruturas corporais normais. A hipopigmentação refere -se ao clareamento anormal da pele devido à diminuição da produção ou deposição de melanina. A hiperpigmentação refere -se ao escurecimento da pele devido à deposição excessiva de melanina. Contratura refere -se a um encurtamento prolongado do músculo ou outro tecido mole ao redor de uma articulação, impedindo o movimento da articulação.",Selecione todos os tipos de danos na pele após a resolução da doença aguda.,0,0,0,0,0,0
acompanhamento,AVALIAÇÃO DE ACOMPANHAMENTO,follow_skindamage_type_oth,Especifique outro tipo de dano na pele,,Refere-se à presença de qualquer outro tipo de dano à pele que você considere secundário à infecção pelo patógeno de interesse e que seja pertinente incluir aqui.,Escreva os outros tipos de danos cutâneos após a resolução da doença aguda.,0,0,0,0,0,
acompanhamento,AVALIAÇÃO DE ACOMPANHAMENTO,follow_seque,O paciente tem alguma sequela?,"1, Sim | 0, Não | 99, Desconhecido","Isso se refere a qualquer outra complicação ou sequalae, não especificada acima.",Indique 'sim' se o paciente tiver outras complicações ou sequalas não especificadas acima.,0,0,0,0,0,0
acompanhamento,AVALIAÇÃO DE ACOMPANHAMENTO,follow_seque_type,Se sim: selecione tudo o que se aplica,,"Isso se refere a qualquer outra complicação ou sequalae, não especificada acima. A visão reduzida refere -se à visão considerada inferior à visão normal, representada pelos padrões aceitos de acuidade, campo de visão ou motilidade. A cegueira refere -se à incapacidade de ver ou à perda ou ausência de percepção de estímulos visuais. A estenose uretral refere -se ao estreitamento da uretra associada à inflamação ou ao tecido cicatricial. A estenose vaginal refere -se ao estreitamento da vagina devido à formação de cicatrizes. A restrição retal refere -se ao estreitamento do reto secundário à formação de cicatrizes. Dispareunia refere -se à dor genital recorrente que ocorre durante, antes ou após relações sexuais nos machos ou nas fêmeas. A depressão refere -se a um distúrbio afetivo manifestado por um humor disfórico ou perda de interesse ou prazer nas atividades usuais e a perturbação do humor é proeminente e relativamente persistente.","Selecione todas as outras complicações ou sequelas não especificadas acima. ",0,0,0,0,0,
acompanhamento,PONTUAÇÃO DO ÍNDICE DE BARTHEL,follow_barthel,O Índice de Barthel está sendo avaliado para este paciente para coletar dados sobre a capacidade de realizar atividades da vida diária?,"1, Sim | 0, Não | 99, Desconhecido",As seguintes perguntas são utilizadas para calcular a pontuação do Índice de Barthel: O Índice de Barthel para Atividades da Vida Diária é uma escala ordinal que mede a capacidade de uma pessoa realizar atividades da vida diária/,Indique “Sim” se esta pontuação estiver sendo avaliada na consulta de acompanhamento para capturar a qualidade de vida.,0,0,0,0,0,0
acompanhamento,PONTUAÇÃO DO ÍNDICE DE BARTHEL,follow_barthel_feeding,Você consegue se alimentar sozinho?,"1, Independente | 2, Precisa de alguma ajuda | 3, Precisa de ajuda extensiva | 4, Incapaz de se alimentar sozinho",Refere-se à capacidade do paciente de se alimentar sozinho.,"Selecione a opção mais adequada que mais se aproxima do nível atual de capacidade do paciente. Registre o funcionamento real, e não o potencial.",0,0,0,0,0,0
acompanhamento,PONTUAÇÃO DO ÍNDICE DE BARTHEL,follow_barthel_bathing,Você consegue tomar banho sozinho?,"1, Independente | 2, Precisa de alguma ajuda | 3, Precisa de ajuda extensiva | 4, Incapaz de tomar banho sozinho",Refere-se à capacidade do paciente de tomar banho sozinho.,"Selecione a opção mais adequada que mais se aproxima do nível atual de capacidade do paciente. Registre o funcionamento real, e não o potencial.",0,0,0,0,0,0
acompanhamento,PONTUAÇÃO DO ÍNDICE DE BARTHEL,follow_barthel_grooming,Você consegue se arrumar sozinho?,"1, Independente | 2, Precisa de alguma ajuda | 3, Precisa de ajuda extensiva | 4, Incapaz de cuidar da higiene pessoal",Refere-se à capacidade do paciente de cuidar da sua higiene pessoal.,"Selecione a opção mais adequada que mais se aproxima do nível atual de capacidade do paciente. Registre o funcionamento real, e não o potencial.",0,0,0,0,0,0
acompanhamento,PONTUAÇÃO DO ÍNDICE DE BARTHEL,follow_barthel_dressing,Você consegue se vestir sozinho?,"1, Independente | 2, Precisa de alguma ajuda | 3, Precisa de ajuda extensiva | 4, Incapaz de se vestir",Refere-se à capacidade do paciente de se vestir sozinho.,"Selecione a opção mais adequada que mais se aproxima do nível atual de capacidade do paciente. Registre o funcionamento real, e não o potencial.",0,0,0,0,0,0
acompanhamento,PONTUAÇÃO DO ÍNDICE DE BARTHEL,follow_barthel_bowel,Você tem controle sobre seus intestinos?,"1, Continente | 2, Incontinência ocasional | 3, Incontinência frequente | 4, Incontinente","Refere-se ao controle voluntário dos movimentos intestinais. Continência refere-se ao controle voluntário completo. Incontinência ocasional refere-se à perda do controle voluntário uma vez por semana. Incontinência frequente refere-se à perda do controle voluntário mais de uma vez por semana. Incontinência refere-se à completa falta de controle voluntário, incapacidade de controlar sozinho ou necessidade de uso de enemas para evacuar.","Selecione a opção mais adequada que mais se aproxima do nível atual de capacidade do paciente. Registre o funcionamento real, e não o potencial.",0,0,0,0,0,0
acompanhamento,PONTUAÇÃO DO ÍNDICE DE BARTHEL,follow_barthel_bladder,Você tem controle sobre sua bexiga?,"1, Continência | 2, Incontinência ocasional | 3, Incontinência frequente | 4, Incontinente","Refere-se ao controle voluntário dos movimentos intestinais. Continência refere-se ao controle voluntário completo. Incontinência ocasional refere-se à perda do controle voluntário uma vez por semana. Incontinência frequente refere-se à perda do controle voluntário mais de uma vez por semana. Incontinência refere-se à completa falta de controle voluntário, incapacidade de se controlar sozinho ou necessidade de cateterização.","Selecione a opção mais adequada que mais se aproxima do nível atual de capacidade do paciente. Registre o funcionamento real, e não o potencial.",0,0,0,0,0,0
acompanhamento,PONTUAÇÃO DO ÍNDICE DE BARTHEL,follow_barthel_toilet,Você consegue usar o banheiro sozinho?,"1, Independente | 2, Precisa de alguma ajuda | 3, Precisa de ajuda extensiva | 4, Incapaz de usar o banheiro",Refere-se à capacidade de usar o banheiro de forma independente.,"Selecione a opção mais adequada que mais se aproxima do nível atual de capacidade do paciente. Registre o funcionamento real, e não o potencial.",0,0,0,0,0,0
acompanhamento,PONTUAÇÃO DO ÍNDICE DE BARTHEL,follow_barthel_transfer,Você consegue se transferir da cama para a cadeira e vice-versa?,"1, Independente | 2, Precisa de alguma ajuda | 3, Precisa de ajuda extensiva | 4, Incapaz de se transferir",Refere-se à capacidade de transferir-se da cama para a cadeira e vice-versa.,"Selecione a opção mais adequada que mais se aproxima do nível atual de capacidade do paciente. Registre o funcionamento real, e não o potencial.",0,0,0,0,0,0
acompanhamento,PONTUAÇÃO DO ÍNDICE DE BARTHEL,follow_barthel_walking,Você consegue andar em uma superfície plana?,"1, Independente | 2, Precisa de alguma ajuda | 3, Usa cadeira de rodas de forma independente | 4, Incapaz de andar",Refere-se à capacidade de andar em superfícies planas.,"Selecione a opção mais adequada que mais se aproxima do nível atual de capacidade do paciente. Registre o funcionamento real, e não o potencial.",0,0,0,0,0,0
acompanhamento,PONTUAÇÃO DO ÍNDICE DE BARTHEL,follow_barthel_stairs,Você consegue subir e descer escadas?,"1, Independente | 2, Precisa de alguma ajuda | 3, Incapaz de usar escadas",Refere-se à capacidade de subir e descer um lance de escadas.,"Selecione a opção mais adequada que mais se aproxima do nível atual de capacidade do paciente. Registre o funcionamento real, e não o potencial.",0,0,0,0,0,0
retirada,RETIRADA,withd_date,Data de retirada,,Refere-se à retirada do consentimento do paciente.,Escreva a data de retirada do consentimento do paciente. Use formato dd/mm/yyyy.,0,0,0,0,0,
retirada,RETIRADA,withd_reas,Razão para retirada,,Refere-se à retirada do consentimento do paciente.,"Escreva o motivo da retirada do consentimento do paciente. ",0,0,0,0,0,
retirada,RETIRADA,withd_active,O participante se retirou da participação ativa no estudo?,"1, Sim | 0, Não | 99, Desconhecido",Refere-se à retirada do consentimento do paciente.,Indique 'sim' se o participante se retirou da participação ativa no estudo.,0,0,0,0,0,0
retirada,RETIRADA,withd_datacoll,O participante retirou o consentimento para usar os dados coletados até o ponto de retirada?,"1, Sim | 0, Não | 99, Desconhecido",Refere-se à retirada do consentimento do paciente.,Indique 'sim' se o participante retirou o consentimento para usar os dados coletados até o ponto de retirada.,0,0,0,0,0,0
retirada,RETIRADA,withd_datasample,O participante retirou o consentimento para usar amostras coletadas até o ponto de retirada?,"1, Sim | 0, Não | 99, Desconhecido","Refere-se à retirada do consentimento do paciente. ",Indique 'sim' se o participante retirou o consentimento para usar as amostras coletadas até o ponto de retirada.,0,0,0,0,0,0