Form,Section,Variable,Question,Answer Options,Definition,Completion Guideline,Form Translation Reviewers,Section Translation Reviewers,Question Translation Reviewers,Definition Translation Reviewers,Completion Guideline Translation Reviewers,Answer Options Translation Reviewers
presentación,,subjid,Número de identificación del participante (PIN),,El número de identificación o PIN del participante es un número único utilizado para identificar los datos del paciente (del participante).,Escriba el número de identificación del participante (PIN).,2,,0,0,0,
presentación,CRITERIOS DE INCLUSIÓN,inclu_disease,Infección sospechada o confirmada,,Esto se refiere a cualquier infección sospechada o confirmada.,"Si se sospecha más de una infección, seleccione lo más probable y complete la sección de pruebas de patógenos con confirmación de laboratorio.",2,1,0,0,0,
presentación,CRITERIOS DE INCLUSIÓN,inclu_reason,¿Es la infección sospecha o confirmada el motivo del ingreso hospitalario?,"1, Sí | 0, No | 99, Desconocido",Esto se refiere a si la infección sospechada o confirmada con el patógeno de interés si la razón (indicación) para el ingreso hospitalario.,Indique 'sí' si se sospecha o confirma la infección con el patógeno de interés si la razón (indicación) para el ingreso hospitalario. Indique 'no' si la infección sospechada o confirmada con el patógeno de interés no es la razón (indicación) para el ingreso hospitalario.,2,1,0,0,0,0
presentación,CRITERIOS DE INCLUSIÓN,inclu_case,Estado del caso,"1, Confirmado | 2, Probable | 3, Sospechoso | 4, Descartado | 5, Error",test,test,2,1,0,1,1,0
presentación,CRITERIOS DE INCLUSIÓN,inclu_testreason,Razón por qué el paciente fue probado,"1, Sintomático | 2, Asintomático, rastreado | 3, Asintomático, campaña de pruebas masivas | 4, No se ha realizado la prueba",Esto se refiere a la razón por la cual el paciente fue probado para el patógeno de interés.,Seleccione la opción más apropiada que corresponde a la razón por la cual el paciente fue probado para el patógeno de interés.,2,1,0,0,0,0
presentación,CRITERIOS DE INCLUSIÓN,inclu_testreason_otth,Especifique otro motivo.,,Se refiere al motivo por el que se realizó la prueba del patógeno de interés al paciente.,Seleccione la opción más adecuada que corresponda al motivo por el que se realizó la prueba del patógeno de interés al paciente.,2,1,0,0,0,
presentación,CRITERIOS DE INCLUSIÓN,inclu_consentdes,Consentimiento:,,,,2,1,0,,,
presentación,CRITERIOS DE INCLUSIÓN,inclu_consent,El participante (o su representante) ha dado su consentimiento para participar en este estudio.,"1, Sí | 0, No, el participante no aceptó participar en el estudio | 2, No, el comité de ética aprobó una exención del consentimiento | 99, Desconocido",Esto se refiere a la provisión de consentimiento informado por parte del paciente o su representante para la participación en este estudio.,Indique 'sí' si el paciente o su representante han proporcionado su consentimiento informado para participar en este estudio.,2,1,0,0,0,0
presentación,CRITERIOS DE INCLUSIÓN,inclu_consent_date,Fecha de consentimiento,,Esto se refiere a la fecha en que se dio el consentimiento informado para la inclusión de los participantes en este estudio.,Escriba la fecha en que se dio el consentimiento informado para la inclusión de los participantes en este estudio. Use el formato DD/MM/A yyyy.,2,1,0,0,0,
presentación,CRITERIOS DE INCLUSIÓN,inclu_consent_who,Consentimiento proporcionado por,"1, Participante | 2, Padre/madre/tutor | 3, Persona consultada | 4, Médico independiente",Esto se refiere a quién proporcionó el consentimiento para participar en este estudio.,Seleccione la opción más apropiada que represente quién proporcionó el consentimiento para participar en este estudio.,2,1,0,0,0,0
presentación,CRITERIOS DE INCLUSIÓN,inclu_consent_whopg,Si el padre/tutor brinda su consentimiento: ¿el niño o el joven dan su consentimiento?,"1, Sí | 0, No | 2, No competente","Esto se refiere al asentimiento dado por un menor o adulto que no puede dar su consentimiento en su propio nombre, para participar en un estudio. El asentimiento debe estar acompañado por el consentimiento de un padre o tutor legal para su plena participación en el estudio.",Seleccione la opción más apropiada que represente si se proporcionó el asentimiento para la participación en este estudio.,2,1,0,0,0,0
presentación,CRITERIOS DE INCLUSIÓN,inclu_consent2des,"Uso secundario de los datos recopilados, el participante está de acuerdo con las siguientes declaraciones:",,,,2,1,0,,,
presentación,CRITERIOS DE INCLUSIÓN,inclu_consent_secrsch,"Uso futuro de datos seudonimizados en investigaciones aprobadas éticamente, incluidas investigaciones en otros países","1, Sí | 0, No",Se refiere al consentimiento para el uso secundario futuro de datos seudonimizados en investigaciones aprobadas éticamente.,Esta es una pregunta de consentimiento opcional y no es necesaria para completar el resto del CRF.,2,1,0,0,0,0
presentación,CRITERIOS DE INCLUSIÓN,inclu_consent_secprod,"Uso futuro de datos seudonimizados para fabricar pruebas, tratamientos u otros productos, incluidos productos comerciales","1, Sí | 0, No","Se refiere al consentimiento para el uso secundario futuro de datos seudonimizados para fabricar pruebas, tratamientos u otros productos, incluidos productos comerciales.",Esta es una pregunta de consentimiento opcional y no es necesaria para completar el resto del CRF.,2,1,0,0,0,0
presentación,CRITERIOS DE INCLUSIÓN,inclu_consent_secgen,"Uso futuro de datos genéticos seudonimizados en investigaciones aprobadas éticamente, incluidas investigaciones en otros países","1, Sí | 0, No",Se refiere al consentimiento para el uso secundario futuro de datos genéticos seudonimizados en investigaciones aprobadas éticamente.,Esta es una pregunta de consentimiento opcional y no es necesaria para completar el resto del CRF.,2,1,0,0,0,0
presentación,CRITERIOS DE INCLUSIÓN,inclu_consentsecsamp,"Uso secundario de muestras recolectadas, el participante estuvo de acuerdo con las siguientes afirmaciones:",,,,2,1,0,,,
presentación,CRITERIOS DE INCLUSIÓN,inclu_consent_secsamprsch,"Uso futuro de muestras seudonimizadas en investigaciones aprobadas éticamente, incluidas investigaciones en otros países","1, Sí | 0, No","Se refiere al consentimiento para el uso secundario futuro de muestras seudonimizadas en investigaciones aprobadas éticamente, incluidas investigaciones en otros países.",Esta es una pregunta de consentimiento opcional y no es necesaria para completar el resto del CRF.,2,1,0,0,0,0
presentación,CRITERIOS DE INCLUSIÓN,inclu_consent_secsampprod,"Uso futuro de muestras o materiales seudonimizados o de datos derivados de dichas muestras para fabricar pruebas, tratamientos u otros productos, incluidos productos comerciales.","1, Sí | 0, No","Se refiere al consentimiento para el uso secundario futuro de muestras o materiales seudonimizados o datos derivados de dichas muestras para fabricar pruebas, tratamientos u otros productos, incluidos productos comerciales.",Esta es una pregunta de consentimiento opcional y no es necesaria para completar el resto del CRF.,2,1,0,0,0,0
presentación,CRITERIOS DE INCLUSIÓN,inclu_consent_secsampgen,"Uso futuro de muestras genéticas seudonimizadas en investigaciones aprobadas éticamente, incluidas investigaciones en otros países.","1, Sí | 0, No","Se refiere al consentimiento para el uso secundario futuro de muestras genéticas seudonimizadas en investigaciones aprobadas éticamente, incluidas investigaciones en otros países.",Esta es una pregunta de consentimiento opcional y no es necesaria para completar el resto del CRF.,2,1,0,0,0,0
presentación,CRITERIOS DE INCLUSIÓN,inclu_consentcont,Contacto,,,,2,1,0,,,
presentación,CRITERIOS DE INCLUSIÓN,inclu_consent_contnstudy,"Ser contactado para participar en futuros trabajos, incluidos estudios de investigación.","1, Sí | 0, No","Se refiere al contacto que se utilizará para participar en trabajos futuros, incluida la investigación.",Esta es una pregunta de consentimiento opcional y no es necesaria para completar el resto del CRF.,2,1,0,0,0,0
presentación,INICIO Y PRESENTACIÓN,pres_onsetdate,Fecha de aparición del primer síntoma o del síntoma más temprano.,,Se refiere a la fecha de aparición del primer síntoma o del síntoma más temprano que está clínicamente relacionado con el episodio actual de la enfermedad.,"Indique la fecha del primer síntoma que, según su criterio clínico, esté relacionado con este episodio de enfermedad en formato DD/MM/AAAA.",2,0,0,0,0,
presentación,INICIO Y PRESENTACIÓN,pres_symptpres,¿Presentaba síntomas en la consulta inicial?,"1, Sí | 0, No | 99, Desconocido",Se refiere a si el paciente presentaba síntomas en la consulta inicial.,Indique «Sí» si el paciente presentaba síntomas en la consulta inicial.,2,0,0,0,0,0
presentación,INICIO Y PRESENTACIÓN,pres_firstsym,Síntomas durante las primeras 24 horas de la enfermedad (seleccione todos los que correspondan).,,"Se refiere al primer síntoma, o síntomas (si se produjeron varios al mismo tiempo), que usted cree clínicamente que estaban relacionados con este episodio de la enfermedad.",Seleccione todos los síntomas que experimentó el paciente durante las primeras 24 horas de la enfermedad (seleccione todos los que correspondan).,2,0,0,0,0,
presentación,INICIO Y PRESENTACIÓN,pres_consultdate,Fecha de la primera consulta clínica.,,Se refiere a la fecha de la primera consulta clínica relacionada con el episodio actual de la enfermedad.,Indique la fecha de la primera consulta clínica relacionada con el episodio actual de la enfermedad en formato DD/MM/AAAA.,2,0,0,0,0,
presentación,INICIO Y PRESENTACIÓN,pres_date,Fecha más reciente de presentación/ingreso en este centro.,,Se refiere a la fecha de hospitalización o ingreso del paciente en su centro por la enfermedad actual.,Introduzca la fecha de hospitalización/ingreso en su centro (en formato DD/MM/AAAA).,2,0,0,0,0,
presentación,INICIO Y PRESENTACIÓN,pres_adm,Ingresado en el hospital.,"1, Sí | 0, No | 99, Desconocido",Se refiere al ingreso del paciente en su centro por la enfermedad actual.,Indique «Sí» si el paciente fue ingresado en su centro.,2,0,0,0,0,0
presentación,INICIO Y PRESENTACIÓN,pres_adm_reas,Motivo de la hospitalización.,,Se refiere al motivo (indicación) de la hospitalización.,"Si la respuesta es «Sí», especifique el motivo (indicación) de la hospitalización.",2,0,0,0,0,1
presentación,INICIO Y PRESENTACIÓN,pres_adm_reasoth,Especifique otro motivo,,,,2,0,0,,,
presentación,INICIO Y PRESENTACIÓN,pres_adm_time,Hora del ingreso hospitalario.,,Se refiere al ingreso del paciente en su centro por la enfermedad actual.,Introduzca la hora de ingreso en su centro en formato de 24 horas (00:00 - 24:00 horas).,2,0,0,0,0,
presentación,INICIO Y PRESENTACIÓN,pres_enrolmentdate,Fecha de inscripción/inicio de la recopilación de datos.,,Se refiere a la fecha de inscripción/inicio de la recopilación de datos.,Introduzca la fecha de inscripción del paciente en el estudio en formato día/mes/año (DD/MM/AAAA).,2,0,0,0,0,
presentación,REINGRESO Y PIN ANTERIOR,readm_prev,¿El paciente fue ingresado anteriormente o trasladado desde otro centro durante este episodio de la enfermedad?,"1, SÍ: ingresado anteriormente en este centro y dado de alta | 2, SÍ: ingresado en otro centro y dado de alta | 3, SÍ: ingresado en otro centro y trasladado a este centro | 0, No | 99, Desconocido",Se refiere a la admisión previa en un centro de salud o al traslado desde otro centro de salud durante el episodio actual de la enfermedad.,Seleccione la opción más adecuada que indique si el paciente ha sido ingresado anteriormente o trasladado desde otro centro durante este episodio de la enfermedad.,2,0,0,0,0,0
presentación,REINGRESO Y PIN ANTERIOR,readm_prev_site,Nombre del centro de traslado,,Se refiere al nombre del centro desde el que se admitió o trasladó previamente al paciente.,Introduzca el nombre del centro desde el que fue ingresado o trasladado el paciente.,2,0,0,0,0,
presentación,REINGRESO Y PIN ANTERIOR,readm_prev_date,Fecha de presentación en el centro anterior,,Se refiere a la fecha de presentación en el centro en el que se admitió o trasladó previamente al paciente.,Introduzca la fecha de presentación en el centro en el que fue ingresado o trasladado el paciente.,2,0,0,0,0,
presentación,REINGRESO Y PIN ANTERIOR,readm_prev_num,Número total de ingresos anteriores por esta infección,,Se refiere al número de veces (para esta infección) que el paciente ha sido admitido en un centro de salud.,Indique el número de veces (para esta infección) que el paciente ha sido ingresado en un centro sanitario.,2,0,0,0,0,
presentación,REINGRESO Y PIN ANTERIOR,readm_firstadmdate,Fecha de la primera admisión por esta infección,,"Se refiere a la fecha de la primera admisión por esta enfermedad. Si el paciente fue «admitido primero en otro centro y luego trasladado a este centro», registre la fecha en que el paciente fue admitido en el otro centro de salud.",Escriba la fecha en formato DD/MM/AAAA.,2,0,0,0,0,
presentación,REINGRESO Y PIN ANTERIOR,readm_difpin,¿Se han recopilado previamente los datos del paciente bajo un número de identificación de participante (PIN) diferente?,"1, Sí | 0, No | 99, Desconocido",Se refiere a la recopilación previa de los datos del paciente con un número de identificación de participante (PIN) diferente.,Indique 'Sí' si los datos del paciente se han recopilado previamente en un número de identificación de participante diferente (PIN),2,0,0,0,0,0
presentación,REINGRESO Y PIN ANTERIOR,readm_prevpin,Número de identificación del participante anterior (PIN),,El número de identificación o PIN del participante es un número único utilizado para identificar los datos del paciente (del participante).,Escriba el número de identificación del participante (PIN).,2,0,0,0,0,
presentación,REINGRESO Y PIN ANTERIOR,readm_reas,¿El paciente está siendo readmitido o debido a la infección con patógeno de interés?,"1, Sí | 0, No | 99, Desconocido",Esto se refiere a la readmisión del paciente con o debido a la infección con patógeno de interés.,Indique 'sí' si el paciente está siendo readmitido o debido a la infección con patógeno de interés.,2,0,0,0,0,0
presentación,DATOS DEMOGRÁFICOS,demog_birthknow,¿Se conoce la fecha de nacimiento?,"1, Sí | 0, No",Se refiere a la fecha del calendario en la que nació el paciente.,Anote la fecha de nacimiento del participante en formato DD/MM/AAAA.,2,0,0,0,0,0
presentación,DATOS DEMOGRÁFICOS,demog_birthdate,Fecha de nacimiento,,Esto se refiere a la fecha del calendario en la que nació el paciente.,Registre la fecha de nacimiento de los participantes en formato DD/mm/aaa yyyy.,2,0,0,0,0,
presentación,DATOS DEMOGRÁFICOS,demog_age,Edad,,Esto se refiere a la edad del paciente.,"Para los participantes mayores de dos años, informe la edad en años. Para los niños menores de un año, informe en meses. Para neonatos menores de una edad de un mes, informe en días.",2,0,0,0,0,
presentación,DATOS DEMOGRÁFICOS,demog_age_units,Unidades de edad,"1, Años | 2, Meses | 3, Días",Esto se refiere a la edad del paciente en la presentación del centro de salud.,Seleccione las unidades más apropiadas para la edad.,2,0,0,0,0,0
presentación,DATOS DEMOGRÁFICOS,demog_calcage_days,Edad calculada (días),"if([demog_birthknow]='1',datediff([demog_birthdate],[pres_date],""d""),if([demog_age_units]='1',[demog_ag e]*365,if([demog_age_units]='2',round([demog_age]*365/12,0),if([demog_age_units]='3',[demog_age],''))))",Se refiere a la edad del paciente en días.,"La edad se calcula, si se conoce la fecha de nacimiento, como la diferencia entre la fecha de nacimiento y la fecha más reciente de presentación o ingreso al establecimiento.",2,0,0,0,0,0
presentación,DATOS DEMOGRÁFICOS,demog_sex,Sexo al nacer,"1, Hombre | 2, Mujer | 99, No especificado/Desconocido | 88, Otro",Esto se refiere a las características sexuales físicas al nacer.,Seleccione la opción más apropiada que represente las características sexuales físicas al nacer.,2,0,0,0,0,0
presentación,DATOS DEMOGRÁFICOS,demog_sex_oth,Si otro: especifique el sexo al nacer,,Esto se refiere a las características sexuales físicas al nacer.,"Si 'otro', especifique las características sexuales físicas al nacer.",2,0,0,0,0,
presentación,DATOS DEMOGRÁFICOS,demog_gender,Género,"1, Hombre | 2, Mujer | 3, No binario | 99, Desconocido | 88, Otro","Se refiere al sentido interno que tiene una persona de su género, que puede corresponder o no al sexo genotípico o fenotípico del individuo. ",Seleccione la opción más apropiada que represente la identidad de género del paciente.,2,0,0,0,0,0
presentación,DATOS DEMOGRÁFICOS,demog_gender_oth,Si otro: especificar género,,"Se refiere a la percepción interna que tiene una persona de su género, que puede corresponder o no al sexo genotípico o fenotípico del individuo.",Si 'otro' especifica la identidad de género del paciente.,2,0,0,0,0,
presentación,DATOS DEMOGRÁFICOS,demog_country,País,,Se refiere al país de inscripción.,Indicar el país de inscripción,2,0,0,0,0,
presentación,DATOS DEMOGRÁFICOS,demog_outcountry,¿El paciente nació fuera del país que presenta el informe?,"1, Sí | 0, No | 99, Desconocido",Se refiere al nacimiento del participante fuera del país que presenta el informe.,Indique si el participante nació fuera del país que presenta el informe.,2,0,0,0,0,0
presentación,DATOS DEMOGRÁFICOS,demog_height,Estatura,,Estimación real o más cercana a la altura al momento de la admisión.,"Se refiere a la distancia desde la planta del pie hasta la coronilla, con el cuerpo en posición de pie sobre una superficie plana y completamente extendido. Para niños menores de 2 años, utilice la longitud corporal (medida en decúbito supino).",2,0,1,0,1,
presentación,DATOS DEMOGRÁFICOS,demog_height_units,Altura (apartamentos seleccionados),"1 cm | 2, en",,,2,0,0,,,0
presentación,DATOS DEMOGRÁFICOS,demog_height_cm,Altura (cm),,"Esto se refiere a la distancia desde la suela hasta la corona de la cabeza con el cuerpo de pie sobre una superficie plana y completamente extendido, medido en centímetros. Para niños menores de 2 años, use la longitud del cuerpo (medido mientras está en cuenta).","Indique la altura del paciente en centímetros (cm). Para niños menores de 2 años, use la longitud.",2,0,0,0,0,
presentación,DATOS DEMOGRÁFICOS,demog_height_in,Altura (in),,"Esto se refiere a la distancia desde la suela hasta la corona de la cabeza con el cuerpo de pie sobre una superficie plana y completamente extendido, medido en pulgadas. Para niños menores de 2 años, use la longitud del cuerpo (medido mientras está en cuenta).","Indique la altura del paciente en pulgadas (in). Para niños menores de 2 años, use la longitud.",2,0,0,0,0,
presentación,DATOS DEMOGRÁFICOS,demog_weight,Peso (unidades seleccionadas),,Estimación real o más cercana al peso al momento de la admisión.,,2,0,0,0,,
presentación,DATOS DEMOGRÁFICOS,demog_weight_units,Peso (unidades seleccionadas),1kg | 2 libras,,,2,0,0,,,0
presentación,DATOS DEMOGRÁFICOS,demog_weight_kg,Peso (kg),,"Esto se refiere al peso de un sujeto, expresado en kilogramos (kg).",Indique el peso del paciente en kilogramos (kg).,2,0,0,0,0,
presentación,DATOS DEMOGRÁFICOS,demog_weight_lb,Peso (lb),,"Esto se refiere al peso de un sujeto, expresado en libras (lb).",Indique el peso del paciente en libras (LB).,2,0,0,0,0,
presentación,DATOS DEMOGRÁFICOS,demog_race,Raza (seleccione todo lo que se aplique),,Esto se refiere a una categoría de origen ancestral geográfica que se asigna a un grupo de población basado principalmente en características físicas que se cree que son distintas e inherentes.,Seleccione todo lo que se aplique.,2,0,0,0,0,
presentación,DATOS DEMOGRÁFICOS,demog_healthcare,Empleado como trabajador de la salud,"1, Sí | 0, No | 99, Desconocido",Se refiere a un paciente que trabaja en el sector sanitario.,Seleccione la opción más apropiada.,2,0,0,0,0,0
presentación,DATOS DEMOGRÁFICOS,demog_healthcare_ptfacing,Paciente que enfrenta,"1, Sí | 0, No | 99, Desconocido","Se refiere a un paciente que trabaja en el sector sanitario prestando asistencia en entornos de atención al paciente (es decir, funciones que implican la interacción directa con los pacientes). ",Seleccione la opción más apropiada.,2,0,0,0,0,0
presentación,DATOS DEMOGRÁFICOS,demog_healthcare_expbiosample,Expuesto a muestras biológicas,"1, Sí | 0, No | 99, Desconocido","Se refiere a un paciente que trabaja en el sector sanitario prestando asistencia en entornos que no están en contacto con pacientes, pero que está expuesto a muestras biológicas (por ejemplo, personal de laboratorio, manipuladores de residuos médicos).",Seleccione la opción más apropiada.,2,0,0,0,0,0
presentación,DATOS DEMOGRÁFICOS,demog_riskoccupa,Ocupación del paciente,,Esto se refiere a la actividad principal que una persona hace para ganarse la vida.,Seleccione todo lo que se aplique.,2,0,0,0,0,
presentación,DATOS DEMOGRÁFICOS,demog_occupation,Ubicación principal de la ocupación,"1, Trabajo desde casa o desempleado | 2, Interior: oficina/salud/educación/hostelería/negocios/hogares | 3, Interior: fábrica | 8, Exterior: contacto con animales (veterinario, ganadero, trabajador de matadero) | 4, Al aire libre: agricultura/silvicultura/pesca | 5, Al aire libre: construcción/industria/minería | 6, Fuerzas armadas | 7, Estudiante | 99, Desconocido | 88, Otro","Se refiere al lugar en el que el paciente realiza la mayor parte del trabajo relacionado con su ocupación actual. ",Seleccione la opción más apropiada que represente la ubicación principal de la ocupación.,2,0,0,0,0,0
presentación,DATOS DEMOGRÁFICOS,demog_occupation_oth,Si otro: especifique la ubicación principal de la ocupación,,Se refiere al lugar en el que el paciente realiza la mayor parte del trabajo relacionado con su ocupación actual.,"Si 'otro', especifique la ubicación principal de la ocupación.",2,0,0,0,0,
presentación,DATOS DEMOGRÁFICOS,demog_residence,Ciudad de residencia del paciente,"1, Igual que el centro sanitario | 2, Diferente del centro sanitario | 99, Desconocido",Se refiere a la ciudad en la que una persona reside de forma más que temporal o vive de forma permanente.,"Si la ciudad de residencia del paciente es diferente a la ciudad en la que se encuentra este centro de salud, especifique la región de residencia del paciente a continuación.",2,0,0,0,0,0
presentación,DATOS DEMOGRÁFICOS,demog_residence_oth,"Si es diferente de la instalación de casos de salud, especifique la región de residencia del paciente.",,Se refiere a la ciudad en la que una persona reside de forma más que temporal o vive de forma permanente.,"Si es ""diferente de la instalación de casos de salud"", especifique la región de residencia del paciente.",2,0,0,0,0,
presentación,HISTORIA DE EXPOSICIÓN EN LOS ÚLTIMOS 14 DÍAS,expo14_travel,¿Ha viajado el paciente fuera de su región de residencia en los últimos 14 días?,"1, Sí | 0, No | 99, Desconocido","Se refiere a los viajes a otra ciudad o región, a otra parte del país o al extranjero, a otro país, en los 14 días anteriores al inicio de los síntomas relacionados con la enfermedad actual.","Indique «Sí» si el paciente ha viajado a otra ciudad o región, a otra parte del país o al extranjero a otro país en los 14 días anteriores al inicio de los síntomas relacionados con la enfermedad actual.",2,0,0,0,0,0
presentación,HISTORIA DE EXPOSICIÓN EN LOS ÚLTIMOS 14 DÍAS,expo14_travel_loc,Especifique todas las ciudades o pueblos y regiones de viaje,,Se refiere a todas las ciudades o pueblos y regiones a los que ha viajado el paciente en los 14 días anteriores al inicio de los síntomas relacionados con la enfermedad actual.,"Si el paciente ha viajado fuera de su lugar de residencia habitual en los 14 días anteriores al inicio de los síntomas, introduzca los lugares que ha visitado.",2,0,0,0,0,
presentación,HISTORIA DE EXPOSICIÓN EN LOS ÚLTIMOS 14 DÍAS,expo14_yn,¿Historia de contacto con un caso humano sospechoso o confirmado del mismo patógeno?,"1, Sí | 0, No | 99, Desconocido","Esto se refiere al paciente que tiene antecedentes de contacto con cualquier persona que se presente con síntomas similares o con un caso confirmado conocido, o con material contaminado de un caso sospechado o confirmado (por ejemplo, fluidos corporales, objetos, ropa de cama, etc.).","Indique 'sí', si el paciente tiene antecedentes de contacto con cualquier persona que se presente con síntomas similares o con un caso confirmado conocido, o con material contaminado de un caso sospechado o confirmado (por ejemplo, fluidos corporales, objetos, ropa de cama, etc.).",2,0,0,0,0,0
presentación,HISTORIA DE EXPOSICIÓN EN LOS ÚLTIMOS 14 DÍAS,expo14_typecomm,Contacto comunitario,"1, Sí | 0, No | 99, Desconocido",Se refiere al modo de exposición a un caso sospechoso o confirmado. El contacto comunitario se refiere a la exposición fuera del ámbito sanitario.,Indique 'sí' si el paciente experimentó este modo de exposición a un caso humano sospechado o confirmado.,2,0,0,0,0,0
presentación,HISTORIA DE EXPOSICIÓN EN LOS ÚLTIMOS 14 DÍAS,expo14_typevert,Transmisión vertical,"1, Sí | 0, No | 99, Desconocido",Se refiere al modo de exposición a un caso sospechoso o confirmado. La transmisión vertical se refiere a la transmisión de madre a hijo.,Indique 'sí' si el paciente experimentó este modo de exposición a un caso humano sospechado o confirmado.,2,0,0,0,0,0
presentación,HISTORIA DE EXPOSICIÓN EN LOS ÚLTIMOS 14 DÍAS,expo14_typehcw,Exposición a los trabajadores de la salud,"1, Sí | 0, No | 99, Desconocido",Esto se refiere al modo de exposición a un caso sospechado o confirmado. La exposición a los trabajadores de la salud se refiere a un evento de exposición en un entorno de atención médica.,Indique 'sí' si el paciente experimentó este modo de exposición a un caso humano sospechado o confirmado.,2,0,0,0,0,0
presentación,HISTORIA DE EXPOSICIÓN EN LOS ÚLTIMOS 14 DÍAS,expo14_typesext,Transmisión sexual,"1, Sí | 0, No | 99, Desconocido",Esto se refiere al modo de exposición a un caso sospechado o confirmado. La transmisión sexual se refiere a la infección propagada por contacto sexual.,Indique 'sí' si el paciente experimentó este modo de exposición a un caso humano sospechado o confirmado.,2,0,0,0,0,0
presentación,HISTORIA DE EXPOSICIÓN EN LOS ÚLTIMOS 14 DÍAS,expo14_typefaml,Contactos familiares / familiares,"1, Sí | 0, No | 99, Desconocido","Esto se refiere al modo de exposición a un caso sospechado o confirmado. El contacto familiar / doméstico se refiere a la transmisión de infecciones de personas que esperan compartir alojamiento de vida la mayoría de los días (y por lo tanto, para quién es inevitable el contacto cercano continuo)",Indique 'sí' si el paciente experimentó este modo de exposición a un caso humano sospechado o confirmado.,2,0,0,0,0,0
presentación,HISTORIA DE EXPOSICIÓN EN LOS ÚLTIMOS 14 DÍAS,expo14_typeschool,Entornos de cuidado infantil/exposición en la escuela,"1, Sí | 0, No | 99, Desconocido",Se refiere al modo de exposición a un caso sospechoso o confirmado que se produce en entornos de cuidado infantil o en exposiciones relacionadas con la escuela.,Indique «Sí» si el paciente ha estado expuesto a un caso humano sospechoso o confirmado.,2,0,0,0,0,0
presentación,HISTORIA DE EXPOSICIÓN EN LOS ÚLTIMOS 14 DÍAS,expo14_typeoth,Otro tipo de exposición humana,"1, Sí | 0, No | 99, Desconocido",Esto se refiere a otros modos (s) de exposición a un caso sospechado o confirmado no especificado anteriormente.,Indique 'sí' si el paciente experimentó este modo de exposición a un caso humano sospechado o confirmado.,2,0,0,0,0,0
presentación,HISTORIA DE EXPOSICIÓN EN LOS ÚLTIMOS 14 DÍAS,expo14_typeoth_spec,Especifique otro tipo de exposición humana,,Se refiere a otros modos de exposición a un caso sospechoso o confirmado no especificados anteriormente.,"Si «Otro», especifique el modo de exposición a un caso sospechoso o confirmado.",2,0,0,0,0,
presentación,HISTORIA DE EXPOSICIÓN EN LOS ÚLTIMOS 14 DÍAS,expo14_date,Fecha de contacto con caso sospechoso o confirmado,,"Esto se refiere a la fecha de contacto con cualquier persona que presente síntomas similares o con un caso confirmado conocido, o con material contaminado de un caso sospechado o confirmado (por ejemplo, fluidos corporales, objetos, ropa de cama, etc.).",Escriba la fecha de contacto con el caso humano sospechado o confirmado en formato DD/mm/aaa yyyy.,2,0,0,0,0,
presentación,HISTORIA DE EXPOSICIÓN EN LOS ÚLTIMOS 14 DÍAS,expo14_setting,Configuración de contacto,"1, Hogar | 2, Laboral | 4, Centro sanitario | 99, Desconocido | 88, Otros",Esto se refiere al entorno dentro del cual la persona puede haber entrado en contacto con un caso sospechoso o confirmado.,Seleccione la opción más apropiada que represente la configuración de contacto con un caso humano confirmado o sospechado.,2,0,0,0,0,0
presentación,HISTORIA DE EXPOSICIÓN EN LOS ÚLTIMOS 14 DÍAS,expo14_setting_oth,Si otro: especificar la configuración de contacto,,Esto se refiere al entorno dentro del cual la persona puede haber entrado en contacto con un caso sospechoso o confirmado.,"Si 'otro', especifique la configuración de contacto con un caso confirmado o sospechado.",2,0,0,0,0,
presentación,HISTORIA DE EXPOSICIÓN EN LOS ÚLTIMOS 14 DÍAS,expo14_ancon,"Contacto con animales, hogares de animales, carne u otros productos animales en los últimos 14 días","1, Sí | 0, No | 99, Desconocido","Se refiere al contacto con animales, hogares de animales, carnes u otros productos animales que haya tenido lugar en los últimos 14 días.","Indique «Sí» si el paciente ha estado en contacto con animales, hogares de animales, carne u otros productos animales en los últimos 14 días.",2,0,0,0,0,0
presentación,HISTORIA DE EXPOSICIÓN EN LOS ÚLTIMOS 14 DÍAS,expo14_ancon_date,Fecha de contacto con la fuente animal sospechosa o confirmada,,"Se refiere a la fecha de contacto con animales, hogares de animales, carnes u otros productos animales que haya tenido lugar en los últimos 14 días.","Escriba la fecha del contacto con animales, hogares de animales, carne u otros productos animales en los últimos 14 días, en formato DD/MM/AAAA.",2,0,0,0,0,
presentación,HISTORIA DE EXPOSICIÓN EN LOS ÚLTIMOS 14 DÍAS,expo14_ancon_lstock,Contacto con animales de producción,"1, Sí | 0, No | 99, Desconocido","Se refiere al contacto con aves vivas (por ejemplo, pollos, pavos, patos) que haya tenido lugar en los últimos 14 días.",Indique «Sí» si el paciente ha experimentado esto en los últimos 14 días.,2,0,0,0,0,0
presentación,HISTORIA DE EXPOSICIÓN EN LOS ÚLTIMOS 14 DÍAS,expo14_ancon_lstock_type,Tipo de ganado,"1, Aves de corral/aves | 2, Vacas lecheras/equipos | 3, Otros bovinos | 4, cerdos","Se refiere al contacto con aves vivas (por ejemplo, pollos, pavos, patos) que se produjo en los últimos 14 días.",Indique 'Sí' si el paciente experimentó esto en los últimos 14 días.,2,0,0,0,0,0
presentación,HISTORIA DE EXPOSICIÓN EN LOS ÚLTIMOS 14 DÍAS,expo14_ancon_lstock_cttype,Especifique el tipo de contacto,"1, Caza | 2, Preparación | 3, Manipulación | 4, Consumo (sin procesar / poco cocinado / crudo) | 5, Comercio | 6, Heces o nidos de animales | 7, Animal enfermo o muerto | 99, Desconocido | 88, Otros","Se refiere al tipo o tipos de contacto con animales en los últimos 14 días. La caza incluye el hallazgo o la muerte de animales con fines alimentarios o deportivos. La preparación incluye el desollado, el despiece o el sacrificio de animales para el consumo. La manipulación incluye tocar, acariciar o compartir el espacio vital con animales. El consumo incluye la ingestión de partes de animales sin procesar, poco cocinadas o crudas. El comercio incluye el contacto con animales por la venta, compra o intercambio de animales. Las heces o nidos de animales incluyen el contacto con heces, nidos o hogares de animales. Los animales enfermos o muertos se refieren al contacto con un animal enfermo o muerto, pero no a la participación en cirugía o necropsia de animales (pregunta aparte). ",Seleccione todos los tipos de contacto con animales que se hayan producido en los últimos 14 días.,2,0,0,0,0,0
presentación,HISTORIA DE EXPOSICIÓN EN LOS ÚLTIMOS 14 DÍAS,expo14_ancon_nhprim,Contacto con primates no humanos,"1, Sí | 0, No | 99, Desconocido","Se refiere al contacto con primates no humanos (un grupo de mamíferos compuesto por simios  monos y simios  y prosimios, como los lémures) que se ha producido en los últimos 14 días.",Indique «Sí» si el paciente ha experimentado esto en los últimos 14 días.,2,0,0,0,0,0
presentación,HISTORIA DE EXPOSICIÓN EN LOS ÚLTIMOS 14 DÍAS,expo14_ancon_nhprim_type,Tipo de primates no humanos,"1, monos | 2, simios",Se refiere al contacto con monos ocurrido en los últimos 14 días.,Indique 'Sí' si el paciente experimentó esto en los últimos 14 días.,2,0,0,0,0,0
presentación,HISTORIA DE EXPOSICIÓN EN LOS ÚLTIMOS 14 DÍAS,expo14_ancon_nhprim_cttype,Especifique el tipo de contacto,"1, Caza | 2, Preparación | 3, Manipulación | 4, Consumo (sin procesar / poco cocinado / crudo) | 5, Comercio | 6, Heces o nidos de animales | 7, Animal enfermo o muerto | 99, Desconocido | 88, Otros","Se refiere al tipo o tipos de contacto con animales que haya tenido lugar en los últimos 14 días. La caza incluye el hallazgo o la muerte de animales con fines alimenticios o deportivos. La preparación incluye el desollado, el despiece o el sacrificio de animales para su consumo. La manipulación incluye tocar, acariciar o compartir el espacio vital con animales. El consumo incluye la ingestión de partes de animales sin procesar, poco cocinadas o crudas. El comercio incluye el contacto con animales por la venta, compra o intercambio de animales. Las heces o nidos de animales incluyen el contacto con heces, nidos o hogares de animales. Los animales enfermos o muertos se refieren al contacto con un animal enfermo o muerto, pero no a la participación en cirugía o necropsia de animales (pregunta separada). ",Seleccione todos los tipos de contacto con animales que se hayan producido en los últimos 14 días.,2,0,0,0,0,0
presentación,HISTORIA DE EXPOSICIÓN EN LOS ÚLTIMOS 14 DÍAS,expo14_ancon_rodent,Contacto con roedores,"1, Sí | 0, No | 99, Desconocido","Se refiere al contacto con roedores (por ejemplo, ratas, ratones, ardillas) que se ha producido en los últimos 14 días.",Indique «Sí» si el paciente ha experimentado esto en los últimos 14 días.,2,0,0,0,0,0
presentación,HISTORIA DE EXPOSICIÓN EN LOS ÚLTIMOS 14 DÍAS,expo14_ancon_rodent_type,Tipo de roedores,"1, ratas | 2, ratones | 3, ardillas",Se refiere al contacto con ratas ocurrido en los últimos 14 días.,Indique 'Sí' si el paciente experimentó esto en los últimos 14 días.,2,0,0,0,0,0
presentación,HISTORIA DE EXPOSICIÓN EN LOS ÚLTIMOS 14 DÍAS,expo14_ancon_rodent_cttype,Especifique el tipo de contacto,"1, Caza | 2, Preparación | 3, Manipulación | 4, Consumo (sin procesar / poco cocinado / crudo) | 5, Comercio | 6, Heces o nidos de animales | 7, Animal enfermo o muerto | 99, Desconocido | 88, Otros","Se refiere al tipo o tipos de contacto con animales que se ha producido en los últimos 14 días. La caza incluye el hallazgo o la muerte de animales con fines alimenticios o deportivos. La preparación incluye el desollado, el despiece o el sacrificio de animales para su consumo. La manipulación incluye tocar, acariciar o compartir el espacio vital con animales. El consumo incluye la ingestión de partes de animales sin procesar, poco cocinadas o crudas. El comercio incluye el contacto con animales por venta, compra o intercambio. Las heces o nidos de animales incluyen el contacto con heces, nidos o hogares de animales. Los animales enfermos o muertos se refieren al contacto con un animal enfermo o muerto, pero no a la participación en cirugía o necropsia de animales (pregunta aparte). ",Seleccione todos los tipos de contacto con animales que se hayan producido en los últimos 14 días.,2,0,0,0,0,0
presentación,HISTORIA DE EXPOSICIÓN EN LOS ÚLTIMOS 14 DÍAS,expo14_ancon_pets,Contacto con animales domésticos,"1, Sí | 0, No | 99, Desconocido",Se refiere al contacto con animales domésticos (excluidos los roedores) que haya tenido lugar en los últimos 14 días.,Indique «Sí» si el paciente ha experimentado esto en los últimos 14 días.,2,0,0,0,0,0
presentación,HISTORIA DE EXPOSICIÓN EN LOS ÚLTIMOS 14 DÍAS,expo14_ancon_pets_type,Tipo de mascotas,"1, gatos | 2, perros",Se refiere al contacto con gatos ocurrido en los últimos 14 días.,Indique 'Sí' si el paciente experimentó esto en los últimos 14 días.,2,0,0,0,0,0
presentación,HISTORIA DE EXPOSICIÓN EN LOS ÚLTIMOS 14 DÍAS,expo14_ancon_pets_cttype,Especifique el tipo de contacto,"1, Caza | 2, Preparación | 3, Manipulación | 4, Consumo (sin procesar / poco cocinado / crudo) | 5, Comercio | 6, Heces o nidos de animales | 7, Animal enfermo o muerto | 99, Desconocido | 88, Otros","Se refiere al tipo o tipos de contacto con animales que haya tenido lugar en los últimos 14 días. La caza incluye encontrar o matar animales para alimentarse o por deporte. La preparación incluye desollar, despiezar o descuartizar animales para su consumo. La manipulación incluye tocar, acariciar o compartir el espacio vital con animales. El consumo incluye ingerir partes de animales sin procesar, poco cocinadas o crudas. El comercio incluye el contacto con animales por vender, comprar o intercambiar animales. Las heces o nidos de animales incluyen el contacto con heces, nidos o hogares de animales. Los animales enfermos o muertos se refieren al contacto con un animal enfermo o muerto, pero no a la participación en cirugía o necropsia de animales (pregunta separada).",Seleccione todos los tipos de contacto con animales que se hayan producido en los últimos 14 días.,2,0,0,0,0,0
presentación,HISTORIA DE EXPOSICIÓN EN LOS ÚLTIMOS 14 DÍAS,expo14_ancon_wildlife,Contacto con animales salvajes,"1, Sí | 0, No | 99, Desconocido",Se refiere al contacto con animales considerados salvajes o asilvestrados o no adaptados para el uso doméstico que se haya producido en los últimos 14 días.,Indique «Sí» si el paciente ha experimentado esto en los últimos 14 días.,2,0,0,0,0,0
presentación,HISTORIA DE EXPOSICIÓN EN LOS ÚLTIMOS 14 DÍAS,expo14_ancon_wildelife_type,tipo de vida silvestre,"1, Murciélagos |88, Otros",Se refiere al contacto con murciélagos ocurrido en los últimos 14 días.,Indique 'Sí' si el paciente experimentó esto en los últimos 14 días.,2,0,0,0,0,1
presentación,HISTORIA DE EXPOSICIÓN EN LOS ÚLTIMOS 14 DÍAS,expo14_ancon_wildelife_oth,Especifique otro tipo de vida silvestre,,,,2,0,0,,,
presentación,HISTORIA DE EXPOSICIÓN EN LOS ÚLTIMOS 14 DÍAS,expo14_ancon_wildlife_cttype,Especifique el tipo de contacto,"1, Caza | 2, Preparación | 3, Manipulación | 4, Consumo (sin procesar / poco cocinado / crudo) | 5, Comercio | 6, Heces o nidos de animales | 7, Animal enfermo o muerto | 99, Desconocido | 88, Otros","Se refiere al tipo o tipos de contacto con animales que se ha producido en los últimos 14 días. La caza incluye el hallazgo o la muerte de animales con fines alimentarios o deportivos. La preparación incluye el desollado, el despiece o el sacrificio de animales para su consumo. La manipulación incluye tocar, acariciar o compartir el espacio vital con animales. El consumo incluye la ingestión de partes de animales sin procesar, poco cocinadas o crudas. El comercio incluye el contacto con animales para su venta, compra o intercambio. Las heces o nidos de animales incluyen el contacto con heces, nidos o hogares de animales. Los animales enfermos o muertos se refieren al contacto con un animal enfermo o muerto, pero no a la participación en cirugías o necropsias de animales (pregunta separada).",Seleccione todos los tipos de contacto con animales que se hayan producido en los últimos 14 días.,2,0,0,0,0,0
presentación,HISTORIA DE EXPOSICIÓN EN LOS ÚLTIMOS 14 DÍAS,expo14_ancon_unpasteur,"Contacto con leche sin pasteurizar o productos lácteos crudos, o consumo de los mismos","1, Sí | 0, No | 99, Desconocido",Se refiere al contacto con leche o productos lácteos no pasteurizados o al consumo de los mismos en los últimos 14 días.,Indique «Sí» si el paciente ha experimentado esto en los últimos 14 días.,2,0,0,0,0,0
presentación,HISTORIA DE EXPOSICIÓN EN LOS ÚLTIMOS 14 DÍAS,expo14_ancon_visitzoo,"Visita a un mercado de animales vivos, una granja o un zoológico","1, Sí | 0, No | 99, Desconocido","Se refiere a la visita a un mercado de animales vivos, una granja o un zoológico en los últimos 14 días.",Indique «Sí» si el paciente ha experimentado esto en los últimos 14 días.,2,0,0,0,0,0
presentación,HISTORIA DE EXPOSICIÓN EN LOS ÚLTIMOS 14 DÍAS,expo14_ancon_animalsurg,Participación en una cirugía o necropsia de animales,"1, Sí | 0, No | 99, Desconocido",Se refiere a la participación en cirugía o necropsia de animales en los últimos 14 días.,Indique «Sí» si el paciente ha experimentado esto en los últimos 14 días.,2,0,0,0,0,0
presentación,HISTORIA DE EXPOSICIÓN EN LOS ÚLTIMOS 14 DÍAS,expo14_ancon_bite,"Cualquier picadura de insecto o artrópodo (p. ej., mosquitos, garrapatas)","1, sí | 0, No | 99, Desconocido",,,2,0,0,,,0
presentación,HISTORIA DE EXPOSICIÓN EN LOS ÚLTIMOS 14 DÍAS,expo14_ancon_other,Otro contacto con animales no mencionado anteriormente,"1, Sí | 0, No | 99, Desconocido","Se refiere a otro contacto con animales, no incluido en la lista anterior, que haya tenido lugar en los últimos 14 días.",Indique «Sí» si el paciente ha experimentado esto en los últimos 14 días.,2,0,0,0,0,0
presentación,HISTORIA DE EXPOSICIÓN EN LOS ÚLTIMOS 14 DÍAS,expo14_ancon_other_spec,Especifique los contactos con animales no mencionados anteriormente,,"Se refiere a otro contacto con animales, no incluido en la lista anterior, que haya tenido lugar en los últimos 14 días.","Si «Sí», especifique cualquier otro contacto con animales que haya tenido en los últimos 14 días.",2,0,0,0,0,
presentación,HISTORIA DE EXPOSICIÓN EN LOS ÚLTIMOS 14 DÍAS,expo14_ancon_other_cttype,Especifique el tipo de contacto,"1, Caza | 2, Preparación | 3, Manipulación | 4, Consumo (sin procesar / poco cocinado / crudo) | 5, Comercio | 6, Heces o nidos de animales | 7, Animal enfermo o muerto | 99, Desconocido | 88, Otros","Se refiere al tipo o tipos de contacto con animales que se han producido en los últimos 14 días. La caza incluye el hallazgo o la muerte de animales con fines alimentarios o deportivos. La preparación incluye el desollado, el despiece o el sacrificio de animales para su consumo. La manipulación incluye tocar, acariciar o compartir el espacio vital con animales. El consumo incluye la ingestión de partes de animales sin procesar, poco cocinadas o crudas. El comercio incluye el contacto con animales por venta, compra o intercambio. Las heces o nidos de animales incluyen el contacto con heces, nidos o hogares de animales. Los animales enfermos o muertos se refieren al contacto con un animal enfermo o muerto, pero no a la participación en cirugías o necropsias de animales (pregunta separada).",Seleccione todos los tipos de contacto con animales que se hayan producido en los últimos 14 días.,2,0,0,0,0,0
presentación,HISTORIA DE EXPOSICIÓN EN LOS ÚLTIMOS 14 DÍAS,expo14_house,¿Algún miembro del hogar malvado en las dos semanas anteriores a la admisión del caso?,"1, Sí | 0, No | 99, Desconocido","Se refiere a cualquier miembro del hogar del caso sospechoso/confirmado que haya estado enfermo en las dos semanas anteriores al ingreso del caso. ",Indique «Sí» si algún miembro del hogar del caso sospechoso/confirmado se ha encontrado mal en las dos semanas anteriores al ingreso del caso.,2,0,0,0,0,0
presentación,HISTORIA DE EXPOSICIÓN EN LOS ÚLTIMOS 14 DÍAS,expo14_house_sys,¿Qué sistema(s) está(n) afectado(s)? (marque todos los que correspondan),"1, Respiratorio | 2, Gastrointestinal | 3, Cardiovascular | 4, Sistema nervioso central | 5, Sistema nervioso periférico | 6, Mucocutáneo | 7, Ocular | 99, Desconocido | 88, Otro",Se refiere al sistema o sistemas corporales de los miembros del hogar que se encontraban enfermos y que se vieron afectados durante la enfermedad.,Seleccione todos los sistemas que se hayan visto afectados.,2,0,0,0,0,0
presentación,HISTORIA DE EXPOSICIÓN EN LOS ÚLTIMOS 14 DÍAS,expo14_house_sys_oth,Especifique otros sistemas afectados,,Se refiere al sistema o sistemas corporales de los miembros del hogar que se encontraban enfermos y que se vieron afectados durante la enfermedad.,"Si «Otro», especifique los sistemas afectados.",2,0,0,0,0,
presentación,HISTORIA DE EXPOSICIÓN EN LOS ÚLTIMOS 14 DÍAS,expo14_housecon,¿Los miembros del hogar han tenido algún contacto con un caso confirmado de la misma infección?,"1, Sí | 0, No | 99, Desconocido",Se refiere a cualquier miembro del hogar que haya tenido algún tipo de contacto con un caso confirmado del patógeno en cuestión.,"Indique «Sí» si algún miembro del hogar ha tenido algún tipo de contacto con un caso confirmado del patógeno de interés. ",2,0,0,0,0,0
presentación,HISTORIA DE EXPOSICIÓN EN LOS ÚLTIMOS 14 DÍAS,expo14_ferm,Consumo de alimentos/bebidas fermentadas o preparadas tradicionalmente localmente,"1, sí | 0, No | 99, Desconocido",,,2,0,0,,,0
presentación,HISTORIA DE EXPOSICIÓN EN LOS ÚLTIMOS 14 DÍAS,expo14_swim,"El paciente nadó o se bañó en piscinas, estanques o ríos.","1, sí | 0, No | 99, Desconocido",,,2,0,0,,,0
presentación,HISTORIA DE EXPOSICIÓN EN LOS ÚLTIMOS 14 DÍAS,expo14_floodwater,Exposición a inundaciones/cuerpos de agua estancados o agua contaminada,"1, sí | 0, No | 99, Desconocido",,,2,0,0,,,0
presentación,HISTORIA DE EXPOSICIÓN EN LOS ÚLTIMOS 14 DÍAS,expo14_closeliving,Vive en espacios reducidos,"1, sí | 0, No | 99, Desconocido",,,2,0,0,,,0
presentación,COMORBILIDADES Y FACTORES DE RIESGO: Presentes antes de esta enfermedad y aún activos,comor_cns,Comorbilidades neurológicas,,Se refiere a las comorbilidades relacionadas con el sistema nervioso.,,2,0,0,0,,
presentación,COMORBILIDADES Y FACTORES DE RIESGO: Presentes antes de esta enfermedad y aún activos,comor_chrneurolo,Trastorno neurológico crónico,"1, Sí | 0, No | 99, Desconocido","Incluye trastornos del cerebro, médula espinal, nervios craneales, nervios periféricos, raíces nerviosas, sistema nervioso autónomo, unión neuromuscular y músculo. Esto puede incluir cualquiera de parálisis cerebral, esclerosis múltiple, enfermedad de las neuronas motoras, distrofia muscular, miastenia gravis, enfermedad de Parkinson, accidente cerebrovascular y dificultades de aprendizaje severo.","Indique 'sí', si esta es la condición existente antes de la admisión con esta enfermedad actual y sigue siendo una condición médica activa.",2,0,0,0,0,0
presentación,COMORBILIDADES Y FACTORES DE RIESGO: Presentes antes de esta enfermedad y aún activos,comor_epilepsy,Epilepsia,"1, Sí | 0, No | 99, Desconocido",Se refiere a un trastorno que causa convulsiones recurrentes sin causa aparente.,"Indique «Sí» si el paciente ha experimentado esto en cualquier momento desde el inicio de la enfermedad hasta la presentación. ",2,0,0,0,0,0
presentación,COMORBILIDADES Y FACTORES DE RIESGO: Presentes antes de esta enfermedad y aún activos,comor_dementia,Demencia,"1, Sí | 0, No | 99, Desconocido","Definido como evidencia de la historia y el examen de estado mental que indica un gran deterioro en el aprendizaje y la memoria, así como el deterioro en al menos una de las siguientes opciones: manejo de tareas complejas; capacidad de razonamiento; capacidad espacial y orientación; idioma. Los síntomas cognitivos deben interferir significativamente con el desempeño laboral del individuo, las actividades sociales habituales o las relaciones con otras personas. Esto debe representar una disminución significativa de un nivel anterior de funcionamiento. Las perturbaciones no ocurren exclusivamente durante el curso del delirio, y las alteraciones no se explican mejor por un diagnóstico psiquiátrico importante. Se incluye un déficit cognitivo crónico.","Indique 'sí', si esta es la condición existente antes de la admisión con esta enfermedad actual y sigue siendo una condición médica activa.",2,0,0,0,0,0
presentación,COMORBILIDADES Y FACTORES DE RIESGO: Presentes antes de esta enfermedad y aún activos,comor_strokecva,Accidente cerebrovascular / accidente cerebrovascular,"1, Sí | 0, No | 99, Desconocido","Definido como una pérdida repentina de la función neurológica secundaria a la hemorragia o isquemia en el parénquima cerebral debido a un evento vascular. El accidente cerebrovascular puede ser un diagnóstico clínico, con o sin hallazgos radiológicos de apoyo.",Indique «Sí» si esta afección existía antes del ingreso con la enfermedad actual y sigue siendo una afección médica activa.,2,0,0,0,0,0
presentación,COMORBILIDADES Y FACTORES DE RIESGO: Presentes antes de esta enfermedad y aún activos,comor_hemipleg,Hemiplejía,"1, Sí | 0, No | 99, Desconocido","Se refiere a la pérdida grave o completa de la función motora en un lado del cuerpo, a menudo causada por enfermedades cerebrales localizadas en el hemisferio cerebral opuesto al lado de la debilidad; con menos frecuencia, lesiones del tronco encefálico, enfermedades de la médula espinal cervical, enfermedades del sistema nervioso periférico y otras afecciones pueden manifestarse como hemiplejía.","Indique 'sí', si esta es la condición existente antes de la admisión con esta enfermedad actual y sigue siendo una condición médica activa.",2,0,0,0,0,0
presentación,COMORBILIDADES Y FACTORES DE RIESGO: Presentes antes de esta enfermedad y aún activos,comor_parapleg,Paraplejía,"1, Sí | 0, No | 99, Desconocido","Esto se refiere a la parálisis completa de la mitad inferior del cuerpo, incluida ambas piernas, a menudo causadas por daños a la médula espinal.","Indique 'sí', si esta es la condición existente antes de la admisión con esta enfermedad actual y sigue siendo una condición médica activa.",2,0,0,0,0,0
presentación,COMORBILIDADES Y FACTORES DE RIESGO: Presentes antes de esta enfermedad y aún activos,comor_cvs,Comorbilidades cardiovasculares,,Se refiere a comorbilidades relacionadas con el sistema cardiovascular.,,2,0,0,0,,
presentación,COMORBILIDADES Y FACTORES DE RIESGO: Presentes antes de esta enfermedad y aún activos,comor_chrcardiac,Enfermedad cardíaca crónica (no hipertensión),"1, Sí | 0, No | 99, Desconocido",Definido como una enfermedad que causa progresivamente el deterioro del corazón y su funcionamiento.,"Indique «Sí» si esta afección existía antes del ingreso con la enfermedad actual y sigue siendo una afección médica activa. ",2,0,0,0,0,0
presentación,COMORBILIDADES Y FACTORES DE RIESGO: Presentes antes de esta enfermedad y aún activos,comor_chrcardiac_mi,Infarto de miocardio,"1, Sí | 0, No | 99, Desconocido","Definido como necrosis grave del miocardio, como resultado de la interrupción del suministro de sangre al área, como en la trombosis coronaria. Esto incluye infarto previo (historial) de miocardio.","Indique «Sí» si esta afección existía antes del ingreso con la enfermedad actual y sigue siendo una afección médica activa. ",2,0,0,0,0,0
presentación,COMORBILIDADES Y FACTORES DE RIESGO: Presentes antes de esta enfermedad y aún activos,comor_chrcardiac_chf,Insuficiencia cardíaca congestiva,"1, Sí | 0, No | 99, Desconocido","Definado como el fracaso del corazón para bombear una cantidad suficiente de sangre para satisfacer las necesidades de los tejidos del cuerpo, lo que resulta en la congestión de los tejidos y el edema.",Indique «Sí» si esta afección existía antes de la admisión con la enfermedad actual y sigue siendo una afección médica activa.,2,0,0,0,0,0
presentación,COMORBILIDADES Y FACTORES DE RIESGO: Presentes antes de esta enfermedad y aún activos,comor_hypertensi,Hipertensión (médico diagnosticado),"1, Sí | 0, No | 99, Desconocido","Definido como la presión arterial elevada diagnosticada clínicamente (presión arterial sistólica> 140 mmhg de presión arterial sistólica y/o diastólica> 90 mmhg), o para el cual se le prescribe un paciente un antihipertensivo.",Indique «Sí» si esta afección existía antes de la admisión con la enfermedad actual y sigue siendo una afección médica activa.,2,0,0,0,0,0
presentación,COMORBILIDADES Y FACTORES DE RIESGO: Presentes antes de esta enfermedad y aún activos,comor_perivascdis,Enfermedad vascular periférica,"1, Sí | 0, No | 99, Desconocido","Se refiere a la desviación o interrupción de la estructura o función normal de los vasos sanguíneos fuera del corazón; enfermedades de la circulación periférica, en contraposición a la circulación cardíaca.","Indique 'sí', si esta es la condición existente antes de la admisión con esta enfermedad actual y sigue siendo una condición médica activa.",2,0,0,0,0,0
presentación,COMORBILIDADES Y FACTORES DE RIESGO: Presentes antes de esta enfermedad y aún activos,comor_resp,Comorbilidades respiratorias,,Se refiere a comorbilidades relacionadas con el sistema respiratorio.,,2,0,0,0,,
presentación,COMORBILIDADES Y FACTORES DE RIESGO: Presentes antes de esta enfermedad y aún activos,comor_chrpulmona,Enfermedad pulmonar crónica (no asma),"1, Sí | 0, No | 99, Desconocido","Definido como cualquier condición pulmonar que no sea asma, que es una enfermedad o trastorno de progresión lenta y larga duración que causa períodos continuos o episódicos de enfermedad y/o incapacidad.","Indique «Sí» si esta afección existía antes del ingreso con la enfermedad actual y sigue siendo una afección médica activa. ",2,0,0,0,0,0
presentación,COMORBILIDADES Y FACTORES DE RIESGO: Presentes antes de esta enfermedad y aún activos,comor_asthma,Asma (médico diagnosticado),"1, Sí | 0, No | 99, Desconocido","Esto se define como el asma diagnosticada por clínicos, un trastorno crónico de la vía aérea caracterizada por síntomas variables y recurrentes de obstrucción del flujo de aire, hiper-respuesta bronquial y/o inflamación subyacente. La intervención farmacéutica actual, para la prevención o el tratamiento de los síntomas, no es un requisito previo para la inclusión de este diagnóstico.","Indique «Sí» si esta afección existía antes del ingreso con la enfermedad actual y sigue siendo una afección médica activa. ",2,0,0,0,0,0
presentación,COMORBILIDADES Y FACTORES DE RIESGO: Presentes antes de esta enfermedad y aún activos,comor_git,Comorbilidades gastrointestinales,,Se refiere a comorbilidades relacionadas con el sistema gastrointestinal.,,2,0,0,0,,
presentación,COMORBILIDADES Y FACTORES DE RIESGO: Presentes antes de esta enfermedad y aún activos,comor_peptulcdis,Enfermedad de úlcera péptica,"1, Sí | 0, No | 99, Desconocido","Esto se refiere a una lesión péptica ácida del tracto digestivo, lo que resulta en una ruptura de la mucosa que alcanza la submucosa. Las úlceras pépticas generalmente se encuentran en el estómago o el duodeno proximal, pero también se pueden encontrar en el esófago o el divérículo de Meckel.","Indique 'sí', si esta es la condición existente antes de la admisión con esta enfermedad actual y sigue siendo una condición médica activa.",2,0,0,0,0,0
presentación,COMORBILIDADES Y FACTORES DE RIESGO: Presentes antes de esta enfermedad y aún activos,comor_liverdisease,Enfermedad hepática,"1, Sí | 0, No | 99, Desconocido","Se define como cualquier trastorno del sistema hepatobiliar. Las manifestaciones pueden incluir signos y síntomas de colestasis, hipertensión portal y/o pruebas de función hepática anormales.","Indique 'sí', si esta es la condición existida antes de la admisión y está en curso.",2,0,0,0,0,0
presentación,COMORBILIDADES Y FACTORES DE RIESGO: Presentes antes de esta enfermedad y aún activos,comor_liverdisease_type,Tipo de enfermedad hepática,"1, Leve | 2, Moderado o grave | 99, Desconocido","Definido como hepatitis o cirrosis leve crónica sin hipertensión portal, y cirrosis moderada o grave con hipertensión portal, con o sin sangrado o antecedentes de sangrado varicoso.","Indique el tipo de enfermedad hepática. Leve: hepatitis o cirrosis crónica sin hipertensión portal. Moderado o severo: cirrosis con hipertensión portal, con o sin sangrado o antecedentes de sangrado varicoso.",2,0,0,0,0,0
presentación,COMORBILIDADES Y FACTORES DE RIESGO: Presentes antes de esta enfermedad y aún activos,comor_renalgut,Comorbilidades renales/genitourinarias,,Se refiere a comorbilidades relacionadas con el sistema renal/genitourinario.,Indique «Sí» si esta afección existía antes del ingreso con la enfermedad actual y sigue siendo una afección médica activa.,2,0,0,0,0,
presentación,COMORBILIDADES Y FACTORES DE RIESGO: Presentes antes de esta enfermedad y aún activos,comor_chrkidney,Enfermedad renal crónica,"1, Sí | 0, No | 99, Desconocido","Esto se define como una enfermedad renal crónica diagnosticada por clínico (ERC, también conocida como insuficiencia renal crónica). La definición de kdigo y kdoqi de enfermedad renal crónica es el daño renal durante 3 meses, como se define por las anormalidades estructurales o funcionales del riñón, con o sin disminución de la tasa de filtración glomerular (GFR), lo que puede conducir a una disminución de la TFG, manifiesto por cualquiera: patológica. anormalidades; o marcadores de daño renal, incluidas las anormalidades en la composición de la sangre o la orina, o anormalidades en las pruebas de imágenes; o GFR <60 ml/min/1.73 m^2 durante 3 meses, con o sin daño renal.","Indique «Sí» si esta afección existía antes del ingreso con la enfermedad actual y sigue siendo una afección médica activa. ",2,0,0,0,0,0
presentación,COMORBILIDADES Y FACTORES DE RIESGO: Presentes antes de esta enfermedad y aún activos,comor_chrkidney_type,Estadio de la enfermedad renal crónica,"1, Estadio 1 | 2, Estadio 2 | 3, Estadio 3a | 4, Estadio 3b | 5, Estadio 4 | 6, Estadio 5 | 99, Desconocido","Se refiere a la etapa de la enfermedad renal crónica (ERC) basada en la tasa de filtración glomerular estimada (TFGe). Etapas de la ERC: 1 - Daño renal, eTFG normal (90 ml/min); 2 - Daño renal, disminución leve de la TFG (60-89 ml/min); 3a - Disminución moderada de la TFG (45-59 ml/min); 3b - Disminución moderada a grave de la TFG (30-44 ml/min); 4 - Disminución grave de la TFG (15-29 ml/min); 5 - Insuficiencia renal (<15 ml/min o en diálisis).",Seleccione la opción más adecuada que corresponda a la etapa de la ERC según la eGFR.,2,0,0,0,0,0
presentación,COMORBILIDADES Y FACTORES DE RIESGO: Presentes antes de esta enfermedad y aún activos,comor_inf,Comorbilidades infecciosas,,Se refiere a comorbilidades relacionadas con infecciones.,,2,0,0,0,,
presentación,COMORBILIDADES Y FACTORES DE RIESGO: Presentes antes de esta enfermedad y aún activos,comor_aids,VIH,"1, Sí | 0, No | 99, Desconocido","Definido como una persona que vive con infección por virus de inmunodeficiencia humana confirmada por el laboratorio (VIH) 1 o 2 infección, o un paciente con un síndrome de deficiencia de inmunidad adquirida (SIDA) que define la enfermedad. Esto es independientemente del recuento/porcentaje de linfocitos CD4 o la carga viral del VIH en la sangre. El ART se refiere a la terapia antirretroviral y es distinta de la profilaxis previa a la exposición (preparación) o profilaxis posterior a la exposición (PEP).",Indique la opción más apropiada que refleje el estado de VIH/SIDA del paciente y si está tomando la terapia antirretroviral (TAR).,2,0,0,0,0,0
presentación,COMORBILIDADES Y FACTORES DE RIESGO: Presentes antes de esta enfermedad y aún activos,comor_aids_art,Si es VIH positivo: ¿El paciente es la terapia antirretroviral (ART)?,"1, Sí | 0, No | 99, Desconocido","La terapia antirretroviral (ART) se refiere a la terapia farmacológica, para pacientes con infección por VIH, que se dirige a la función de retrovirus mediante múltiples mecanismos para suprimir agresivamente la replicación del VIH. Es distinto de la profilaxis previa a la exposición (preparación) o profilaxis posterior a la exposición (PEP).",Indique la opción más apropiada que refleje el estado de VIH/SIDA del paciente y si está tomando la terapia antirretroviral (TAR).,2,0,0,0,0,0
presentación,COMORBILIDADES Y FACTORES DE RIESGO: Presentes antes de esta enfermedad y aún activos,comor_aids_arttype,Si es así: especificar arte,,"Esto se refiere a la terapia antirretroviral (ART) utilizada en el tratamiento de infecciones por VIH con medicamentos que se dirigen directamente al virus, lo que limita la capacidad de las células infectadas para producir nuevas partículas de virus. Es distinto de la profilaxis previa a la exposición (preparación) o profilaxis posterior a la exposición (PEP).",Escriba los medicamentos antirretrovirales (ART) que se utilizan en el tratamiento del VIH.,2,0,0,0,0,
presentación,COMORBILIDADES Y FACTORES DE RIESGO: Presentes antes de esta enfermedad y aún activos,comor_aids_cd4date,Si VIH positivo: fecha de conteo de CD4,,Esto se refiere a la fecha del recuento de células CD4 más reciente basado en el laboratorio disponible.,Escriba la fecha en formato DD/mm/aaa yyyy.,2,0,0,0,0,
presentación,COMORBILIDADES Y FACTORES DE RIESGO: Presentes antes de esta enfermedad y aún activos,comor_aids_cd4count,Si es VIH positivo: recuento de CD4 más reciente (células/uL),,Se refiere a la fecha del recuento de células CD4 más reciente realizado en un laboratorio.,Escriba la fecha en formato DD/MM/AAAA.,2,0,0,0,0,
presentación,COMORBILIDADES Y FACTORES DE RIESGO: Presentes antes de esta enfermedad y aún activos,comor_aids_vrl,Si VIH positivo: es detectable la carga viral del VIH,"1, Sí | 0, No | 99, Desconocido",Detectable típicamente incluye suprimido (detectado pero <= 1000 copias/ml) y sin supresión (> 1000 copias/ml). Indetectable se refiere a la carga viral no detectada por la prueba utilizada.,Indique 'sí' si se puede detectable (incluye; suprimido (detectado pero <= 1000 copias/ml) y sin supresión (> 1000 copias/ml)). Indique 'no' si no se puede detectar (carga viral no detectada por la prueba utilizada).,2,0,0,0,0,0
presentación,COMORBILIDADES Y FACTORES DE RIESGO: Presentes antes de esta enfermedad y aún activos,comor_aids_vrlno,Si VIH positivo: carga viral del VIH más reciente (copias/ml),,Definido como la carga viral del VIH más reciente basada en el laboratorio disponible expresada en copias/ml.,Indique la carga viral del VIH más reciente basada en el laboratorio disponible expresada en copias/ml.,2,0,0,0,0,
presentación,COMORBILIDADES Y FACTORES DE RIESGO: Presentes antes de esta enfermedad y aún activos,comor_aids_vrlnodate,Fecha de la carga viral del VIH.,,Se refiere a la fecha del recuento de células CD4 más reciente realizado en un laboratorio.,Escriba la fecha en formato DD/MM/AAAA.,2,0,0,0,0,
presentación,COMORBILIDADES Y FACTORES DE RIESGO: Presentes antes de esta enfermedad y aún activos,comor_tuberculos,Tuberculosis,"1, Sí | 0, No | 99, Desconocido","Definidos como pacientes que actualmente reciben tratamiento para la tuberculosis, una infección causada por la bacteria Mycobacterium tuberculosis. La tuberculosis latente no debe incluirse aquí. Los pacientes que han sido curados de tuberculosis no deben incluirse aquí. Aquellos que tienen secuelas pulmonares crónicas después de su tuberculosis deben incluirse como enfermedad pulmonar crónica.","Indique 'sí', si esta es la condición existente antes de la admisión con esta enfermedad actual y sigue siendo una condición médica activa.",2,0,0,0,0,0
presentación,COMORBILIDADES Y FACTORES DE RIESGO: Presentes antes de esta enfermedad y aún activos,comor_tuberculos_type,Especificar el tipo de tuberculosis,"1, Pulmonar activa | 4, Extrapulmonar activa | 3, Latente | 99, Desconocido","Se refiere al tipo de infección por Mycobacterium tuberculosis. La tuberculosis pulmonar activa se refiere a la infección bacteriana que afecta a los pulmones y es causada por Mycobacterium tuberculosis, con signos y síntomas que incluyen tos crónica con esputo teñido de sangre, sudores nocturnos, fiebre, fatiga y pérdida de peso. La tuberculosis extrapulmonar activa se refiere a la infección por Mycobacterium tuberculosis que afecta a órganos distintos de los pulmones (por ejemplo, pleura, ganglios linfáticos, abdomen, tracto genitourinario, piel, articulaciones y huesos, o meninges). La tuberculosis latente se refiere a la presencia asintomática de Mycobacterium tuberculosis en el organismo, que se determina mediante un resultado positivo en una prueba cutánea de tuberculina o un ensayo de liberación de interferón gamma.",Seleccione la opción o opciones más adecuadas que representen el tipo de infección por Mycobacterium tuberculosis.,2,0,0,0,0,0
presentación,COMORBILIDADES Y FACTORES DE RIESGO: Presentes antes de esta enfermedad y aún activos,comor_hepbc,Infección crónica de hepatitis B/C,"1, Sí | 0, No | 99, Desconocido",Definido como hepatitis crónica debido a la infección por el virus de hepatitis B (VHB) o hepatitis C (VHC). No incluya aquellos con una cura documentada de hepatitis C.,"Indique 'sí', si esta es la condición existente antes de la admisión con esta enfermedad actual y sigue siendo una condición médica activa.",2,0,0,0,0,0
presentación,COMORBILIDADES Y FACTORES DE RIESGO: Presentes antes de esta enfermedad y aún activos,comor_heme,Comorbilidades hematológicas,,Se refiere a las comorbilidades relacionadas con el sistema hematológico.,,2,0,0,0,,
presentación,COMORBILIDADES Y FACTORES DE RIESGO: Presentes antes de esta enfermedad y aún activos,comor_chrhematol,Enfermedad hematológica crónica,"1, Sí | 0, No | 99, Desconocido","Se refiere a trastornos crónicos de la sangre y los tejidos hematopoyéticos. Algunos ejemplos son la policitemia vera y los síndromes mielodisplásicos (SMD). No incluye la leucemia, el linfoma ni el mieloma, que deben consignarse en el apartado de neoplasias malignas. No incluye la anemia ferropática, que se explica por la dieta o la pérdida crónica de sangre.","Indique 'sí', si esta es la condición existente antes de la admisión con esta enfermedad actual y sigue siendo una condición médica activa.",2,0,0,0,0,0
presentación,COMORBILIDADES Y FACTORES DE RIESGO: Presentes antes de esta enfermedad y aún activos,comor_recentblood,Transfusión de sangre en el último mes,"1, Sí | 0, No | 99, Desconocido",Se refiere a antecedentes de transfusión sanguínea en el último mes de un año natural.,"Indique «Sí» si esta afección existía antes del ingreso con la enfermedad actual y sigue siendo una afección médica activa. ",2,0,0,0,0,0
presentación,COMORBILIDADES Y FACTORES DE RIESGO: Presentes antes de esta enfermedad y aún activos,comor_sickle,Anemia falciforme,"1, Sí | 0, No | 99, Desconocido",Se refiere a un trastorno sanguíneo genético caracterizado por la aparición de glóbulos rojos en forma de hoz y anemia.,"Indique «Sí» si esta afección existía antes del ingreso con la enfermedad actual y sigue siendo una afección médica activa. ",2,0,0,0,0,0
presentación,COMORBILIDADES Y FACTORES DE RIESGO: Presentes antes de esta enfermedad y aún activos,comor_sys,Comorbilidades sistémicas/generales,,Se refiere a comorbilidades sistémicas/generales.,,2,0,0,0,,
presentación,COMORBILIDADES Y FACTORES DE RIESGO: Presentes antes de esta enfermedad y aún activos,comor_rheumatolo,Trastorno reumatológico,"1, Sí | 0, No | 99, Desconocido","Definido como un trastorno de tejido conectivo, especialmente las articulaciones y las estructuras relacionadas caracterizadas por la inflamación, degeneración o el trastorno metabólico. Incluye artropatías crónicas y artritis, trastornos del tejido conectivo y vasculitidas.","Indique 'sí', si esta es la condición existente antes de la admisión con esta enfermedad actual y sigue siendo una condición médica activa.",2,0,0,0,0,0
presentación,COMORBILIDADES Y FACTORES DE RIESGO: Presentes antes de esta enfermedad y aún activos,comor_rheumatolo_type,Especificar trastorno reumatológico,"1, osteoartritis| 2, artritis reumatoide | 3, Lupus eritematoso sistémico | 4, Espondilitis anquilosante | 5, artritis psoriásica",,,2,0,0,,,0
presentación,COMORBILIDADES Y FACTORES DE RIESGO: Presentes antes de esta enfermedad y aún activos,comor_rheumatolo_type_oth,Especificar otro trastorno reumatológico,,,,2,0,0,,,
presentación,COMORBILIDADES Y FACTORES DE RIESGO: Presentes antes de esta enfermedad y aún activos,comor_asplenia,Asplenia,"1, Sí | 0, No | 99, Desconocido","Se define como la ausencia anatómica del bazo o la asplenia funcional secundaria a diversos estados patológicos. Puede incluir la ausencia congénita (nacer sin bazo) o la ausencia adquirida, por ejemplo, secundaria a una extirpación quirúrgica. ","Indique 'sí', si esta es la condición existente antes de la admisión con esta enfermedad actual y sigue siendo una condición médica activa.",2,0,0,0,0,0
presentación,COMORBILIDADES Y FACTORES DE RIESGO: Presentes antes de esta enfermedad y aún activos,comor_benignn,Neoplasma benigna,"1, Sí | 0, No | 99, Desconocido","Esto se refiere a una neoplasia caracterizada por la ausencia de características citológicas y arquitectónicas atípicas o malignas, y ausencia de características invasivas o potencial metastásico.","Indique 'sí', si esta es la condición existente antes de la admisión con esta enfermedad actual y sigue siendo una condición médica activa.",2,0,0,0,0,0
presentación,COMORBILIDADES Y FACTORES DE RIESGO: Presentes antes de esta enfermedad y aún activos,comor_malignantn,Neoplasia maligna,"1, Sí | 0, No | 99, Desconocido","Definido como un tumor compuesto de células neoplásicas atípicas a menudo pleomórficas que invaden otros tejidos. Incluye malignas hematológicas, que se consideran biológicamente activas. Las neoplasias malignas más comunes son carcinomas (adenocarcinomas o carcinomas de células escamosas), linfomas Hodgkin y no Hodgkin, leucemias, melanomas y sarcomas. Específicamente no incluye tumores malignos que se han curado o donde no hay evidencia de enfermedad continua relacionada con esa malignidad después del tratamiento.","Indique «Sí» si esta afección existía antes de la admisión con la enfermedad actual y sigue siendo una afección médica activa. ",2,0,0,0,0,0
presentación,COMORBILIDADES Y FACTORES DE RIESGO: Presentes antes de esta enfermedad y aún activos,comor_malignantn_sol,Neoplasia sólida maligna,"1, Sí | 0, No | 99, Desconocido",Definido como una neoplasia maligna que surge de los tejidos que no incluyen áreas fluidas. Los ejemplos representativos incluyen carcinomas (adenocarcinomas o carcinomas de células escamosas) y sarcomas. Las malignas de tejido hematopoyética y linfoidea no se consideran neoplasias sólidas.,Indique «Sí» si esta afección existía antes de la admisión con la enfermedad actual y sigue siendo una afección médica activa.,2,0,0,0,0,0
presentación,COMORBILIDADES Y FACTORES DE RIESGO: Presentes antes de esta enfermedad y aún activos,comor_malignantn_leuk,Leucemia,"1, Sí | 0, No | 99, Desconocido","Definida como una enfermedad progresiva y maligna de los órganos formadores de sangre, caracterizados por proliferación y desarrollo distorsionados de leucocitos y sus precursores en la sangre y la médula ósea. Las leucemias se llamaron originalmente agudas o crónicas según la esperanza de vida, pero ahora se clasifican de acuerdo con la madurez celular.",Indique «Sí» si esta afección existía antes de la admisión con la enfermedad actual y sigue siendo una afección médica activa.,2,0,0,0,0,0
presentación,COMORBILIDADES Y FACTORES DE RIESGO: Presentes antes de esta enfermedad y aún activos,comor_malignantn_lymp,Linfoma,"1, Sí | 0, No | 99, Desconocido","Definido como una proliferación maligna (clonal) de b-linfocitos o linfocitos t que involucran los ganglios linfáticos, la médula ósea y/o los sitios extraanodales. Esta categoría incluye linfomas no Hodgkin y linfomas de Hodgkin.","Indique «Sí» si esta afección existía antes de la admisión con la enfermedad actual y sigue siendo una afección médica activa. ",2,0,0,0,0,0
presentación,COMORBILIDADES Y FACTORES DE RIESGO: Presentes antes de esta enfermedad y aún activos,comor_obesity,Obesidad,"1, Sí | 0, No | 99, Desconocido",Se refiere al peso corporal muy superior al estándar recomendado. El IMC> = 30 kg/m2 u otro corte de IMC localmente apropiado se puede usar para definir la obesidad.,Indique «Sí» si esta afección existía antes de la admisión con la enfermedad actual y sigue siendo una afección médica activa.,2,0,0,0,0,0
presentación,COMORBILIDADES Y FACTORES DE RIESGO: Presentes antes de esta enfermedad y aún activos,comor_malnutriti,Desnutrición,"1, Sí | 0, No | 99, Desconocido","Esto se refiere a cualquier deficiencia clínicamente identificada en la ingesta, ya sea de energía total o de nutrientes específicos, que condujeron a una intervención o derivación dietética antes de este ingreso.","Indique 'sí', si esta es la condición existente antes de la admisión con esta enfermedad actual y sigue siendo una condición médica activa.",2,0,0,0,0,0
presentación,COMORBILIDADES Y FACTORES DE RIESGO: Presentes antes de esta enfermedad y aún activos,comor_diabetes,Diabetes mellitus,"1, Sí | 0, No | 99, Desconocido","Definido como un trastorno metabólico caracterizado por niveles anormalmente altos de azúcar en la sangre debido a la producción disminuida de resistencia o desensibilización de insulina o insulina. Esto incluye diabetes mellitus tipo 1, diabetes mellitus tipo 2 o diabetes gestacional que requiere tratamiento oral o subcutáneo.","Indique 'sí', si esta es la condición existente antes de la admisión con esta enfermedad actual y sigue siendo una condición médica activa.",2,0,0,0,0,0
presentación,COMORBILIDADES Y FACTORES DE RIESGO: Presentes antes de esta enfermedad y aún activos,comor_diabetes_type,Tipo de diabetes mellitus,"1, Tipo 1 | 2, Tipo 2 | 3, Diabetes gestacional | 99, Desconocido","Se refiere a un subtipo de diabetes mellitus que se caracteriza por la deficiencia de insulina; se manifiesta por la aparición repentina de hiperglucemia grave, la rápida progresión a cetoacidosis diabética y la muerte si no se trata con insulina; la enfermedad puede aparecer a cualquier edad, pero es más frecuente en la infancia o la adolescencia.",Indique «Sí» si esta afección existía antes del ingreso con la enfermedad actual y sigue siendo una afección médica activa.,2,0,0,0,0,0
presentación,COMORBILIDADES Y FACTORES DE RIESGO: Presentes antes de esta enfermedad y aún activos,comor_diabetes_endorg,Daño final de los órganos por diabetes,"1, Sí | 0, No | 99, Desconocido","Se refiere al daño irreparable a múltiples órganos/sistemas, que es el resultado de complicaciones crónicas de la diabetes. Los órganos/sistemas afectados incluyen el sistema cardiovascular, los riñones, los ojos, el sistema nervioso, las articulaciones y los pies.","Indique 'sí', si esta es la condición existente antes de la admisión con esta enfermedad actual y sigue siendo una condición médica activa.",2,0,0,0,0,0
presentación,COMORBILIDADES Y FACTORES DE RIESGO: Presentes antes de esta enfermedad y aún activos,comor_hba1c,Resultado de HBA1C en los últimos 6 meses (unidades selectas),,"La hemoglobina A1C (HbA1c) es un análisis de sangre que mide el nivel promedio de glucosa en sangre durante los tres meses anteriores al resultado de la prueba. Se puede informar en diferentes unidades (mmol/mol, mmol/l o %).","Seleccione la opción que mejor se ajuste al resultado. Si no hay resultado para el paciente en los últimos seis meses, avance a la siguiente pregunta.",2,0,0,0,0,
presentación,COMORBILIDADES Y FACTORES DE RIESGO: Presentes antes de esta enfermedad y aún activos,comor_hba1c_units,Resultado de HbA1C en los últimos 6 meses (unidades seleccionadas),"1, mmol/mol | 2, %",,,2,0,0,,,0
presentación,COMORBILIDADES Y FACTORES DE RIESGO: Presentes antes de esta enfermedad y aún activos,comor_hba1c_mmolmol,Resultado de HBA1C en los últimos 6 meses (MMOL/mol),,"La hemoglobina A1C (HbA1c) es un análisis de sangre que mide el nivel promedio de glucosa en sangre durante los tres meses anteriores al resultado de la prueba. Se puede informar en diferentes unidades (mmol/mol, mmol/l o %).",Ingrese el valor numérico para el nivel de HbA1c expresado en MMOL/Mol.,2,0,0,0,0,
presentación,COMORBILIDADES Y FACTORES DE RIESGO: Presentes antes de esta enfermedad y aún activos,comor_hba1c_pcnt,Resultados de HbA1C en los últimos 6 meses (%).,,"La hemoglobina A1C (HbA1C) es un análisis de sangre que mide el nivel medio de glucosa en sangre durante los tres meses anteriores al resultado del análisis. Se puede expresar en diferentes unidades (mmol/mol, mmol/L o %).",Introduzca el valor numérico del nivel de HbA1C expresado en porcentaje %.,2,0,0,0,0,
presentación,COMORBILIDADES Y FACTORES DE RIESGO: Presentes antes de esta enfermedad y aún activos,comor_smoking,Alguna vez fumado,"1, Sí | 0, No | 99, Desconocido","Se refiere al consumo de cigarrillos, puros, pipas o equivalentes. Se considera que una persona nunca ha fumado si nunca ha fumado en el momento de la evaluación o ha fumado menos de 100 de los productos mencionados anteriormente a lo largo de su vida. No se incluyen los productos de tabaco sin humo, como el tabaco de mascar o los dispositivos electrónicos de administración de nicotina.","Indique 'sí', si esta es la condición existente antes de la admisión con esta enfermedad actual y sigue siendo una condición médica activa. Indique 'no' si el paciente nunca ha fumado (definido como una persona que nunca ha fumado en el momento de la evaluación o ha fumado menos de 100 de los artículos anteriores en su vida).",2,0,0,0,0,0
presentación,COMORBILIDADES Y FACTORES DE RIESGO: Presentes antes de esta enfermedad y aún activos,comor_smoking_type,Estado de tabaquismo,"1, Fumador actual | 2, Exfumador","Se refiere al consumo de cigarrillos, puros, pipas o equivalentes. Se define como «nunca fumador» a una persona que nunca ha fumado en el momento de la evaluación o que ha fumado menos de 100 de los productos mencionados anteriormente a lo largo de su vida. No se incluyen los productos de tabaco sin humo, como el tabaco de mascar o los dispositivos electrónicos de administración de nicotina. ",Indique «Sí» si esta afección existía antes del ingreso con la enfermedad actual y sigue siendo una afección médica activa. Indique «No» si el paciente nunca ha fumado (definido como una persona que nunca ha fumado en el momento de la evaluación o que ha fumado menos de 100 de los artículos anteriores en su vida).,2,0,0,0,0,0
presentación,COMORBILIDADES Y FACTORES DE RIESGO: Presentes antes de esta enfermedad y aún activos,comor_smoking_passive,Tabaquismo pasivo (vive en el mismo hogar que un fumador),"1, Sí | 0, No | 99, Desconocido",Se refiere al aumento del riesgo de exposición a los productos del tabaco entre las personas que no fuman. Esto puede deberse a compartir el espacio con un fumador o a la transferencia placentaria de la madre al feto.,"Indique «Sí» si esta afección existía antes del ingreso con la enfermedad actual y sigue siendo una afección médica activa. ",2,0,0,0,0,0
presentación,COMORBILIDADES Y FACTORES DE RIESGO: Presentes antes de esta enfermedad y aún activos,comor_orgtrans,Receptor de trasplante,"1, Sí | 0, No | 99, Desconocido","Esto se refiere a un individuo que recibe (o ha recibido) tejidos u órganos transferidos de otro individuo de las mismas o diferentes especies, o desde el mismo individuo.",Indique «Sí» si esta afección existía antes del ingreso con la enfermedad actual y sigue siendo una afección médica activa.,2,0,0,0,0,0
presentación,COMORBILIDADES Y FACTORES DE RIESGO: Presentes antes de esta enfermedad y aún activos,comor_orgtrans_organ,En caso afirmativo: especifique los órganos trasplantados,"1, Pulmón | 2, Corazón | 3, Riñón | 4, Hígado | 5, Hueso | 6, Célula madre hematopoyética","Se refiere a los tejidos u órganos específicos transferidos de otra persona de la misma especie o de otra especie, o de la propia persona.",Seleccione todo lo que se aplique.,2,0,0,0,0,0
presentación,COMORBILIDADES Y FACTORES DE RIESGO: Presentes antes de esta enfermedad y aún activos,comor_primaryimmuno,Inmunodeficiencia primaria,"1, Sí | 0, No | 99, Desconocido","Se refiere a una enfermedad de inmunodeficiencia que surge independientemente de otro proceso patológico, enfermedad o lesión.",Indique «Sí» si esta afección existía antes del ingreso con la enfermedad actual y sigue siendo una afección médica activa.,2,0,0,0,0,0
presentación,COMORBILIDADES Y FACTORES DE RIESGO: Presentes antes de esta enfermedad y aún activos,comor_chemotherapy,Quimioterapia,"1, Sí | 0, No | 99, Desconocido","Se refiere al tratamiento que utiliza medicamentos para detener el crecimiento de las células cancerosas, ya sea matándolas o impidiendo que se dividan.","Indique «Sí» si esta afección existía antes del ingreso con la enfermedad actual y sigue siendo una afección médica activa. ",2,0,0,0,0,0
presentación,COMORBILIDADES Y FACTORES DE RIESGO: Presentes antes de esta enfermedad y aún activos,comor_radiotherapy,Radioterapia,"1, Sí | 0, No | 99, Desconocido","Se refiere al uso de radiación de alta energía procedente de rayos X, rayos gamma, neutrones, protones y otras fuentes para destruir las células cancerosas y reducir los tumores.",Indique «Sí» si esta afección existía antes del ingreso con la enfermedad actual y sigue siendo una afección médica activa.,2,0,0,0,0,0
presentación,COMORBILIDADES Y FACTORES DE RIESGO: Presentes antes de esta enfermedad y aún activos,comor_steroidtherapy,Tratamiento con corticosteroides a largo plazo o en dosis altas,"1, Sí | 0, No | 99, Desconocido",Se refiere al uso de corticosteroides exógenos en dosis altas o durante períodos prolongados (normalmente más de 4 semanas) para el tratamiento de cualquier enfermedad o trastorno.,Indique «Sí» si esta afección existía antes del ingreso con la enfermedad actual y sigue siendo una afección médica activa.,2,0,0,0,0,0
presentación,COMORBILIDADES Y FACTORES DE RIESGO: Presentes antes de esta enfermedad y aún activos,comor_skincon,Afección(es) cutánea(s) relevante(s) (dermatitis atópica o afecciones cutáneas exfoliantes activas),"1, Sí | 0, No | 99, Desconocido",Se refiere a cualquier desviación de la estructura o función normal de la piel o del tejido subcutáneo que se manifiesta mediante un conjunto característico de síntomas y signos.,Indique «Sí» si esta afección existía antes del ingreso con la enfermedad actual y sigue siendo una afección médica activa.,2,0,0,0,0,0
presentación,COMORBILIDADES Y FACTORES DE RIESGO: Presentes antes de esta enfermedad y aún activos,comor_skincondesc,Describa la(s) afección(es) cutánea(s),,Se refiere a cualquier desviación de la estructura o función normal de la piel o del tejido subcutáneo que se manifiesta mediante un conjunto característico de síntomas y signos.,"Si la respuesta es «Sí», describa la afección o afecciones cutáneas.",2,0,0,0,0,
presentación,COMORBILIDADES Y FACTORES DE RIESGO: Presentes antes de esta enfermedad y aún activos,comor_paed,Comorbilidades específicas de pediatría,,,,2,0,0,,,
presentación,COMORBILIDADES Y FACTORES DE RIESGO: Presentes antes de esta enfermedad y aún activos,comor_premature,Prematuridad (<37 semanas),"1, sí | 0, No | 99, Desconocido",Se refiere al nacimiento de un feto con menos de 37 semanas y 0 días de gestación.,Indique «Sí» si esta afección existía antes del ingreso con la enfermedad actual y sigue siendo una afección médica activa.,2,0,0,0,0,0
presentación,COMORBILIDADES Y FACTORES DE RIESGO: Presentes antes de esta enfermedad y aún activos,comor_malnut_assess,Evaluación de la desnutrición,,"Se refiere a cualquier deficiencia clínicamente identificada en la ingesta, ya sea de energía total o de nutrientes específicos, que motivó una intervención dietética o derivación previa a este ingreso.","Indique 'Sí', si esta condición existía antes de la admisión con esta enfermedad actual y sigue siendo una condición médica activa.",2,0,0,0,0,
presentación,COMORBILIDADES Y FACTORES DE RIESGO: Presentes antes de esta enfermedad y aún activos,comor_malnut_muac,Circunferencia media del brazo,,,,2,0,0,,,
presentación,COMORBILIDADES Y FACTORES DE RIESGO: Presentes antes de esta enfermedad y aún activos,comor_malnut_acuteill,Enfermedad aguda en los últimos 3 meses.,"1, sí | 0, No | 99, Desconocido",,,2,0,0,,,0
presentación,COMORBILIDADES Y FACTORES DE RIESGO: Presentes antes de esta enfermedad y aún activos,comor_malnut_fintake65,"Disminución en la ingesta de alimentos en los últimos 3 meses (apetito, digestión, dificultades para masticar/tragar)","1, sí | 0, No | 99, Desconocido",,,2,0,0,,,0
presentación,COMORBILIDADES Y FACTORES DE RIESGO: Presentes antes de esta enfermedad y aún activos,comor_malnut_wtloss65,Pérdida de peso durante los últimos 3 meses.,"1, Pérdida de peso superior a 3 kg (6,6 lbs) | 3, Pérdida de peso entre 1 y 3 kg (2,2 y 6,6 lbs) | 0, sin pérdida de peso | 99, desconocido",,,2,0,0,,,0
presentación,COMORBILIDADES Y FACTORES DE RIESGO: Presentes antes de esta enfermedad y aún activos,comor_malnut_psychstress65,Estrés psicológico en los últimos 3 meses.,"1, sí | 0, No | 99, Desconocido",,,2,0,0,,,0
presentación,COMORBILIDADES Y FACTORES DE RIESGO: Presentes antes de esta enfermedad y aún activos,comor_otherdesc,Otras comorbilidades.,,,,2,0,0,,,
presentación,COMORBILIDADES Y FACTORES DE RIESGO: Presentes antes de esta enfermedad y aún activos,comor_unlisted,Otras comorbilidad (s) relevantes,"1, Sí | 0, No | 99, Desconocido",Se refiere a una o varias afecciones comórbidas no enumeradas anteriormente.,Indique «Sí» si esta afección existía antes de la admisión con la enfermedad actual y sigue siendo una afección médica activa.,2,0,0,0,0,0
presentación,COMORBILIDADES Y FACTORES DE RIESGO: Presentes antes de esta enfermedad y aún activos,comor_mhdesc,Condiciones agudas actuales,,,,2,0,0,,,
presentación,COMORBILIDADES Y FACTORES DE RIESGO: Presentes antes de esta enfermedad y aún activos,medic_cpox,Varicela activa,"1, Sí | 0, No | 99, Desconocido","Esto se refiere a la infección activa de varicela causada por el virus Varicella-Zoster. Las manifestaciones clínicas son fiebre y erupción cutánea vesicular prurítica que ocurre de diez a veintiún días después de la exposición. No incluya aquellos con virus de varicela Zoster reactivado (VZV), es decir, tejas.","Indique 'sí', si esta es la condición existente antes de la admisión con esta enfermedad actual y sigue siendo una condición médica activa.",2,0,0,0,0,0
presentación,COMORBILIDADES Y FACTORES DE RIESGO: Presentes antes de esta enfermedad y aún activos,medic_meas,Sarampión activo,"1, sí | 0, No | 99, Desconocido",,"Indique 'Sí', si esta condición existía antes de la admisión con esta enfermedad actual y sigue siendo una condición médica activa.",2,0,0,,0,0
presentación,COMORBILIDADES Y FACTORES DE RIESGO: Presentes antes de esta enfermedad y aún activos,medic_actshingles,Tejas activas (herpes zoster),"1, Sí | 0, No | 99, Desconocido","Se refiere a un caso activo de herpes zóster debido a la reactivación del virus varicela-zóster que ha permanecido latente, después de la exposición inicial del paciente al virus en forma de varicela.","Indique 'sí', si el paciente actualmente tiene tejas (herpes zoster), una reactivación del virus Varicella-Zoster. Indique 'no' si el paciente solo ha tenido varicela en el pasado, o si el paciente no tiene antecedentes de esta afección.",2,0,0,0,0,0
presentación,COMORBILIDADES Y FACTORES DE RIESGO: Presentes antes de esta enfermedad y aún activos,medic_acthcv,Hepatitis C activa,"1, Sí | 0, No | 99, Desconocido",Se refiere a un caso activo de infección por el virus de la hepatitis C.,Indique «Sí» si el paciente tiene actualmente una infección activa por hepatitis C.,2,0,0,0,0,0
presentación,COMORBILIDADES Y FACTORES DE RIESGO: Presentes antes de esta enfermedad y aún activos,medic_acthbv,"Hepatitis B activa ","1, Sí | 0, No | 99, Desconocido",Se refiere a un caso activo de infección por el virus de la hepatitis B.,Indique «Sí» si el paciente tiene actualmente una infección activa por hepatitis B.,2,0,0,0,0,0
presentación,COMORBILIDADES Y FACTORES DE RIESGO: Presentes antes de esta enfermedad y aún activos,medic_sti,Infección activa de transmisión sexual,"1, Sí | 0, No | 99, Desconocido","Definido como infecciones debido a o propagadas por contacto sexual que incluye clamidia, herpes genital/verrugas, gonorrea, VPH, piojos públicos, sífilis, tricomoniasis, linfogranuloma venereum. No incluya el VIH/SIDA y la hepatitis crónica, como se especifica en preguntas separadas.","Indique 'sí', si esta es la condición existente antes de la admisión con esta enfermedad actual y sigue siendo una condición médica activa.",2,0,0,0,0,0
presentación,COMORBILIDADES Y FACTORES DE RIESGO: Presentes antes de esta enfermedad y aún activos,medic_sti_type,Especificar STI activo,"1, Virus del herpes simple (VHS) | 2, Virus del papiloma humano (VPH) | 3, Clamidia | 4, Gonorrea | 5, Sífilis | 6, Mycoplasma genitalium | 99, Desconocido | 88, Otros","Definido como infecciones debido a o propagadas por contacto sexual que incluye clamidia, herpes genital/verrugas, gonorrea, VPH, piojos públicos, sífilis, tricomoniasis, linfogranuloma venereum. No incluya el VIH/SIDA y la hepatitis crónica, como se especifica en preguntas separadas.",Seleccione todo lo que se aplique.,2,0,0,0,0,0
presentación,COMORBILIDADES Y FACTORES DE RIESGO: Presentes antes de esta enfermedad y aún activos,medic_sti_oth,En caso afirmativo: especifique otros STI activos,,"Definido como infecciones debidas o propagadas por contacto sexual, incluidos, no enumerados anteriormente. No incluya el VIH/SIDA y la hepatitis crónica, como se especifica en preguntas separadas.","Si selecciona «Otra», especifique la otra ITS activa.",2,0,0,0,0,
presentación,HISTORIA CLÍNICA,medic_previnf,¿Se sabe que el paciente ha tenido infecciones previas con este patógeno?,"1, Sí | 0, No | 99, Desconocido",Definido como un diagnóstico previo con el mismo patógeno en un episodio clínico distinto de esta presentación o admisión.,"Indique 'sí', si el paciente se ha infectado previamente con el mismo patógeno.",2,0,0,0,0,0
presentación,HISTORIA CLÍNICA,medic_firstadm,En caso afirmativo: ¿El paciente alguna vez hospitalizado en un episodio anterior de la misma infección?,"1, Sí, ingresado en hospital o UCI | 0, No | 99, Desconocido",Esto se refiere al historial previo de infección del paciente con el mismo patógeno y si el paciente alguna vez fue ingresado en el hospital o la UCI.,Indique 'sí' si el paciente fue ingresado en el hospital o UCI para infección con el mismo patógeno.,2,0,0,0,0,0
presentación,HISTORIA CLÍNICA,medic_infstartdate,¿Cuándo comenzó el episodio previo?,,"Se refiere a la fecha exacta (o aproximada, si se desconoce) en la que comenzó el episodio anterior de infección por el mismo patógeno.","Escriba la fecha exacta en formato DD/MM/AAAA o, si no se conoce, escriba una fecha aproximada en la que comenzó la infección previa por el mismo patógeno.",2,0,0,0,0,
presentación,HISTORIA CLÍNICA,medic_infenddate,¿Cuándo terminó el episodio previo?,,"Se refiere a la fecha exacta (o aproximada, si se desconoce) en la que finalizó el episodio anterior de infección por el mismo patógeno.","Escriba la fecha exacta en formato DD/MM/AAAA o, si no se conoce, escriba una fecha aproximada en la que finalizó la infección previa por el mismo patógeno.",2,0,0,0,0,
presentación,HISTORIA CLÍNICA,medic_labtest,¿Fue confirmado el episodio anterior por pruebas de laboratorio?,"1, Sí | 0, No | 99, Desconocido",Esto se refiere a la confirmación del episodio de infección anterior con una prueba de laboratorio.,"Indique 'sí', si el episodio anterior se confirmó con las pruebas de laboratorio.",2,0,0,0,0,0
presentación,HISTORIA CLÍNICA,medic_previnf2,¿Se sabe que el paciente ha tenido una (s) infección (s) antes del último reportado con este patógeno?,"1, Sí | 0, No | 99, Desconocido",Definido como un diagnóstico previo con el mismo patógeno en un episodio clínico antes de la última infección informada.,"Indique 'sí', si el paciente ha tenido previamente una infección con el mismo patógeno en un episodio clínico antes de la última infección informada.",2,0,0,0,0,0
presentación,HISTORIA CLÍNICA,medic_previnf2_adm,En caso afirmativo: ¿El paciente alguna vez hospitalizado en este episodio anterior de la misma infección?,"1, Sí, ingresado en hospital o UCI | 0, No | 99, Desconocido",Esto se refiere al historial previo de infección del paciente con el mismo patógeno y si el paciente alguna vez fue ingresado en el hospital o la UCI.,Indique 'sí' si el paciente ingresó en el hospital o la UCI para una infección con el mismo patógeno en un episodio clínico antes de la última infección reportada.,2,0,0,0,0,0
presentación,HISTORIA CLÍNICA,medic_previnf2_startdate,¿Cuándo comenzó este episodio anterior?,,"Se refiere a la fecha exacta (o aproximada, si se desconoce) en la que comenzó el episodio anterior de infección por el mismo patógeno.","Escriba la fecha exacta en formato DD/MM/AAAA o, si no se conoce, escriba una fecha aproximada en la que comenzó la infección previa por el mismo patógeno.",2,0,0,0,0,
presentación,HISTORIA CLÍNICA,medic_previnf2_enddate,¿Cuándo terminó este episodio anterior?,,"Se refiere a la fecha exacta (o aproximada, si se desconoce) en la que finalizó el episodio anterior de infección por el mismo patógeno.","Escriba la fecha exacta en formato DD/MM/AAAA o, si no se conoce, escriba una fecha aproximada en la que finalizó la infección previa por el mismo patógeno.",2,0,0,0,0,
presentación,HISTORIA CLÍNICA,medic_previnf3,¿Se sabe que el paciente ha tenido una (s) infección (s) antes del último reportado con este patógeno?,"1, Sí | 0, No | 99, Desconocido",Definido como un diagnóstico previo con el mismo patógeno en un episodio clínico antes de la última infección informada.,"Indique 'sí', si el paciente ha tenido previamente una infección con el mismo patógeno en un episodio clínico antes de la última infección informada.",2,0,0,0,0,0
presentación,HISTORIA CLÍNICA,medic_previnf3_adm,En caso afirmativo: ¿El paciente alguna vez hospitalizado en este episodio anterior de la misma infección?,"1, Sí, ingresado en hospital o UCI | 0, No | 99, Desconocido",Esto se refiere al historial previo de infección del paciente con el mismo patógeno y si el paciente alguna vez fue ingresado en el hospital o la UCI.,Indique 'sí' si el paciente ingresó en el hospital o la UCI para una infección con el mismo patógeno en un episodio clínico antes de la última infección reportada.,2,0,0,0,0,0
presentación,HISTORIA CLÍNICA,medic_previnf3_startdate,¿Cuándo comenzó este episodio anterior?,,"Se refiere a la fecha exacta (o aproximada, si se desconoce) en la que comenzó el episodio anterior de infección por el mismo patógeno.","Escriba la fecha exacta en formato DD/MM/AAAA o, si no se conoce, escriba una fecha aproximada en la que comenzó la infección previa por el mismo patógeno.",2,0,0,0,0,
presentación,HISTORIA CLÍNICA,medic_previnf3_enddate,¿Cuándo terminó este episodio anterior?,,"Se refiere a la fecha exacta (o aproximada, si se desconoce) en la que finalizó el episodio anterior de infección por el mismo patógeno.","Escriba la fecha exacta en formato DD/MM/AAAA o, si no se conoce, escriba una fecha aproximada en la que finalizó la infección previa por el mismo patógeno.",2,0,0,0,0,
presentación,HISTORIA CLÍNICA,medic_cpoxpast,¿Se sabe que tiene infecciones de varicela anteriores?,"1, Sí | 0, No | 99, Desconocido","Esto se refiere a una infección de varicela anterior. No incluye una historia de virus de varicela zoster reactivado (VZV), es decir, tejas.","Indique 'sí', si esta es la condición existente antes de la admisión con esta enfermedad actual y sigue siendo una condición médica activa.",2,0,0,0,0,0
presentación,MEDICACIÓN ANTES DE ESTA HOSPITALIZACIÓN,drug14_antiviral,Antivírico,"1, Sí | 0, No | 99, Desconocido","Un agente antiviral se refiere a cualquier agente recetado para tratar o prevenir infecciones virales al interferir en el ciclo de replicación viral. Algunos ejemplos de inhibidores de la neuraminidasa son el oseltamivir, la ribavirina, el aciclovir y el lopinavir/ritonavir. No se incluyen los preparados tópicos.",Indique «Sí» si el paciente ha tomado un antiviral en los 14 días anteriores a este último ingreso/presentación.,2,0,0,0,0,0
presentación,MEDICACIÓN ANTES DE ESTA HOSPITALIZACIÓN,drug14_antiviral_type,Antivírico,,"Un agente antiviral se refiere a cualquier agente prescrito para tratar o prevenir infecciones virales al interferir con el ciclo de replicación viral. Los ejemplos de inhibidores de la neuraminidasa incluyen oseltamivir, ribavirina, aciclovir y lopinavir/ritonavir. Las preparaciones tópicas no están incluidas.","Indique 'sí', si el paciente ha tomado un antiviral en los 14 días previos a esta admisión / presentación más reciente",2,0,0,0,0,
presentación,MEDICACIÓN ANTES DE ESTA HOSPITALIZACIÓN,drug14_antiviral_route,Ruta de administración antiviral,"1, Oral | 2, Inhalado | 3, IV | 4, Tópico | 99, Desconocido","Esto se refiere a la parte del cuerpo a través del cual o en el cual se introduce el Medicinal (Medicamento). Oral se refiere a administrar por vía oral. Inhalado se refiere a la administración a través de la ruta respiratoria (insuflación en el tracto respiratorio). IV (intravenoso) se refiere a la administración en el torrente sanguíneo a través de la inyección en una vena. La tópica se refiere a la administración mediante la aplicación de preparaciones de fármacos a las superficies del cuerpo, especialmente la piel o las membranas mucosas.",Indique la ruta de administración para el agente antiviral.,2,0,0,0,0,0
presentación,MEDICACIÓN ANTES DE ESTA HOSPITALIZACIÓN,drug14_antiviraldate,Fecha de inicio del antiviral,,Se refiere a la fecha en que se inició el tratamiento con el medicamento o se administró la primera dosis.,Introduzca la fecha en formato DD/MM/AAAA.,2,0,0,0,0,
presentación,MEDICACIÓN ANTES DE ESTA HOSPITALIZACIÓN,drug14_antiviralday,Número de días antivirales tomados,,Incluye todos los días calendario en los que se recibió o se le indicó a una dosis de tomar la prescripción de alta.,Ingrese el número total de días para los cuales se recibió o se le indicó a una dosis de tomar la prescripción de alta.,2,0,0,0,0,
presentación,MEDICACIÓN ANTES DE ESTA HOSPITALIZACIÓN,drug14_steroid,Corticosteroide,"1, Sí | 0, No | 99, Desconocido","Los corticosteroides (comúnmente denominados 'esteroides') se refieren a todos los tipos de corticosteroides terapéuticos, hechos en la corteza suprarrenal (la parte externa de la glándula suprarrenal). También se hacen en el laboratorio. Los ejemplos incluyen: prednisolona, ​​prednisona, metil-prednisolona, ​​dexametasona, hidrocortisona, fluticasona, betametasona. No se incluyen preparaciones tópicas, pero se incluyen preparaciones inhaladas.","Indique 'sí', si el paciente ha tomado un 'esteroide' en los 14 días previos a esta admisión / presentación más reciente",2,0,0,0,0,0
presentación,MEDICACIÓN ANTES DE ESTA HOSPITALIZACIÓN,drug14_steroid_type,Corticosteroide,,"Los corticosteroides (comúnmente denominados 'esteroides') se refieren a todos los tipos de corticosteroides terapéuticos, hechos en la corteza suprarrenal (la parte externa de la glándula suprarrenal). También se hacen en el laboratorio. Los ejemplos incluyen: prednisolona, ​​prednisona, metil-prednisolona, ​​dexametasona, hidrocortisona, fluticasona, betametasona. No se incluyen preparaciones tópicas, pero se incluyen preparaciones inhaladas.","Indique 'sí', si el paciente ha tomado un 'esteroide' en los 14 días previos a esta admisión / presentación más reciente",2,0,0,0,0,
presentación,MEDICACIÓN ANTES DE ESTA HOSPITALIZACIÓN,drug14_steroid_route,Vía de administración del corticosteroide,"1, Oral | 2, Inhalado | 3, IV | 99, Desconocido","Se refiere a la parte del cuerpo a través de la cual o en la que se introduce el medicamento (fármaco), o la forma en que se introduce. Oral se refiere a la administración por vía bucal. Inhalado se refiere a la administración por vía respiratoria (insuflación en las vías respiratorias). IV (intravenoso) se refiere a la administración en el torrente sanguíneo mediante inyección en una vena. Tópico se refiere a la administración mediante la aplicación de preparados farmacológicos en la superficie del cuerpo, especialmente en la piel o las membranas mucosas.",Indique la vía de administración del corticosteroide.,2,0,0,0,0,0
presentación,MEDICACIÓN ANTES DE ESTA HOSPITALIZACIÓN,drug14_steroid_date,Fecha de inicio del corticosteroide,,Se refiere a la fecha en que se inició el tratamiento con el medicamento o se administró la primera dosis.,Introduzca la fecha en formato DD/MM/AAAA.,2,0,0,0,0,
presentación,MEDICACIÓN ANTES DE ESTA HOSPITALIZACIÓN,drug14_steroid_day,Número de días que se ha tomado el corticosteroide,,Incluye todos los días naturales en los que se recibió una dosis o se indicó su administración en la receta al alta.,Introduzca el número total de días durante los que se recibió una dosis o se indicó su administración en la receta al alta.,2,0,0,0,0,
presentación,MEDICACIÓN ANTES DE ESTA HOSPITALIZACIÓN,drug14_steroid_dose,Dosis del corticosteroide,,Se refiere a la dosis del agente corticosteroide.,Indique la dosis del agente corticosteroide.,2,0,0,0,0,
presentación,MEDICACIÓN ANTES DE ESTA HOSPITALIZACIÓN,drug14_immunusupp,Agentes inmunosupresores (no corticosteroides),"1, Sí | 0, No | 99, Desconocido",Esto se refiere a un paciente que se sabe que ha tomado medicamentos recetados que se sabe que tienen un efecto de inmunosupresión (excluyendo esteroides/corticosteroides). Los preparativos tópicos no deben registrarse.,"Indique 'sí', si el paciente ha tomado un agente inmunosupresor en los 14 días previos a esta admisión / presentación más reciente",2,0,0,0,0,0
presentación,MEDICACIÓN ANTES DE ESTA HOSPITALIZACIÓN,drug14_immunusupp_type,Agentes inmunosupresores (no corticosteroides),,Esto se refiere a un paciente que se sabe que ha tomado medicamentos recetados que se sabe que tienen un efecto de inmunosupresión (excluyendo esteroides/corticosteroides). Los preparativos tópicos no deben registrarse.,"Indique 'sí', si el paciente ha tomado un agente inmunosupresor en los 14 días previos a esta admisión / presentación más reciente",2,0,0,0,0,
presentación,MEDICACIÓN ANTES DE ESTA HOSPITALIZACIÓN,drug14_antibiotic,Antibióticos,"1, Sí | 0, No | 99, Desconocido",Los antibióticos se refieren a cualquier agente que se dirige selectivamente a las bacterias.  Los preparativos tópicos no deben registrarse.,"Indique 'sí', si el paciente ha tomado un antibiótico en los 14 días previos a esta admisión / presentación más reciente",2,0,0,0,0,0
presentación,MEDICACIÓN ANTES DE ESTA HOSPITALIZACIÓN,drug14_antibiotic_type,Antibióticos,,Los antibióticos se refieren a cualquier agente que se dirige selectivamente a las bacterias.  Los preparativos tópicos no deben registrarse.,"Indique 'sí', si el paciente ha tomado un antibiótico en los 14 días previos a esta admisión / presentación más reciente",2,0,0,0,0,
presentación,MEDICACIÓN ANTES DE ESTA HOSPITALIZACIÓN,drug14_nsaid,AINE,"1, Sí | 0, No | 99, Desconocido","Los fármacos o AINE antiinflamatorios no esteroideos se refieren a cualquier agente que no sea un corticosteroide y tenga actividades potenciales antiinflamatorias, analgésicas, antipiréticas y antiglateletarias. La mayoría de los medicamentos antiinflamatorios no esteroideos (AINE) actúan al inhibir la conversión de ácido araquidónico en los precursores de prostaglandina y tromboxano por enzimas ciclooxigenasa. Los preparativos tópicos no deben registrarse.","Indique 'sí', si el paciente ha tomado un AINE en los 14 días previos a esta admisión / presentación más reciente",2,0,0,0,0,0
presentación,MEDICACIÓN ANTES DE ESTA HOSPITALIZACIÓN,drug14_nsaid_type,AINE,,"Los fármacos o AINE antiinflamatorios no esteroideos se refieren a cualquier agente que no sea un corticosteroide y tenga actividades potenciales antiinflamatorias, analgésicas, antipiréticas y antiglateletarias. La mayoría de los medicamentos antiinflamatorios no esteroideos (AINE) actúan al inhibir la conversión de ácido araquidónico en los precursores de prostaglandina y tromboxano por enzimas ciclooxigenasa. Los preparativos tópicos no deben registrarse.","Indique 'sí', si el paciente ha tomado un AINE en los 14 días previos a esta admisión / presentación más reciente",2,0,0,0,0,
presentación,MEDICACIÓN ANTES DE ESTA HOSPITALIZACIÓN,drug14_nsaid_dose,dosis total de AINE mg/día,,,,2,0,0,,,
presentación,MEDICACIÓN ANTES DE ESTA HOSPITALIZACIÓN,drug14_nsaid_dur,Duración del uso de AINE,,,,2,0,0,,,
presentación,MEDICACIÓN ANTES DE ESTA HOSPITALIZACIÓN,drug14_analg,Analgésicos/antipiréticos (no AINE),"1, sí | 0, No | 99, Desconocido",,,2,0,0,,,0
presentación,MEDICACIÓN ANTES DE ESTA HOSPITALIZACIÓN,drug14_analg_type,Seleccione Analgésicos/antipiréticos (no AINE),"1, paracetamol (acetaminofén) | 2, metamizol (dipirona) |  88, otro",,,2,0,0,,,1
presentación,MEDICACIÓN ANTES DE ESTA HOSPITALIZACIÓN,drug14_analg_type_oth,Especificar otros Analgésicos/antipiréticos (no AINE),,,,2,0,0,,,
presentación,MEDICACIÓN ANTES DE ESTA HOSPITALIZACIÓN,drug14_opio,Opioides,"1, sí | 0, No | 99, Desconocido",,,2,0,0,,,0
presentación,MEDICACIÓN ANTES DE ESTA HOSPITALIZACIÓN,drug14_dmard,Fármacos antirreumáticos modificadores de la enfermedad (FAME),"1, sí | 0, No | 99, Desconocido",,,2,0,0,,,0
presentación,MEDICACIÓN ANTES DE ESTA HOSPITALIZACIÓN,drug14_dmard_type,Fármacos antirreumáticos modificadores de la enfermedad (FAME),"1, metotrexato | 2, sulfasalazina | 3, hidroxicloroquina | 4, leflunomida | 5, azatioprina | 6, inhibidores del TNF (p. ej., adalimumab, infliximab, etanercept) | 7, inhibidores de IL-6 (p. ej., tocilizumab) | 8, inhibidores de células B (p. ej., rituximab) | 9, inhibidores de la coestimulación de células T (p. ej., abatacept) | 88, otro",,,2,0,0,,,1
presentación,MEDICACIÓN ANTES DE ESTA HOSPITALIZACIÓN,drug14_anticoagul,Anticoagulantes,"1, Sí | 0, No | 99, Desconocido","Un anticoagulante es cualquier agente capaz de prevenir la formación de coágulos sanguíneos o la agregación plaquetaria. Esto incluye agentes como la heparina, la warfarina, la aspirina, el clopidogrel y los anticoagulantes administrados por vía subcutánea, entre muchos otros. No se incluyen los preparados tópicos.",Indique «Sí» si el paciente ha tomado un anticoagulante en los 7 días previos a este último ingreso/consulta.,2,0,0,0,0,0
presentación,MEDICACIÓN ANTES DE ESTA HOSPITALIZACIÓN,drug14_anticoagul_type,Anticoagulantes,,"Un anticoagulante es cualquier agente capaz de prevenir la formación de coágulos sanguíneos o la agregación plaquetaria. Esto incluye agentes como la heparina, la warfarina, la aspirina, el clopidogrel y los anticoagulantes administrados por vía subcutánea, entre muchos otros. No se incluyen los preparados tópicos.",Seleccione el analgésico o analgésicos recetados o tomados por el paciente en los 14 días previos a este último ingreso/consulta.,2,0,0,0,0,
presentación,MEDICACIÓN ANTES DE ESTA HOSPITALIZACIÓN,drug14_ivfluid,Líquidos intravenosos (parenterales),"1, Sí | 0, No | 99, Desconocido","Los líquidos intravenosos (IV) o parenterales se prescriben como sustitutos de líquidos, electrolitos, calorías, vitaminas y otras sustancias nutricionales. Los líquidos intravenosos pueden utilizarse para la rehidratación, el mantenimiento o la reanimación.",Indique «Sí» si el paciente recibió líquidos intravenosos en los 7 días anteriores a este ingreso/presentación más reciente.,2,0,0,0,0,0
presentación,MEDICACIÓN ANTES DE ESTA HOSPITALIZACIÓN,drug14_ivfluid_type,Tipo de líquido intravenoso,,"Se refiere al tipo de líquido parenteral o intravenoso (IV) que se prescribe como sustituto de líquidos, electrolitos, calorías, vitaminas y otras sustancias nutricionales. Los fluidos intravenosos pueden ser cristaloides (que suelen incluir cloruro de sodio al 0,9 % (solución salina normal), Ringer lactato (USP), cloruro de sodio al 0,45 % (solución salina semianormal), solución salina normal al 0,45 % + glucosa al 4 % (solución salina semianormal con dextrosa), cloruro de sodio al 0,18 %-0, 3 % de cloruro sódico + 4 % de glucosa (solución salina hipotónica con dextrosa), 5 % de glucosa (dextrosa al 5 % en agua), acetato de Ringer o Plasmalyte) o coloides (que suelen incluir gelatinas, almidones o albúmina). ",Seleccione los líquidos intravenosos recetados o tomados por el paciente en los 14 días anteriores a este ingreso/presentación más reciente,2,0,0,0,0,
presentación,MEDICACIÓN ANTES DE ESTA HOSPITALIZACIÓN,drug14_ivfluid_vol,Volumen total de líquido intravenoso en las últimas 24 horas (ml),,"Los líquidos parenterales o intravenosos (IV) se prescriben como sustitutos de líquidos, electrolitos, calorías, vitaminas y otras sustancias nutricionales. Los líquidos intravenosos (cristaloides y coloides) pueden utilizarse para la rehidratación, el mantenimiento o la reanimación.",Especifique el volumen total de líquidos intravenosos (cristaloides y coloides) recibidos por el paciente en las últimas 24 horas. Registre el volumen en mililitros (ml).,2,0,0,0,0,
presentación,MEDICACIÓN ANTES DE ESTA HOSPITALIZACIÓN,drug14_ivfluid_reas,Indicación/motivo,"1, Shock | 2, Hematicrito alto/en aumento | 3, Anorexia | 4, Vómitos persistentes | 88, Otros","Se refiere a la indicación de líquidos intravenosos. El shock se refiere a la insuficiencia circulatoria que provoca un suministro inadecuado de oxígeno para satisfacer las necesidades metabólicas celulares. Se caracteriza por dos de los siguientes síntomas: evidencia de hipoperfusión (por ejemplo, llenado capilar lento, piel fría y pulso rápido y débil), presión del pulso estrecha (igual o inferior a 20 mmHg), hipotensión para la edad y taquicardia.",Indique la indicación para los líquidos intravenosos.,2,0,0,0,0,0
presentación,MEDICACIÓN ANTES DE ESTA HOSPITALIZACIÓN,drug14_ivfluid_reas_oth,Especifique otro motivo,,"Se refiere a la indicación de líquidos intravenosos. El shock se refiere a la insuficiencia circulatoria que provoca un suministro inadecuado de oxígeno para satisfacer las necesidades metabólicas celulares. Se caracteriza por dos de los siguientes síntomas: evidencia de hipoperfusión (por ejemplo, llenado capilar lento, piel fría y pulso rápido y débil), presión del pulso estrecha (igual o inferior a 20 mmHg), hipotensión para la edad y taquicardia.","Si es «Otra», escriba la indicación para los líquidos intravenosos.",2,0,0,0,0,
presentación,MEDICACIÓN ANTES DE ESTA HOSPITALIZACIÓN,drug14_antihypertensive,Antihipertensivos,"1, Sí | 0, No | 99, Desconocido","Se refiere a cualquier sustancia utilizada en el tratamiento de la hipertensión aguda o crónica, independientemente de su mecanismo farmacológico. Algunos ejemplos son: inhibidores de la ECA (lisinopril [Zestril], enalapril [Vasotec], ramipril [Altace], captopril); bloqueadores de los receptores de la angiotensina (losartán [Cozaar], valsartán [Diovan], irbesartán [Avapro], olmesartán [Benicar]); betabloqueantes (metoprolol [Lopressor], carvedilol (Coreg), bisoprolol, atenolol); bloqueadores de los canales de calcio (amlodipino (Norvasc), diltiazem (Cardizem), verapamilo); diuréticos (furosemida (Lasix), espironolactona (Aldactone), hidroclorotiazida (HCTZ)).",Indique «Sí» si el paciente ha tomado este medicamento en los 14 días anteriores a esta última admisión/presentación.,2,0,0,0,0,0
presentación,MEDICACIÓN ANTES DE ESTA HOSPITALIZACIÓN,drug14_antidiabetic,Medicamentos antidiabéticos,"1, Sí | 0, No | 99, Desconocido","Se refiere a cualquier sustancia utilizada para reducir la hiperglucemia o tratar trastornos asociados con la diabetes. Algunos ejemplos son: metformina (Glucophage); inhibidores de SGLT2 (empagliflozina (Jardiance), dapagliflozina (Farxiga), canagliflozina (Invokana)); inhibidores de DPP-4 (sitagliptina (Januvia), linagliptina (Tradjenta), saxagliptina (Onglyza)); agonistas del receptor del GLP-1 (liraglutida (Victoza), semaglutida (Ozempic), dulaglutida (Trulicity)); insulinas (glargina (Lantus), aspart (NovoLog), lispro (Humalog), detemir (Levemir))",Indique «Sí» si el paciente ha tomado este medicamento en los 14 días anteriores a esta última admisión/presentación.,2,0,0,0,0,0
presentación,MEDICACIÓN ANTES DE ESTA HOSPITALIZACIÓN,drug14_lipidlowering,Fármacos hipolipemiantes,"1, Sí | 0, No | 99, Desconocido","Se refiere a cualquier sustancia utilizada para reducir los niveles de determinados lípidos en la sangre en el tratamiento de hiperlipidemias. Algunos ejemplos son: estatinas (atorvastatina (Lipitor), rosuvastatina (Crestor), simvastatina (Zocor), pravastatina (Pravachol)); ezetimiba (Zetia)",Indique «Sí» si el paciente ha tomado este medicamento en los 14 días anteriores a esta última admisión/presentación.,2,0,0,0,0,0
presentación,MEDICACIÓN ANTES DE ESTA HOSPITALIZACIÓN,drug14_antireflux,Medicamentos contra el reflujo u otros medicamentos gastrointestinales,"1, Sí | 0, No | 99, Desconocido","Se refiere a cualquier sustancia utilizada en el tratamiento del reflujo gástrico para prevenir el reflujo del contenido ácido del estómago hacia el esófago, u otros fármacos tomados para dolencias del sistema gastrointestinal. Algunos ejemplos son: Inhibidores de la bomba de protones (omeprazol (Prilosec), pantoprazol (Protonix), esomeprazol (Nexium), lansoprazol (Prevacid)); antagonistas de los receptores H2 (ranitidina (Zantac), famotidina (Pepcid))",Indique «Sí» si el paciente ha tomado este medicamento en los 14 días anteriores a esta última admisión/presentación.,2,0,0,0,0,0
presentación,MEDICACIÓN ANTES DE ESTA HOSPITALIZACIÓN,drug14_antidepress,Antidepresivos y ansiolíticos,"1, Sí | 0, No | 99, Desconocido","Los antidepresivos son fármacos que estimulan el estado de ánimo y se utilizan principalmente en el tratamiento de trastornos afectivos y afecciones relacionadas. Los ansiolíticos son fármacos utilizados para tratar los trastornos de ansiedad. Algunos ejemplos son: inhibidores selectivos de la recaptación de serotonina (sertralina (Zoloft), citalopram (Celexa), fluoxetina (Prozac), escitalopram (Lexapro)); Inhibidores de la recaptación de serotonina y norepinefrina (venlafaxina (Effexor), duloxetina (Cymbalta)); Benzodiazepinas (lorazepam (Ativan), diazepam (Valium), alprazolam (Xanax))",Indique «Sí» si el paciente ha tomado este medicamento en los 14 días anteriores a esta última admisión/presentación.,2,0,0,0,0,0
presentación,MEDICACIÓN ANTES DE ESTA HOSPITALIZACIÓN,drug14_antiepileptic,Antiepilépticos,"1, Sí | 0, No | 99, Desconocido","Se refiere a cualquier sustancia utilizada para detener, prevenir o controlar las convulsiones. Algunos ejemplos son: Levetiracetam (Keppra), valproato (Depakote), carbamazepina (Tegretol), lamotrigina (Lamictal).",Indique «Sí» si el paciente ha tomado este medicamento en los 14 días anteriores a esta última admisión/presentación.,2,0,0,0,0,0
presentación,MEDICACIÓN ANTES DE ESTA HOSPITALIZACIÓN,drug14_herb,Tratamiento herbal o tradicional,"1, Sí | 0, No | 99, Desconocido","El tratamiento herbal o tradicional se refiere a hierbas, materiales herbales, preparaciones herbales y productos herbales terminados, que contienen como ingredientes activos partes de las plantas y otros conocimientos, habilidades y prácticas basadas en las teorías, creencias y experiencias indígenas a diferentes culturas que son utilizado para tratar enfermedades físicas o mentales.","Indique 'sí', si el paciente ha tomado un tratamiento herbal o tradicional en los 14 días previos a esta admisión / presentación más reciente",2,0,0,0,0,0
presentación,MEDICACIÓN ANTES DE ESTA HOSPITALIZACIÓN,drug14_herbreas,En caso afirmativo: especifique el ingrediente activo en el tratamiento herbal o tradicional,,Esto se refiere a los componentes farmacéuticamente activos de una preparación de medicamentos herbales o tradicionales.,"Si es 'sí', especifique los componentes farmacéuticamente activos de una preparación de medicamentos herbales o tradicionales.",2,0,0,0,0,
presentación,MEDICACIÓN ANTES DE ESTA HOSPITALIZACIÓN,drug14_hivprep,Preparación del VIH / PEP,"1, Sí | 0, No | 99, Desconocido",Esto se refiere a la profilaxis previa a la exposición (preparación) y profilaxis posterior a la exposición (PEP) para evitar el VIH.,"Indique 'sí', si el paciente recibió terapia antirretroviral, con el propósito de preparar y PEP para prevenir el VIH, en los 14 días previos a esta admisión / presentación más reciente.",2,0,0,0,0,0
presentación,MEDICACIÓN ANTES DE ESTA HOSPITALIZACIÓN,drug14_chemo,Quimioterapia contra el cáncer,"1, Sí | 0, No | 99, Desconocido",Se refiere a los antecedentes de exposición a quimioterapia contra el cáncer en los 14 días anteriores a esta última admisión/presentación.,Indique «Sí» si el paciente tiene antecedentes de exposición a quimioterapia contra el cáncer en los 14 días anteriores a esta última admisión/presentación.,2,0,0,0,0,0
presentación,MEDICACIÓN ANTES DE ESTA HOSPITALIZACIÓN,drug14_unlisted,Otros medicamentos dirigidos a patógenos,"1, Sí | 0, No | 99, Desconocido","Esto se refiere a otros medicamentos dirigidos a patógenos, no enumerados anteriormente.","Indique 'sí', si se han tomado medicamentos dirigidos a patógenos (que no se especifican anteriormente) en los 14 días previos a esta admisión / presentación más reciente.",2,0,0,0,0,0
presentación,MEDICACIÓN ANTES DE ESTA HOSPITALIZACIÓN,drug14_unlisted_type,En caso afirmativo: especifique otros medicamentos dirigidos a patógenos,,"Esto se refiere a otros medicamentos dirigidos a patógenos, no enumerados anteriormente.","Indique 'sí', si se han tomado medicamentos dirigidos a patógenos (que no se especifican anteriormente) en los 14 días previos a esta admisión / presentación más reciente.",2,0,0,0,0,
presentación,VACUNACIÓN,vacci_covid19,COVID-19,"1, Sí | 0, No | 99, Desconocido","¿Ha recibido alguna vez una vacuna contra el SARS-Cov-2? Algunos ejemplos son Spikevax (Moderna), Comirnaty (Pfizer/BioNTech), Nuvaxovid (Novavax), Vaxzevria (AstraZeneca/Oxford), Janssen COVID-19 Vaccine (Johnson & Johnson) y Valneva (Valneva).",Indique «Sí» si el paciente ha recibido alguna vez una vacuna dirigida contra el SARS-Cov-2.,2,0,0,0,0,0
presentación,VACUNACIÓN,vacci_covid19_date1,Fecha de la primera vacuna Covid-19,,"Se refiere a la fecha en la que se recibió la primera dosis de la vacuna contra la COVID-19 en el formato DD/MM/AAAA. Si se desconoce la fecha exacta, se puede estimar.","Escriba la fecha de la primera vacuna contra la COVID-19 en el formato DD/MM/AAAA. Si se desconoce la fecha exacta, haga una estimación.",2,0,0,0,0,
presentación,VACUNACIÓN,vacci_covid19_type1,Tipo de primera vacuna Covid-19,"1, Pfizer/BioNTech | 2, AstraZeneca/Universidad de Oxford (Covishield en India) | 3, Moderna | 4, Novavax |5, Janssen (Johnson & Johnson) | 6, Sinopharm | 7, Sinovac | 8, Sputnik V | 9, Covaxin | 10, CanSinoBIO | 99, Desconocido | 0, Otros, especifique",Se refiere al tipo de la primera vacuna Covid-19 que recibió el paciente.,Seleccione el tipo de la primera vacuna Covid-19.,2,0,0,0,0,0
presentación,VACUNACIÓN,vacci_covid19_type1_oth,Especifique otro tipo de vacuna contra la COVID-19,,Se refiere al tipo de la primera vacuna contra la COVID-19 que recibió el paciente.,"Si es «Otra», especifique el tipo de vacuna contra la COVID-19.",2,0,0,0,0,
presentación,VACUNACIÓN,vacci_covid19_date2,Fecha de la segunda vacuna Covid-19,,"Se refiere a la fecha en la que se recibió la segunda dosis de la vacuna contra la COVID-19 en el formato DD/MM/AAAA. Si se desconoce la fecha exacta, se debe estimar.","Escriba la fecha de la segunda vacuna contra la COVID-19 en el formato DD/MM/AAAA. Si se desconoce la fecha exacta, haga una estimación.",2,0,0,0,0,
presentación,VACUNACIÓN,vacci_covid19_type2,Tipo de segunda vacuna Covid-19,"1, Pfizer/BioNTech | 2, AstraZeneca/Universidad de Oxford (Covishield en India) | 3, Moderna | 4, Novavax |5, Janssen (Johnson & Johnson) | 6, Sinopharm | 7, Sinovac | 8, Sputnik V | 9, Covaxin | 10, CanSinoBIO | 99, Desconocido | 0, Otros, especifique",Se refiere al tipo de la segunda vacuna Covid-19 que recibió el paciente.,Seleccione el tipo de vacuna COVID-19 segunda.,2,0,0,0,0,0
presentación,VACUNACIÓN,vacci_covid19_type2_oth,Especifique otro tipo de vacuna contra la COVID-19,,Se refiere al tipo de segunda vacuna contra la COVID-19 que recibió el paciente.,"Si es «Otra», especifique el tipo de vacuna contra la COVID-19.",2,0,0,0,0,
presentación,VACUNACIÓN,vacci_covid19_date3,Fecha de la tercera vacuna Covid-19,,"Se refiere a la fecha en la que se recibió la tercera dosis de la vacuna contra la COVID-19 en formato DD/MM/AAAA. Si se desconoce la fecha exacta, se puede estimar.","Escriba la fecha de la tercera vacuna contra la COVID-19 en el formato DD/MM/AAAA. Si no se conoce la fecha exacta, haga una estimación.",2,0,0,0,0,
presentación,VACUNACIÓN,vacci_covid19_type3,Tipo de tercera vacuna Covid-19,"1, Pfizer/BioNTech | 2, AstraZeneca/Universidad de Oxford (Covishield en India) | 3, Moderna | 4, Novavax |5, Janssen (Johnson & Johnson) | 6, Sinopharm | 7, Sinovac | 8, Sputnik V | 9, Covaxin | 10, CanSinoBIO | 99, Desconocido | 0, Otros, especifique",Se refiere al tipo de la tercera vacuna Covid-19 que recibió el paciente.,Seleccione el tipo de Vacuna Tercera Covid-19.,2,0,0,0,0,0
presentación,VACUNACIÓN,vacci_covid19_type3_oth,Especifique otro tipo de vacuna contra la COVID-19,,Se refiere al tipo de tercera vacuna contra la COVID-19 que recibió el paciente.,"Si es «Otra», especifique el tipo de vacuna contra la COVID-19.",2,0,0,0,0,
presentación,VACUNACIÓN,vacci_covid19_lastdate,Fecha de la vacuna contra la COVID-19 más reciente,,"Se refiere a la fecha en la que se recibió la vacuna contra la COVID-19 más reciente, en formato DD/MM/AAAA. Si se desconoce la fecha exacta, se debe estimar.","Escriba la fecha de la vacuna contra la COVID-19 más reciente en el formato DD/MM/AAAA. Si se desconoce la fecha exacta, haga una estimación.",2,0,0,0,0,
presentación,VACUNACIÓN,vacci_covid19_lasttype,Tipo de vacuna contra la COVID-19 más reciente," 1, Pfizer/BioNTech | 2, AstraZeneca/Universidad de Oxford (Covishield en India) | 3, Moderna | 4, Novavax |5, Janssen (Johnson & Johnson) | 6, Sinopharm | 7, Sinovac | 8, Sputnik V | 9, Covaxin | 10, CanSinoBIO | 99, Desconocido | 88, Otros",Se refiere al tipo de vacuna contra la COVID-19 más reciente que recibió el paciente.,Seleccione el tipo de vacuna contra la COVID-19 más reciente.,2,0,0,0,0,0
presentación,VACUNACIÓN,vacci_covid19_lasttype_oth,Especifique otro tipo de vacuna contra la COVID-19,,Se refiere al tipo de vacuna contra la COVID-19 más reciente que recibió el paciente.,"Si es «Otra», especifique el tipo de vacuna contra la COVID-19.",2,0,0,0,0,
presentación,VACUNACIÓN,vacci_influenza,Vacunado contra la gripe estacional (alguna vez),"1, Sí | 0, No | 99, Desconocido",¿Ha recibido alguna vez una vacuna contra la gripe estacional?,Indique «Sí» si el paciente ha recibido alguna vez una vacuna contra la gripe estacional.,2,0,0,0,0,0
presentación,VACUNACIÓN,vacci_influenza_date,En caso afirmativo: Fecha de la vacuna contra la influenza estacional más reciente,,Esto se refiere a la fecha de la vacuna contra la influenza estacional más reciente,"Escriba la fecha de la vacuna contra la gripe estacional más reciente en el formato DD/MM/AAAA. Si se desconoce la fecha exacta, haga una estimación.  ",2,0,0,0,0,
presentación,VACUNACIÓN,vacci_influenza_type,Tipo de última vacuna contra la gripe," 1, Vacuna inactivada contra la gripe (IIV) | 2, Vacuna viva atenuada contra la gripe (LAIV) | 3, Vacuna recombinante contra la gripe (RIV) | 4, Vacuna celular contra la gripe (ccIIV) | 5, Vacuna contra la gripe basada en huevos | 6, Vacunas contra la gripe basadas en ARNm (tecnología emergente) | 99, Desconocida | 88, Otras",Se refiere al tipo de la vacuna contra la gripe estacional más reciente.,Seleccione la opción más adecuada que represente el tipo de vacuna contra la gripe estacional más reciente.,2,0,0,0,0,0
presentación,VACUNACIÓN,vacci_influenza_type_oth,Especifique el tipo de vacuna contra la gripe,,Se refiere al tipo de la vacuna contra la gripe estacional más reciente.,"Si es «Otra», especifique el tipo de vacuna contra la gripe estacional más reciente.",2,0,0,0,0,
presentación,VACUNACIÓN,vacci_aviinflu,Vacunado contra la gripe aviar,"1, Sí | 0, No | 99, Desconocido",¿Ha recibido alguna vez una vacuna contra la gripe aviar?,Indique «Sí» si el paciente ha recibido alguna vez una vacuna contra la gripe aviar.,2,0,0,0,0,0
presentación,VACUNACIÓN,vacci_aviinflu_date,Fecha de la última vacuna contra la gripe aviar,,Se refiere a la fecha de la vacuna contra la gripe aviar más reciente.,"Escriba la fecha de la vacuna contra la gripe aviar más reciente en el formato DD/MM/AAAA. Si se desconoce la fecha exacta, haga una estimación.  ",2,0,0,0,0,
presentación,VACUNACIÓN,vacci_aviinflu_type,Tipo de última vacuna contra la gripe aviar,"1, Cuadriivalente, recombinante | 2, Cuadriivalente, inactivada con adyuvante | 3, Cuadriivalente, dosis alta | 4, Cuadriivalente, basada en células | 5, Influenza Tetra MYL | 6, Trivalente, recombinante | 7, Trivalente, dosis alta | 8, Trivalente, inactivada con adyuvante | 9, Trivalente, intranasal | 10, H5N1 (Audenz, Aflunov) | 99, Desconocido | 88, Otros",Se refiere al tipo de la vacuna contra la gripe aviar más reciente.,Seleccione la opción más adecuada que represente el tipo de vacuna contra la gripe aviar más reciente.,2,0,0,0,0,0
presentación,VACUNACIÓN,vacci_aviinflu_type_oth,Especifique el tipo de vacuna contra la gripe aviar,,Se refiere al tipo de la vacuna contra la gripe aviar más reciente.,"Si es «Otra», especifique el tipo de vacuna contra la gripe aviar más reciente.",2,0,0,0,0,
presentación,VACUNACIÓN,vacci_rsv,Vacunado contra el virus respiratorio sincitial (VRS),"1, Sí | 0, No | 99, Desconocido",¿Ha recibido alguna vez una vacuna contra la gripe aviar?,Indique «Sí» si el paciente ha recibido alguna vez una vacuna contra el VRS.,2,0,0,0,0,0
presentación,VACUNACIÓN,vacci_rsv_date,Fecha de la última vacuna contra el virus respiratorio sincitial (VRS),,Se refiere a la fecha de la vacuna contra la gripe aviar más reciente.,"Escriba la fecha de la vacuna contra el VRS más reciente en el formato DD/MM/AAAA. Si se desconoce la fecha exacta, haga una estimación.  ",2,0,0,0,0,
presentación,VACUNACIÓN,vacci_rsv_type,Tipo de última vacuna contra el virus respiratorio sincitial (VRS),"1, Abrysvo (Pfizer) | 2, Arexvy (GlaxoSmithKline) | 3, mResvia (Moderna) | 99, Desconocido | 88, Otros",Se refiere al tipo de vacuna contra el virus respiratorio sincitial (VRS) más reciente.,Seleccione la opción más adecuada que represente el tipo de vacuna contra el virus respiratorio sincitial (VRS) más reciente.,2,0,0,0,0,0
presentación,VACUNACIÓN,vacci_rsv_type_oth,Especifique el tipo de vacuna contra el virus respiratorio sincitial (VRS),,Se refiere al tipo de vacuna contra el virus respiratorio sincitial (VRS) más reciente.,"Si es «Otro», especifique el tipo de vacuna contra el virus respiratorio sincitial (VRS) más reciente.",2,0,0,0,0,
presentación,VACUNACIÓN,vacci_pneumococo,Vacunado contra la enfermedad neumocócica,"1, Sí | 0, No | 99, Desconocido",¿Alguna vez ha recibido una vacuna contra el neumococo (Streptococcus pneumoniae)?,Indique «Sí» si el paciente ha recibido alguna vez una vacuna contra el neumococo.,2,0,0,0,0,0
presentación,VACUNACIÓN,vacci_pneumococo_date,Fecha de la vacuna más reciente contra la enfermedad neumocócica,,Se refiere a la fecha de la vacuna neumocócica más reciente.,"Escriba la fecha de la vacuna antineumocócica más reciente en el formato DD/MM/AAAA. Si se desconoce la fecha exacta, haga una estimación.",2,0,0,0,0,
presentación,VACUNACIÓN,vacci_dengue,DENGUE,"1, SÍ-una vez | 2, SÍ-dos veces | 3, SÍ-tres veces | 0, No | 99, Desconocido",Este grupo de preguntas se refiere a la (s) vacunación (s) de dengue anterior.,Seleccione la opción más adecuada que indique si el paciente ha recibido alguna vez la vacuna contra el dengue antes de este episodio de la enfermedad y el número de vacunas contra el dengue recibidas anteriormente.,2,0,0,0,0,0
presentación,VACUNACIÓN,vacci_dengue_date1,Fecha de la primera vacuna contra el dengue,,"Se refiere a la fecha en la que se recibió la primera dosis de la vacuna contra el dengue en el formato DD/MM/AAAA. Si se desconoce la fecha exacta, se puede estimar.","Escriba la fecha en la que se recibió la primera dosis de la vacuna en el formato DD/MM/AAAA. Si se desconoce la fecha exacta, haga una estimación.  ",2,0,0,0,0,
presentación,VACUNACIÓN,vacci_dengue_type1,Tipo de primera vacuna contra el dengue,"1, CYD-TVD (Dengvaxia) | 2, TAK-003 (QDENGA)",Se refiere al tipo de la primera vacuna contra el dengue que recibió el paciente.,Seleccione la opción más apropiada que represente el tipo de la primera vacuna contra el dengue que recibió el paciente.,2,0,0,0,0,0
presentación,VACUNACIÓN,vacci_dengue_date2,Fecha de la segunda vacuna contra el dengue,,"Se refiere a la fecha en que se recibió la segunda dosis de la vacuna contra el dengue en el formato DD/MM/AAAA. Si se desconoce la fecha exacta, estimarla.","Escriba la fecha en la que se administró la segunda dosis de la vacuna en el formato DD/MM/AAAA. Si se desconoce la fecha exacta, haga una estimación.",2,0,0,0,0,
presentación,VACUNACIÓN,vacci_dengue_type2,Tipo de segunda vacuna contra el dengue,"1, CYD-TVD (Dengvaxia) | 2, TAK-003 (QDENGA)",Se refiere al tipo de la segunda vacuna contra el dengue que recibió el paciente.,Seleccione la opción más apropiada que represente el tipo de la segunda vacuna contra el dengue que recibió el paciente.,2,0,0,0,0,0
presentación,VACUNACIÓN,vacci_dengue_date3,Fecha de la tercera vacuna contra el dengue,,"Se refiere a la fecha en que se recibió la tercera dosis de la vacuna contra el dengue en el formato DD/MM/AAAA. Si se desconoce la fecha exacta, estimarla.","Escriba la fecha en la que se administró la tercera dosis de la vacuna en el formato DD/MM/AAAA. Si se desconoce la fecha exacta, haga una estimación.  ",2,0,0,0,0,
presentación,VACUNACIÓN,vacci_chick,Vacunado contra chikungunya (alguna vez),"1, sí | 0, No | 99, Desconocido",,,2,0,0,,,0
presentación,VACUNACIÓN,vacci_chick_type,Tipo de vacuna CHIKV,"1, IXCHIQ | 2, VIMKUNYA| 88, otro",,,2,0,0,,,1
presentación,VACUNACIÓN,vacci_chick_type_oth,Especificar otro tipo de vacuna CHIKV,,,,2,0,0,,,
presentación,VACUNACIÓN,vacci_chick_date,Fecha de la vacuna CHIKV,,,,2,0,0,,,
presentación,VACUNACIÓN,vacci_dengue_type3,Tipo de tercera vacuna contra el dengue,"1, CYD-TVD (Dengvaxia) | 2, TAK-003 (QDENGA)",Se refiere al tipo de la tercera vacuna contra el dengue que recibió el paciente.,Seleccione la opción más apropiada que represente el tipo de la tercera vacuna contra el dengue que recibió el paciente.,2,0,0,0,0,0
presentación,VACUNACIÓN,vacci_spox80,¿Recibió la vacuna contra la viruela antes de 1980?,"1, Sí | 0, No | 99, Desconocido","Se refiere a la administración de una vacuna contra la viruela antes de 1980 y, por lo tanto, no está relacionada con el evento actual.",Indique «Sí» si el paciente recibió la vacuna contra la viruela antes de 1980.,2,0,0,0,0,0
presentación,VACUNACIÓN,vacci_spox80_year,"Año de vacunación (si no está seguro, haga una estimación)",,"Se refiere a la administración de una vacuna contra la viruela antes de 1980 y, por lo tanto, no está relacionada con el evento actual.","Escriba el año en que el paciente recibió la vacuna contra la viruela. Si no está seguro, haga una estimación. Tenga en cuenta que no debe ser anterior a 1980. Deje la respuesta en blanco si se desconoce el año.",2,0,0,0,0,
presentación,VACUNACIÓN,vacci_spox80_scar,"¿Es visible la cicatriz de la vacuna contra la viruela (normalmente en la parte superior del brazo, si está presente)?","1, Sí | 0, No | 99, Desconocido","Se refiere a una cicatriz en el lugar de la vacunación contra la viruela (normalmente en la parte superior del brazo, si está presente), que suele ser redonda, puede tener bordes irregulares y aparecer más baja que la piel que la rodea.",Indique «Sí» si el paciente tiene una cicatriz visible de la vacuna contra la viruela.,2,0,0,0,0,0
presentación,VACUNACIÓN,vacci_mpox,Mpox,"1, Sí | 0, No | 99, Desconocido",Se refiere a cualquier vacuna contra la viruela o la viruela del simio administrada después de 1980.,Indique «Sí» si el paciente recibió la vacuna contra la viruela después de 1980.,2,0,0,0,0,0
presentación,VACUNACIÓN,vacci_mpox_number,En caso afirmativo: Número de vacunas MPOX o viruela recibidas,,Esto se refiere al número de vacunas MPOX o viruela recibidas.,Escriba el número de vacunas MPOX o viruela recibidas.,2,0,0,0,0,
presentación,VACUNACIÓN,vacci_mpox_type,En caso afirmativo: Tipo de vacuna MPOX o viruela,"1, Imvanex/Imvamune/Jyneos (MVA-BN) | 2, ACAM2000 | 3, LC16m8 | 99, Desconocido | 88, Otros",Esto se refiere al tipo de MPOX o vacuna contra la viruela.,"Seleccione la (s) opción (s) correspondiente a las vacunas recibidas. Si 'otro', especifique las otras vacunas a continuación.",2,0,0,0,0,0
presentación,VACUNACIÓN,vacci_mpox_type_oth,Nombre de otra vacuna contra la viruela del simio o la viruela,,Se refiere al tipo de vacuna contra la viruela del simio o la viruela.,"Si es «Otra», escriba el nombre de la otra vacuna o vacunas contra la viruela/mpox.",2,0,0,0,0,
presentación,VACUNACIÓN,vacci_mpox_date1,Fecha de la primera vacuna contra la viruela del simio o la viruela,,Se refiere a la primera vacuna contra la viruela o la viruela del simio.,"Escriba la fecha exacta de la primera vacuna, si se conoce (utilice el formato DD/MM/AAAA).",2,0,0,0,0,
presentación,VACUNACIÓN,vacci_mpox_route1,Vía de administración de la primera vacuna contra la mpox o la viruela,"1, intramuscular | 2, subcutáneo | 3, intradérmica | 99, Desconocido | 88, otro",,,2,0,0,,,0
presentación,VACUNACIÓN,vacci_mpox_route1_oth,Por favor especifica otra ruta,,,,2,0,0,,,
presentación,VACUNACIÓN,vacci_mpox_date2,Fecha de la segunda vacuna contra la viruela del simio o la viruela,,Se refiere a la segunda vacuna contra la viruela o la viruela del simio.,"Escriba la fecha exacta de la segunda vacuna, si se conoce (utilice el formato DD/MM/AAAA).",2,0,0,0,0,
presentación,VACUNACIÓN,vacci_mpox_route2,Vía de administración de la segunda vacuna contra la mpox o la viruela,"1, intramuscular | 2, subcutáneo | 3, intradérmica | 99, Desconocido | 88, otro",,,2,0,0,,,0
presentación,VACUNACIÓN,vacci_mpox_route2_oth,Por favor especifica otra ruta,,,,2,0,0,,,
presentación,VACUNACIÓN,vacci_mpox_date3,Fecha de la tercera vacuna contra la viruela del simio o la viruela,,Se refiere a la tercera vacuna contra la viruela o la viruela del simio.,"Escriba la fecha exacta de la tercera vacuna, si se conoce (utilice el formato DD/MM/AAAA).",2,0,0,0,0,
presentación,VACUNACIÓN,vacci_mpox_route3,Vía de administración de la tercera vacuna contra la mpox o la viruela,"1, intramuscular | 2, subcutáneo | 3, intradérmica | 99, Desconocido | 88, otro",,,2,0,0,,,0
presentación,VACUNACIÓN,vacci_mpox_route3_oth,Por favor especifica otra ruta,,,,2,0,0,,,
presentación,VACUNACIÓN,vacci_mpox_date4,Fecha de la cuarta vacuna contra la viruela del simio o la viruela,,Se refiere a la cuarta vacuna contra la viruela o la viruela del simio.,"Escriba la fecha exacta de la cuarta vacuna, si se conoce (utilice el formato DD/MM/AAAA).",2,0,0,0,0,
presentación,VACUNACIÓN,vacci_mpox_route4,Vía de administración de la cuarta vacuna contra la mpox o la viruela,"1, intramuscular | 2, subcutáneo | 3, intradérmica | 99, Desconocido | 88, otro",,,2,0,0,,,0
presentación,VACUNACIÓN,vacci_mpox_route4_oth,Por favor especifica otra ruta,,,,2,0,0,,,
presentación,VACUNACIÓN,vacci_yellowfever,Vacunado contra la fiebre amarilla,"1, Sí | 0, No | 99, Desconocido",Si alguna vez ha recibido una vacuna contra el virus de la fiebre amarilla.,Indique «Sí» si el paciente ha recibido alguna vez la  vacuna contra la fiebre amarilla.,2,0,0,0,0,0
presentación,VACUNACIÓN,vacci_yellowfever_date,Fecha más reciente de vacunación contra la fiebre amarilla,,Se refiere a la fecha de la vacuna más reciente contra la fiebre amarilla.,"Escriba la fecha de la  vacuna contra la fiebre amarilla más reciente en formato DD/MM/AAAA. Si se desconoce la fecha exacta, haga una estimación.  ",2,0,0,0,0,
presentación,VACUNACIÓN,vacci_hepatitisb,Vacunado contra la hepatitis B,"1, Sí | 0, No | 99, Desconocido",Si alguna vez ha recibido una vacuna contra el virus de la hepatitis B.,Indique «Sí» si el paciente ha recibido alguna vez la  vacuna contra la hepatitis B.,2,0,0,0,0,0
presentación,VACUNACIÓN,vacci_hepatitisb_date,Fecha más reciente de vacunación contra la hepatitis B,,Se refiere a la fecha de la vacuna más reciente contra el virus de la hepatitis B.,"Escriba la fecha de la  vacuna contra la hepatitis B más reciente en formato DD/MM/AAAA. Si se desconoce la fecha exacta, haga una estimación.  ",2,0,0,0,0,
presentación,VACUNACIÓN,vacci_chickenpox,Vacunado contra la varicela,"1, Sí | 0, No | 99, Desconocido",¿Alguna vez ha recibido una vacuna contra el virus varicela-zóster?,Indique «Sí» si el paciente ha recibido alguna vez la  vacuna contra la varicela.,2,0,0,0,0,0
presentación,VACUNACIÓN,vacci_chickenpox_date,Fecha más reciente de vacunación contra la varicela,,Se refiere a la fecha de la vacuna más reciente contra el virus varicela-zóster.,"Escriba la fecha de la última vacuna contra la varicela en el formato DD/MM/AAAA. Si no conoce la fecha exacta, haga una estimación.  ",2,0,0,0,0,
presentación,VACUNACIÓN,vacci_polio,Vacunado contra la polio (oral),"1, sí | 0, No | 99, Desconocido",,,2,0,0,,,0
presentación,VACUNACIÓN,vacci_hib,Vacunación contra Haemophilus influenzae tipo b (Hib),"1, sí | 0, No | 99, Desconocido",,,2,0,0,,,0
presentación,VACUNACIÓN,vacci_pcv,Vacunados contra neumococo conjugado (PCV),"1, sí | 0, No | 99, Desconocido",,,2,0,0,,,0
presentación,VACUNACIÓN,vacci_mmr,"Vacunados contra sarampión, paperas y rubéola (MMR)","1, sí | 0, No | 99, Desconocido",,,2,0,0,,,0
presentación,VACUNACIÓN,vacci_je,Vacunados contra la encefalitis japonesa,"1, sí | 0, No | 99, Desconocido",,,2,0,0,,,0
presentación,VACUNACIÓN,vacci_marburg,Vacunados contra la enfermedad del virus de Marburg,"1, sí | 0, No | 99, Desconocido",Alguna vez recibió una vacuna contra el virus de Marburg.,"Indique 'Sí', si el paciente alguna vez recibió la vacuna contra la varicela amarilla.",2,0,0,0,0,0
presentación,VACUNACIÓN,vacci_marburg_date,Fecha más reciente de vacunación contra la enfermedad del virus de Marburg,,Esto se refiere a la fecha de la última vacuna contra el virus de Marburg.,"Ingrese la fecha de la vacuna contra la varicela más reciente. Si se desconoce la fecha exacta, ingrese una estimación. (Utilice el formato DD/MM/AAAA)",2,0,0,0,0,
presentación,VACUNACIÓN,vacci_ebola,Vacunados contra la enfermedad del virus del Ébola,"1, sí | 0, No | 99, Desconocido",Alguna vez recibió una vacuna contra el virus del Ébola.,"Indique 'Sí', si el paciente alguna vez recibió la vacuna contra la varicela amarilla.",2,0,0,0,0,0
presentación,VACUNACIÓN,vacci_ebola_date,Fecha de vacunación más reciente contra la enfermedad del virus del Ébola,,Esto se refiere a la fecha de la vacuna más reciente contra el virus del Ébola.,"Ingrese la fecha de la vacuna contra la varicela más reciente. Si se desconoce la fecha exacta, ingrese una estimación. (Utilice el formato DD/MM/AAAA)",2,0,0,0,0,
presentación,VACUNACIÓN,vacci_lassa,Vacunados contra la enfermedad de la fiebre de Lassa,"1, sí | 0, No | 99, Desconocido",Alguna vez recibió una vacuna contra el virus de la fiebre de Lassa.,"Indique 'Sí', si el paciente alguna vez recibió la vacuna contra la varicela amarilla.",2,0,0,0,0,0
presentación,VACUNACIÓN,vacci_lassa_date,Fecha más reciente de vacunación contra la fiebre de Lassa,,Esto se refiere a la fecha de la más reciente vacuna contra el virus de la fiebre de Lassa.,"Ingrese la fecha de la vacuna contra la varicela más reciente. Si se desconoce la fecha exacta, ingrese una estimación. (Utilice el formato DD/MM/AAAA)",2,0,0,0,0,
presentación,VACUNACIÓN,vacci_crimean,Vacunados contra la fiebre hemorrágica de Crimea-Congo,"1, sí | 0, No | 99, Desconocido",Alguna vez recibió una vacuna contra el virus de la fiebre hemorrágica de Crimea-Congo.,"Indique 'Sí', si el paciente alguna vez recibió la vacuna contra la varicela amarilla.",2,0,0,0,0,0
presentación,VACUNACIÓN,vacci_crimean_date,Fecha más reciente de vacunación contra la fiebre hemorrágica en Crimea y Congo,,Esto se refiere a la fecha de la vacuna más reciente contra el virus de la fiebre hemorrágica de Crimea-Congo.,"Ingrese la fecha de la vacuna contra la varicela más reciente. Si se desconoce la fecha exacta, ingrese una estimación. (Utilice el formato DD/MM/AAAA)",2,0,0,0,0,
presentación,VACUNACIÓN,vacci_vhf,Vacunados contra otras fiebres hemorrágicas virales.,"1, sí | 0, No | 99, Desconocido",Alguna vez recibió una vacuna contra el virus de la fiebre hemorrágica viral (diferente a la anterior).,"Indique 'Sí', si el paciente alguna vez recibió la vacuna contra la varicela amarilla.",2,0,0,0,0,0
presentación,VACUNACIÓN,vacci_vhf_spec,Especificar Otra vacuna contra la fiebre hemorrágica viral,,Especifique el virus de la fiebre hemorrágica viral.,"Indique 'Sí', si el paciente alguna vez recibió la vacuna contra la varicela amarilla.",2,0,0,0,0,
presentación,VACUNACIÓN,vacci_vhf_date,Fecha más reciente de vacunación contra otras fiebres hemorrágicas virales,,Esto se refiere a la fecha de la vacuna viral más reciente contra el virus de la fiebre hemorrágica.,"Ingrese la fecha de la vacuna contra la varicela más reciente. Si se desconoce la fecha exacta, ingrese una estimación. (Utilice el formato DD/MM/AAAA)",2,0,0,0,0,
presentación,SÍNTOMAS AL INGRESO: Indicar si se experimentaron desde el inicio de la enfermedad hasta el día de la presentación,adsym_sys,Síntomas sistémicos/generales,,Se refiere a signos y síntomas sistémicos/generales/no específicos.,Indique «Sí» si el paciente ha experimentado esto en cualquier momento desde el inicio de la enfermedad hasta la presentación.,2,0,0,0,0,
presentación,SÍNTOMAS AL INGRESO: Indicar si se experimentaron desde el inicio de la enfermedad hasta el día de la presentación,adsym_fever,Fiebre,"1, Sí | 0, No | 99, Desconocido","Se define como la sensación de temperatura corporal elevada sin medición formal, o una temperatura corporal medida igual o superior a 38 grados centígrados (38 °C) o 100,4 grados Fahrenheit (100,4 °F).","Indique 'sí', si el paciente experimentó esto en cualquier momento durante la fecha de evaluación.",2,0,0,0,0,0
presentación,SÍNTOMAS AL INGRESO: Indicar si se experimentaron desde el inicio de la enfermedad hasta el día de la presentación,adsym_rigchill,Escalofríos o rigidez,"1, Sí | 0, No | 99, Desconocido","Se define como escalofríos intensos con temblores violentos. Un rigor es un episodio de temblores o escalofríos exagerados que puede producirse con fiebre alta. ",Indique «Sí» si el paciente ha experimentado esto en cualquier momento desde el inicio de la enfermedad hasta la presentación.,2,0,0,0,0,0
presentación,SÍNTOMAS AL INGRESO: Indicar si se experimentaron desde el inicio de la enfermedad hasta el día de la presentación,adsym_nightsweat,Sudores nocturnos,"1, Sí | 0, No | 99, Desconocido",Se refiere a la sudoración nocturna que no está relacionada con la temperatura ambiental.,Indique «Sí» si el paciente experimentó esto en cualquier momento durante la fecha de la evaluación.,2,0,0,0,0,0
presentación,SÍNTOMAS AL INGRESO: Indicar si se experimentaron desde el inicio de la enfermedad hasta el día de la presentación,adsym_coldsweat,Sudores fríos,"1, Sí | 0, No | 99, Desconocido","Se refiere a la sudoración acompañada de sensación de frío, diferente de la sudoración causada por el calor o el esfuerzo.",Indique «Sí» si el paciente experimentó esto en cualquier momento durante la fecha de la evaluación.,2,0,0,0,0,0
presentación,SÍNTOMAS AL INGRESO: Indicar si se experimentaron desde el inicio de la enfermedad hasta el día de la presentación,adsym_excesssweat,Sudoración excesiva (hiperhidrosis),"1, Sí | 0, No | 99, Desconocido",Se refiere a la sudoración excesiva que no siempre está relacionada con el calor o el ejercicio.,Indique «Sí» si el paciente experimentó esto en cualquier momento durante la fecha de la evaluación.,2,0,0,0,0,0
presentación,SÍNTOMAS AL INGRESO: Indicar si se experimentaron desde el inicio de la enfermedad hasta el día de la presentación,adsym_restlessne,Inquietud,"1, Sí | 0, No | 99, Desconocido","Definido como la incapacidad de descansar, relajarse o estar quieto. Un estado de inquietud caracterizado por la actividad motora difusa o el movimiento sujeto al control limitado, el comportamiento no productivo o desorganizado y la angustia subjetiva.","Indique 'sí', si el paciente experimentó esto en cualquier momento durante la fecha de evaluación.",2,0,0,0,0,0
presentación,SÍNTOMAS AL INGRESO: Indicar si se experimentaron desde el inicio de la enfermedad hasta el día de la presentación,adsym_fatigue,Fatiga / malestar / letargo,"1, Sí | 0, No | 99, Desconocido","Definido como la constelación de sensaciones no específicas: la sensación de cansancio caracterizada por la falta de energía o motivación; incomodidad general o inquietud; Desinteresada, apatía e indiferencia, lo que resulta en dificultades para realizar tareas simples o concentrarse.",Indique «Sí» si el paciente ha experimentado esto en algún momento desde el inicio de la enfermedad hasta la presentación.,2,0,0,0,0,0
presentación,SÍNTOMAS AL INGRESO: Indicar si se experimentaron desde el inicio de la enfermedad hasta el día de la presentación,adsym_weak,Debilidad,"1, sí | 0, No | 99, Desconocido",Esto se refiere a una disminución de la fuerza muscular.,"Indique ""Sí"", si el paciente ha experimentado esto en algún momento desde el inicio de esta enfermedad hasta su presentación.",2,0,0,0,0,0
presentación,SÍNTOMAS AL INGRESO: Indicar si se experimentaron desde el inicio de la enfermedad hasta el día de la presentación,adsym_weight,Pérdida de peso,"1, Sí | 0, No | 99, Desconocido","Definido como la reducción en el peso corporal total que ha ocurrido desde el inicio de esta enfermedad y ha sido involuntario o no atribuible a la dieta activa, el ejercicio o las intervenciones dedicadas a la pérdida de peso basadas en medicamentos. Esto puede incluir pérdida de peso informada por el paciente con o sin mediciones de peso objetivas.",Indique «Sí» si el paciente ha experimentado esto en algún momento desde el inicio de la enfermedad hasta la presentación.,2,0,0,0,0,0
presentación,SÍNTOMAS AL INGRESO: Indicar si se experimentaron desde el inicio de la enfermedad hasta el día de la presentación,adsym_anosmia,Pérdida del olfato / Anosmia,"1, Sí | 0, No | 99, Desconocido",Esto se refiere a la incapacidad del paciente informado y/o clínico para percibir los olores,"Indique 'sí', si el paciente experimentó esto en cualquier momento durante la fecha de evaluación.",2,0,0,0,0,0
presentación,SÍNTOMAS AL INGRESO: Indicar si se experimentaron desde el inicio de la enfermedad hasta el día de la presentación,adsym_ageusia,Pérdida del sabor / agusia,"1, Sí | 0, No | 99, Desconocido",Esto se refiere a la pérdida de la lengua informada y/o diagnosticada por el clínico de la función de sabor de la lengua.,"Indique 'sí', si el paciente experimentó esto en cualquier momento durante la fecha de evaluación.",2,0,0,0,0,0
presentación,SÍNTOMAS AL INGRESO: Indicar si se experimentaron desde el inicio de la enfermedad hasta el día de la presentación,adsym_dizzy,Sintiéndose mareado / débil,"1, Sí | 0, No | 99, Desconocido","Esto se refiere a la sensación subjetiva de alohadez o mareos que pueden preceder a un episodio de síncope o una sensación de inestabilidad, giro o balanceo.",Indique «Sí» si el paciente ha experimentado esto en algún momento desde el inicio de la enfermedad hasta la presentación.,2,0,0,0,0,0
presentación,SÍNTOMAS AL INGRESO: Indicar si se experimentaron desde el inicio de la enfermedad hasta el día de la presentación,adsym_myalgia,Dolores musculares / mialgia,"1, Sí | 0, No | 99, Desconocido",Definido como dolor localizado en un músculo o grupo de músculos.,Indique «Sí» si el paciente ha experimentado esto en algún momento desde el inicio de la enfermedad hasta la presentación.,2,0,0,0,0,0
presentación,SÍNTOMAS AL INGRESO: Indicar si se experimentaron desde el inicio de la enfermedad hasta el día de la presentación,adsym_myalgia_scal,Intensidad de la mialgia (escala NRS),,,,2,0,0,,,
presentación,SÍNTOMAS AL INGRESO: Indicar si se experimentaron desde el inicio de la enfermedad hasta el día de la presentación,adsym_arthralgia,Dolor articular / artralgia,"1, Sí | 0, No | 99, Desconocido","Definido como una sensación de incomodidad o dolor marcado localizado en una o más articulaciones, incluidas las articulaciones pequeñas y grandes.","Indique «Sí» si el paciente ha experimentado esto en algún momento desde el inicio de la enfermedad hasta la presentación. ",2,0,0,0,0,0
presentación,SÍNTOMAS AL INGRESO: Indicar si se experimentaron desde el inicio de la enfermedad hasta el día de la presentación,adsym_arthralgia_scal,Intensidad de artralgia (escala NRS),,,,2,0,0,,,
presentación,SÍNTOMAS AL INGRESO: Indicar si se experimentaron desde el inicio de la enfermedad hasta el día de la presentación,adsym_arthralgia_site,Sitio donde ocurrió el dolor en las articulaciones.,"1, Hombro | 2, codo | 3, muñeca | 4, pequeñas articulaciones de la mano | 5, rodilla | 6, Tobillo |7, Pequeñas articulaciones del pie | 88, otro",,,2,0,0,,,0
presentación,SÍNTOMAS AL INGRESO: Indicar si se experimentaron desde el inicio de la enfermedad hasta el día de la presentación,adsym_arthralgia_site_shoulder,¿Cuántas articulaciones del hombro están afectadas?,"1, 1 | 2, 2 | 99, Desconocido",,,2,0,0,,,0
presentación,SÍNTOMAS AL INGRESO: Indicar si se experimentaron desde el inicio de la enfermedad hasta el día de la presentación,adsym_arthralgia_site_elbow,¿Cuántas articulaciones del codo están afectadas?,"1, 1 | 2, 2 | 99, Desconocido",,,2,0,0,,,0
presentación,SÍNTOMAS AL INGRESO: Indicar si se experimentaron desde el inicio de la enfermedad hasta el día de la presentación,adsym_arthralgia_site_wrist,¿Cuántas articulaciones de la muñeca están afectadas?,"1, 1 | 2, 2 | 99, Desconocido",,,2,0,0,,,0
presentación,SÍNTOMAS AL INGRESO: Indicar si se experimentaron desde el inicio de la enfermedad hasta el día de la presentación,adsym_arthralgia_site_knee,¿Cuántas articulaciones de la rodilla están afectadas?,"1, 1 | 2, 2 | 99, Desconocido",,,2,0,0,,,0
presentación,SÍNTOMAS AL INGRESO: Indicar si se experimentaron desde el inicio de la enfermedad hasta el día de la presentación,adsym_arthralgia_site_ankle,¿Cuántas articulaciones del tobillo están afectadas?,"1, 1 | 2, 2 | 99, Desconocido",,,2,0,0,,,0
presentación,SÍNTOMAS AL INGRESO: Indicar si se experimentaron desde el inicio de la enfermedad hasta el día de la presentación,adsym_arthralgia_site_foot,¿Cuántas articulaciones pequeñas del pie están afectadas?,,,,2,0,0,,,
presentación,SÍNTOMAS AL INGRESO: Indicar si se experimentaron desde el inicio de la enfermedad hasta el día de la presentación,adsym_arthralgia_hand,Pequeñas articulaciones de la mano.,"1, articulación MCP (metacarpofalángica) | 2, articulación PIP (interfalángica proximal) | 3, articulación DIP (interfalángica distal) | 99, Desconocido",,,2,0,0,,,0
presentación,SÍNTOMAS AL INGRESO: Indicar si se experimentaron desde el inicio de la enfermedad hasta el día de la presentación,adsym_arthralgia_hand_num,¿Cuántas articulaciones afectadas?,,,,2,0,0,,,
presentación,SÍNTOMAS AL INGRESO: Indicar si se experimentaron desde el inicio de la enfermedad hasta el día de la presentación,adsym_arthralgia_add,Indicar otras articulaciones afectadas,"1, ATM | 2, esternoclavicular (SC) |  3, Acromioclavicular (AC) |  4, Sacroilíaco (SI) | 5, Cadera | 6, Subtalar | 7, columna torácica | 8, columna lumbar | 88, Otro (especificar)",,,2,0,0,,,0
presentación,SÍNTOMAS AL INGRESO: Indicar si se experimentaron desde el inicio de la enfermedad hasta el día de la presentación,adsym_arthralgia_add_oth,Especifique otras juntas,,,,2,0,0,,,
presentación,SÍNTOMAS AL INGRESO: Indicar si se experimentaron desde el inicio de la enfermedad hasta el día de la presentación,adsym_jointswell,Hinchazón de las articulaciones,"1, sí | 0, No | 99, Desconocido",Definido como la acumulación de líquido en el tejido blando que rodea la articulación o en la articulación misma.,"Indique ""Sí"", si el paciente ha experimentado esto en algún momento desde el inicio de esta enfermedad hasta su presentación.",2,0,0,0,0,0
presentación,SÍNTOMAS AL INGRESO: Indicar si se experimentaron desde el inicio de la enfermedad hasta el día de la presentación,adsym_jointswell_site,Sitio donde ocurrió la inflamación de las articulaciones.,"1, Hombro | 2, codo | 3, muñeca | 4, pequeñas articulaciones de la mano | 5, rodilla | 6, Tobillo |7, Pequeñas articulaciones del pie | 88, otro",,,2,0,0,,,0
presentación,SÍNTOMAS AL INGRESO: Indicar si se experimentaron desde el inicio de la enfermedad hasta el día de la presentación,adsym_jointswell_site_shoulder,¿Cuántas articulaciones del hombro están afectadas?,"1, 1 | 2, 2 | 99, Desconocido",,,2,0,0,,,0
presentación,SÍNTOMAS AL INGRESO: Indicar si se experimentaron desde el inicio de la enfermedad hasta el día de la presentación,adsym_jointswell_site_elbow,¿Cuántas articulaciones del codo están afectadas?,"1, 1 | 2, 2 | 99, Desconocido",,,2,0,0,,,0
presentación,SÍNTOMAS AL INGRESO: Indicar si se experimentaron desde el inicio de la enfermedad hasta el día de la presentación,adsym_jointswell_site_wrist,¿Cuántas articulaciones de la muñeca están afectadas?,"1, 1 | 2, 2 | 99, Desconocido",,,2,0,0,,,0
presentación,SÍNTOMAS AL INGRESO: Indicar si se experimentaron desde el inicio de la enfermedad hasta el día de la presentación,adsym_jointswell_site_knee,¿Cuántas articulaciones de la rodilla están afectadas?,"1, 1 | 2, 2 | 99, Desconocido",,,2,0,0,,,0
presentación,SÍNTOMAS AL INGRESO: Indicar si se experimentaron desde el inicio de la enfermedad hasta el día de la presentación,adsym_jointswell_site_ankle,¿Cuántas articulaciones del tobillo están afectadas?,"1, 1 | 2, 2 | 99, Desconocido",,,2,0,0,,,0
presentación,SÍNTOMAS AL INGRESO: Indicar si se experimentaron desde el inicio de la enfermedad hasta el día de la presentación,adsym_jointswell_site_foot,¿Cuántas articulaciones pequeñas del pie están afectadas?,,,,2,0,0,,,
presentación,SÍNTOMAS AL INGRESO: Indicar si se experimentaron desde el inicio de la enfermedad hasta el día de la presentación,adsym_jointswell_hand,Pequeñas articulaciones de la mano.,"1, articulación MCP (metacarpofalángica) | 2, articulación PIP (interfalángica proximal) | 3, articulación DIP (interfalángica distal) | 99, Desconocido",,,2,0,0,,,0
presentación,SÍNTOMAS AL INGRESO: Indicar si se experimentaron desde el inicio de la enfermedad hasta el día de la presentación,adsym_jointswell_hand_num,¿Cuántas articulaciones afectadas?,,,,2,0,0,,,
presentación,SÍNTOMAS AL INGRESO: Indicar si se experimentaron desde el inicio de la enfermedad hasta el día de la presentación,adsym_jointswell_add,Indicar otras articulaciones afectadas,"1, ATM | 2, esternoclavicular (SC) |  3, Acromioclavicular (AC) |  4, Sacroilíaco (SI) | 5, Cadera | 6, Subtalar | 7, columna torácica | 8, columna lumbar | 88, Otro (especificar)",,,2,0,0,,,0
presentación,SÍNTOMAS AL INGRESO: Indicar si se experimentaron desde el inicio de la enfermedad hasta el día de la presentación,adsym_jointswell_add_oth,Especifique otras juntas,,,,2,0,0,,,
presentación,SÍNTOMAS AL INGRESO: Indicar si se experimentaron desde el inicio de la enfermedad hasta el día de la presentación,adsym_jointstiff,Rigidez articular,"1, sí | 0, No | 99, Desconocido",,,2,0,0,,,0
presentación,SÍNTOMAS AL INGRESO: Indicar si se experimentaron desde el inicio de la enfermedad hasta el día de la presentación,adsym_jointstiff_scal,PUNTUACIÓN DE RIGIDEZ,,,,2,0,0,,,
presentación,SÍNTOMAS AL INGRESO: Indicar si se experimentaron desde el inicio de la enfermedad hasta el día de la presentación,adsym_jointstiff_dur,Duración de la rigidez matutina (min),,,,2,0,0,,,
presentación,SÍNTOMAS AL INGRESO: Indicar si se experimentaron desde el inicio de la enfermedad hasta el día de la presentación,adsym_jointtender,sensibilidad en las articulaciones,"1, sí | 0, No | 99, Desconocido","Definido como dolor y malestar en una articulación, a menudo acompañado de sensibilidad al tacto.","Indique ""Sí"", si el paciente ha experimentado esto en algún momento desde el inicio de esta enfermedad hasta su presentación.",2,0,0,0,0,0
presentación,SÍNTOMAS AL INGRESO: Indicar si se experimentaron desde el inicio de la enfermedad hasta el día de la presentación,adsym_jointtender_site,Sitio donde ocurrió dolor en las articulaciones.,"1, Dedos | 2, Muñecas | 3, Hombros | 4, codo | 5, Caderas | 8, Rodillas | 9, Tobillos | 10, dedos de los pies | 99, Desconocido | 88, otro",Esto se refiere al lugar donde se produjo por primera vez la sensibilidad en las articulaciones.,,2,0,0,0,,0
presentación,SÍNTOMAS AL INGRESO: Indicar si se experimentaron desde el inicio de la enfermedad hasta el día de la presentación,adsym_jointtender_site_oth,Especifique otra primera ubicación dolorosa a la palpación de la articulación.,,Esto se refiere al lugar donde se produjo por primera vez la sensibilidad en las articulaciones.,,2,0,0,0,,
presentación,SÍNTOMAS AL INGRESO: Indicar si se experimentaron desde el inicio de la enfermedad hasta el día de la presentación,adsym_stissueswell,Inflamación de tejidos pequeños,"1, sí | 0, No | 99, Desconocido","Definido como una hinchazón dolorosa del tejido interfalángico, que produce tensión y dolor al flexionar los dedos.","Indique ""Sí"", si el paciente ha experimentado esto en algún momento desde el inicio de esta enfermedad hasta su presentación.",2,0,0,0,0,0
presentación,SÍNTOMAS AL INGRESO: Indicar si se experimentaron desde el inicio de la enfermedad hasta el día de la presentación,adsym_backpain,dolor de espalda,"1, sí | 0, No | 99, Desconocido",,,2,0,0,,,0
presentación,SÍNTOMAS AL INGRESO: Indicar si se experimentaron desde el inicio de la enfermedad hasta el día de la presentación,adsym_neckpain,dolor de cuello,"1, sí | 0, No | 99, Desconocido",,,2,0,0,,,0
presentación,SÍNTOMAS AL INGRESO: Indicar si se experimentaron desde el inicio de la enfermedad hasta el día de la presentación,adsym_skinrash,Sarpullido,"1, Sí | 0, No | 99, Desconocido","Definido como cualquier cambio en la piel que afecte su apariencia o textura. Se puede localizar una erupción en una parte del cuerpo o afectar toda la piel. Las erupciones pueden hacer que la piel cambie de color, picazón, se vuelva cálida, llena de baches, seca, agrietada o ampollada, se hincha y puede ser dolorosa.",Indique «Sí» si el paciente ha experimentado esto en cualquier momento desde el inicio de la enfermedad hasta la presentación.,2,0,0,0,0,0
presentación,SÍNTOMAS AL INGRESO: Indicar si se experimentaron desde el inicio de la enfermedad hasta el día de la presentación,adsym_skinrash_site,Lugar donde apareció la erupción por primera vez,"1, Piel genital | 2, Piel no genital | 3, Mucosa genital | 4, Mucosa no genital | 5, Boca | 6, Piel perianal | 7, Recto | 99, Desconocido | 88, Otros",Se refiere al lugar donde apareció la erupción por primera vez.,Seleccione la opción o opciones más adecuadas que correspondan a la ubicación donde apareció la erupción por primera vez.,2,0,0,0,0,0
presentación,SÍNTOMAS AL INGRESO: Indicar si se experimentaron desde el inicio de la enfermedad hasta el día de la presentación,adsym_skinrash_site_oth,Especifique otra ubicación de la primera erupción,,"Se refiere al lugar donde apareció la erupción por primera vez. ","Si «otra», especifique la primera ubicación donde se desarrolló una erupción relevante.",2,0,0,0,0,
presentación,SÍNTOMAS AL INGRESO: Indicar si se experimentaron desde el inicio de la enfermedad hasta el día de la presentación,adsym_skinrash_date,Fecha Primera erupción fue observada por el paciente,,Se refiere a la fecha en que el paciente informa haber identificado la erupción por primera vez.,Escriba la fecha en que los informes del paciente hayan identificado primero la erupción (use el formato DD/mm/aaa yyyy).,2,0,0,0,0,
presentación,SÍNTOMAS AL INGRESO: Indicar si se experimentaron desde el inicio de la enfermedad hasta el día de la presentación,adsym_paresthesia,Parestesia cutánea,"1, Sí | 0, No | 99, Desconocido","Se refiere a las sensaciones cutáneas percibidas (por ejemplo, frío, calor, hormigueo, presión, etc.) que se experimentan de forma espontánea en ausencia de estimulación.",Indique «Sí» si el paciente ha experimentado esto en algún momento desde el inicio de la enfermedad hasta la presentación.,2,0,0,0,0,0
presentación,SÍNTOMAS AL INGRESO: Indicar si se experimentaron desde el inicio de la enfermedad hasta el día de la presentación,adsym_skinchange,Cambios en la textura de la piel,"1, Sí | 0, No | 99, Desconocido","Se refiere a alteraciones en el aspecto y el tacto de la superficie de la piel, como rugosidad, irregularidad o presencia de protuberancias.",Indique «Sí» si el paciente ha experimentado esto en algún momento desde el inicio de la enfermedad hasta la presentación.,2,0,0,0,0,0
presentación,SÍNTOMAS AL INGRESO: Indicar si se experimentaron desde el inicio de la enfermedad hasta el día de la presentación,adsym_skinpallor,Palidez de la piel,"1, Sí | 0, No | 99, Desconocido",Se refiere al aspecto pálido y antinatural de la piel.,Indique «Sí» si el paciente ha experimentado esto en algún momento desde el inicio de la enfermedad hasta la presentación.,2,0,0,0,0,0
presentación,SÍNTOMAS AL INGRESO: Indicar si se experimentaron desde el inicio de la enfermedad hasta el día de la presentación,adsym_pruritus,Picazón / prurito,"1, Sí | 0, No | 99, Desconocido",Definido como una sensación de picazón desagradable o intensa que produce la necesidad de frotar o rayar la piel para obtener alivio. La picazón es una sensación irritante que te hace querer rascar tu piel.,"Indique «Sí» si el paciente ha experimentado esto en algún momento desde el inicio de la enfermedad hasta la presentación. ",2,0,0,0,0,0
presentación,SÍNTOMAS AL INGRESO: Indicar si se experimentaron desde el inicio de la enfermedad hasta el día de la presentación,adsym_mobilchg,Cambio en la movilidad desde la línea de base,"1, Sí | 0, No | 99, Desconocido",Se refiere a la capacidad del paciente para caminar o moverse.,Indique «Sí» si el paciente ha experimentado esto en algún momento desde el inicio de la enfermedad hasta la presentación.,2,0,0,0,0,0
presentación,SÍNTOMAS AL INGRESO: Indicar si se experimentaron desde el inicio de la enfermedad hasta el día de la presentación,adsym_mobile,Estado de movilidad,"1, Totalmente ambulatorio | 2, Ambulatorio, pero con cierta asistencia | 3, Postrado en cama","Se refiere a la capacidad del paciente para caminar o moverse. ",Indique el estado de movilidad del paciente en el momento de la presentación.,2,0,0,0,0,0
presentación,SÍNTOMAS AL INGRESO: Indicar si se experimentaron desde el inicio de la enfermedad hasta el día de la presentación,adsym_sleepmore,Dormir más de lo habitual / letargo / lentitud / apatía,"1, Sí | 0, No | 99, Desconocido","Se refiere a la somnolencia excesiva durante el día, caracterizada por adormecimiento y una falta inusual de energía y agilidad mental, o a un bebé con poca energía, somnoliento o que duerme más de lo habitual.","Indique «Sí» si el paciente ha experimentado esto en algún momento desde el inicio de la enfermedad hasta la presentación. ",2,0,0,0,0,0
presentación,SÍNTOMAS AL INGRESO: Indicar si se experimentaron desde el inicio de la enfermedad hasta el día de la presentación,adsym_polydipsia,Aumento de la sed (polidipsia),"1, Sí | 0, No | 99, Desconocido",Se refiere a la sed excesiva.,Indique «Sí» si el paciente ha experimentado esto en algún momento desde el inicio de la enfermedad hasta su presentación.,2,0,0,0,0,0
presentación,SÍNTOMAS AL INGRESO: Indicar si se experimentaron desde el inicio de la enfermedad hasta el día de la presentación,adsym_irregmenstruation,Cambios en la menstruación (menstruación irregular),"1, Sí | 0, No | 99, Desconocido","Se refiere a cualquier desviación del proceso normal; por ejemplo, retraso, dificultad, profusión, escasez, sangrado inusual, etc.",Indique «Sí» si el paciente ha experimentado esto en algún momento desde el inicio de la enfermedad hasta su presentación.,2,0,0,0,0,0
presentación,SÍNTOMAS AL INGRESO: Indicar si se experimentaron desde el inicio de la enfermedad hasta el día de la presentación,adsym_resp,Síntomas respiratorios,,Se refiere a los signos y síntomas relacionados con el sistema respiratorio.,Indique «Sí» si el paciente ha experimentado esto en algún momento desde el inicio de la enfermedad hasta su presentación.,2,0,0,0,0,
presentación,SÍNTOMAS AL INGRESO: Indicar si se experimentaron desde el inicio de la enfermedad hasta el día de la presentación,adsym_cough,Tos,"1, Sí | 0, No | 99, Desconocido","Esto se refiere a la presencia de una tos y sus características. Una tos productiva se refiere a una tos acompañada de secreciones expectoradas (flema o moco), mientras que una tos no productiva se refiere a una que no está acompañada de secreciones expectadas. La hemoptisis se refiere a la presencia de sangre o esputo en la sangre del tracto respiratorio.","Indique «Sí» si el paciente ha experimentado esto en algún momento desde el inicio de la enfermedad hasta su presentación. ",2,0,0,0,0,0
presentación,SÍNTOMAS AL INGRESO: Indicar si se experimentaron desde el inicio de la enfermedad hasta el día de la presentación,adsym_cough_type,Tipo de tos,"1, No productiva | 2, Productiva | 3, Hemoptisis | 99, Desconocida",Se refiere al tipo de tos. La tos productiva se refiere a una tos acompañada de secreciones expectoradas (flema o moco).,Indique «Sí» si el paciente ha experimentado esto en algún momento desde el inicio de la enfermedad hasta su presentación.,2,0,0,0,0,0
presentación,SÍNTOMAS AL INGRESO: Indicar si se experimentaron desde el inicio de la enfermedad hasta el día de la presentación,adsym_sorethroat,Dolor de garganta,"1, Sí | 0, No | 99, Desconocido","Definido como una sensación desagradable caracterizada por incomodidad física (como pinchar, palpitarse o dolor) y percibida que se origina en la garganta.",Indique «Sí» si el paciente ha experimentado esto en algún momento desde el inicio de la enfermedad hasta su presentación.,2,0,0,0,0,0
presentación,SÍNTOMAS AL INGRESO: Indicar si se experimentaron desde el inicio de la enfermedad hasta el día de la presentación,adsym_rhinorrhoe,Secuestro / rinorrea,"1, Sí | 0, No | 99, Desconocido",Definido como una mayor descarga de la mucosa de la nariz.,Indique «Sí» si el paciente ha experimentado esto en algún momento desde el inicio de la enfermedad hasta su presentación.,2,0,0,0,0,0
presentación,SÍNTOMAS AL INGRESO: Indicar si se experimentaron desde el inicio de la enfermedad hasta el día de la presentación,adsym_wheezing,Sibilante,"1, Sí | 0, No | 99, Desconocido",Definido como un sonido de aliento agudo como resultado de un estrechamiento u obstrucción de las vías respiratorias pequeñas.,"Indique «Sí» si el paciente ha experimentado esto en algún momento desde el inicio de la enfermedad hasta su presentación. ",2,0,0,0,0,0
presentación,SÍNTOMAS AL INGRESO: Indicar si se experimentaron desde el inicio de la enfermedad hasta el día de la presentación,adsym_shortbreat,Dificultad para respirar,"1, Sí | 0, No | 99, Desconocido",Definido como la sensación incómoda de la respiración difícil o laboriosa que está fuera de proporción al nivel de actividad física del paciente.,Indique «Sí» si el paciente ha experimentado esto en algún momento desde el inicio de la enfermedad hasta su presentación.,2,0,0,0,0,0
presentación,SÍNTOMAS AL INGRESO: Indicar si se experimentaron desde el inicio de la enfermedad hasta el día de la presentación,adsym_nasalcongestion,Congestión nasal,"1, Sí | 0, No | 99, Desconocido","Se define como la reducción de la capacidad de pasar aire a través de la cavidad nasal, lo que a menudo conduce a la respiración bucal.",Indique «Sí» si el paciente ha experimentado esto en algún momento desde el inicio de la enfermedad hasta su presentación.,2,0,0,0,0,0
presentación,SÍNTOMAS AL INGRESO: Indicar si se experimentaron desde el inicio de la enfermedad hasta el día de la presentación,adsym_chestpain,Dolor en el pecho,"1, Sí | 0, No | 99, Desconocido","Definido como la sensación desagradable, incómoda o dolorosa caracterizada por la incomodidad física localizada en el cofre.",Indique «Sí» si el paciente ha experimentado esto en algún momento desde el inicio de la enfermedad hasta su presentación.,2,0,0,0,0,0
presentación,SÍNTOMAS AL INGRESO: Indicar si se experimentaron desde el inicio de la enfermedad hasta el día de la presentación,adsym_sneez,Estornudos,"1, Sí | 0, No | 99, Desconocido","Se refiere a una exhalación repentina, violenta, espasmódica y audible por la nariz y la boca.","Indique «Sí» si el paciente ha experimentado esto en algún momento desde el inicio de la enfermedad hasta su presentación. ",2,0,0,0,0,0
presentación,SÍNTOMAS AL INGRESO: Indicar si se experimentaron desde el inicio de la enfermedad hasta el día de la presentación,adsym_hiccups,Hipo,"1, sí | 0, No | 99, Desconocido",,,2,0,0,,,0
presentación,SÍNTOMAS AL INGRESO: Indicar si se experimentaron desde el inicio de la enfermedad hasta el día de la presentación,adsym_cvs,Síntomas cardiovasculares,,Se refiere a los signos y síntomas relacionados con el sistema cardiovascular.,"Indique «Sí» si el paciente ha experimentado esto en algún momento desde el inicio de la enfermedad hasta su presentación. ",2,0,0,0,0,
presentación,SÍNTOMAS AL INGRESO: Indicar si se experimentaron desde el inicio de la enfermedad hasta el día de la presentación,adsym_palpitations,Palpitaciones,"1, Sí | 0, No | 99, Desconocido",Se refiere a la desagradable conciencia del corazón de uno.,Indique «Sí» si el paciente ha experimentado esto en algún momento desde el inicio de la enfermedad hasta su presentación.,2,0,0,0,0,0
presentación,SÍNTOMAS AL INGRESO: Indicar si se experimentaron desde el inicio de la enfermedad hasta el día de la presentación,adsym_git,Síntomas gastrointestinales,,Se refiere a los signos y síntomas relacionados con el sistema gastrointestinal.,Indique «Sí» si el paciente ha experimentado esto en algún momento desde el inicio de la enfermedad hasta su presentación.,2,0,0,0,0,
presentación,SÍNTOMAS AL INGRESO: Indicar si se experimentaron desde el inicio de la enfermedad hasta el día de la presentación,adsym_abdpain,Dolor abdominal,"1, Sí | 0, No | 99, Desconocido","Definido como una sensación desagradable de incomodidad, angustia o agonía en la región abdominal.",Indique «Sí» si el paciente ha experimentado esto en algún momento desde el inicio de la enfermedad hasta su presentación.,2,0,0,0,0,0
presentación,SÍNTOMAS AL INGRESO: Indicar si se experimentaron desde el inicio de la enfermedad hasta el día de la presentación,adsym_diarrhoea,Diarrea,"1, Sí | 0, No | 99, Desconocido",Definido como una frecuencia anormalmente aumentada (generalmente definida como tres o más) movimiento intestinal suelto o líquido por día (o pasaje más frecuente de lo normal para el individuo).,"Indique «Sí» si el paciente ha experimentado esto en algún momento desde el inicio de la enfermedad hasta su presentación. ",2,0,0,0,0,0
presentación,SÍNTOMAS AL INGRESO: Indicar si se experimentaron desde el inicio de la enfermedad hasta el día de la presentación,adsym_consti,Constipación,"1, Sí | 0, No | 99, Desconocido",Definido como evacuación irregular e infrecuente o difícil de los intestinos.,Indique «Sí» si el paciente ha experimentado esto en algún momento desde el inicio de la enfermedad hasta su presentación.,2,0,0,0,0,0
presentación,SÍNTOMAS AL INGRESO: Indicar si se experimentaron desde el inicio de la enfermedad hasta el día de la presentación,adsym_vomit,Vómitos,"1, Sí | 0, No | 99, Desconocido",Definido como la expulsión del estómago o los intestinos pequeños a través de la boca.,Indique «Sí» si el paciente ha experimentado esto en algún momento desde el inicio de la enfermedad hasta su presentación.,2,0,0,0,0,0
presentación,SÍNTOMAS AL INGRESO: Indicar si se experimentaron desde el inicio de la enfermedad hasta el día de la presentación,adsym_vomit2d,¿Vómitos persistentes? (> = 2/día),"1, Sí | 0, No | 99, Desconocido",El vómitos persistentes se define aquí como vómitos dos veces o más por día.,Indique «Sí» si el paciente ha experimentado esto en algún momento desde el inicio de la enfermedad hasta su presentación.,2,0,0,0,0,0
presentación,SÍNTOMAS AL INGRESO: Indicar si se experimentaron desde el inicio de la enfermedad hasta el día de la presentación,adsym_vomitbld,Hematemesis (vómitos con sangre),"1, Sí | 0, No | 99, Desconocido",Se refiere al vómito con sangre.,"Indique «Sí» si el paciente ha experimentado esto en algún momento desde el inicio de la enfermedad hasta su presentación. ",2,0,0,0,0,0
presentación,SÍNTOMAS AL INGRESO: Indicar si se experimentaron desde el inicio de la enfermedad hasta el día de la presentación,adsym_nausea,Náuseas,"1, Sí | 0, No | 99, Desconocido",Definido como la desagradable sensación subjetiva dolorosa de que uno vomitará inminentemente.,Indique «Sí» si el paciente ha experimentado esto en algún momento desde el inicio de la enfermedad hasta su presentación.,2,0,0,0,0,0
presentación,SÍNTOMAS AL INGRESO: Indicar si se experimentaron desde el inicio de la enfermedad hasta el día de la presentación,adsym_anorexia,Anorexia,"1, Sí | 0, No | 99, Desconocido",Definido como falta o pérdida de apetito.,Indique «Sí» si el paciente ha experimentado esto en algún momento desde el inicio de la enfermedad hasta su presentación.,2,0,0,0,0,0
presentación,SÍNTOMAS AL INGRESO: Indicar si se experimentaron desde el inicio de la enfermedad hasta el día de la presentación,adsym_exsal,Salivación excesiva,"1, Sí | 0, No | 99, Desconocido","Definido como salivación excesiva o sialorrea, es un síntoma mejor evaluado por el paciente.",Indique «Sí» si el paciente ha experimentado esto en algún momento desde el inicio de la enfermedad hasta su presentación.,2,0,0,0,0,0
presentación,SÍNTOMAS AL INGRESO: Indicar si se experimentaron desde el inicio de la enfermedad hasta el día de la presentación,adsym_diffswallow,Dificultad para tragar / disfagia,"1, Sí | 0, No | 99, Desconocido","Definido como dificultad para tragar alimentos, líquidos o saliva.","Indique «Sí» si el paciente ha experimentado esto en algún momento desde el inicio de la enfermedad hasta su presentación. ",2,0,0,0,0,0
presentación,SÍNTOMAS AL INGRESO: Indicar si se experimentaron desde el inicio de la enfermedad hasta el día de la presentación,adsym_faecalincont,Incontinencia fecal,"1, Sí | 0, No | 99, Desconocido","Definido como la incapacidad de controlar voluntariamente los esfínteres anales, con paso involuntario de heces y gases.",Indique «Sí» si el paciente ha experimentado esto en algún momento desde el inicio de la enfermedad hasta su presentación.,2,0,0,0,0,0
presentación,SÍNTOMAS AL INGRESO: Indicar si se experimentaron desde el inicio de la enfermedad hasta el día de la presentación,adsym_renalgut,Síntomas renales/genitourinarios,,Se refiere a los signos y síntomas relacionados con el sistema renal/genitourinario.,Indique «Sí» si el paciente ha experimentado esto en algún momento desde el inicio de la enfermedad hasta su presentación.,2,0,0,0,0,
presentación,SÍNTOMAS AL INGRESO: Indicar si se experimentaron desde el inicio de la enfermedad hasta el día de la presentación,adsym_urine,Retención urinaria,"1, Sí | 0, No | 99, Desconocido",Definido como la acumulación de orina dentro de la vejiga debido a la incapacidad de orinar.,"Indique «Sí» si el paciente ha experimentado esto en algún momento desde el inicio de la enfermedad hasta su presentación. ",2,0,0,0,0,0
presentación,SÍNTOMAS AL INGRESO: Indicar si se experimentaron desde el inicio de la enfermedad hasta el día de la presentación,adsym_urineincont,Incontinencia urinaria,"1, Sí | 0, No | 99, Desconocido",Se refiere a la pérdida del control de la vejiga o a la incapacidad de controlar la micción.,Indique «Sí» si el paciente ha experimentado esto en algún momento desde el inicio de la enfermedad hasta su presentación.,2,0,0,0,0,0
presentación,SÍNTOMAS AL INGRESO: Indicar si se experimentaron desde el inicio de la enfermedad hasta el día de la presentación,adsym_polyuria,Aumento de la micción (poliuria),"1, Sí | 0, No | 99, Desconocido",Se refiere a la micción excesiva o frecuente.,Indique «Sí» si el paciente ha experimentado esto en algún momento desde el inicio de la enfermedad hasta su presentación.,2,0,0,0,0,0
presentación,SÍNTOMAS AL INGRESO: Indicar si se experimentaron desde el inicio de la enfermedad hasta el día de la presentación,adsym_dysuria,Dolor al orinar (disuria),"1, Sí | 0, No | 99, Desconocido",Se refiere a la micción dolorosa o difícil.,Indique «Sí» si el paciente ha experimentado esto en algún momento desde el inicio de la enfermedad hasta su presentación.,2,0,0,0,0,0
presentación,SÍNTOMAS AL INGRESO: Indicar si se experimentaron desde el inicio de la enfermedad hasta el día de la presentación,adsym_dyspareunia,Relaciones sexuales dolorosas/ Dyspareunia,"1, Sí | 0, No | 99, Desconocido",Definido como dolor genital recurrente o persistente asociado con relaciones sexuales.,"Indique «Sí» si el paciente ha experimentado esto en algún momento desde el inicio de la enfermedad hasta su presentación. ",2,0,0,0,0,0
presentación,SÍNTOMAS AL INGRESO: Indicar si se experimentaron desde el inicio de la enfermedad hasta el día de la presentación,adsym_heme,Síntomas hematológicos,,Se refiere a los signos y síntomas relacionados con el sistema hematológico.,Indique «Sí» si el paciente ha experimentado esto en cualquier momento desde el inicio de la enfermedad hasta su presentación.,2,0,0,0,0,
presentación,SÍNTOMAS AL INGRESO: Indicar si se experimentaron desde el inicio de la enfermedad hasta el día de la presentación,adsym_haemorrhag,Sangrado/hemorragia,"1, Sí | 0, No | 99, Desconocido","Se define como la presencia de sangre en un lugar en el que no es fisiológicamente normal o la pérdida de sangre de la circulación, ya sea interna o externa. Esto puede incluir epistaxis (sangrado nasal), sangrado gingival (sangrado de las encías), sangrado de cualquier parte del tracto gastrointestinal (sangrado gastrointestinal) o del tracto genitourinario (vagina o uretra), incluida la hematuria. ",Indique «Sí» si el paciente ha experimentado esto en cualquier momento desde el inicio de la enfermedad hasta su presentación.,2,0,0,0,0,0
presentación,SÍNTOMAS AL INGRESO: Indicar si se experimentaron desde el inicio de la enfermedad hasta el día de la presentación,adsym_haemorrhag_sev,Sangrado / hemorragia severa (requiere intervención),"1, Sí | 0, No | 99, Desconocido",Definido como el sangrado / hemorragia severo que requiere intervención médica para la hemostasia y / o el apoyo hemodinámico.,Indique «Sí» si el paciente ha experimentado esto en cualquier momento desde el inicio de la enfermedad hasta su presentación.,2,0,0,0,0,0
presentación,SÍNTOMAS AL INGRESO: Indicar si se experimentaron desde el inicio de la enfermedad hasta el día de la presentación,adsym_haemorrhag_site,En caso afirmativo: especifique los sitios de sangrado / hemorragia,"1, Piel | 7, Petequias | 2, Nariz | 3, Encías | 4, Tracto gastrointestinal | 5, Tracto urinario | 6, Vagina | 99, Desconocida | 88, Otros","Esto se refiere a la ubicación de los sitios de sangrado/hemorragia. PETHIAE se refieren a pequeñas manchas rojizas o púrpuras en la piel o la membrana mucosa como resultado de la hemorragia localizada. El sangrado de la nariz se refiere a la hemorragia localizada en la nariz. El sangrado de la encía se refiere a la hemorragia que afecta la gingiva. El sangrado gastrointestinal (GI) se refiere a la hemorragia en cualquier segmento del tracto gastrointestinal desde el esófago hasta el recto. El sangrado del tracto urinario se refiere a la hemorragia que se origina en cualquier parte del sistema urinario. El sangrado vaginal se refiere a la hemorragia que se origina en la vagina, no relacionada con la menstruación normal.",Seleccione la (s) opción (s) más apropiada correspondiente a la ubicación del Sitio (s) de hemorragia de hemorragia.,2,0,0,0,0,0
presentación,SÍNTOMAS AL INGRESO: Indicar si se experimentaron desde el inicio de la enfermedad hasta el día de la presentación,adsym_haemorrhag_site_oth,Especifique otros lugares de sangrado/hemorragia,,Se refiere a la ubicación del sitio o sitios de sangrado/hemorragia.,"Si «Otro», escriba la otra ubicación del sitio o sitios donde el paciente ha experimentado sangrado/hemorragia en cualquier momento desde el inicio de esta enfermedad y la presentación o el ingreso.",2,0,0,0,0,
presentación,SÍNTOMAS AL INGRESO: Indicar si se experimentaron desde el inicio de la enfermedad hasta el día de la presentación,adsym_cns,Síntomas neurológicos,,Se refiere a los signos y síntomas relacionados con el sistema neurológico.,Indique «Sí» si el paciente ha experimentado esto en cualquier momento desde el inicio de esta enfermedad hasta la presentación.,2,0,0,0,0,
presentación,SÍNTOMAS AL INGRESO: Indicar si se experimentaron desde el inicio de la enfermedad hasta el día de la presentación,adsym_headache,Dolor de cabeza,"1, Sí | 0, No | 99, Desconocido",Definido como la experiencia del dolor en varias partes de la cabeza.,"Indique «Sí» si el paciente ha experimentado esto en cualquier momento desde el inicio de esta enfermedad hasta la presentación. ",2,0,0,0,0,0
presentación,SÍNTOMAS AL INGRESO: Indicar si se experimentaron desde el inicio de la enfermedad hasta el día de la presentación,adsym_photoph,Fotofobia,"1, Sí | 0, No | 99, Desconocido",Se refiere a una mayor sensibilidad de los ojos a la luz.,Indique «Sí» si el paciente ha experimentado esto en cualquier momento desde el inicio de la enfermedad hasta la presentación.,2,0,0,0,0,0
presentación,SÍNTOMAS AL INGRESO: Indicar si se experimentaron desde el inicio de la enfermedad hasta el día de la presentación,adsym_seizconv,Convulsiones / convulsiones,"1, Sí | 0, No | 99, Desconocido","Definido como una anormalidad intermitente de la fisiología del sistema nervioso caracterizado por una ocurrencia transitoria de movimiento repentino, violento e irregular del cuerpo, causado por la contracción involuntaria de los músculos debido a la actividad neuronal excesiva o sincrónica anormal en el cerebro.",Indique «Sí» si el paciente ha experimentado esto en cualquier momento desde el inicio de la enfermedad hasta la presentación.,2,0,0,0,0,0
presentación,SÍNTOMAS AL INGRESO: Indicar si se experimentaron desde el inicio de la enfermedad hasta el día de la presentación,adsym_confusion,Conciencia / confusión alterada,"1, Sí | 0, No | 99, Desconocido",Definido como un nivel de conciencia o excitación que no sea la línea de base normal del paciente.,Indique «Sí» si el paciente ha experimentado esto en cualquier momento desde el inicio de la enfermedad hasta la presentación.,2,0,0,0,0,0
presentación,SÍNTOMAS AL INGRESO: Indicar si se experimentaron desde el inicio de la enfermedad hasta el día de la presentación,adsym_paralysis,Parálisis,"1, Sí | 0, No | 99, Desconocido",Se refiere a la incapacidad de mover o controlar completamente los movimientos.,"Indique «Sí» si el paciente ha experimentado esto en cualquier momento desde el inicio de la enfermedad hasta la presentación. ",2,0,0,0,0,0
presentación,SÍNTOMAS AL INGRESO: Indicar si se experimentaron desde el inicio de la enfermedad hasta el día de la presentación,adsym_irritable,Irritabilidad,"1, Sí | 0, No | 99, Desconocido","Se refiere a una excitabilidad anormal o excesiva con ira, irritabilidad o impaciencia que se desencadena fácilmente.",Indique «Sí» si el paciente ha experimentado esto en cualquier momento desde el inicio de la enfermedad hasta su presentación.,2,0,0,0,0,0
presentación,SÍNTOMAS AL INGRESO: Indicar si se experimentaron desde el inicio de la enfermedad hasta el día de la presentación,adsym_tremor,Temblor,"1, Sí | 0, No | 99, Desconocido","Se refiere a un movimiento muscular no intencional, oscilante hacia un eje articular.",Indique «Sí» si el paciente ha experimentado esto en cualquier momento desde el inicio de la enfermedad hasta su presentación.,2,0,0,0,0,0
presentación,SÍNTOMAS AL INGRESO: Indicar si se experimentaron desde el inicio de la enfermedad hasta el día de la presentación,adsym_diffwalk,Dificultad para caminar,"1, Sí | 0, No | 99, Desconocido",Se refiere a cualquier problema persistente para caminar.,"Indique «Sí» si el paciente ha experimentado esto en cualquier momento desde el inicio de la enfermedad hasta la presentación. ",2,0,0,0,0,0
presentación,SÍNTOMAS AL INGRESO: Indicar si se experimentaron desde el inicio de la enfermedad hasta el día de la presentación,adsym_neurologic,Otra anormalidad neurológica,"1, Sí | 0, No | 99, Desconocido",Esto se refiere a la presencia de una anormalidad neurológica alternativa que no se enumera anteriormente.,"Indique 'sí', si el paciente tiene otra anormalidad neurológica que no menciona anteriormente.",2,0,0,0,0,0
presentación,SÍNTOMAS AL INGRESO: Indicar si se experimentaron desde el inicio de la enfermedad hasta el día de la presentación,adsym_neurologic_spec,Especifique otros síntomas neurológicos,,Se refiere a la presencia de otra anomalía neurológica no incluida en la lista anterior.,"Si es «Otra», especifique la anomalía neurológica.",2,0,0,0,0,
presentación,SÍNTOMAS AL INGRESO: Indicar si se experimentaron desde el inicio de la enfermedad hasta el día de la presentación,adsym_eye,Síntomas oftalmológicos,,Se refiere a los signos y síntomas relacionados con los ojos.,Indique «Sí» si el paciente ha experimentado esto en algún momento desde el inicio de la enfermedad hasta su presentación.,2,0,0,0,0,
presentación,SÍNTOMAS AL INGRESO: Indicar si se experimentaron desde el inicio de la enfermedad hasta el día de la presentación,adsym_itchyeye,Picazón en el ojo,"1, Sí | 0, No | 99, Desconocido",Definido como picazón de uno o ambos ojos.,Indique «Sí» si el paciente ha experimentado esto en algún momento desde el inicio de la enfermedad hasta su presentación.,2,0,0,0,0,0
presentación,SÍNTOMAS AL INGRESO: Indicar si se experimentaron desde el inicio de la enfermedad hasta el día de la presentación,adsym_redeye,Ojo rojo / rosa,"1, Sí | 0, No | 99, Desconocido","Definido como inflamación o infección de la conjuntiva, caracterizada por el enrojecimiento en uno o ambos ojos.",Indique «Sí» si el paciente ha experimentado esto en algún momento desde el inicio de la enfermedad hasta su presentación.,2,0,0,0,0,0
presentación,SÍNTOMAS AL INGRESO: Indicar si se experimentaron desde el inicio de la enfermedad hasta el día de la presentación,adsym_paineyes,Dolor en el ojo,"1, Sí | 0, No | 99, Desconocido",Definido como incomodidad o dolor localizado dentro o alrededor del área de los ojos.,"Indique «Sí» si el paciente ha experimentado esto en algún momento desde el inicio de la enfermedad hasta su presentación. ",2,0,0,0,0,0
presentación,SÍNTOMAS AL INGRESO: Indicar si se experimentaron desde el inicio de la enfermedad hasta el día de la presentación,adsym_eyelidedema,Edema de párpado,"1, Sí | 0, No | 99, Desconocido",Definido como hinchazón debido a la acumulación de líquidos en los tejidos del párpado.,Indique «Sí» si el paciente ha experimentado esto en algún momento desde el inicio de la enfermedad hasta la presentación.,2,0,0,0,0,0
presentación,SÍNTOMAS AL INGRESO: Indicar si se experimentaron desde el inicio de la enfermedad hasta el día de la presentación,adsym_eyedischarg,Descarga de ojo,"1, Sí | 0, No | 99, Desconocido","Definido como la liberación de fluidos que van desde claros hasta pus del ojo, a menudo indicativo de infección o irritación.",Indique «Sí» si el paciente ha experimentado esto en algún momento desde el inicio de la enfermedad hasta la presentación.,2,0,0,0,0,0
presentación,SÍNTOMAS AL INGRESO: Indicar si se experimentaron desde el inicio de la enfermedad hasta el día de la presentación,adsym_hazyvision,Visión brumosa / borrosa,"1, Sí | 0, No | 99, Desconocido","Definido como una pérdida de agudeza visual, lo que resulta en una vista poco clara o distorsionada.",Indique «Sí» si el paciente ha experimentado esto en algún momento desde el inicio de la enfermedad hasta la presentación.,2,0,0,0,0,0
presentación,SÍNTOMAS AL INGRESO: Indicar si se experimentaron desde el inicio de la enfermedad hasta el día de la presentación,adsym_eyelightsensi,Sensibilidad del ojo a la luz,"1, Sí | 0, No | 99, Desconocido","Definido como una intolerancia anormal a la luz, causando molestias o dolor en los ojos cuando se expone a la luz brillante.","Indique «Sí» si el paciente ha experimentado esto en algún momento desde el inicio de la enfermedad hasta la presentación. ",2,0,0,0,0,0
presentación,SÍNTOMAS AL INGRESO: Indicar si se experimentaron desde el inicio de la enfermedad hasta el día de la presentación,adsym_visdist,Alteración de la visión,"1, Sí | 0, No | 99, Desconocido",Se refiere a una interferencia en la visión normal sin que necesariamente afecte a la agudeza visual.,Indique «Sí» si el paciente ha experimentado esto en cualquier momento desde el inicio de la enfermedad hasta su presentación.,2,0,0,0,0,0
presentación,SÍNTOMAS AL INGRESO: Indicar si se experimentaron desde el inicio de la enfermedad hasta el día de la presentación,adsym_ocularoth,Si otros: especificar quejas oculares,"1, Sí | 0, No | 99, Desconocido",Esto se refiere a otras quejas oculares no especificadas anteriormente.,"Si 'otro', escriba las otras quejas oculares que el paciente ha experimentado en cualquier momento desde el inicio de esta enfermedad y presentación o admisión.",2,0,0,0,0,0
presentación,SÍNTOMAS AL INGRESO: Indicar si se experimentaron desde el inicio de la enfermedad hasta el día de la presentación,adsym_ocularoth_spec,Especifique otros síntomas oftalmológicos,,"Se refiere a otros signos y síntomas relacionados con el ojo, no especificados anteriormente.","Si «Sí», especifique otros signos y síntomas oftalmológicos. ",2,0,0,0,0,
presentación,SÍNTOMAS AL INGRESO: Indicar si se experimentaron desde el inicio de la enfermedad hasta el día de la presentación,adsym_ent,"Síntomas en oídos, nariz o garganta","1, Sí | 0, No | 99, Desconocido","Se refiere a signos y síntomas relacionados con el oído, la nariz y la garganta.",Indique «Sí» si el paciente ha experimentado esto en algún momento desde el inicio de la enfermedad hasta la presentación.,2,0,0,0,0,0
presentación,SÍNTOMAS AL INGRESO: Indicar si se experimentaron desde el inicio de la enfermedad hasta el día de la presentación,adsym_earpain,Dolor de oídos,"1, Sí | 0, No | 99, Desconocido",Se refiere a una sensación dolorosa en el oído.,Indique «Sí» si el paciente ha experimentado esto en algún momento desde el inicio de la enfermedad hasta la presentación.,2,0,0,0,0,0
presentación,SÍNTOMAS AL INGRESO: Indicar si se experimentaron desde el inicio de la enfermedad hasta el día de la presentación,adsym_tinnitus,Tinnitus,"1, Sí | 0, No | 99, Desconocido",Se refiere a una percepción anómala de los sonidos que experimenta una persona en ausencia de estímulos auditivos.,Indique «Sí» si el paciente ha experimentado esto en algún momento desde el inicio de la enfermedad hasta la presentación.,2,0,0,0,0,0
presentación,SÍNTOMAS AL INGRESO: Indicar si se experimentaron desde el inicio de la enfermedad hasta el día de la presentación,adsym_parot,Parotiditis,"1, Sí | 0, No | 99, Desconocido",Se refiere a la inflamación de las glándulas parótidas.,"Indique «Sí» si el paciente ha experimentado esto en cualquier momento desde el inicio de la enfermedad hasta la presentación. ",2,0,0,0,0,0
presentación,SÍNTOMAS AL INGRESO: Indicar si se experimentaron desde el inicio de la enfermedad hasta el día de la presentación,adsym_paed,Síntomas específicos pediátricos,,,,2,0,0,,,
presentación,SÍNTOMAS AL INGRESO: Indicar si se experimentaron desde el inicio de la enfermedad hasta el día de la presentación,adsym_contcry,Llanto continuo,"1, sí | 0, No | 99, Desconocido","Se refiere al llanto inconsolable y excesivo de un recién nacido o un bebé, que suele definirse como un llanto que dura más de tres horas al día, al menos tres días a la semana, durante más de tres semanas.",,2,0,0,0,,0
presentación,SÍNTOMAS AL INGRESO: Indicar si se experimentaron desde el inicio de la enfermedad hasta el día de la presentación,adsym_feedingdiff,Dificultad para alimentarse,"1, sí | 0, No | 99, Desconocido","Definido como la capacidad deteriorada para comer relacionada con problemas para recoger los alimentos y prepararse para succionarlos, masticarlos o tragarlos.",,2,0,0,0,,0
presentación,SÍNTOMAS AL INGRESO: Indicar si se experimentaron desde el inicio de la enfermedad hasta el día de la presentación,adsym_otherdesc,Otros  síntomas,,,,2,0,0,,,
presentación,SÍNTOMAS AL INGRESO: Indicar si se experimentaron desde el inicio de la enfermedad hasta el día de la presentación,adsym_unlisted,Otros signos o síntomas,"1, Sí | 0, No | 99, Desconocido",Esto se refiere a la presencia de un signo alternativo o anormalidad no enumerada anteriormente.,"Indique «Sí» si el paciente ha experimentado esto en algún momento desde el inicio de la enfermedad hasta la presentación. ",2,0,0,0,0,0
presentación,SIGNOS AL INGRESAR: Indique si se han experimentado en algún momento desde el inicio de la enfermedad hasta el día de la presentación.,adsign_sys,Signos sistémicos/generales,,Se refiere a signos y síntomas sistémicos/generales/no específicos.,"Indique «Sí» si el paciente ha experimentado esto en algún momento desde el inicio de la enfermedad hasta su presentación. ",2,0,0,0,0,
presentación,SIGNOS AL INGRESAR: Indique si se han experimentado en algún momento desde el inicio de la enfermedad hasta el día de la presentación.,adsign_hypotherm,Hipotermia,"1, Sí | 0, No | 99, Desconocido",Se refiere a una reducción anómala de la temperatura corporal debido a un fallo en la termorregulación.,"Indique «Sí» si el paciente ha experimentado esto en algún momento desde el inicio de la enfermedad hasta su presentación. ",2,0,0,0,0,0
presentación,SIGNOS AL INGRESAR: Indique si se han experimentado en algún momento desde el inicio de la enfermedad hasta el día de la presentación.,adsign_coldperiph,Extremidades frías/húmedas,"1, Sí | 0, No | 99, Desconocido","Se refiere a una piel fría y húmeda al tacto, a menudo asociada con insuficiencia circulatoria y síntomas como inquietud e hipotensión.","Indique «Sí» si el paciente ha experimentado esto en algún momento desde el inicio de la enfermedad hasta su presentación. ",2,0,0,0,0,0
presentación,SIGNOS AL INGRESAR: Indique si se han experimentado en algún momento desde el inicio de la enfermedad hasta el día de la presentación.,adsign_dehyrdation,Deshidratación,"1, Sí | 0, No | 99, Desconocido",Se refiere a una pérdida excesiva de agua del cuerpo.,"Indique «Sí» si el paciente ha experimentado esto en algún momento desde el inicio de la enfermedad hasta su presentación. ",2,0,0,0,0,0
presentación,SIGNOS AL INGRESAR: Indique si se han experimentado en algún momento desde el inicio de la enfermedad hasta el día de la presentación.,adsign_dehyrdation_type,Estado de deshidratación,"1, leve | 2, Moderado| 3, severo",Esto se refiere a la pérdida excesiva de agua del cuerpo.,"Indique ""Sí"", si el paciente ha experimentado esto en algún momento desde el inicio de esta enfermedad hasta su presentación.",2,0,0,0,0,0
presentación,SIGNOS AL INGRESAR: Indique si se han experimentado en algún momento desde el inicio de la enfermedad hasta el día de la presentación.,adsign_oedema,Edema,"1, Sí | 0, No | 99, Desconocido",Se refiere a la acumulación de una cantidad excesiva de líquido en las células o los tejidos intercelulares.,"Indique «Sí» si el paciente ha experimentado esto en algún momento desde el inicio de la enfermedad hasta la consulta. ",2,0,0,0,0,0
presentación,SIGNOS AL INGRESAR: Indique si se han experimentado en algún momento desde el inicio de la enfermedad hasta el día de la presentación.,adsign_oedema_site,Localización del edema,"1, Pies | 2, Tobillos | 3, Piernas (por debajo de la rodilla) | 4, Piernas (por encima de la rodilla)  | 5, Escroto/Labios vaginales | 6, Sacro | 7, Abdomen | 8, Cuello | 9, Cara | 99, Desconocido | 88, Otros",Se refiere a la ubicación del edema.,"Si la respuesta es «Sí», especifique la ubicación del edema. Seleccione todas las opciones que correspondan.",2,0,0,0,0,0
presentación,SIGNOS AL INGRESAR: Indique si se han experimentado en algún momento desde el inicio de la enfermedad hasta el día de la presentación.,adsign_oedema_site_oth,Especificar otras localizaciones del edema,,Se refiere a la ubicación del edema.,"Si la respuesta es «Otro», especifique la ubicación del edema.",2,0,0,0,0,
presentación,SIGNOS AL INGRESAR: Indique si se han experimentado en algún momento desde el inicio de la enfermedad hasta el día de la presentación.,adsign_lymph,Linfadenopatía,"1, Sí, doloroso | 2, Sí, no doloroso | 0, No | 99, Desconocido","Se define como un hallazgo clínico de agrandamiento anormal de los ganglios linfáticos. ","Indique «Sí» si el paciente ha experimentado esto en algún momento desde el inicio de la enfermedad hasta la consulta. ",2,0,0,0,0,0
presentación,SIGNOS AL INGRESAR: Indique si se han experimentado en algún momento desde el inicio de la enfermedad hasta el día de la presentación.,adsign_lymph_site,Especificar localización de la linfadenopatía,"1, Axilar (axilas) | 2, Cervical (cuello) | 3, Inguinal (ingle) | 99, Desconocido | 88, Otro",Se refiere a la ubicación en la que se identificó la linfadenopatía.,"Seleccione la opción o opciones más adecuadas que correspondan a la ubicación de la linfadenopatía. ",2,0,0,0,0,0
presentación,SIGNOS AL INGRESAR: Indique si se han experimentado en algún momento desde el inicio de la enfermedad hasta el día de la presentación.,adsign_lymph_site_oth,Especificar otras localizaciones de la linfadenopatía,,Se refiere a la ubicación en la que se identificó la linfadenopatía.,"Si es «Otro», escriba la ubicación en la que se identificó la linfadenopatía.",2,0,0,0,0,
presentación,SIGNOS AL INGRESAR: Indique si se han experimentado en algún momento desde el inicio de la enfermedad hasta el día de la presentación.,adsign_bruise,Hematomas,"1, Sí | 0, No | 99, Desconocido","Se refiere a la extravasación espontánea de sangre en el espacio subcutáneo, también conocida como equimosis espontánea.","Indique «Sí» si el paciente ha experimentado esto en algún momento desde el inicio de la enfermedad hasta la consulta. ",2,0,0,0,0,0
presentación,SIGNOS AL INGRESAR: Indique si se han experimentado en algún momento desde el inicio de la enfermedad hasta el día de la presentación.,adsign_alopecia,Alopecia,"1, Sí | 0, No | 99, Desconocido",Se refiere a la ausencia de vello (pérdida de vello sin cicatrices) en áreas donde normalmente está presente.,"Indique «Sí» si el paciente ha experimentado esto en algún momento desde el inicio de la enfermedad hasta la consulta. ",2,0,0,0,0,0
presentación,SIGNOS AL INGRESAR: Indique si se han experimentado en algún momento desde el inicio de la enfermedad hasta el día de la presentación.,adsign_dryskin,Piel seca,"1, Sí | 0, No | 99, Desconocido","Se refiere a la piel caracterizada por la falta de humedad natural o normal como resultado de una hidrolipidación inadecuada en la piel, también llamada xerosis cutis.","Indique «Sí» si el paciente ha experimentado esto en cualquier momento desde el inicio de la enfermedad hasta la consulta. ",2,0,0,0,0,0
presentación,SIGNOS AL INGRESAR: Indique si se han experimentado en algún momento desde el inicio de la enfermedad hasta el día de la presentación.,adsign_oralulcer,Úlceras bucales,"1, Sí | 0, No | 99, Desconocido","Se refiere a episodios recurrentes de ulceración de la mucosa oral (aftas orales recurrentes), que suelen presentarse como defectos mucosos dolorosos, bien delimitados y cubiertos de fibrina con un h","Indique «Sí» si el paciente ha experimentado esto en cualquier momento desde el inicio de la enfermedad hasta la consulta. ",2,0,0,0,0,0
presentación,SIGNOS AL INGRESAR: Indique si se han experimentado en algún momento desde el inicio de la enfermedad hasta el día de la presentación.,adsign_mastitis,Mastitis,"1, Sí | 0, No | 99, Desconocido","Se define como una inflamación de la mama, con o sin infección acompañante.","Indique «Sí» si el paciente ha experimentado esto en cualquier momento desde el inicio de la enfermedad hasta la consulta. ",2,0,0,0,0,0
presentación,SIGNOS AL INGRESAR: Indique si se han experimentado en algún momento desde el inicio de la enfermedad hasta el día de la presentación.,adsign_bacsi,Superinfección bacteriana,"1, Sí | 0, No | 99, Desconocido",Se define como una infección bacteriana secundaria diagnosticada por un médico que se produce durante una herida o infección existente o inmediatamente después de una infección anterior.,"Indique «Sí» si el paciente ha experimentado esto en cualquier momento desde el inicio de la enfermedad hasta la consulta. ",2,0,0,0,0,0
presentación,SIGNOS AL INGRESAR: Indique si se han experimentado en algún momento desde el inicio de la enfermedad hasta el día de la presentación.,adsign_bacsi_spec,Especificar la superinfección bacteriana.,"7, Absceso de tejido profundo | 1, Foliculitis/celulitis | 2, Neumonía | 3, Gastroenteritis | 4, SNC | 5, Bacteriemia | 6, Tracto urinario | 88, Otros",Se refiere al tipo o la ubicación de la sobreinfección bacteriana.,"Seleccione la opción o opciones más adecuadas que representen el tipo o la ubicación de la sobreinfección bacteriana. ",2,0,0,0,0,0
presentación,SIGNOS AL INGRESAR: Indique si se han experimentado en algún momento desde el inicio de la enfermedad hasta el día de la presentación.,adsign_bacsi_oth,Especificar otras superinfecciones bacterianas,,"Se refiere a otros tipos o ubicaciones de la sobreinfección bacteriana, no especificados anteriormente.","Si es «Otra», escriba el tipo o la ubicación de la sobreinfección bacteriana. ",2,0,0,0,0,
presentación,SIGNOS AL INGRESAR: Indique si se han experimentado en algún momento desde el inicio de la enfermedad hasta el día de la presentación.,adsign_resp,Signos respiratorios,,Se refiere a los signos y síntomas relacionados con el sistema respiratorio.,"Indique «Sí» si el paciente ha experimentado esto en algún momento desde el inicio de la enfermedad hasta la consulta. ",2,0,0,0,0,
presentación,SIGNOS AL INGRESAR: Indique si se han experimentado en algún momento desde el inicio de la enfermedad hasta el día de la presentación.,adsign_respdistress,Dificultad respiratoria,"1, Sí | 0, No | 99, Desconocido",Se refiere a un aumento patológico del esfuerzo y la frecuencia de los movimientos respiratorios.,"Indique «Sí» si el paciente ha experimentado esto en algún momento desde el inicio de la enfermedad hasta la consulta. ",2,0,0,0,0,0
presentación,SIGNOS AL INGRESAR: Indique si se han experimentado en algún momento desde el inicio de la enfermedad hasta el día de la presentación.,adsign_chestindrw,Retracción de la pared torácica inferior,"1, Sí | 0, No | 99, Desconocido","Se define como un signo clínico de dificultad respiratoria, que se distingue por el movimiento anormal hacia dentro de la pared torácica inferior durante la inspiración. Si solo se hunde el tejido blando entre las costillas o por encima de la clavícula cuando el paciente respira, no se trata de una retracción de la pared torácica inferior.","Indique «Sí» si el paciente ha experimentado esto en cualquier momento desde el inicio de la enfermedad hasta la consulta. ",2,0,0,0,0,0
presentación,SIGNOS AL INGRESAR: Indique si se han experimentado en algún momento desde el inicio de la enfermedad hasta el día de la presentación.,adsign_tachypnoea,Respiración rápida (taquipnea),"1, Sí | 0, No | 99, Desconocido",Se define como un aumento anormal de la frecuencia respiratoria.,"Indique «Sí» si el paciente ha experimentado esto en cualquier momento desde el inicio de la enfermedad hasta la consulta. ",2,0,0,0,0,0
presentación,SIGNOS AL INGRESAR: Indique si se han experimentado en algún momento desde el inicio de la enfermedad hasta el día de la presentación.,adsign_apnoea,Apnea,"1, Sí | 0, No | 99, Desconocido",Se define como una ausencia transitoria de respiración espontánea.,"Indique «Sí» si el paciente ha experimentado esto en cualquier momento desde el inicio de la enfermedad hasta la consulta. ",2,0,0,0,0,0
presentación,SIGNOS AL INGRESAR: Indique si se han experimentado en algún momento desde el inicio de la enfermedad hasta el día de la presentación.,adsign_rhinitis,Rinitis,"1, Sí | 0, No | 99, Desconocido","Se define como la inflamación de la membrana mucosa que recubre la nariz, normalmente asociada a secreción nasal.","Indique «Sí» si el paciente ha experimentado esto en cualquier momento desde el inicio de la enfermedad hasta la consulta. ",2,0,0,0,0,0
presentación,SIGNOS AL INGRESAR: Indique si se han experimentado en algún momento desde el inicio de la enfermedad hasta el día de la presentación.,adsign_phary,"Faringitis ","1, Sí | 0, No | 99, Desconocido",Se refiere a la presencia de inflamación de la garganta.,"Indique «Sí» si el paciente ha experimentado esto en algún momento desde el inicio de la enfermedad hasta la consulta. ",2,0,0,0,0,0
presentación,SIGNOS AL INGRESAR: Indique si se han experimentado en algún momento desde el inicio de la enfermedad hasta el día de la presentación.,adsign_pharery,Eritema faríngeo,"1, sí | 0, No | 99, Desconocido",,"Indique ""Sí"", si el paciente ha experimentado esto en algún momento desde el inicio de esta enfermedad hasta su presentación.",2,0,0,,0,0
presentación,SIGNOS AL INGRESAR: Indique si se han experimentado en algún momento desde el inicio de la enfermedad hasta el día de la presentación.,adsign_pharexu,Exudado faríngeo,"1, sí | 0, No | 99, Desconocido",,"Indique ""Sí"", si el paciente ha experimentado esto en algún momento desde el inicio de esta enfermedad hasta su presentación.",2,0,0,,0,0
presentación,SIGNOS AL INGRESAR: Indique si se han experimentado en algún momento desde el inicio de la enfermedad hasta el día de la presentación.,adsign_tonsil,Amigdalitis,"1, Sí | 0, No | 99, Desconocido",Se refiere a la presencia de inflamación de las amígdalas.,"Indique «Sí» si el paciente ha experimentado esto en algún momento desde el inicio de la enfermedad hasta la consulta. ",2,0,0,0,0,0
presentación,SIGNOS AL INGRESAR: Indique si se han experimentado en algún momento desde el inicio de la enfermedad hasta el día de la presentación.,adsign_plueeff,Derrame pleural,"1, Sí | 0, No | 99, Desconocido",Se refiere a la presencia de líquido en la cavidad pleural como resultado de una transudación o exudación excesiva de las superficies pleurales.,"Indique «Sí» si el paciente ha experimentado esto en algún momento desde el inicio de la enfermedad hasta la consulta. ",2,0,0,0,0,0
presentación,SIGNOS AL INGRESAR: Indique si se han experimentado en algún momento desde el inicio de la enfermedad hasta el día de la presentación.,adsign_cvs,Signos cardiovasculares,,Se refiere a los signos y síntomas relacionados con el sistema cardiovascular.,"Indique «Sí» si el paciente ha experimentado esto en algún momento desde el inicio de la enfermedad hasta la consulta. ",2,0,0,0,0,
presentación,SIGNOS AL INGRESAR: Indique si se han experimentado en algún momento desde el inicio de la enfermedad hasta el día de la presentación.,adsign_tachycardia,"Frecuencia cardíaca rápida (taquicardia) ","1, Sí | 0, No | 99, Desconocido","Se refiere a una frecuencia cardíaca anormalmente rápida (normalmente > 100 lpm en adultos), que excede el rango de la frecuencia cardíaca en reposo normal para la edad. ","Indique «Sí» si el paciente ha experimentado esto en algún momento desde el inicio de la enfermedad hasta la consulta. ",2,0,0,0,0,0
presentación,SIGNOS AL INGRESAR: Indique si se han experimentado en algún momento desde el inicio de la enfermedad hasta el día de la presentación.,adsign_arrhythmia,Arritmia cardíaca,"1, Sí | 0, No | 99, Desconocido","Se refiere a una anomalía en el ritmo de los latidos del corazón, incluyendo la frecuencia, la regularidad y/o la secuencia de anomalías en la activación.","Indique «Sí» si el paciente ha experimentado esto en algún momento desde el inicio de la enfermedad hasta la consulta. ",2,0,0,0,0,0
presentación,SIGNOS AL INGRESAR: Indique si se han experimentado en algún momento desde el inicio de la enfermedad hasta el día de la presentación.,adsign_cyan,Cianosis periférica,"1, Sí | 0, No | 99, Desconocido",,,2,0,0,,,0
presentación,SIGNOS AL INGRESAR: Indique si se han experimentado en algún momento desde el inicio de la enfermedad hasta el día de la presentación.,adsign_git,Signos gastrointestinales,,Se refiere a los signos y síntomas relacionados con el sistema gastrointestinal.,"Indique «Sí» si el paciente ha experimentado esto en algún momento desde el inicio de la enfermedad hasta la consulta. ",2,0,0,0,0,
presentación,SIGNOS AL INGRESAR: Indique si se han experimentado en algún momento desde el inicio de la enfermedad hasta el día de la presentación.,adsign_ascites,Ascitis,"1, Sí | 0, No | 99, Desconocido",Se define como una acumulación o retención excesiva de líquido libre dentro de la cavidad peritoneal.,"Indique «Sí» si el paciente ha experimentado esto en algún momento desde el inicio de la enfermedad hasta la consulta. ",2,0,0,0,0,0
presentación,SIGNOS AL INGRESAR: Indique si se han experimentado en algún momento desde el inicio de la enfermedad hasta el día de la presentación.,adsign_hepatomegally,Hepatomegalia,"1, Sí | 0, No | 99, Desconocido",Se define como un agrandamiento patológico del hígado.,"Indique «Sí» si el paciente ha experimentado esto en algún momento desde el inicio de la enfermedad hasta la consulta. ",2,0,0,0,0,0
presentación,SIGNOS AL INGRESAR: Indique si se han experimentado en algún momento desde el inicio de la enfermedad hasta el día de la presentación.,adsign_splenomegaly,Bazo/esplenomegalia palpable,"1, sí | 0, No | 99, Desconocido",,"Indique ""Sí"", si el paciente ha experimentado esto en algún momento desde el inicio de esta enfermedad hasta su presentación.",2,0,0,,0,0
presentación,SIGNOS AL INGRESAR: Indique si se han experimentado en algún momento desde el inicio de la enfermedad hasta el día de la presentación.,adsign_tenabd,abdomen tierno,"1, sí | 0, No | 99, Desconocido",,"Indique ""Sí"", si el paciente ha experimentado esto en algún momento desde el inicio de esta enfermedad hasta su presentación.",2,0,0,,0,0
presentación,SIGNOS AL INGRESAR: Indique si se han experimentado en algún momento desde el inicio de la enfermedad hasta el día de la presentación.,adsign_jaund,Ictericia,"1, Sí | 0, No | 99, Desconocido","Se define como una manifestación clínica de hiperbilirrubinemia, caracterizada por una coloración amarillenta de la piel, las membranas mucosas y/o la esclerótica. ","Indique «Sí» si el paciente ha experimentado esto en algún momento desde el inicio de la enfermedad hasta la consulta. ",2,0,0,0,0,0
presentación,SIGNOS AL INGRESAR: Indique si se han experimentado en algún momento desde el inicio de la enfermedad hasta el día de la presentación.,adsign_melaena,Sangre oscura/alquitranada en las heces (melena),"1, Sí | 0, No | 99, Desconocido","Se refiere a heces anormalmente oscuras y alquitranadas que contienen sangre, generalmente procedente de una hemorragia gastrointestinal.","Indique «Sí» si el paciente ha experimentado esto en algún momento desde el inicio de la enfermedad hasta la consulta. ",2,0,0,0,0,0
presentación,SIGNOS AL INGRESAR: Indique si se han experimentado en algún momento desde el inicio de la enfermedad hasta el día de la presentación.,adsign_haematochezia,Sangre fresca en las heces (hematochezia),"1, Sí | 0, No | 99, Desconocido",Se refiere a la presencia de sangre en las heces. Es el resultado de una hemorragia gastrointestinal y puede verse fácilmente en las heces o identificarse microscópicamente.,"Indique «Sí» si el paciente ha experimentado esto en algún momento desde el inicio de la enfermedad hasta la consulta. ",2,0,0,0,0,0
presentación,SIGNOS AL INGRESAR: Indique si se han experimentado en algún momento desde el inicio de la enfermedad hasta el día de la presentación.,adsign_rectalbleed,Sangrado rectal,"1, Sí | 0, No | 99, Desconocido",Se refiere al sangrado que se origina en la pared rectal y se expulsa por el ano.,"Indique «Sí» si el paciente ha experimentado esto en algún momento desde el inicio de la enfermedad hasta la consulta. ",2,0,0,0,0,0
presentación,SIGNOS AL INGRESAR: Indique si se han experimentado en algún momento desde el inicio de la enfermedad hasta el día de la presentación.,adsign_lowurine,Disminución de la diuresis,"1, Sí | 0, No | 99, Desconocido",Se refiere a un hallazgo que indica que la producción de orina es inferior a 500 mililitros durante un período de 24 horas.,"Indique «Sí» si el paciente ha experimentado esto en algún momento desde el inicio de la enfermedad hasta la consulta. ",2,0,0,0,0,0
presentación,SIGNOS AL INGRESAR: Indique si se han experimentado en algún momento desde el inicio de la enfermedad hasta el día de la presentación.,adsign_heme,Signos hematológicos,,Se refiere a los signos y síntomas relacionados con el sistema hematológico.,"Indique «Sí» si el paciente ha experimentado esto en algún momento desde el inicio de la enfermedad hasta la consulta. ",2,0,0,0,0,
presentación,SIGNOS AL INGRESAR: Indique si se han experimentado en algún momento desde el inicio de la enfermedad hasta el día de la presentación.,adsign_anaemia,Anemia,"1, Sí | 0, No | 99, Desconocido","Se refiere a una reducción en el número de glóbulos rojos, la cantidad de hemoglobina y/o el volumen de glóbulos rojos concentrados. Las manifestaciones comunes incluyen palidez, fatiga, mareos, dificultad para respirar y taquicardia.","Indique «Sí» si el paciente ha experimentado esto en algún momento desde el inicio de la enfermedad hasta la consulta. ",2,0,0,0,0,0
presentación,SIGNOS AL INGRESAR: Indique si se han experimentado en algún momento desde el inicio de la enfermedad hasta el día de la presentación.,adsign_cns,Signos neurológicos,,Se refiere a los signos y síntomas relacionados con el sistema neurológico.,"Indique «Sí» si el paciente ha experimentado esto en algún momento desde el inicio de la enfermedad hasta la consulta. ",2,0,0,0,0,
presentación,SIGNOS AL INGRESAR: Indique si se han experimentado en algún momento desde el inicio de la enfermedad hasta el día de la presentación.,adsign_neckstiff,Rigidez en el cuello,"1, Sí | 0, No | 99, Desconocido","Se define como una sensación de tensión en el cuello al intentar moverlo, especialmente después de un período de inactividad. La rigidez del cuello suele implicar dolor y dificultad para mover el cuello, especialmente al intentar girar la cabeza hacia un lado.","Indique «Sí» si el paciente ha experimentado esto en algún momento desde el inicio de la enfermedad hasta la consulta. ",2,0,0,0,0,0
presentación,SIGNOS AL INGRESAR: Indique si se han experimentado en algún momento desde el inicio de la enfermedad hasta el día de la presentación.,adsign_hemiplegia,Hemiplejía,"1, Sí | 0, No | 99, Desconocido","Se refiere a la pérdida grave o completa de la función motora en un lado del cuerpo; a menudo causada por enfermedades cerebrales localizadas en el hemisferio cerebral opuesto al lado de la debilidad; con menos frecuencia, lesiones del tronco cerebral; enfermedades de la médula espinal cervical, enfermedades del sistema nervioso periférico y otras afecciones pueden manifestarse como hemiplejía. ","Indique «Sí» si el paciente ha experimentado esto en algún momento desde el inicio de la enfermedad hasta la consulta. ",2,0,0,0,0,0
presentación,SIGNOS AL INGRESAR: Indique si se han experimentado en algún momento desde el inicio de la enfermedad hasta el día de la presentación.,adsign_cogimpair,Deterioro cognitivo,"1, Sí | 0, No | 99, Desconocido","Se refiere a la disminución o el deterioro de la función mental y/o intelectual. ","Indique «Sí» si el paciente ha experimentado esto en algún momento desde el inicio de la enfermedad hasta la consulta. ",2,0,0,0,0,0
presentación,SIGNOS AL INGRESAR: Indique si se han experimentado en algún momento desde el inicio de la enfermedad hasta el día de la presentación.,adsign_neurodist,Alteración psicológica,"1, Sí | 0, No | 99, Desconocido","Se refiere a la presencia de signos o síntomas que afectan los pensamientos, las emociones, los comportamientos o el bienestar mental de una persona. La presencia de trastornos psicológicos debe identificarse mediante un examen del estado mental (MSE) o una herramienta equivalente.","Indique «Sí» si el paciente ha experimentado esto en algún momento desde el inicio de la enfermedad hasta la consulta. ",2,0,0,0,0,0
presentación,SIGNOS AL INGRESAR: Indique si se han experimentado en algún momento desde el inicio de la enfermedad hasta el día de la presentación.,adsign_speechdist,Alteración del habla,"1, Sí | 0, No | 99, Desconocido",Se refiere a dificultades con el habla y la comunicación que pueden ser consecuencia de patologías cerebrales.,"Indique «Sí» si el paciente ha experimentado esto en algún momento desde el inicio de la enfermedad hasta la consulta. ",2,0,0,0,0,0
presentación,SIGNOS AL INGRESAR: Indique si se han experimentado en algún momento desde el inicio de la enfermedad hasta el día de la presentación.,adsign_agitation,Agitación,"1, Sí | 0, No | 99, Desconocido",Se refiere a un estado de actividad motora excesiva asociado con angustia mental o una sensación de malestar sustancial o tensión interna. Se distingue de la inquietud por el mayor nivel de angustia emocional y la intensidad negativa de la experiencia. La agitación conlleva un nivel significativo de actividad física que suele ser una amenaza para uno mismo o para los demás.,"Indique «Sí» si el paciente ha experimentado esto en algún momento desde el inicio de la enfermedad hasta la consulta. ",2,0,0,0,0,0
presentación,SIGNOS AL INGRESAR: Indique si se han experimentado en algún momento desde el inicio de la enfermedad hasta el día de la presentación.,adsign_cerebesig,Signos cerebelosos,"1, Sí | 0, No | 99, Desconocido","Se refiere a la presencia de un conjunto de signos neurológicos que suelen indicar una disfunción cerebelosa. Los signos incluyen disdiadococinesia, dismetría, ataxia, nistagmo, temblor intencional, habla arrastrada o escaneada e hipotonía.","Indique «Sí» si el paciente ha experimentado esto en algún momento desde el inicio de la enfermedad hasta la consulta. ",2,0,0,0,0,0
presentación,SIGNOS AL INGRESAR: Indique si se han experimentado en algún momento desde el inicio de la enfermedad hasta el día de la presentación.,adsign_neurologic,Otra anomalía neurológica,"1, Sí | 0, No | 99, Desconocido",Se refiere a la presencia de una anomalía neurológica alternativa no incluida en la lista anterior.,"Indique «Sí» si el paciente ha experimentado esto en algún momento desde el inicio de la enfermedad hasta su presentación. ",2,0,0,0,0,0
presentación,SIGNOS AL INGRESAR: Indique si se han experimentado en algún momento desde el inicio de la enfermedad hasta el día de la presentación.,adsign_neurologic_spec,Especificar otra anomalía neurológica,,Se refiere a la presencia de otra anomalía neurológica no incluida en la lista anterior.,"Si es «Otra», especifique la anomalía neurológica.",2,0,0,0,0,
presentación,SIGNOS AL INGRESAR: Indique si se han experimentado en algún momento desde el inicio de la enfermedad hasta el día de la presentación.,adsign_eye,Signos oftalmológicos,,Se refiere a los signos y síntomas relacionados con los ojos.,Indique «Sí» si el paciente ha experimentado esto entre las 00:00 y las 24:00 del día de la evaluación.,2,0,0,0,0,
presentación,SIGNOS AL INGRESAR: Indique si se han experimentado en algún momento desde el inicio de la enfermedad hasta el día de la presentación.,adsign_retroorbit,Dolor retroorbitario,"1, Sí | 0, No | 99, Desconocido",Se define como la experiencia de dolor en la región retroorbital (detrás de los ojos).,"Indique «Sí» si el paciente ha experimentado esto en cualquier momento desde el inicio de la enfermedad hasta la consulta. ",2,0,0,0,0,0
presentación,SIGNOS AL INGRESAR: Indique si se han experimentado en algún momento desde el inicio de la enfermedad hasta el día de la presentación.,adsign_conjunhemor,Hemorragia subconjuntival,"1, Sí | 0, No | 99, Desconocido","Se define como la acumulación de sangre debajo de la conjuntiva, que se presenta como una mancha roja brillante u oscura en el ojo.","Indique «Sí» si el paciente ha experimentado esto en cualquier momento desde el inicio de la enfermedad hasta la consulta. ",2,0,0,0,0,0
presentación,SIGNOS AL INGRESAR: Indique si se han experimentado en algún momento desde el inicio de la enfermedad hasta el día de la presentación.,adsign_conjunctiv,Conjuntivitis,"1, Sí | 0, No | 99, Desconocido",Se define como la inflamación de la conjuntiva.,"Indique «Sí» si el paciente ha experimentado esto en cualquier momento desde el inicio de la enfermedad hasta la presentación. ",2,0,0,0,0,0
presentación,SIGNOS AL INGRESAR: Indique si se han experimentado en algún momento desde el inicio de la enfermedad hasta el día de la presentación.,adsign_keratitis,Queratitis,"1, Sí | 0, No | 99, Desconocido",Se refiere a la inflamación de la córnea del ojo.,"Indique «Sí» si el paciente ha experimentado esto en cualquier momento desde el inicio de la enfermedad hasta la presentación. ",2,0,0,0,0,0
presentación,SIGNOS AL INGRESAR: Indique si se han experimentado en algún momento desde el inicio de la enfermedad hasta el día de la presentación.,adsign_newvision,Nueva reducción de la agudeza visual,"1, Sí | 0, No | 99, Desconocido",Se define como la disminución de la claridad o nitidez de la visión.,"Indique «Sí» si el paciente ha experimentado esto en cualquier momento desde el inicio de la enfermedad hasta la presentación. ",2,0,0,0,0,0
presentación,SIGNOS AL INGRESAR: Indique si se han experimentado en algún momento desde el inicio de la enfermedad hasta el día de la presentación.,adsign_sunkeyes,ojos hundidos,"1, sí | 0, No | 99, Desconocido",,"Indique ""Sí"", si el paciente ha experimentado esto en algún momento desde el inicio de esta enfermedad hasta su presentación.",2,0,0,,0,0
presentación,SIGNOS AL INGRESAR: Indique si se han experimentado en algún momento desde el inicio de la enfermedad hasta el día de la presentación.,adsign_ocularoth,Otros signos oftalmológicos,"1, Sí | 0, No | 99, Desconocido","Se refiere a otros signos y síntomas relacionados con el ojo, no especificados anteriormente.","Indique «Sí» si el paciente ha experimentado esto en cualquier momento desde el inicio de la enfermedad hasta la presentación. ",2,0,0,0,0,0
presentación,SIGNOS AL INGRESAR: Indique si se han experimentado en algún momento desde el inicio de la enfermedad hasta el día de la presentación.,adsign_ocularoth_spec,Especificar otros signos oftalmológicos,,"Se refiere a otros signos y síntomas relacionados con el ojo, no especificados anteriormente.","Si «Sí», especifique otros signos y síntomas oftalmológicos. ",2,0,0,0,0,
presentación,SIGNOS AL INGRESAR: Indique si se han experimentado en algún momento desde el inicio de la enfermedad hasta el día de la presentación.,adsign_paed,Signos específicos pediátricos,,,,2,0,0,,,
presentación,SIGNOS AL INGRESAR: Indique si se han experimentado en algún momento desde el inicio de la enfermedad hasta el día de la presentación.,adsign_nasalflar,aleteo nasal,"1, sí | 0, No | 99, Desconocido",,,2,0,0,,,0
presentación,SIGNOS AL INGRESAR: Indique si se han experimentado en algún momento desde el inicio de la enfermedad hasta el día de la presentación.,adsign_grunt,Gruñidos,"1, sí | 0, No | 99, Desconocido",,,2,0,0,,,0
presentación,SIGNOS AL INGRESAR: Indique si se han experimentado en algún momento desde el inicio de la enfermedad hasta el día de la presentación.,adsign_ftt,No prosperar,"1, sí | 0, No | 99, Desconocido",,,2,0,0,,,0
presentación,SIGNOS AL INGRESAR: Indique si se han experimentado en algún momento desde el inicio de la enfermedad hasta el día de la presentación.,adsign_hypotonia,Tono disminuido/hipotonía,"1, sí | 0, No | 99, Desconocido",,,2,0,0,,,0
presentación,SIGNOS AL INGRESAR: Indique si se han experimentado en algún momento desde el inicio de la enfermedad hasta el día de la presentación.,adsign_bulgefont,fontanela abultada,"1, sí | 0, No | 99, Desconocido",,,2,0,0,,,0
presentación,SIGNOS AL INGRESAR: Indique si se han experimentado en algún momento desde el inicio de la enfermedad hasta el día de la presentación.,adsign_otherdesc,Otros signos,,,,2,0,0,,,
presentación,SIGNOS AL INGRESAR: Indique si se han experimentado en algún momento desde el inicio de la enfermedad hasta el día de la presentación.,adsign_unlisted,Otros signos,"1, Sí | 0, No | 99, Desconocido","Se refiere a otros signos y síntomas, no especificados anteriormente.","Indique otros signos y síntomas, no especificados anteriormente, que el paciente haya experimentado en cualquier momento desde el inicio de la enfermedad hasta la consulta. ",2,0,0,0,0,0
presentación,DETALLES DEL EMBARAZO,preg_pregnant,Embarazada,"1, Sí | 0, No | 99, Desconocido","Se refiere a las mujeres que declaran estar embarazadas en el momento de la consulta y/o han dado positivo en una prueba de embarazo en los días previos a la consulta. ","Indique «Sí» si la paciente está embarazada en el momento de la presentación. Si la paciente está en edad fértil y no ha dado negativo en una prueba de embarazo, seleccione «Desconocido».",2,0,0,0,0,0
presentación,DETALLES DEL EMBARAZO,preg_postpartum,Post-parto (dentro de las 6 semanas posteriores a la entrega),"1, Sí | 0, No | 99, Desconocido",Esto se refiere al período temporal relacionado con la madre desde la finalización de la mano de obra hasta seis semanas después del entrega.,"Indique 'sí', si el paciente está en el período posparto (dentro de las 6 semanas posteriores a la entrega).",2,0,0,0,0,0
presentación,DETALLES DEL EMBARAZO,preg_formdesc,Por favor complete el Formulario de Embarazo con información del embarazo más reciente.,,,,2,0,0,,,
presentación,DETALLES DEL EMBARAZO,preg_geswek,Evaluación de semanas gestacionales,,Esto se refiere a la edad gestacional del feto (escrito en semanas). Se puede calcular a partir del último período menstrual de la mujer (LMP) o calcularse utilizando la mejor fecha de vencimiento estimada obstétrica (EDD) en función de la siguiente fórmula: edad gestacional = (280 - (EDD - Fecha de referencia)). La fecha de referencia es la fecha en que está tratando de determinar la edad gestacional.,Indique la edad gestacional estimada del feto (en semanas).,2,0,0,0,0,
presentación,DETALLES DEL EMBARAZO,preg_recent1,¿Estaba la paciente embarazada en los <= 21 días anteriores al inicio de los síntomas?,"1, Sí | 0, No | 99, Desconocido","Si no está embarazada en la actualidad, se refiere a si la paciente estuvo embarazada en los 21 días anteriores al inicio de los síntomas.",Indique «Sí» si la paciente estaba embarazada en los 21 días anteriores al inicio de los síntomas.,2,0,0,0,0,0
presentación,DETALLES DEL EMBARAZO,preg_delvdate,Fecha del parto,,Se refiere a la fecha real del parto.,Introduzca la fecha del parto en formato DD/MM/AAAA.,2,0,0,0,0,
presentación,DETALLES DEL EMBARAZO,preg_bboutc,Resultado del embarazo,"1, Nacimiento vivo | 2, Mortinatal | 4, Aborto espontáneo | 3, Interrupción del embarazo | 5, Muerte neonatal | 99, Desconocido | 88, Otros",Esto se refiere al resultado de la concepción anterior y el embarazo posterior.,Indique el resultado del embarazo anterior.,2,0,0,0,0,0
presentación,DETALLES DEL EMBARAZO,preg_brefed,Amamantamiento,"1, Sí, actualmente amamantando | 2, Sí, se interrumpió la lactancia materna | 0, No | 99, Desconocido","Suministro de leche materna humana al lactante, ya sea directamente del pecho o extraída, independientemente de su exclusividad.",,2,0,0,0,,0
presentación,DETALLES DEL EMBARAZO,preg_brefedduration,¿Cuánto duró la lactancia? (semanas),,"Duración total desde el inicio de la lactancia materna hasta el cese total, registrada en semanas completas.",,2,0,0,0,,
presentación,DETALLES DEL EMBARAZO,pregdet_labour,¿Está la paciente en trabajo de parto en el momento de la presentación?,"1, sí | 0, No | 99, Desconocido",,,2,0,0,,,0
presentación,DETALLES DEL EMBARAZO,preg_bbtest,Baby probado por la infección de interés de la madre,"1, Sí | 0, No | 99, Desconocido",Esto se refiere a probar al bebé por la infección de interés de la madre.,Indique 'sí' si el bebé fue probado por la infección de interés de la madre.,2,0,0,0,0,0
presentación,DETALLES DEL EMBARAZO,preg_bbresl,En caso afirmativo: especifique el resultado de la prueba de la infección de interés de la madre,"1, Positivo | 0, Negativo | 99, Desconocido",Esto se refiere al resultado de probar al bebé por la infección de interés de la madre.,Indique el resultado de la prueba.,2,0,0,0,0,0
presentación,INFANTE: MENOR DE 12 MESES,infa_neonate,El paciente es un neonato. No olvide completar el formulario específico para recién nacidos.,,,,2,0,0,,,
presentación,INFANTE: MENOR DE 12 MESES,infa_brtwei,Peso al nacer (unidades seleccionadas),,,,2,0,0,,,
presentación,INFANTE: MENOR DE 12 MESES,infa_brtwei_units,Peso al nacer (unidades seleccionadas),"1, gramo | 2 libras",,,2,0,0,,,0
presentación,INFANTE: MENOR DE 12 MESES,infa_brtwei_g,Peso al nacer (g),,Se refiere al primer peso de un recién nacido obtenido después del nacimiento en kilogramos (kg).,Indique el peso al nacer en kilogramos (kg).,2,0,0,0,0,
presentación,INFANTE: MENOR DE 12 MESES,infa_brtwei_lb,Peso al nacer (LB),,Esto se refiere al primer peso de un recién nacido obtenido después del nacimiento en libras (LB).,Indique el peso al nacer en libras (LB).,2,0,0,0,0,
presentación,INFANTE: MENOR DE 12 MESES,infa_outcome,Resultado gestacional,"1, parto a término (>=37 semanas de gestación) | 2, parto prematuro (< 37 semanas de gestación) | 99, desconocido",Esto se refiere a la edad gestacional (GA) del bebé en el parto. El pre-término se refiere a un bebé nacido antes de las 37 semanas y 0 días de edad gestacional.,Indique «Parto a término» si la edad gestacional (EG) en el momento del parto es >= 37 semanas y «Parto prematuro» si la EG en el momento del parto es < 37 semanas.,2,0,0,0,0,0
presentación,INFANTE: MENOR DE 12 MESES,infa_brefed,Amamantado,"1, sí, actualmente en lactancia materna | 2, sí, lactancia materna interrumpida | 0, no | 99, desconocido",Se refiere al régimen actual de lactancia materna del bebé.,Indique el estado de lactancia del bebé.,2,0,0,0,0,0
presentación,INFANTE: MENOR DE 12 MESES,infa_brefedduration,¿Cuánto tiempo duró la lactancia materna? (semanas),,"Se refiere a la duración de la lactancia materna, en semanas, si se interrumpió.","Indique la duración de la lactancia materna, en semanas, si se ha interrumpido.",2,0,0,0,0,
presentación,INFANTE: MENOR DE 12 MESES,infa_aprvac,Vacunas apropiadas para la edad/país,"1, Sí | 0, No | 99, Desconocido",Esto se refiere al estado de vacunación de acuerdo con la edad de las recomendaciones específicas para bebés y países.,"Indique 'sí', si el bebé está vacunado adecuadamente para su edad con respecto a las recomendaciones específicas del país.",2,0,0,0,0,0
diario,EVALUACIÓN DIARIA,daily_date,FECHA DE LA EVALUACIÓN,,Indica el día de la recopilación de datos y la toma de muestras (puede no ser la fecha de finalización). Puede tratarse de información retrospectiva en el momento del alta (traslado a otro hospital o fallecimiento en el hospital).,Introduzca la fecha. Utilice el formato DD/MM/AAAA.,0,0,0,0,0,
diario,EVALUACIÓN DIARIA,asses_lvlcare,Nivel actual de atención,"1, Ambulatorio | 2, Ingresado en planta normal solo para aislamiento | 3, Ingresado en planta normal para cuidados clínicos | 4, Alta dependencia | 5, Ingreso en cuidados intensivos",Se refiere al nivel de atención en la fecha de evaluación.,Seleccione el nivel más alto de atención en la fecha de evaluación.,0,0,0,0,0,0
diario,SIGNOS VITALES Y EVALUACIONES: Registrar el valor más alejado del rango normal entre las 00:00 y 24:00 del día de evaluación,vital_dailydata,¿Introducir los datos de los signos vitales para esta fecha?,"1, Sí | 0, No",Se refiere a los datos de los signos vitales registrados para esta fecha.,"Indique «Sí» si desea registrar los datos de los signos vitales para este día de la evaluación. Si es «Sí», para las siguientes preguntas, a menos que se especifique lo contrario, registre el valor más alejado del rango fisiológico normal registrado entre las 00:00 y las 24:00 horas del día de la evaluación. No se deben incluir los resultados que hayan sido rechazados por el equipo clínico.",0,0,0,0,0,0
diario,SIGNOS VITALES Y EVALUACIONES: Registrar el valor más alejado del rango normal entre las 00:00 y 24:00 del día de evaluación,vital_highesttem,Temperatura más alta (unidades seleccionadas),,Se refiere a la temperatura corporal periférica más alta (rectal IF <3 meses) entre las 00:00 y las 24:00 en el día de la evaluación.,Seleccione las unidades más apropiadas para la temperatura.,0,0,0,0,0,
diario,SIGNOS VITALES Y EVALUACIONES: Registrar el valor más alejado del rango normal entre las 00:00 y 24:00 del día de evaluación,vital_highesttem_units,Temperatura más alta (unidades seleccionadas),1°C | 2°F,,,0,0,0,,,0
diario,SIGNOS VITALES Y EVALUACIONES: Registrar el valor más alejado del rango normal entre las 00:00 y 24:00 del día de evaluación,vital_highesttem_c,Temperatura más alta (° C),,Se refiere a la temperatura corporal periférica más alta (rectal IF <3 meses) en grados centígrados (° C) entre las 00:00 y las 24:00 en el día de la evaluación.,Ingrese la temperatura corporal periférica más alta (° C) registrada entre las 00:00 y las 24:00 en el día de la evaluación.,0,0,0,0,0,
diario,SIGNOS VITALES Y EVALUACIONES: Registrar el valor más alejado del rango normal entre las 00:00 y 24:00 del día de evaluación,vital_highesttem_f,Temperatura más alta (° F),,Se refiere a la temperatura corporal periférica más alta (rectal IF <3 meses) en grados Fahrenheit (° F) entre 00:00 y 24:00 en el día de la evaluación.,Ingrese la temperatura corporal periférica más alta (° F) registrada entre las 00:00 y las 24:00 en el día de la evaluación.,0,0,0,0,0,
diario,SIGNOS VITALES Y EVALUACIONES: Registrar el valor más alejado del rango normal entre las 00:00 y 24:00 del día de evaluación,vital_hr,HR (ritmos/minuto),,Se refiere a la frecuencia cardíaca medida en latidos por minuto. Esto puede medirse manualmente o mediante monitoreo electrónico.,Ingrese la frecuencia cardíaca medida en ritmos por minuto. Registre el valor más lejos del rango normal entre las 00:00 a las 24:00 en el día de la evaluación.,0,0,0,0,0,
diario,SIGNOS VITALES Y EVALUACIONES: Registrar el valor más alejado del rango normal entre las 00:00 y 24:00 del día de evaluación,vital_rr,RR (BPM),,"Se refiere a la velocidad respiratoria en las respiraciones por minuto. Se prefiere el manual en lugar de la medición electrónica cuando sea posible (esto se logra contando el número de respiraciones durante un minuto, contando cuántas veces aumenta el cofre dentro de este período de tiempo).  Si se observa una tasa baja y alta anormal, registre la tasa anormalmente alta.","Ingrese la velocidad respiratoria medida en respiraciones por minuto. Registre el valor más lejos del rango normal entre las 00:00 a las 24:00 en el día de la evaluación. Si se observa una tasa baja y alta anormal, registre la tasa anormalmente alta.",0,0,0,0,0,
diario,SIGNOS VITALES Y EVALUACIONES: Registrar el valor más alejado del rango normal entre las 00:00 y 24:00 del día de evaluación,vital_systolicbp,BP sistólico (MMHG),,"Esto se refiere a la presión arterial sistólica de la observación con la presión arterial media más baja (si no se ha calculado la presión arterial media, informe la medición con la presión arterial sistólica más baja).  Por ejemplo, si la presión arterial es de 120/85 mmHg, ingrese 120 en la sección marcada 'BP sistólica'.","Ingrese la presión arterial sistólica medida en milímetros de mercurio (MMHG). Registre la presión arterial sistólica de la observación con la presión arterial media más baja (MAP) (si no se ha calculado la presión arterial media, informe la medición con la presión arterial sistólica más baja) que ocurrió entre las 00:00 a las 24:00 en el día de la evaluación .",0,0,0,0,0,
diario,SIGNOS VITALES Y EVALUACIONES: Registrar el valor más alejado del rango normal entre las 00:00 y 24:00 del día de evaluación,vital_diastolicbp,BP diastólico (MMHG),,"Esto se refiere a la presión arterial diastólica de la observación con la presión arterial media más baja (si no se ha calculado la presión arterial media, informe la medición con la presión arterial sistólica más baja). Por ejemplo, si la presión arterial es de 120/85 mmHg, ingrese 85 en la sección marcada 'BP diastólico'.","Ingrese la presión arterial diastólica medida en milímetros de mercurio (MMHG). Registre la presión arterial diastólica de la observación con la presión arterial media más baja (MAP) (si no se ha calculado la presión arterial media, informe la medición con la presión arterial sistólica más baja) que ocurrió entre las 00:00 a las 24:00 en el día de la evaluación .",0,0,0,0,0,
diario,SIGNOS VITALES Y EVALUACIONES: Registrar el valor más alejado del rango normal entre las 00:00 y 24:00 del día de evaluación,vital_meanbp,Presión arterial media (MMHG),,"La presión arterial media (MAP) puede medirse directamente (a través del catéter intraarterial) o aproximarse sin un procedimiento invasivo utilizando la siguiente fórmula: presión diastólica más 1/3 de la presión del pulso, donde la presión del pulso es la presión sistólica - presión diastólica .",Ingrese el mapa más bajo registrado que ocurrió entre las 00:00 a las 24:00 el día de la evaluación.,0,0,0,0,0,
diario,SIGNOS VITALES Y EVALUACIONES: Registrar el valor más alejado del rango normal entre las 00:00 y 24:00 del día de evaluación,vital_spo2room,Saturación de oxígeno en aire ambiente (sin oxígeno) (%),,"Se refiere a la medición de la relación entre la hemoglobina oxigenada y la hemoglobina total en la sangre, medida en aire ambiente sin apoyo de oxígeno.",Indique la medición de la saturación de oxígeno en aire ambiente sin apoyo de oxígeno.,0,0,0,0,0,
diario,SIGNOS VITALES Y EVALUACIONES: Registrar el valor más alejado del rango normal entre las 00:00 y 24:00 del día de evaluación,vital_spo2roomhow,¿Cómo se midió la saturación de oxígeno en aire ambiente?,"1, Pulsioximetría | 2, Medición de gases en sangre arterial | 88, Otros | 99, Desconocido",Se refiere al método de medición de la saturación de oxígeno.,Seleccione la opción más adecuada que represente el método de medición de la saturación de oxígeno.,0,0,0,0,0,0
diario,SIGNOS VITALES Y EVALUACIONES: Registrar el valor más alejado del rango normal entre las 00:00 y 24:00 del día de evaluación,vital_o2supp,¿Se administró oxígeno suplementario?,"1, Sí | 0, No | 99, Desconocido",Se refiere al suministro de oxígeno suplementario en el momento del registro anterior de SpO2 (%) más bajo.,Indique «Sí» si se midió la FiO2 junto con la saturación de oxígeno más baja (SpO2) indicada anteriormente.,0,0,0,0,0,0
diario,SIGNOS VITALES Y EVALUACIONES: Registrar el valor más alejado del rango normal entre las 00:00 y 24:00 del día de evaluación,vital_o2supp_type,Oxígeno suplementario en el punto de SPO2 medido,"1, cánulas nasales | 2, mascarilla | 3, oxígeno nasal de alto flujo | 4, ventilación no invasiva | 5, ventilación invasiva | 6, ECMO/ECLS | 99, desconocido",Esto se refiere a la fracción medida de oxígeno inspirado (FIO2) entregado en el momento de la registro anterior de SPO2 (%) más bajo.,"Indique 'sí', si el FIO2 se midió en el lado de la saturación de oxígeno más baja (SPO2) informada anteriormente.",0,0,0,0,0,0
diario,SIGNOS VITALES Y EVALUACIONES: Registrar el valor más alejado del rango normal entre las 00:00 y 24:00 del día de evaluación,vital_o2supp_spo2,Saturación de oxígeno con oxígeno suplementario (%),,"Se refiere a la saturación de oxígeno, que puede medirse mediante pulsioximetría o análisis de gases en sangre arterial. Es independiente de la ventilación o la necesidad de oxígeno suplementario.",Introduzca el porcentaje de saturación de oxígeno. Registre el valor más alejado del rango normal entre las 00:00 y las 24:00 del día de la evaluación.,0,0,0,0,0,
diario,SIGNOS VITALES Y EVALUACIONES: Registrar el valor más alejado del rango normal entre las 00:00 y 24:00 del día de evaluación,vital_o2supp_spo2how,¿Cómo se midió la saturación de oxígeno con oxígeno suplementario?,"1, Pulsioximetría | 2, Medición de gases en sangre arterial | 88, Otros | 99, Desconocido",Se refiere al método de medición de la saturación de oxígeno.,Seleccione la opción más adecuada que represente el método de medición de la saturación de oxígeno.,0,0,0,0,0,0
diario,SIGNOS VITALES Y EVALUACIONES: Registrar el valor más alejado del rango normal entre las 00:00 y 24:00 del día de evaluación,vital_fio2spo2,FIO2 en el momento del SPO2 más bajo (unidades seleccionadas),,Fio2 puede informarse como una fracción o porcentaje. Tenga en cuenta que 0.21 y 21% son equivalentes al FIO2 del aire de la habitación.,Seleccione las unidades más apropiadas para FIO2.,0,0,0,0,0,
diario,SIGNOS VITALES Y EVALUACIONES: Registrar el valor más alejado del rango normal entre las 00:00 y 24:00 del día de evaluación,vital_fio2spo2_units,FiO2 en el momento de SpO2 más bajo (unidades seleccionadas),"1, fracción, 0,21-1,0 | 2, %, 21-100 | 3, L/min más alto",,,0,0,0,,,0
diario,SIGNOS VITALES Y EVALUACIONES: Registrar el valor más alejado del rango normal entre las 00:00 y 24:00 del día de evaluación,vital_fio2spo2_02110,"FIO2 en el momento del SPO2 más bajo (fracción, 0.21-1.0)",,Esto se refiere a la fracción medida de oxígeno inspirado (FIO2) entregado en el momento de la registro anterior de SPO2 (%) más bajo.,Ingrese el FIO2 (0.21-1.0) que se midió a lo largo del lado de la saturación de oxígeno más baja (SPO2) informada anteriormente.,0,0,0,0,0,
diario,SIGNOS VITALES Y EVALUACIONES: Registrar el valor más alejado del rango normal entre las 00:00 y 24:00 del día de evaluación,vital_fio2spo2_pcnt,"FIO2 en el momento del SPO2 más bajo (%, 21-100)",,Esto se refiere a la fracción medida de oxígeno inspirado (FIO2) entregado en el momento de la registro anterior de SPO2 (%) más bajo.,Ingrese el FIO2 (21-100%) que se midió en el lado de la saturación de oxígeno más baja (SPO2) informada anteriormente.,0,0,0,0,0,
diario,SIGNOS VITALES Y EVALUACIONES: Registrar el valor más alejado del rango normal entre las 00:00 y 24:00 del día de evaluación,vital_fio2spo2_ltr,FIO2 en el momento del SPO2 más bajo (más alto L/min),,Esto se refiere a la fracción medida de oxígeno inspirado (FIO2) entregado en el momento de la registro anterior de SPO2 (%) más bajo.,Ingrese el FIO2 (L/min) que se midió en el lado de la saturación de oxígeno más baja (SPO2) informada anteriormente.,0,0,0,0,0,
diario,SIGNOS VITALES Y EVALUACIONES: Registrar el valor más alejado del rango normal entre las 00:00 y 24:00 del día de evaluación,vital_capillaryr,Tiempo de recarga capilar> 2 segundos,"1, Sí | 0, No | 99, Desconocido","El tiempo de relleno capilar se mide presionando el esternón con un dedo o el pulgar durante cinco segundos hasta que la piel subyacente se vuelve blanca y, a continuación, anotando el tiempo en segundos que tarda en recuperar el color una vez que se libera la presión. ","Indique 'sí', si el tiempo de recarga capilar era mayor de 2 segundos en cualquier momento entre las 00:00 a las 24:00 en el día de la evaluación.",0,0,0,0,0,0
diario,SIGNOS VITALES Y EVALUACIONES: Registrar el valor más alejado del rango normal entre las 00:00 y 24:00 del día de evaluación,vital_avpu,ACVPU,"1, alerta | 5, confusión | 2, verbal | 3, dolor | 4, no responde",Se refiere al sistema de puntuación para la conciencia: alerta; confundido (nuevo inicio o empeoramiento); respondiendo a la voz; respondiendo al dolor; insensible.,"Seleccione la opción única correspondiente a la condición menos receptiva del paciente entre las 00:00 a las 24:00 en el día de la evaluación. Si el paciente está siendo sedado el día de la evaluación, registre el valor antes de la sedación.",0,0,0,0,0,0
diario,SIGNOS VITALES Y EVALUACIONES: Registrar el valor más alejado del rango normal entre las 00:00 y 24:00 del día de evaluación,vital_gcs,Puntuación de coma de Glasgow (GCS / 15),,La escala de coma de Glasgow es un sistema de puntuación para la conciencia. Se califica de 15 y requiere una evaluación de la capacidad de respuesta al estímulo. Puntuación de coma de Glasgow: https://www.glasgowcomascale.org/downloads/gcs-assessment-idenglish.pdf?v=3,"Ingrese los GC más bajos registrados entre las 00:00 a las 24:00 el día de la evaluación. Para pacientes y pacientes intubados con una traqueotomía no fenestrada, dé 1 punto para el componente de voz y calcule el total como de costumbre. No se pueden ingresar sufijos como 'T' para la traqueotomía en la base de datos. Si el paciente está sedado el día de la evaluación, estos parámetros deben corresponder a los valores observados antes de la sedación.",0,0,0,0,0,
diario,SIGNOS VITALES Y EVALUACIONES: Registrar el valor más alejado del rango normal entre las 00:00 y 24:00 del día de evaluación,vital_rass,Escala de sedación de agitación de Richmond (Rass),,"La Escala de Agitación-Sedación de Richmond (RASS) es una escala médica que se utiliza para medir el nivel de agitación o sedación de una persona. Va de -5 a +4, donde 0 se refiere a un paciente «alerta y tranquilo» que presta atención de forma espontánea.","Si se realiza, ingrese el valor más bajo (entre -5 y +4) entre las 00:00 a las 24:00 horas el día de la evaluación.",0,0,0,0,0,
diario,SIGNOS VITALES Y EVALUACIONES: Registrar el valor más alejado del rango normal entre las 00:00 y 24:00 del día de evaluación,vital_urineflow,Caudal de orina (ml/24 horas),,"Esto se refiere a la cantidad de orina que el paciente ha producido durante un período de 24 horas, específicamente la fecha de evaluación. Esto puede medirse, p. mediante el uso de un catéter urinario o estimado.",Registre la producción de orina del paciente (en ML/24 horas) durante el día de la evaluación,0,0,0,0,0,
diario,SÍNTOMAS: Indicar si se experimentaron entre las 00:00 y 24:00 del día de evaluación,sympt_dailydata,¿Introducir los datos de los síntomas comunicados por el paciente para esta fecha?,"1, Sí | 0, No",Se refiere a los signos y síntomas registrados en esta fecha.,Indique «Sí» si desea registrar los datos de los signos y síntomas de este día de evaluación.,0,0,0,0,0,0
diario,SÍNTOMAS: Indicar si se experimentaron entre las 00:00 y 24:00 del día de evaluación,sympt_sys,Síntomas sistémicos/generales,,Se refiere a signos y síntomas sistémicos/generales/no específicos.,Indique «Sí» si el paciente ha experimentado esto entre las 00:00 y las 24:00 del día de la evaluación.,0,0,0,0,0,
diario,SÍNTOMAS: Indicar si se experimentaron entre las 00:00 y 24:00 del día de evaluación,sympt_fever,Fiebre,"1, Sí | 0, No | 99, Desconocido","Se define como la sensación de temperatura corporal elevada sin medición formal, o una temperatura corporal medida superior o igual a 38 grados centígrados (38 °C) o 100,4 grados Fahrenheit (100,4 °F). ","Indique 'sí', si el paciente experimentó esto entre las 00:00 a las 24:00 el día de la evaluación.",0,0,0,0,0,0
diario,SÍNTOMAS: Indicar si se experimentaron entre las 00:00 y 24:00 del día de evaluación,sympt_rigchill,Escalofríos o rigidez,"1, Sí | 0, No | 99, Desconocido","Se define como escalofríos intensos con temblores violentos. Un rigor es un episodio de temblores o escalofríos exagerados que puede ocurrir con fiebre alta. ",Indique «Sí» si el paciente ha experimentado esto entre las 00:00 y las 24:00 del día de la evaluación.,0,0,0,0,0,0
diario,SÍNTOMAS: Indicar si se experimentaron entre las 00:00 y 24:00 del día de evaluación,sympt_nightsweat,Sudores nocturnos,"1, Sí | 0, No | 99, Desconocido",Se refiere a la sudoración nocturna que no está relacionada con la temperatura ambiental.,Indique «Sí» si el paciente ha experimentado esto entre las 00:00 y las 24:00 del día de la evaluación.,0,0,0,0,0,0
diario,SÍNTOMAS: Indicar si se experimentaron entre las 00:00 y 24:00 del día de evaluación,sympt_coldtsweat,Sudores fríos,"1, Sí | 0, No | 99, Desconocido","Se refiere a sudores acompañados de sensación de frío, diferentes de los sudores causados por el calor o el esfuerzo.",Indique «Sí» si el paciente ha experimentado esto entre las 00:00 y las 24:00 del día de la evaluación.,0,0,0,0,0,0
diario,SÍNTOMAS: Indicar si se experimentaron entre las 00:00 y 24:00 del día de evaluación,sympt_excesssweat,Sudoración excesiva (hiperhidrosis),"1, Sí | 0, No | 99, Desconocido",Se refiere a la sudoración excesiva que no siempre está relacionada con el calor o el ejercicio.,Indique «Sí» si el paciente ha experimentado esto entre las 00:00 y las 24:00 del día de la evaluación.,0,0,0,0,0,0
diario,SÍNTOMAS: Indicar si se experimentaron entre las 00:00 y 24:00 del día de evaluación,sympt_fatigue,Fatiga / malestar / letargo,"1, Sí | 0, No | 99, Desconocido","Definido como la constelación de sensaciones no específicas: la sensación de cansancio caracterizada por la falta de energía o motivación; incomodidad general o inquietud; Desinteresada, apatía e indiferencia, lo que resulta en dificultades para realizar tareas simples o concentrarse.","Indique 'sí', si el paciente experimentó esto entre las 00:00 a las 24:00 el día de la evaluación.",0,0,0,0,0,0
diario,SÍNTOMAS: Indicar si se experimentaron entre las 00:00 y 24:00 del día de evaluación,sympt_restlessne,Inquietud,"1, Sí | 0, No | 99, Desconocido","Definido como la incapacidad de descansar, relajarse o estar quieto. Un estado de inquietud caracterizado por la actividad motora difusa o el movimiento sujeto al control limitado, el comportamiento no productivo o desorganizado y la angustia subjetiva.","Indique 'sí', si el paciente experimentó esto entre las 00:00 a las 24:00 el día de la evaluación.",0,0,0,0,0,0
diario,SÍNTOMAS: Indicar si se experimentaron entre las 00:00 y 24:00 del día de evaluación,sympt_weak,Debilidad,"1, sí | 0, No | 99, Desconocido",Esto se refiere a una disminución de la fuerza muscular.,"Indique 'Sí', si el paciente experimentó esto entre las 00:00 y las 24:00 del día de la evaluación.",0,0,0,0,0,0
diario,SÍNTOMAS: Indicar si se experimentaron entre las 00:00 y 24:00 del día de evaluación,sympt_weight,Pérdida de peso,"1, Sí | 0, No | 99, Desconocido","Definido como la reducción en el peso corporal total que ha ocurrido desde el inicio de esta enfermedad y ha sido involuntario o no atribuible a las dietas activas, el ejercicio o las intervenciones dedicadas de pérdida de peso basadas en medicamentos. Esto puede incluir pérdida de peso informada por el paciente con o sin mediciones de peso objetivas.","Indique 'sí', si el paciente experimentó esto entre las 00:00 a las 24:00 el día de la evaluación.",0,0,0,0,0,0
diario,SÍNTOMAS: Indicar si se experimentaron entre las 00:00 y 24:00 del día de evaluación,sympt_anosmia,Pérdida del olfato / Anosmia,"1, Sí | 0, No | 99, Desconocido",Esto se refiere a la incapacidad del paciente informado y/o clínico para percibir los olores,"Indique 'sí', si el paciente experimentó esto entre las 00:00 a las 24:00 el día de la evaluación.",0,0,0,0,0,0
diario,SÍNTOMAS: Indicar si se experimentaron entre las 00:00 y 24:00 del día de evaluación,sympt_ageusia,Pérdida del sabor / agusia,"1, Sí | 0, No | 99, Desconocido",Esto se refiere a la pérdida de la lengua informada y/o diagnosticada por el clínico de la función de sabor de la lengua.,"Indique 'sí', si el paciente experimentó esto entre las 00:00 a las 24:00 el día de la evaluación.",0,0,0,0,0,0
diario,SÍNTOMAS: Indicar si se experimentaron entre las 00:00 y 24:00 del día de evaluación,sympt_dizzy,Sintiéndose mareado / débil,"1, Sí | 0, No | 99, Desconocido","Esto se refiere a la sensación subjetiva de alohadez o mareos que pueden preceder a un episodio de síncope o una sensación de inestabilidad, giro o balanceo.","Indique 'sí', si el paciente experimentó esto en cualquier momento durante la fecha de evaluación.",0,0,0,0,0,0
diario,SÍNTOMAS: Indicar si se experimentaron entre las 00:00 y 24:00 del día de evaluación,sympt_myalgia,Dolores musculares / mialgia,"1, Sí | 0, No | 99, Desconocido",Definido como dolor localizado en un músculo o grupo de músculos.,"Indique 'sí', si el paciente experimentó esto en cualquier momento durante la fecha de evaluación.",0,0,0,0,0,0
diario,SÍNTOMAS: Indicar si se experimentaron entre las 00:00 y 24:00 del día de evaluación,sympt_jointswell,Hinchazón de las articulaciones,"1, sí | 0, No | 99, Desconocido",Definido como la acumulación de líquido en el tejido blando que rodea la articulación o en la articulación misma.,"Indique ""Sí"", si el paciente ha experimentado esto en algún momento desde el inicio de esta enfermedad hasta su presentación.",0,0,0,0,0,0
diario,SÍNTOMAS: Indicar si se experimentaron entre las 00:00 y 24:00 del día de evaluación,sympt_jointswell_site,Sitio donde ocurrió la inflamación de las articulaciones.,"1, Hombro | 2, codo | 3, muñeca | 4, pequeñas articulaciones de la mano | 5, rodilla | 6, Tobillo |7, Pequeñas articulaciones del pie | 88, otro",,,0,0,0,,,0
diario,SÍNTOMAS: Indicar si se experimentaron entre las 00:00 y 24:00 del día de evaluación,sympt_jointswell_site_shoulder,¿Cuántas articulaciones del hombro están afectadas?,"1, 1 | 2, 2 | 99, Desconocido",,,0,0,0,,,0
diario,SÍNTOMAS: Indicar si se experimentaron entre las 00:00 y 24:00 del día de evaluación,sympt_jointswell_site_elbow,¿Cuántas articulaciones del codo están afectadas?,"1, 1 | 2, 2 | 99, Desconocido",,,0,0,0,,,0
diario,SÍNTOMAS: Indicar si se experimentaron entre las 00:00 y 24:00 del día de evaluación,sympt_jointswell_site_wrist,¿Cuántas articulaciones de la muñeca están afectadas?,"1, 1 | 2, 2 | 99, Desconocido",,,0,0,0,,,0
diario,SÍNTOMAS: Indicar si se experimentaron entre las 00:00 y 24:00 del día de evaluación,sympt_jointswell_site_knee,¿Cuántas articulaciones de la rodilla están afectadas?,"1, 1 | 2, 2 | 99, Desconocido",,,0,0,0,,,0
diario,SÍNTOMAS: Indicar si se experimentaron entre las 00:00 y 24:00 del día de evaluación,sympt_jointswell_site_ankle,¿Cuántas articulaciones del tobillo están afectadas?,"1, 1 | 2, 2 | 99, Desconocido",,,0,0,0,,,0
diario,SÍNTOMAS: Indicar si se experimentaron entre las 00:00 y 24:00 del día de evaluación,sympt_jointswell_site_foot,¿Cuántas articulaciones pequeñas del pie están afectadas?,,,,0,0,0,,,
diario,SÍNTOMAS: Indicar si se experimentaron entre las 00:00 y 24:00 del día de evaluación,sympt_jointswell_hand,Pequeñas articulaciones de la mano.,"1, articulación MCP (metacarpofalángica) | 2, articulación PIP (interfalángica proximal) | 3, articulación DIP (interfalángica distal) | 99, Desconocido",,,0,0,0,,,0
diario,SÍNTOMAS: Indicar si se experimentaron entre las 00:00 y 24:00 del día de evaluación,sympt_jointswell_hand_num,¿Cuántas articulaciones afectadas?,,,,0,0,0,,,
diario,SÍNTOMAS: Indicar si se experimentaron entre las 00:00 y 24:00 del día de evaluación,sympt_jointswell_add,Indicar otras articulaciones afectadas,"1, ATM | 2, esternoclavicular (SC) |  3, Acromioclavicular (CA) |  4, Sacroilíaco (SI) | 5, Cadera | 6, Subtalar | 7, columna torácica | 8, columna lumbar | 88, Otro (especificar)",,,0,0,0,,,0
diario,SÍNTOMAS: Indicar si se experimentaron entre las 00:00 y 24:00 del día de evaluación,sympt_jointswell_add_oth,Especifique otras juntas,,,,0,0,0,,,
diario,SÍNTOMAS: Indicar si se experimentaron entre las 00:00 y 24:00 del día de evaluación,sympt_jointtender,sensibilidad en las articulaciones,"1, sí | 0, No | 99, Desconocido","Definido como dolor y malestar en una articulación, a menudo acompañado de sensibilidad al tacto.","Indique ""Sí"", si el paciente ha experimentado esto en algún momento desde el inicio de esta enfermedad hasta su presentación.",0,0,0,0,0,0
diario,SÍNTOMAS: Indicar si se experimentaron entre las 00:00 y 24:00 del día de evaluación,sympt_jointtender_site,Indicar articulaciones afectadas.,"1, Hombro | 2, codo | 3, muñeca | 4, pequeñas articulaciones de la mano | 5, rodilla | 6, Tobillo |7, Pequeñas articulaciones del pie | 88, otro",,,0,0,0,,,0
diario,SÍNTOMAS: Indicar si se experimentaron entre las 00:00 y 24:00 del día de evaluación,sympt_jointtender_site_shoulder,¿Cuántas articulaciones del hombro están afectadas?,"1, 1 | 2, 2 | 99, Desconocido",,,0,0,0,,,0
diario,SÍNTOMAS: Indicar si se experimentaron entre las 00:00 y 24:00 del día de evaluación,sympt_jointtender_site_elbow,¿Cuántas articulaciones del codo están afectadas?,"1, 1 | 2, 2 | 99, Desconocido",,,0,0,0,,,0
diario,SÍNTOMAS: Indicar si se experimentaron entre las 00:00 y 24:00 del día de evaluación,sympt_jointtender_site_wrist,¿Cuántas articulaciones de la muñeca están afectadas?,"1, 1 | 2, 2 | 99, Desconocido",,,0,0,0,,,0
diario,SÍNTOMAS: Indicar si se experimentaron entre las 00:00 y 24:00 del día de evaluación,sympt_jointtender_site_knee,¿Cuántas articulaciones de la rodilla están afectadas?,"1, 1 | 2, 2 | 99, Desconocido",,,0,0,0,,,0
diario,SÍNTOMAS: Indicar si se experimentaron entre las 00:00 y 24:00 del día de evaluación,sympt_jointtender_site_ankle,¿Cuántas articulaciones del tobillo están afectadas?,"1, 1 | 2, 2 | 99, Desconocido",,,0,0,0,,,0
diario,SÍNTOMAS: Indicar si se experimentaron entre las 00:00 y 24:00 del día de evaluación,sympt_jointtender_site_foot,¿Cuántas articulaciones pequeñas del pie están afectadas?,,,,0,0,0,,,
diario,SÍNTOMAS: Indicar si se experimentaron entre las 00:00 y 24:00 del día de evaluación,sympt_jointtender_hand,Pequeñas articulaciones de la mano.,"1, articulación MCP (metacarpofalángica) | 2, articulación PIP (interfalángica proximal) | 3, articulación DIP (interfalángica distal) | 99, Desconocido",,,0,0,0,,,0
diario,SÍNTOMAS: Indicar si se experimentaron entre las 00:00 y 24:00 del día de evaluación,sympt_jointtender_hand_num,¿Cuántas articulaciones afectadas?,,,,0,0,0,,,
diario,SÍNTOMAS: Indicar si se experimentaron entre las 00:00 y 24:00 del día de evaluación,sympt_jointtender_add,Indicar otras articulaciones afectadas,"1, ATM | 2, esternoclavicular (SC) |  3, Acromioclavicular (AC) |  4, Sacroilíaco (SI) | 5, Cadera | 6, Subtalar | 7, columna torácica | 8, columna lumbar | 88, Otro (especificar)",,,0,0,0,,,0
diario,SÍNTOMAS: Indicar si se experimentaron entre las 00:00 y 24:00 del día de evaluación,sympt_jointtender_add_oth,Especifique otras juntas,,,,0,0,0,,,
diario,SÍNTOMAS: Indicar si se experimentaron entre las 00:00 y 24:00 del día de evaluación,sympt_stissueswell,Inflamación de tejidos pequeños,"1, sí | 0, No | 99, Desconocido","Definido como una hinchazón dolorosa del tejido interfalángico, que produce tensión y dolor al flexionar los dedos.","Indique ""Sí"", si el paciente ha experimentado esto en algún momento desde el inicio de esta enfermedad hasta su presentación.",0,0,0,0,0,0
diario,SÍNTOMAS: Indicar si se experimentaron entre las 00:00 y 24:00 del día de evaluación,sympt_arthralgia,Dolor articular / artralgia,"1, Sí | 0, No | 99, Desconocido",Definido como una sensación de incomodidad marcada en una articulación.,"Indique 'sí', si el paciente experimentó esto entre las 00:00 a las 24:00 el día de la evaluación.",0,0,0,0,0,0
diario,SÍNTOMAS: Indicar si se experimentaron entre las 00:00 y 24:00 del día de evaluación,sympt_arthralgia_scal,Intensidad de artralgia (escala NRS),,,,0,0,0,,,
diario,SÍNTOMAS: Indicar si se experimentaron entre las 00:00 y 24:00 del día de evaluación,sympt_neurpain,dolor neuropático,"1, sí | 0, No | 99, Desconocido",,,0,0,0,,,0
diario,SÍNTOMAS: Indicar si se experimentaron entre las 00:00 y 24:00 del día de evaluación,sympt_neurpain_scal,Escala de dolor neuropático DN4,,,,0,0,0,,,
diario,SÍNTOMAS: Indicar si se experimentaron entre las 00:00 y 24:00 del día de evaluación,sympt_dn4,DN4 — Douleur Neuropathique 4 preguntas (detección del dolor neuropático),,,,0,0,0,,,
diario,SÍNTOMAS: Indicar si se experimentaron entre las 00:00 y 24:00 del día de evaluación,sympt_dn4_pain,¿El paciente tiene dolor en el momento de la evaluación?,"1, sí | 0, No | 99, Desconocido",,,0,0,0,,,0
diario,SÍNTOMAS: Indicar si se experimentaron entre las 00:00 y 24:00 del día de evaluación,sympt_dn4_q1,PREGUNTA 1: ¿Tiene el dolor una o más de las siguientes características?,,,,0,0,0,,,
diario,SÍNTOMAS: Indicar si se experimentaron entre las 00:00 y 24:00 del día de evaluación,sympt_dn4_q1_burning,1. ardiendo,"1, sí | 0, no",,,0,0,0,,,0
diario,SÍNTOMAS: Indicar si se experimentaron entre las 00:00 y 24:00 del día de evaluación,sympt_dn4_q1_cold,2. Resfriado doloroso,"1, sí | 0, no",,,0,0,0,,,0
diario,SÍNTOMAS: Indicar si se experimentaron entre las 00:00 y 24:00 del día de evaluación,sympt_dn4_q1_shock,3. Descargas eléctricas,"1, sí | 0, no",,,0,0,0,,,0
diario,SÍNTOMAS: Indicar si se experimentaron entre las 00:00 y 24:00 del día de evaluación,sympt_dn4_q2,PREGUNTA 2: ¿El dolor está asociado con uno o más de los siguientes síntomas en la misma área?,,,,0,0,0,,,
diario,SÍNTOMAS: Indicar si se experimentaron entre las 00:00 y 24:00 del día de evaluación,sympt_dn4_q2_tingling,4. Hormigueo,"1, sí | 0, no",,,0,0,0,,,0
diario,SÍNTOMAS: Indicar si se experimentaron entre las 00:00 y 24:00 del día de evaluación,sympt_dn4_q2_pins,5. Alfileres y agujas,"1, sí | 0, no",,,0,0,0,,,0
diario,SÍNTOMAS: Indicar si se experimentaron entre las 00:00 y 24:00 del día de evaluación,sympt_dn4_q2_numb,6. entumecimiento,"1, sí | 0, no",,,0,0,0,,,0
diario,SÍNTOMAS: Indicar si se experimentaron entre las 00:00 y 24:00 del día de evaluación,sympt_dn4_q2_itch,7. Picazón,"1, sí | 0, no",,,0,0,0,,,0
diario,SÍNTOMAS: Indicar si se experimentaron entre las 00:00 y 24:00 del día de evaluación,sympt_dn4_q3,PREGUNTA 3: ¿El dolor se localiza en un área donde el examen físico revela uno o más de los siguientes? (examen médico),,,,0,0,0,,,
diario,SÍNTOMAS: Indicar si se experimentaron entre las 00:00 y 24:00 del día de evaluación,sympt_dn4_q3_touch,8. Hipoestesia al tacto,"1, sí | 0, no",,,0,0,0,,,0
diario,SÍNTOMAS: Indicar si se experimentaron entre las 00:00 y 24:00 del día de evaluación,sympt_dn4_q3_pin,9. Hipoestesia al pinchazo,"1, sí | 0, no",,,0,0,0,,,0
diario,SÍNTOMAS: Indicar si se experimentaron entre las 00:00 y 24:00 del día de evaluación,sympt_dn4_q4,PREGUNTA 4: ¿El dolor es provocado o aumentado por uno o más de los siguientes? (examen médico),,,,0,0,0,,,
diario,SÍNTOMAS: Indicar si se experimentaron entre las 00:00 y 24:00 del día de evaluación,sympt_dn4_q4_brush,10. Cepillado,"1, sí | 0, no",,,0,0,0,,,0
diario,SÍNTOMAS: Indicar si se experimentaron entre las 00:00 y 24:00 del día de evaluación,sympt_dn4_score,Puntuación total de DN4 (0 a 10),"if([sympt_dn4_q1_burning]='1',1,0) + if([sympt_dn4_q1_cold]='1',1,0) + if([sympt_dn4_q1_shock]='1',1,0) + if([sympt_dn4_q2_tingling]='1',1,0) + if([sympt_dn4_q2_pins]='1',1,0) + if([sympt_dn4_q2_numb]='1',1,0) + if([sympt_dn4_q2_itch]='1',1,0) + if([sympt_dn4_q3_touch]='1',1,0) + si([sympt_dn4_q3_pin]='1',1,0) + si([sympt_dn4_q4_brush]='1',1,0)",,,0,0,0,,,0
diario,SÍNTOMAS: Indicar si se experimentaron entre las 00:00 y 24:00 del día de evaluación,sympt_dn4_result,Resultado DN4,"if([sympt_dn4_score]>=4,'1',if([sympt_dn4_score]<4 y [sympt_dn4_score]>=0,'0',''))",,,0,0,0,,,0
diario,SÍNTOMAS: Indicar si se experimentaron entre las 00:00 y 24:00 del día de evaluación,sympt_dn4_notes,Notas clínicas (opcional),,,,0,0,0,,,
diario,SÍNTOMAS: Indicar si se experimentaron entre las 00:00 y 24:00 del día de evaluación,sympt_myalgia_scal,Escala visual analógica para evaluar la mialgia,,,,0,0,0,,,
diario,SÍNTOMAS: Indicar si se experimentaron entre las 00:00 y 24:00 del día de evaluación,sympt_cramps,Calambres musculares,"1, sí | 0, No | 99, Desconocido","Contracciones repentinas, involuntarias y dolorosas de uno o más músculos que son temporales y generalmente se resuelven espontáneamente después de segundos o minutos.",,0,0,0,0,,0
diario,SÍNTOMAS: Indicar si se experimentaron entre las 00:00 y 24:00 del día de evaluación,sympt_skinrash,Sarpullido,"1, Sí | 0, No | 99, Desconocido","Definido como cualquier cambio en la piel que afecte su apariencia o textura. Se puede localizar una erupción en una parte del cuerpo o afectar toda la piel. Las erupciones pueden hacer que la piel cambie de color, picazón, se vuelva cálida, llena de baches, seca, agrietada o ampollada, se hincha y puede ser dolorosa.","Indique 'sí', si el paciente experimentó esto entre las 00:00 a las 24:00 el día de la evaluación.",0,0,0,0,0,0
diario,SÍNTOMAS: Indicar si se experimentaron entre las 00:00 y 24:00 del día de evaluación,sympt_paresthesia,Parestesia cutánea,"1, Sí | 0, No | 99, Desconocido","Se refiere a las sensaciones cutáneas percibidas (por ejemplo, frío, calor, hormigueo, presión, etc.) que se experimentan de forma espontánea en ausencia de estimulación.",Indique «Sí» si el paciente ha experimentado esto entre las 00:00 y las 24:00 del día de la evaluación.,0,0,0,0,0,0
diario,SÍNTOMAS: Indicar si se experimentaron entre las 00:00 y 24:00 del día de evaluación,sympt_skinchange,Cambios en la textura de la piel,"1, Sí | 0, No | 99, Desconocido","Se refiere a alteraciones en el aspecto y el tacto de la superficie de la piel, como rugosidad, irregularidad o presencia de protuberancias.",Indique «Sí» si el paciente ha experimentado esto entre las 00:00 y las 24:00 del día de la evaluación.,0,0,0,0,0,0
diario,SÍNTOMAS: Indicar si se experimentaron entre las 00:00 y 24:00 del día de evaluación,sympt_skinpallor,Palidez de la piel,"1, Sí | 0, No | 99, Desconocido",Se refiere al aspecto pálido y antinatural de la piel.,Indique «Sí» si el paciente ha experimentado esto entre las 00:00 y las 24:00 del día de la evaluación.,0,0,0,0,0,0
diario,SÍNTOMAS: Indicar si se experimentaron entre las 00:00 y 24:00 del día de evaluación,sympt_pruritus,Picazón / prurito,"1, Sí | 0, No | 99, Desconocido",Definido como una sensación de picazón desagradable o intensa que produce la necesidad de frotar o rayar la piel para obtener alivio.,"Indique 'sí', si el paciente experimentó esto entre las 00:00 a las 24:00 el día de la evaluación.",0,0,0,0,0,0
diario,SÍNTOMAS: Indicar si se experimentaron entre las 00:00 y 24:00 del día de evaluación,sympt_mobilchg,Cambio en la movilidad desde la línea de base,"1, Sí | 0, No | 99, Desconocido",Se refiere a la capacidad del paciente para caminar o moverse.,"Indique 'sí', si el paciente experimentó esto entre las 00:00 a las 24:00 el día de la evaluación.",0,0,0,0,0,0
diario,SÍNTOMAS: Indicar si se experimentaron entre las 00:00 y 24:00 del día de evaluación,sympt_mobile,Estado de movilidad,"1, Totalmente ambulatorio | 2, Ambulatorio, pero con cierta asistencia | 3, Postrado en cama",Se refiere a la capacidad del paciente para caminar o moverse.,Seleccione las opciones más apropiadas representa el estado de movilidad del paciente.,0,0,0,0,0,0
diario,SÍNTOMAS: Indicar si se experimentaron entre las 00:00 y 24:00 del día de evaluación,sympt_sleepmore,Dormir más de lo habitual / letargo / lentitud / apatía,"1, Sí | 0, No | 99, Desconocido","Se refiere a la somnolencia excesiva durante el día, caracterizada por adormecimiento y una falta inusual de energía y agilidad mental, o a un bebé con poca energía, somnoliento o que duerme más de lo habitual.",Indique «Sí» si el paciente ha experimentado esto entre las 00:00 y las 24:00 del día de la evaluación.,0,0,0,0,0,0
diario,SÍNTOMAS: Indicar si se experimentaron entre las 00:00 y 24:00 del día de evaluación,sympt_polydipsia,Aumento de la sed (polidipsia),"1, Sí | 0, No | 99, Desconocido",Se refiere a la sed excesiva.,Indique «Sí» si el paciente ha experimentado esto entre las 00:00 y las 24:00 del día de la evaluación.,0,0,0,0,0,0
diario,SÍNTOMAS: Indicar si se experimentaron entre las 00:00 y 24:00 del día de evaluación,sympt_irregmenstruation,Cambios en la menstruación (menstruación irregular),"1, Sí | 0, No | 99, Desconocido","Se refiere a cualquier desviación del proceso normal; por ejemplo, retraso, dificultad, profusión, escasez, sangrado inusual, etc.",Indique «Sí» si el paciente ha experimentado esto entre las 00:00 y las 24:00 del día de la evaluación.,0,0,0,0,0,0
diario,SÍNTOMAS: Indicar si se experimentaron entre las 00:00 y 24:00 del día de evaluación,sympt_backpain,dolor de espalda,"1, sí | 0, No | 99, Desconocido",,,0,0,0,,,0
diario,SÍNTOMAS: Indicar si se experimentaron entre las 00:00 y 24:00 del día de evaluación,sympt_neckpain,dolor de cuello,"1, sí | 0, No | 99, Desconocido",,,0,0,0,,,0
diario,SÍNTOMAS: Indicar si se experimentaron entre las 00:00 y 24:00 del día de evaluación,sympt_resp,Síntomas respiratorios,,Se refiere a los signos y síntomas relacionados con el sistema respiratorio.,Indique «Sí» si el paciente ha experimentado esto entre las 00:00 y las 24:00 del día de la evaluación.,0,0,0,0,0,
diario,SÍNTOMAS: Indicar si se experimentaron entre las 00:00 y 24:00 del día de evaluación,sympt_cough,Tos,"1, Sí | 0, No | 99, Desconocido","Esto se refiere a la presencia de una tos y sus características. Una tos productiva se refiere a una tos acompañada de secreciones expectoradas (flema o moco), mientras que una tos no productiva se refiere a una que no está acompañada de secreciones expectadas. La hemoptisis se refiere a la presencia de sangre o esputo en la sangre del tracto respiratorio.","Indique 'sí', si el paciente experimentó esto entre las 00:00 a las 24:00 el día de la evaluación.",0,0,0,0,0,0
diario,SÍNTOMAS: Indicar si se experimentaron entre las 00:00 y 24:00 del día de evaluación,sympt_cough_type,Tipo de tos,"1, No productiva | 2, Productiva | 3, Hemoptisis | 99, Desconocida",Se refiere al tipo de tos. La tos productiva se refiere a una tos acompañada de secreciones expectoradas (flema o moco).,Indique «Sí» si el paciente ha experimentado esto entre las 00:00 y las 24:00 del día de la evaluación.,0,0,0,0,0,0
diario,SÍNTOMAS: Indicar si se experimentaron entre las 00:00 y 24:00 del día de evaluación,sympt_sorethroat,Dolor de garganta,"1, Sí | 0, No | 99, Desconocido","Definido como una sensación desagradable caracterizada por incomodidad física (como pinchar, palpitarse o dolor) y percibida que se origina en la garganta.","Indique 'sí', si el paciente experimentó esto entre las 00:00 a las 24:00 el día de la evaluación.",0,0,0,0,0,0
diario,SÍNTOMAS: Indicar si se experimentaron entre las 00:00 y 24:00 del día de evaluación,sympt_rhinorrhoe,Secuestro / rinorrea,"1, Sí | 0, No | 99, Desconocido",Definido como una mayor descarga de la mucosa de la nariz.,"Indique 'sí', si el paciente experimentó esto entre las 00:00 a las 24:00 el día de la evaluación.",0,0,0,0,0,0
diario,SÍNTOMAS: Indicar si se experimentaron entre las 00:00 y 24:00 del día de evaluación,sympt_wheezing,Sibilante,"1, Sí | 0, No | 99, Desconocido",Definido como un sonido de aliento agudo como resultado de un estrechamiento u obstrucción de las vías respiratorias pequeñas.,"Indique 'sí', si el paciente experimentó esto entre las 00:00 a las 24:00 el día de la evaluación.",0,0,0,0,0,0
diario,SÍNTOMAS: Indicar si se experimentaron entre las 00:00 y 24:00 del día de evaluación,sympt_shortbreat,Dificultad para respirar,"1, Sí | 0, No | 99, Desconocido",Definido como la sensación incómoda de la respiración difícil o laboriosa que está fuera de proporción al nivel de actividad física del paciente.,"Indique 'sí', si el paciente experimentó esto entre las 00:00 a las 24:00 el día de la evaluación.",0,0,0,0,0,0
diario,SÍNTOMAS: Indicar si se experimentaron entre las 00:00 y 24:00 del día de evaluación,sympt_nasalcongestion,Congestión nasal,"1, Sí | 0, No | 99, Desconocido","Se define como la reducción de la capacidad de pasar aire a través de la cavidad nasal, lo que a menudo conduce a la respiración bucal.",Indique «Sí» si el paciente ha experimentado esto entre las 00:00 y las 24:00 del día de la evaluación.,0,0,0,0,0,0
diario,SÍNTOMAS: Indicar si se experimentaron entre las 00:00 y 24:00 del día de evaluación,sympt_chestpain,Dolor en el pecho,"1, Sí | 0, No | 99, Desconocido","Definido como la sensación desagradable, incómoda o dolorosa caracterizada por la incomodidad física localizada en el cofre.","Indique 'sí', si el paciente experimentó esto entre las 00:00 a las 24:00 el día de la evaluación.",0,0,0,0,0,0
diario,SÍNTOMAS: Indicar si se experimentaron entre las 00:00 y 24:00 del día de evaluación,sympt_sneez,Estornudos,"1, Sí | 0, No | 99, Desconocido","Se refiere a una exhalación repentina, violenta, espasmódica y audible por la nariz y la boca.","Indique «Sí» si el paciente ha experimentado esto en cualquier momento desde el inicio de la enfermedad hasta la consulta. ",0,0,0,0,0,0
diario,SÍNTOMAS: Indicar si se experimentaron entre las 00:00 y 24:00 del día de evaluación,sympt_hiccups,Hipo,"1, sí | 0, No | 99, Desconocido",,,0,0,0,,,0
diario,SÍNTOMAS: Indicar si se experimentaron entre las 00:00 y 24:00 del día de evaluación,sympt_cvs,Síntomas cardiovasculares,,Se refiere a los signos y síntomas relacionados con el sistema cardiovascular.,Indique «Sí» si el paciente ha experimentado esto entre las 00:00 y las 24:00 del día de la evaluación.,0,0,0,0,0,
diario,SÍNTOMAS: Indicar si se experimentaron entre las 00:00 y 24:00 del día de evaluación,sympt_palpitations,Palpitaciones,"1, Sí | 0, No | 99, Desconocido",Se refiere a la desagradable conciencia del corazón de uno.,"Indique 'sí', si el paciente experimentó esto entre las 00:00 a las 24:00 el día de la evaluación.",0,0,0,0,0,0
diario,SÍNTOMAS: Indicar si se experimentaron entre las 00:00 y 24:00 del día de evaluación,sympt_git,Síntomas gastrointestinales,,Se refiere a los signos y síntomas relacionados con el sistema gastrointestinal.,Indique «Sí» si el paciente ha experimentado esto entre las 00:00 y las 24:00 del día de la evaluación.,0,0,0,0,0,
diario,SÍNTOMAS: Indicar si se experimentaron entre las 00:00 y 24:00 del día de evaluación,sympt_abdpain,Dolor abdominal,"1, Sí | 0, No | 99, Desconocido","Definido como una sensación desagradable de incomodidad, angustia o agonía en la región abdominal.","Indique 'sí', si el paciente experimentó esto entre las 00:00 a las 24:00 el día de la evaluación.",0,0,0,0,0,0
diario,SÍNTOMAS: Indicar si se experimentaron entre las 00:00 y 24:00 del día de evaluación,sympt_diarrhoea,Diarrea,"1, Sí | 0, No | 99, Desconocido",Definido como tres o más movimiento del intestino suelto o líquido por día (o pasaje más frecuente de lo normal para el individuo).,"Indique 'sí', si el paciente experimentó esto entre las 00:00 a las 24:00 el día de la evaluación.",0,0,0,0,0,0
diario,SÍNTOMAS: Indicar si se experimentaron entre las 00:00 y 24:00 del día de evaluación,sympt_consti,Constipación,"1, Sí | 0, No | 99, Desconocido","Esto se refiere a una evacuación irregular, infrecuente o difícil de los intestinos.","Indique 'sí', si el paciente experimentó esto entre las 00:00 a las 24:00 el día de la evaluación.",0,0,0,0,0,0
diario,SÍNTOMAS: Indicar si se experimentaron entre las 00:00 y 24:00 del día de evaluación,sympt_vomit,Vómitos,"1, Sí | 0, No | 99, Desconocido",Definido como la expulsión del estómago o los intestinos pequeños a través de la boca.,"Indique 'sí', si el paciente experimentó esto entre las 00:00 a las 24:00 el día de la evaluación.",0,0,0,0,0,0
diario,SÍNTOMAS: Indicar si se experimentaron entre las 00:00 y 24:00 del día de evaluación,sympt_vomit2d,¿Vómitos persistentes? (> = 2/día),"1, Sí | 0, No | 99, Desconocido",El vómitos persistentes se define aquí como vómitos dos veces o más por día.,"Indique 'sí', si el paciente experimentó esto entre las 00:00 a las 24:00 el día de la evaluación.",0,0,0,0,0,0
diario,SÍNTOMAS: Indicar si se experimentaron entre las 00:00 y 24:00 del día de evaluación,sympt_vomitbld,¿Hematemesis (vómitos con sangre)?,"1, Sí | 0, No | 99, Desconocido",Se refiere al vómito con sangre.,Indique «Sí» si el paciente ha experimentado esto entre las 00:00 y las 24:00 del día de la evaluación.,0,0,0,0,0,0
diario,SÍNTOMAS: Indicar si se experimentaron entre las 00:00 y 24:00 del día de evaluación,sympt_nausea,Náuseas,"1, Sí | 0, No | 99, Desconocido",Definido como la desagradable sensación subjetiva dolorosa de que uno vomitará inminentemente.,"Indique 'sí', si el paciente experimentó esto entre las 00:00 a las 24:00 el día de la evaluación.",0,0,0,0,0,0
diario,SÍNTOMAS: Indicar si se experimentaron entre las 00:00 y 24:00 del día de evaluación,sympt_anorexia,Anorexia,"1, Sí | 0, No | 99, Desconocido",Definido como falta o pérdida de apetito.,"Indique 'sí', si el paciente experimentó esto entre las 00:00 a las 24:00 el día de la evaluación.",0,0,0,0,0,0
diario,SÍNTOMAS: Indicar si se experimentaron entre las 00:00 y 24:00 del día de evaluación,sympt_exsal,Salivación excesiva,"1, Sí | 0, No | 99, Desconocido",La salivación excesiva o la sialorrea es un síntoma mejor evaluado por el paciente.,"Indique 'sí', si el paciente experimentó esto entre las 00:00 a las 24:00 el día de la evaluación.",0,0,0,0,0,0
diario,SÍNTOMAS: Indicar si se experimentaron entre las 00:00 y 24:00 del día de evaluación,sympt_diffswallow,Dificultad para tragar / disfagia,"1, Sí | 0, No | 99, Desconocido","Definido como dificultad para tragar alimentos, líquidos o saliva.","Indique 'sí', si el paciente experimentó esto entre las 00:00 a las 24:00 el día de la evaluación.",0,0,0,0,0,0
diario,SÍNTOMAS: Indicar si se experimentaron entre las 00:00 y 24:00 del día de evaluación,sympt_faecalincont,Incontinencia fecal,"1, Sí | 0, No | 99, Desconocido","Definido como la incapacidad de controlar voluntariamente los esfínteres anales, con paso involuntario de heces y gases.",Indique «Sí» si el paciente ha experimentado esto entre las 00:00 y las 24:00 del día de la evaluación.,0,0,0,0,0,0
diario,SÍNTOMAS: Indicar si se experimentaron entre las 00:00 y 24:00 del día de evaluación,sympt_renalgut,Síntomas renales/genitourinarios,,Se refiere a los signos y síntomas relacionados con el sistema renal/genitourinario.,Indique «Sí» si el paciente ha experimentado esto entre las 00:00 y las 24:00 del día de la evaluación.,0,0,0,0,0,
diario,SÍNTOMAS: Indicar si se experimentaron entre las 00:00 y 24:00 del día de evaluación,sympt_urine,Retención urinaria,"1, Sí | 0, No | 99, Desconocido",Definido como la acumulación de orina dentro de la vejiga debido a la incapacidad de orinar.,"Indique 'sí', si el paciente experimentó esto entre las 00:00 a las 24:00 el día de la evaluación.",0,0,0,0,0,0
diario,SÍNTOMAS: Indicar si se experimentaron entre las 00:00 y 24:00 del día de evaluación,sympt_urineincont,Incontinencia urinaria,"1, Sí | 0, No | 99, Desconocido",Se refiere a la pérdida del control de la vejiga o a la incapacidad de controlar la micción.,Indique «Sí» si el paciente ha experimentado esto entre las 00:00 y las 24:00 del día de la evaluación.,0,0,0,0,0,0
diario,SÍNTOMAS: Indicar si se experimentaron entre las 00:00 y 24:00 del día de evaluación,sympt_polyuria,Aumento de la micción (poliuria),"1, Sí | 0, No | 99, Desconocido",Se refiere a la micción excesiva o frecuente.,Indique «Sí» si el paciente ha experimentado esto entre las 00:00 y las 24:00 del día de la evaluación.,0,0,0,0,0,0
diario,SÍNTOMAS: Indicar si se experimentaron entre las 00:00 y 24:00 del día de evaluación,sympt_dysuria,Dolor al orinar (disuria),"1, Sí | 0, No | 99, Desconocido",Se refiere a la micción dolorosa o difícil.,Indique «Sí» si el paciente ha experimentado esto entre las 00:00 y las 24:00 del día de la evaluación.,0,0,0,0,0,0
diario,SÍNTOMAS: Indicar si se experimentaron entre las 00:00 y 24:00 del día de evaluación,sympt_dyspareunia,Relaciones sexuales dolorosas/ Dyspareunia,"1, Sí | 0, No | 99, Desconocido",Definido como dolor genital recurrente o persistente asociado con relaciones sexuales.,"Indique 'sí', si el paciente experimentó esto entre las 00:00 a las 24:00 el día de la evaluación.",0,0,0,0,0,0
diario,SÍNTOMAS: Indicar si se experimentaron entre las 00:00 y 24:00 del día de evaluación,sympt_heme,Síntomas hematológicos,,Se refiere a los signos y síntomas relacionados con el sistema hematológico.,Indique «Sí» si el paciente ha experimentado esto entre las 00:00 y las 24:00 del día de la evaluación.,0,0,0,0,0,
diario,SÍNTOMAS: Indicar si se experimentaron entre las 00:00 y 24:00 del día de evaluación,sympt_haemorrhag,Sangrado/hemorragia,"1, Sí | 0, No | 99, Desconocido","Se define como la presencia de sangre en un lugar en el que no es fisiológicamente normal o la pérdida de sangre de la circulación, ya sea interna o externa. Esto puede incluir epistaxis (sangrado nasal), sangrado gingival (sangrado de las encías), sangrado de cualquier parte del tracto gastrointestinal (sangrado gastrointestinal) o del tracto genitourinario (vagina o uretra), incluida la hematuria. ",Indique «Sí» si el paciente ha experimentado esto entre las 00:00 y las 24:00 del día de la evaluación.,0,0,0,0,0,0
diario,SÍNTOMAS: Indicar si se experimentaron entre las 00:00 y 24:00 del día de evaluación,sympt_haemorrhag_sev,Sangrado / hemorragia severa (requiere intervención),"1, Sí | 0, No | 99, Desconocido",Definido como el sangrado / hemorragia severo que requiere intervención médica para la hemostasia y / o el apoyo hemodinámico.,"Indique 'sí', si el paciente experimentó esto entre las 00:00 a las 24:00 el día de la evaluación.",0,0,0,0,0,0
diario,SÍNTOMAS: Indicar si se experimentaron entre las 00:00 y 24:00 del día de evaluación,sympt_haemorrhag_site,En caso afirmativo: especifique los sitios de sangrado / hemorragia,"1, Piel | 7, Petequias | 2, Nariz | 3, Encías | 4, Tracto gastrointestinal | 5, Tracto urinario | 6, Vagina | 99, Desconocida | 88, Otros","Esto se refiere a la ubicación de los sitios de sangrado/hemorragia. PETHIAE se refieren a pequeñas manchas rojizas o púrpuras en la piel o la membrana mucosa como resultado de la hemorragia localizada. El sangrado de la nariz se refiere a la hemorragia localizada en la nariz. El sangrado de la encía se refiere a la hemorragia que afecta la gingiva. El sangrado gastrointestinal (GI) se refiere a la hemorragia en cualquier segmento del tracto gastrointestinal desde el esófago hasta el recto. El sangrado del tracto urinario se refiere a la hemorragia que se origina en cualquier parte del sistema urinario. El sangrado vaginal se refiere a la hemorragia que se origina en la vagina, no relacionada con la menstruación normal.",Seleccione la (s) opción (s) más apropiada correspondiente a la ubicación del Sitio (s) de hemorragia de hemorragia.,0,0,0,0,0,0
diario,SÍNTOMAS: Indicar si se experimentaron entre las 00:00 y 24:00 del día de evaluación,sympt_cns,Síntomas neurológicos,,Se refiere a los signos y síntomas relacionados con el sistema neurológico.,Indique «Sí» si el paciente ha experimentado esto entre las 00:00 y las 24:00 del día de la evaluación.,0,0,0,0,0,
diario,SÍNTOMAS: Indicar si se experimentaron entre las 00:00 y 24:00 del día de evaluación,sympt_headache,Dolor de cabeza,"1, Sí | 0, No | 99, Desconocido","Definido como la experiencia del dolor en varias partes de la cabeza, no confinada al área de distribución de cualquier nervio.","Indique 'sí', si el paciente experimentó esto entre las 00:00 a las 24:00 el día de la evaluación.",0,0,0,0,0,0
diario,SÍNTOMAS: Indicar si se experimentaron entre las 00:00 y 24:00 del día de evaluación,sympt_photoph,Fotofobia,"1, Sí | 0, No | 99, Desconocido",Se refiere a una mayor sensibilidad de los ojos a la luz.,"Indique 'sí', si el paciente experimentó esto entre las 00:00 a las 24:00 el día de la evaluación.",0,0,0,0,0,0
diario,SÍNTOMAS: Indicar si se experimentaron entre las 00:00 y 24:00 del día de evaluación,sympt_seizconv,Convulsiones / convulsiones,"1, Sí | 0, No | 99, Desconocido","Definido como una anormalidad intermitente de la fisiología del sistema nervioso caracterizado por una ocurrencia transitoria de movimiento repentino, violento e irregular del cuerpo, causado por la contracción involuntaria de los músculos debido a la actividad neuronal excesiva o sincrónica anormal en el cerebro.","Indique 'sí', si el paciente experimentó esto entre las 00:00 a las 24:00 el día de la evaluación.",0,0,0,0,0,0
diario,SÍNTOMAS: Indicar si se experimentaron entre las 00:00 y 24:00 del día de evaluación,sympt_confusion,Conciencia / confusión alterada,"1, Sí | 0, No | 99, Desconocido",Definido como un nivel de conciencia o excitación que no sea la línea de base normal del paciente.,"Indique 'sí', si el paciente experimentó esto entre las 00:00 a las 24:00 el día de la evaluación.",0,0,0,0,0,0
diario,SÍNTOMAS: Indicar si se experimentaron entre las 00:00 y 24:00 del día de evaluación,sympt_paralysis,Parálisis,"1, Sí | 0, No | 99, Desconocido",Se refiere a la incapacidad de mover o controlar completamente los movimientos.,Indique «Sí» si el paciente ha experimentado esto entre las 00:00 y las 24:00 del día de la evaluación.,0,0,0,0,0,0
diario,SÍNTOMAS: Indicar si se experimentaron entre las 00:00 y 24:00 del día de evaluación,sympt_irritable,Irritabilidad,"1, Sí | 0, No | 99, Desconocido","Se refiere a una excitabilidad anormal o excesiva con ira, irritabilidad o impaciencia que se desencadena fácilmente.",Indique «Sí» si el paciente ha experimentado esto entre las 00:00 y las 24:00 del día de la evaluación.,0,0,0,0,0,0
diario,SÍNTOMAS: Indicar si se experimentaron entre las 00:00 y 24:00 del día de evaluación,sympt_tremor,Temblor,"1, Sí | 0, No | 99, Desconocido","Se refiere a un movimiento muscular no intencional, oscilante hacia un eje articular.","Indique 'sí', si el paciente experimentó esto entre las 00:00 a las 24:00 el día de la evaluación.",0,0,0,0,0,0
diario,SÍNTOMAS: Indicar si se experimentaron entre las 00:00 y 24:00 del día de evaluación,sympt_diffwalk,Dificultad para caminar,"1, Sí | 0, No | 99, Desconocido",Se refiere a cualquier problema persistente para caminar.,"Indique «Sí» si el paciente ha experimentado esto en cualquier momento desde el inicio de la enfermedad hasta la consulta. ",0,0,0,0,0,0
diario,SÍNTOMAS: Indicar si se experimentaron entre las 00:00 y 24:00 del día de evaluación,sympt_neurologic,Otra anormalidad neurológica,"1, Sí | 0, No | 99, Desconocido",Esto se refiere a la presencia de una anormalidad neurológica alternativa que no se enumera anteriormente.,"Indique 'sí', si el paciente experimentó esto entre las 00:00 a las 24:00 el día de la evaluación.",0,0,0,0,0,0
diario,SÍNTOMAS: Indicar si se experimentaron entre las 00:00 y 24:00 del día de evaluación,sympt_neurologic_spec,Especificar otra anomalía neurológica,,Se refiere a la presencia de otra anomalía neurológica no incluida en la lista anterior.,"Si es «Otra», especifique la anomalía neurológica.",0,0,0,0,0,
diario,SÍNTOMAS: Indicar si se experimentaron entre las 00:00 y 24:00 del día de evaluación,sympt_eye,Síntomas oftalmológicos,,Se refiere a los signos y síntomas relacionados con los ojos.,Indique «Sí» si el paciente ha experimentado esto entre las 00:00 y las 24:00 del día de la evaluación.,0,0,0,0,0,
diario,SÍNTOMAS: Indicar si se experimentaron entre las 00:00 y 24:00 del día de evaluación,sympt_itchyeye,Picazón en el ojo,"1, Sí | 0, No | 99, Desconocido",Definido como picazón de uno o ambos ojos.,"Indique 'sí', si el paciente ha experimentado otra anomalía neurológica que no figura anteriormente, entre las horas de las 00:00 a las 24:00 en el día de la evaluación.",0,0,0,0,0,0
diario,SÍNTOMAS: Indicar si se experimentaron entre las 00:00 y 24:00 del día de evaluación,sympt_redeye,Ojo rojo / rosa,"1, Sí | 0, No | 99, Desconocido","Definido como inflamación o infección de la conjuntiva, caracterizada por el enrojecimiento en uno o ambos ojos.","Indique 'sí', si el paciente ha experimentado otra anomalía neurológica que no figura anteriormente, entre las horas de las 00:00 a las 24:00 en el día de la evaluación.",0,0,0,0,0,0
diario,SÍNTOMAS: Indicar si se experimentaron entre las 00:00 y 24:00 del día de evaluación,sympt_paineyes,Dolor en el ojo,"1, Sí | 0, No | 99, Desconocido",Definido como incomodidad o dolor localizado dentro o alrededor del área de los ojos.,"Indique 'sí', si el paciente ha experimentado otra anomalía neurológica que no figura anteriormente, entre las horas de las 00:00 a las 24:00 en el día de la evaluación.",0,0,0,0,0,0
diario,SÍNTOMAS: Indicar si se experimentaron entre las 00:00 y 24:00 del día de evaluación,sympt_eyelidedema,Edema de párpado,"1, Sí | 0, No | 99, Desconocido",Definido como hinchazón debido a la acumulación de líquidos en los tejidos del párpado.,"Indique 'sí', si el paciente ha experimentado otra anomalía neurológica que no figura anteriormente, entre las horas de las 00:00 a las 24:00 en el día de la evaluación.",0,0,0,0,0,0
diario,SÍNTOMAS: Indicar si se experimentaron entre las 00:00 y 24:00 del día de evaluación,sympt_eyedischarg,Descarga de ojo,"1, Sí | 0, No | 99, Desconocido","Definido como la liberación de fluidos que van desde claros hasta pus del ojo, a menudo indicativo de infección o irritación.","Indique 'sí', si el paciente ha experimentado otra anomalía neurológica que no figura anteriormente, entre las horas de las 00:00 a las 24:00 en el día de la evaluación.",0,0,0,0,0,0
diario,SÍNTOMAS: Indicar si se experimentaron entre las 00:00 y 24:00 del día de evaluación,sympt_hazyvision,Visión brumosa / borrosa,"1, Sí | 0, No | 99, Desconocido","Definido como una pérdida de agudeza visual, lo que resulta en una vista poco clara o distorsionada.","Indique 'sí', si el paciente ha experimentado otra anomalía neurológica que no figura anteriormente, entre las horas de las 00:00 a las 24:00 en el día de la evaluación.",0,0,0,0,0,0
diario,SÍNTOMAS: Indicar si se experimentaron entre las 00:00 y 24:00 del día de evaluación,sympt_eyelightsensi,Sensibilidad del ojo a la luz,"1, Sí | 0, No | 99, Desconocido","Definido como una intolerancia anormal a la luz, causando molestias o dolor en los ojos cuando se expone a la luz brillante.","Indique 'sí', si el paciente ha experimentado otra anomalía neurológica que no figura anteriormente, entre las horas de las 00:00 a las 24:00 en el día de la evaluación.",0,0,0,0,0,0
diario,SÍNTOMAS: Indicar si se experimentaron entre las 00:00 y 24:00 del día de evaluación,sympt_visdist,Alteración de la visión,"1, Sí | 0, No | 99, Desconocido",Se refiere a una interferencia en la visión normal sin que necesariamente afecte a la agudeza visual.,Indique «Sí» si el paciente ha experimentado esto entre las 00:00 y las 24:00 del día de la evaluación.,0,0,0,0,0,0
diario,SÍNTOMAS: Indicar si se experimentaron entre las 00:00 y 24:00 del día de evaluación,sympt_ocularoth,Si otro: especifique otra queja ocular,"1, Sí | 0, No | 99, Desconocido",Esto se refiere a otras quejas oculares no especificadas anteriormente.,"Si 'otro', escriba las quejas oculares.",0,0,0,0,0,0
diario,SÍNTOMAS: Indicar si se experimentaron entre las 00:00 y 24:00 del día de evaluación,sympt_ocularoth_spec,Especifique otros síntomas oftalmológicos,,"Se refiere a otros signos y síntomas relacionados con el ojo, no especificados anteriormente.","Si la respuesta es «Sí», especifique otros signos y síntomas oftalmológicos.",0,0,0,0,0,
diario,SÍNTOMAS: Indicar si se experimentaron entre las 00:00 y 24:00 del día de evaluación,sympt_ent,"Síntomas en oídos, nariz o garganta",,"Se refiere a signos y síntomas relacionados con el oído, la nariz y la garganta.",Indique «Sí» si el paciente ha experimentado esto entre las 00:00 y las 24:00 del día de la evaluación.,0,0,0,0,0,
diario,SÍNTOMAS: Indicar si se experimentaron entre las 00:00 y 24:00 del día de evaluación,sympt_earpain,Dolor de oídos,"1, Sí | 0, No | 99, Desconocido",Se refiere a una sensación dolorosa en el oído.,Indique «Sí» si el paciente ha experimentado esto entre las 00:00 y las 24:00 del día de la evaluación.,0,0,0,0,0,0
diario,SÍNTOMAS: Indicar si se experimentaron entre las 00:00 y 24:00 del día de evaluación,sympt_tinnitus,Tinnitus,"1, Sí | 0, No | 99, Desconocido",Se refiere a una percepción anómala de los sonidos que experimenta una persona en ausencia de estímulos auditivos.,Indique «Sí» si el paciente ha experimentado esto entre las 00:00 y las 24:00 del día de la evaluación.,0,0,0,0,0,0
diario,SÍNTOMAS: Indicar si se experimentaron entre las 00:00 y 24:00 del día de evaluación,sympt_parot,Parotiditis,"1, Sí | 0, No | 99, Desconocido",Se refiere a la inflamación de las glándulas parótidas.,Indique «Sí» si el paciente ha experimentado esto entre las 00:00 y las 24:00 horas del día de la evaluación.,0,0,0,0,0,0
diario,SÍNTOMAS: Indicar si se experimentaron entre las 00:00 y 24:00 del día de evaluación,sympt_paed,Síntomas específicos pediátricos,,,,0,0,0,,,
diario,SÍNTOMAS: Indicar si se experimentaron entre las 00:00 y 24:00 del día de evaluación,sympt_contcry,Llanto continuo,"1, sí | 0, No | 99, Desconocido","Se refiere al llanto inconsolable y excesivo de un recién nacido o un bebé, que suele definirse como un llanto que dura más de tres horas al día, al menos tres días a la semana, durante más de tres semanas.",Indique «Sí» si el paciente experimentó esto entre las 00:00 y las 24:00 horas del día de la evaluación.,0,0,0,0,0,0
diario,SÍNTOMAS: Indicar si se experimentaron entre las 00:00 y 24:00 del día de evaluación,sympt_feedingdiff,Dificultad para alimentarse,"1, sí | 0, No | 99, Desconocido","Definido como la capacidad deteriorada para comer relacionada con problemas para recoger los alimentos y prepararse para succionarlos, masticarlos o tragarlos.",Indique «Sí» si el paciente experimentó esto entre las 00:00 y las 24:00 horas del día de la evaluación.,0,0,0,0,0,0
diario,SÍNTOMAS: Indicar si se experimentaron entre las 00:00 y 24:00 del día de evaluación,sympt_otherdesc,Otros  síntomas,,,,0,0,0,,,
diario,SÍNTOMAS: Indicar si se experimentaron entre las 00:00 y 24:00 del día de evaluación,sympt_unlisted,Otros signos o síntomas,"1, Sí | 0, No | 99, Desconocido",Esto se refiere a la presencia de un signo alternativo o síntomas que no se enumeran anteriormente.,"Indique 'sí', si el paciente ha experimentado otro letrero o síntoma que no se enumera anteriormente entre las 00:00 a las 24:00 en el día de la evaluación.",0,0,0,0,0,0
diario,SIGNOS: Registrar los hallazgos clínicos identificados entre las 00:00 y las 24:00 del día de evaluación,sign_dailydata,¿Introducir datos de signos clínicos para esta fecha?,"1, Sí | 0, No",Se refiere a los signos registrados en esta fecha.,Indique «Sí» si desea registrar los datos de los signos para este día de evaluación.,0,0,0,0,0,0
diario,SIGNOS: Registrar los hallazgos clínicos identificados entre las 00:00 y las 24:00 del día de evaluación,sign_sys,Signos sistémicos/generales,,Se refiere a signos sistémicos/generales/no específicos.,Indique «Sí» si el paciente ha experimentado esto entre las 00:00 y las 24:00 del día de la evaluación.,0,0,0,0,0,
diario,SIGNOS: Registrar los hallazgos clínicos identificados entre las 00:00 y las 24:00 del día de evaluación,sign_hypotherm,Hipotermia,"1, Sí | 0, No | 99, Desconocido",Se refiere a una reducción anómala de la temperatura corporal debido a un fallo en la termorregulación.,Indique «Sí» si el paciente ha experimentado esto entre las 00:00 y las 24:00 del día de la evaluación.,0,0,0,0,0,0
diario,SIGNOS: Registrar los hallazgos clínicos identificados entre las 00:00 y las 24:00 del día de evaluación,sign_coldperiph,Extremidades frías/húmedas,"1, Sí | 0, No | 99, Desconocido","Se refiere a una piel fría y húmeda al tacto, a menudo asociada con insuficiencia circulatoria y síntomas como inquietud e hipotensión.",Indique «Sí» si el paciente ha experimentado esto entre las 00:00 y las 24:00 del día de la evaluación.,0,0,0,0,0,0
diario,SIGNOS: Registrar los hallazgos clínicos identificados entre las 00:00 y las 24:00 del día de evaluación,sign_dehyrdation,Deshidratación,"1, Sí | 0, No | 99, Desconocido",Se refiere a una pérdida excesiva de agua del cuerpo.,Indique «Sí» si el paciente ha experimentado esto entre las 00:00 y las 24:00 del día de la evaluación.,0,0,0,0,0,0
diario,SIGNOS: Registrar los hallazgos clínicos identificados entre las 00:00 y las 24:00 del día de evaluación,sign_dehyrdation_type,Estado de deshidratación,"1, leve | 2, Moderado| 3, severo",Esto se refiere a la pérdida excesiva de agua del cuerpo.,"Indique ""Sí"", si el paciente ha experimentado esto en algún momento desde el inicio de esta enfermedad hasta su presentación.",0,0,0,0,0,0
diario,SIGNOS: Registrar los hallazgos clínicos identificados entre las 00:00 y las 24:00 del día de evaluación,sign_oedema,Edema,"1, Sí | 0, No | 99, Desconocido",Se refiere a la acumulación de una cantidad excesiva de líquido en las células o los tejidos intercelulares.,Indique «Sí» si el paciente ha experimentado esto entre las 00:00 y las 24:00 del día de la evaluación.,0,0,0,0,0,0
diario,SIGNOS: Registrar los hallazgos clínicos identificados entre las 00:00 y las 24:00 del día de evaluación,sign_oedema_site,Localización del edema,"1, Pies | 2, Tobillos | 3, Piernas (por debajo de la rodilla) | 4, Piernas (por encima de la rodilla) | 5, Escroto/Labios | 6, Sacro | 7, Abdomen | 8, Cuello | 9, Cara | 99, Desconocido | 88, Otros",Se refiere a la ubicación del edema.,"Si la respuesta es «Sí», especifique la ubicación del edema. Seleccione todas las opciones que correspondan.",0,0,0,0,0,0
diario,SIGNOS: Registrar los hallazgos clínicos identificados entre las 00:00 y las 24:00 del día de evaluación,sign_oedema_site_oth,Especificar otras localizaciones del edema,,Se refiere a la ubicación del edema.,"Si la respuesta es «Otro», especifique la ubicación del edema.",0,0,0,0,0,
diario,SIGNOS: Registrar los hallazgos clínicos identificados entre las 00:00 y las 24:00 del día de evaluación,sign_lymph,Linfadenopatía,"1, Sí, doloroso | 2, Sí, no doloroso | 0, No | 99, Desconocido",Se define como un hallazgo clínico de agrandamiento anormal de los ganglios linfáticos.,Indique «Sí» si el paciente ha experimentado esto entre las 00:00 y las 24:00 horas del día de la evaluación.,0,0,0,0,0,0
diario,SIGNOS: Registrar los hallazgos clínicos identificados entre las 00:00 y las 24:00 del día de evaluación,sign_lymph_site,Especificar localización de la linfadenopatía,"1, Axilar (axilas) | 2, Cervical (cuello) | 3, Inguinal (ingle) | 99, Desconocido | 88, Otro",Se refiere a la ubicación en la que se identificó la linfadenopatía.,Seleccione la opción o opciones más adecuadas que correspondan a la ubicación de la linfadenopatía.,0,0,0,0,0,0
diario,SIGNOS: Registrar los hallazgos clínicos identificados entre las 00:00 y las 24:00 del día de evaluación,sign_lymph_site_oth,Especificar otras localizaciones de la linfadenopatía,,Se refiere a la ubicación en la que se identificó la linfadenopatía.,"Si es «Otro», escriba la ubicación en la que se identificó la linfadenopatía.",0,0,0,0,0,
diario,SIGNOS: Registrar los hallazgos clínicos identificados entre las 00:00 y las 24:00 del día de evaluación,sign_bruise,Hematomas,"1, Sí | 0, No | 99, Desconocido","Se refiere a la extravasación espontánea de sangre en el espacio subcutáneo, también conocida como equimosis espontánea.",Indique «Sí» si el paciente ha experimentado esto entre las 00:00 y las 24:00 del día de la evaluación.,0,0,0,0,0,0
diario,SIGNOS: Registrar los hallazgos clínicos identificados entre las 00:00 y las 24:00 del día de evaluación,sign_alopecia,Alopecia,"1, Sí | 0, No | 99, Desconocido",Se refiere a la ausencia de vello (pérdida de vello sin cicatrices) en áreas donde normalmente está presente.,Indique «Sí» si el paciente ha experimentado esto entre las 00:00 y las 24:00 del día de la evaluación.,0,0,0,0,0,0
diario,SIGNOS: Registrar los hallazgos clínicos identificados entre las 00:00 y las 24:00 del día de evaluación,sign_dryskin,Piel seca,"1, Sí | 0, No | 99, Desconocido","Se refiere a la piel caracterizada por la falta de humedad natural o normal como resultado de una hidrolipidación inadecuada en la piel, también llamada xerosis cutis.",Indique «Sí» si el paciente ha experimentado esto entre las 00:00 y las 24:00 del día de la evaluación.,0,0,0,0,0,0
diario,SIGNOS: Registrar los hallazgos clínicos identificados entre las 00:00 y las 24:00 del día de evaluación,sign_oralulcer,Úlceras bucales,"1, Sí | 0, No | 99, Desconocido","Se refiere a episodios recurrentes de ulceración de la mucosa oral (aftas orales recurrentes), que suelen presentarse como defectos mucosos dolorosos, bien delimitados y cubiertos de fibrina con un h",Indique «Sí» si el paciente ha experimentado esto entre las 00:00 y las 24:00 del día de la evaluación.,0,0,0,0,0,0
diario,SIGNOS: Registrar los hallazgos clínicos identificados entre las 00:00 y las 24:00 del día de evaluación,sign_presinj,Lesión por presión en la piel,"1, sí | 0, No | 99, Desconocido",,,0,0,0,,,0
diario,SIGNOS: Registrar los hallazgos clínicos identificados entre las 00:00 y las 24:00 del día de evaluación,sign_mastitis,Mastitis,"1, Sí | 0, No | 99, Desconocido","Se define como una inflamación de la mama, con o sin infección acompañante.",Indique «Sí» si el paciente experimentó esto en cualquier momento durante la fecha de la evaluación.,0,0,0,0,0,0
diario,SIGNOS: Registrar los hallazgos clínicos identificados entre las 00:00 y las 24:00 del día de evaluación,sign_bacsi,Superinfección bacteriana,"1, Sí | 0, No | 99, Desconocido",Se define como una infección bacteriana secundaria diagnosticada por un médico que se produce durante una herida o infección existente o inmediatamente después de una infección anterior.,Indique «Sí» si el paciente ha experimentado esto entre las 00:00 y las 24:00 horas del día de la evaluación.,0,0,0,0,0,0
diario,SIGNOS: Registrar los hallazgos clínicos identificados entre las 00:00 y las 24:00 del día de evaluación,sign_bacsi_spec,Especificar la superinfección bacteriana.,"7, Absceso en tejido profundo | 1, Foliculitis/celulitis | 2, Neumonía | 3, Gastroenteritis | 4, SNC | 5, Bacteriemia | 6, Tracto urinario | 88, Otros",Se refiere al tipo o la ubicación de la sobreinfección bacteriana.,Seleccione la opción o opciones más adecuadas que representen el tipo o la ubicación de la superinfección bacteriana.,0,0,0,0,0,0
diario,SIGNOS: Registrar los hallazgos clínicos identificados entre las 00:00 y las 24:00 del día de evaluación,sign_bacsi_oth,Especificar otras superinfecciones bacterianas,,"Se refiere a otros tipos o ubicaciones de la sobreinfección bacteriana, no especificados anteriormente.","Si selecciona «Otro», escriba el tipo o la ubicación de la superinfección bacteriana. ",0,0,0,0,0,
diario,SIGNOS: Registrar los hallazgos clínicos identificados entre las 00:00 y las 24:00 del día de evaluación,sign_resp,Signos respiratorios,,Se refiere a signos relacionados con el sistema respiratorio.,Indique «Sí» si el paciente ha experimentado esto entre las 00:00 y las 24:00 del día de la evaluación.,0,0,0,0,0,
diario,SIGNOS: Registrar los hallazgos clínicos identificados entre las 00:00 y las 24:00 del día de evaluación,sign_respdistress,Dificultad respiratoria,"1, Sí | 0, No | 99, Desconocido",Se refiere a un aumento patológico del esfuerzo y la frecuencia de los movimientos respiratorios.,Indique «Sí» si el paciente ha experimentado esto entre las 00:00 y las 24:00 del día de la evaluación.,0,0,0,0,0,0
diario,SIGNOS: Registrar los hallazgos clínicos identificados entre las 00:00 y las 24:00 del día de evaluación,sign_chestindrw,Retracción de la pared torácica inferior,"1, Sí | 0, No | 99, Desconocido","Se define como un signo clínico de dificultad respiratoria, que se distingue por el movimiento anormal hacia dentro de la pared torácica inferior durante la inspiración. Si solo se hunde el tejido blando entre las costillas o por encima de la clavícula cuando el paciente respira, no se trata de una retracción de la pared torácica inferior.",Indique «Sí» si el paciente ha experimentado esto entre las 00:00 y las 24:00 del día de la evaluación.,0,0,0,0,0,0
diario,SIGNOS: Registrar los hallazgos clínicos identificados entre las 00:00 y las 24:00 del día de evaluación,sign_tachypnoea,Respiración rápida (taquipnea),"1, Sí | 0, No | 99, Desconocido",Se define como un aumento anormal de la frecuencia respiratoria.,Indique «Sí» si el paciente ha experimentado esto entre las 00:00 y las 24:00 del día de la evaluación.,0,0,0,0,0,0
diario,SIGNOS: Registrar los hallazgos clínicos identificados entre las 00:00 y las 24:00 del día de evaluación,sign_apnoea,Apnea,"1, Sí | 0, No | 99, Desconocido",Se define como una ausencia transitoria de respiración espontánea.,Indique «Sí» si el paciente ha experimentado esto entre las 00:00 y las 24:00 del día de la evaluación.,0,0,0,0,0,0
diario,SIGNOS: Registrar los hallazgos clínicos identificados entre las 00:00 y las 24:00 del día de evaluación,sign_rhinitis,Rinitis,"1, Sí | 0, No | 99, Desconocido","Se define como la inflamación de la membrana mucosa que recubre la nariz, normalmente asociada a secreción nasal.",Indique «Sí» si el paciente ha experimentado esto entre las 00:00 y las 24:00 del día de la evaluación.,0,0,0,0,0,0
diario,SIGNOS: Registrar los hallazgos clínicos identificados entre las 00:00 y las 24:00 del día de evaluación,sign_phary,"Faringitis ","1, Sí | 0, No | 99, Desconocido",Se refiere a la presencia de inflamación de la garganta.,Indique «Sí» si el paciente ha experimentado esto entre las 00:00 y las 24:00 del día de la evaluación.,0,0,0,0,0,0
diario,SIGNOS: Registrar los hallazgos clínicos identificados entre las 00:00 y las 24:00 del día de evaluación,sign_pharery,Eritema faríngeo,"1, sí | 0, No | 99, Desconocido",,"Indique ""Sí"", si el paciente ha experimentado esto en algún momento desde el inicio de esta enfermedad hasta su presentación.",0,0,0,,0,0
diario,SIGNOS: Registrar los hallazgos clínicos identificados entre las 00:00 y las 24:00 del día de evaluación,sign_pharexu,Exudado faríngeo,"1, sí | 0, No | 99, Desconocido",,"Indique ""Sí"", si el paciente ha experimentado esto en algún momento desde el inicio de esta enfermedad hasta su presentación.",0,0,0,,0,0
diario,SIGNOS: Registrar los hallazgos clínicos identificados entre las 00:00 y las 24:00 del día de evaluación,sign_tonsil,Amigdalitis,"1, Sí | 0, No | 99, Desconocido",Se refiere a la presencia de inflamación de las amígdalas.,Indique «Sí» si el paciente ha experimentado esto entre las 00:00 y las 24:00 del día de la evaluación.,0,0,0,0,0,0
diario,SIGNOS: Registrar los hallazgos clínicos identificados entre las 00:00 y las 24:00 del día de evaluación,sign_plueeff,Derrame pleural,"1, Sí | 0, No | 99, Desconocido",Se refiere a la presencia de líquido en la cavidad pleural como resultado de una transudación o exudación excesiva de las superficies pleurales.,Indique «Sí» si el paciente ha experimentado esto entre las 00:00 y las 24:00 del día de la evaluación.,0,0,0,0,0,0
diario,SIGNOS: Registrar los hallazgos clínicos identificados entre las 00:00 y las 24:00 del día de evaluación,sign_cvs,Signos cardiovasculares,,Se refiere a signos relacionados con el sistema cardiovascular.,Indique «Sí» si el paciente ha experimentado esto entre las 00:00 y las 24:00 del día de la evaluación.,0,0,0,0,0,
diario,SIGNOS: Registrar los hallazgos clínicos identificados entre las 00:00 y las 24:00 del día de evaluación,sign_tachycardia,Latidos cardíacos rápidos/pulso (taquicardia),"1, Sí | 0, No | 99, Desconocido",Se refiere a una frecuencia cardíaca rápida que excede el rango de la frecuencia cardíaca en reposo normal para la edad.,Indique «Sí» si el paciente ha experimentado esto entre las 00:00 y las 24:00 del día de la evaluación.,0,0,0,0,0,0
diario,SIGNOS: Registrar los hallazgos clínicos identificados entre las 00:00 y las 24:00 del día de evaluación,sign_arrhythmia,Arritmia cardíaca,"1, Sí | 0, No | 99, Desconocido","Se refiere a una anomalía en el ritmo de los latidos del corazón, incluyendo la frecuencia, la regularidad y/o la secuencia de anomalías en la activación.",Indique «Sí» si el paciente ha experimentado esto entre las 00:00 y las 24:00 del día de la evaluación.,0,0,0,0,0,0
diario,SIGNOS: Registrar los hallazgos clínicos identificados entre las 00:00 y las 24:00 del día de evaluación,sign_cyan,Cianosis periférica,"1, Sí | 0, No | 99, Desconocido",,,0,0,0,,,0
diario,SIGNOS: Registrar los hallazgos clínicos identificados entre las 00:00 y las 24:00 del día de evaluación,sign_git,Signos gastrointestinales,,Se refiere a signos relacionados con el sistema gastrointestinal.,Indique «Sí» si el paciente ha experimentado esto entre las 00:00 y las 24:00 del día de la evaluación.,0,0,0,0,0,
diario,SIGNOS: Registrar los hallazgos clínicos identificados entre las 00:00 y las 24:00 del día de evaluación,sign_ascites,Ascitis,"1, Sí | 0, No | 99, Desconocido",Se define como una acumulación o retención excesiva de líquido libre dentro de la cavidad peritoneal.,Indique «Sí» si el paciente ha experimentado esto entre las 00:00 y las 24:00 del día de la evaluación.,0,0,0,0,0,0
diario,SIGNOS: Registrar los hallazgos clínicos identificados entre las 00:00 y las 24:00 del día de evaluación,sign_hepatomegally,Hepatomegalia,"1, Sí | 0, No | 99, Desconocido",Se define como un agrandamiento patológico del hígado.,Indique «Sí» si el paciente ha experimentado esto entre las 00:00 y las 24:00 del día de la evaluación.,0,0,0,0,0,0
diario,SIGNOS: Registrar los hallazgos clínicos identificados entre las 00:00 y las 24:00 del día de evaluación,sign_splenomegaly,Bazo/esplenomegalia palpable,"1, sí | 0, No | 99, Desconocido",,"Indique ""Sí"", si el paciente ha experimentado esto en algún momento desde el inicio de esta enfermedad hasta su presentación.",0,0,0,,0,0
diario,SIGNOS: Registrar los hallazgos clínicos identificados entre las 00:00 y las 24:00 del día de evaluación,sign_tenabd,abdomen tierno,"1, sí | 0, No | 99, Desconocido",,"Indique ""Sí"", si el paciente ha experimentado esto en algún momento desde el inicio de esta enfermedad hasta su presentación.",0,0,0,,0,0
diario,SIGNOS: Registrar los hallazgos clínicos identificados entre las 00:00 y las 24:00 del día de evaluación,sign_jaund,Ictericia,"1, Sí | 0, No | 99, Desconocido","Se define como una manifestación clínica de hiperbilirrubinemia, caracterizada por una coloración amarillenta de la piel, las membranas mucosas y/o la esclerótica.",Indique «Sí» si el paciente ha experimentado esto entre las 00:00 y las 24:00 del día de la evaluación.,0,0,0,0,0,0
diario,SIGNOS: Registrar los hallazgos clínicos identificados entre las 00:00 y las 24:00 del día de evaluación,sign_melaena,Melaena (sangre en las heces),"1, Sí | 0, No | 99, Desconocido","Se refiere a heces anormalmente oscuras y alquitranadas que contienen sangre, generalmente procedente de una hemorragia gastrointestinal.",Indique «Sí» si el paciente ha experimentado esto entre las 00:00 y las 24:00 del día de la evaluación.,0,0,0,0,0,0
diario,SIGNOS: Registrar los hallazgos clínicos identificados entre las 00:00 y las 24:00 del día de evaluación,sign_haematochezia,Hematochezia (sangre fresca en las heces),"1, Sí | 0, No | 99, Desconocido",Se refiere a la presencia de sangre en las heces. Es el resultado de una hemorragia gastrointestinal y puede verse fácilmente en las heces o identificarse microscópicamente.,Indique «Sí» si el paciente ha experimentado esto entre las 00:00 y las 24:00 del día de la evaluación.,0,0,0,0,0,0
diario,SIGNOS: Registrar los hallazgos clínicos identificados entre las 00:00 y las 24:00 del día de evaluación,sign_rectalbleed,Sangrado rectal,"1, Sí | 0, No | 99, Desconocido",Se refiere al sangrado que se origina en la pared rectal y se expulsa por el ano.,Indique «Sí» si el paciente ha experimentado esto entre las 00:00 y las 24:00 del día de la evaluación.,0,0,0,0,0,0
diario,SIGNOS: Registrar los hallazgos clínicos identificados entre las 00:00 y las 24:00 del día de evaluación,sign_feeding,Alimentación,"1, capaz | 0, incapaz | 2, orden NBM",,,0,0,0,,,0
diario,SIGNOS: Registrar los hallazgos clínicos identificados entre las 00:00 y las 24:00 del día de evaluación,sign_feeding_route,"Si puede alimentarse, especifique la ruta:","1, orales | 2, tubo de alimentación | 3, lactancia materna",,,0,0,0,,,0
diario,SIGNOS: Registrar los hallazgos clínicos identificados entre las 00:00 y las 24:00 del día de evaluación,sign_lowurine,Disminución de la diuresis,"1, Sí | 0, No | 99, Desconocido",Se refiere a un hallazgo que indica que la producción de orina es inferior a 500 mililitros durante un período de 24 horas.,Indique «Sí» si el paciente ha experimentado esto entre las 00:00 y las 24:00 del día de la evaluación.,0,0,0,0,0,0
diario,SIGNOS: Registrar los hallazgos clínicos identificados entre las 00:00 y las 24:00 del día de evaluación,sign_heme,Signos hematológicos,,Se refiere a signos relacionados con el sistema hematológico.,Indique «Sí» si el paciente ha experimentado esto entre las 00:00 y las 24:00 del día de la evaluación.,0,0,0,0,0,
diario,SIGNOS: Registrar los hallazgos clínicos identificados entre las 00:00 y las 24:00 del día de evaluación,sign_anaemia,Anemia,"1, Sí | 0, No | 99, Desconocido","Se refiere a una reducción en el número de glóbulos rojos, la cantidad de hemoglobina y/o el volumen de glóbulos rojos concentrados. Las manifestaciones comunes incluyen palidez, fatiga, mareos, dificultad para respirar y taquicardia.",Indique «Sí» si el paciente ha experimentado esto entre las 00:00 y las 24:00 del día de la evaluación.,0,0,0,0,0,0
diario,SIGNOS: Registrar los hallazgos clínicos identificados entre las 00:00 y las 24:00 del día de evaluación,sign_cns,Signos neurológicos,,Se refiere a signos relacionados con el sistema neurológico.,Indique «Sí» si el paciente ha experimentado esto entre las 00:00 y las 24:00 del día de la evaluación.,0,0,0,0,0,
diario,SIGNOS: Registrar los hallazgos clínicos identificados entre las 00:00 y las 24:00 del día de evaluación,sign_neckstiff,Rigidez en el cuello,"1, Sí | 0, No | 99, Desconocido","Se define como una sensación de tensión en el cuello al intentar moverlo, especialmente después de un período de inactividad. La rigidez del cuello suele implicar dolor y dificultad para mover el cuello, especialmente al intentar girar la cabeza hacia un lado.",Indique «Sí» si el paciente ha experimentado esto entre las 00:00 y las 24:00 del día de la evaluación.,0,0,0,0,0,0
diario,SIGNOS: Registrar los hallazgos clínicos identificados entre las 00:00 y las 24:00 del día de evaluación,sign_retroorbit,Dolor retroorbitario,"1, Sí | 0, No | 99, Desconocido",Se define como la experiencia de dolor en la región retroorbital (detrás de los ojos).,Indique «Sí» si el paciente ha experimentado esto entre las 00:00 y las 24:00 del día de la evaluación.,0,0,0,0,0,0
diario,SIGNOS: Registrar los hallazgos clínicos identificados entre las 00:00 y las 24:00 del día de evaluación,sign_hemiplegia,Hemiplejía,"1, Sí | 0, No | 99, Desconocido","Se refiere a la pérdida grave o completa de la función motora en un lado del cuerpo, a menudo causada por enfermedades cerebrales localizadas en el hemisferio cerebral opuesto al lado de la debilidad; con menos frecuencia, lesiones del tronco encefálico, enfermedades de la médula espinal cervical, enfermedades del sistema nervioso periférico y otras afecciones pueden manifestarse como hemiplejía. ",Indique «Sí» si el paciente ha experimentado esto entre las 00:00 y las 24:00 del día de la evaluación.,0,0,0,0,0,0
diario,SIGNOS: Registrar los hallazgos clínicos identificados entre las 00:00 y las 24:00 del día de evaluación,sign_cogimpair,Deterioro cognitivo,"1, Sí | 0, No | 99, Desconocido",Se refiere a la disminución o alteración de la función mental y/o intelectual.,Indique «Sí» si el paciente ha experimentado esto entre las 00:00 y las 24:00 del día de la evaluación.,0,0,0,0,0,0
diario,SIGNOS: Registrar los hallazgos clínicos identificados entre las 00:00 y las 24:00 del día de evaluación,sign_neurodist,Alteración psicológica,"1, Sí | 0, No | 99, Desconocido","Se refiere a la presencia de signos o síntomas que afectan los pensamientos, las emociones, los comportamientos o el bienestar mental de una persona. La presencia de trastornos psicológicos debe identificarse mediante un examen del estado mental (MSE) o una herramienta equivalente.",Indique «Sí» si el paciente ha experimentado esto entre las 00:00 y las 24:00 del día de la evaluación.,0,0,0,0,0,0
diario,SIGNOS: Registrar los hallazgos clínicos identificados entre las 00:00 y las 24:00 del día de evaluación,sign_speechdist,Alteración del habla,"1, Sí | 0, No | 99, Desconocido","Se refiere a las dificultades en el habla y la comunicación que pueden derivarse de patologías cerebrales. ",Indique «Sí» si el paciente ha experimentado esto entre las 00:00 y las 24:00 del día de la evaluación.,0,0,0,0,0,0
diario,SIGNOS: Registrar los hallazgos clínicos identificados entre las 00:00 y las 24:00 del día de evaluación,sign_agitation,Agitación,"1, Sí | 0, No | 99, Desconocido",Se refiere a un estado de actividad motora excesiva asociado con angustia mental o una sensación de malestar sustancial o tensión interna. Se distingue de la inquietud por el mayor nivel de angustia emocional y la intensidad negativa de la experiencia. La agitación conlleva un nivel significativo de actividad física que suele ser una amenaza para uno mismo o para los demás.,,0,0,0,0,,0
diario,SIGNOS: Registrar los hallazgos clínicos identificados entre las 00:00 y las 24:00 del día de evaluación,sign_cerebesig,Signos cerebelosos,"1, Sí | 0, No | 99, Desconocido","Se refiere a la presencia de un conjunto de signos neurológicos que suelen indicar una disfunción cerebelosa. Los signos incluyen disdiadococinesia, dismetría, ataxia, nistagmo, temblor intencional, habla arrastrada o escaneada e hipotonía.",Indique «Sí» si el paciente ha experimentado esto entre las 00:00 y las 24:00 del día de la evaluación.,0,0,0,0,0,0
diario,SIGNOS: Registrar los hallazgos clínicos identificados entre las 00:00 y las 24:00 del día de evaluación,sign_neurologic,Otra anomalía neurológica,"1, Sí | 0, No | 99, Desconocido",Se refiere a la presencia de una anomalía neurológica alternativa no incluida en la lista anterior.,Indique «Sí» si el paciente ha experimentado esto entre las 00:00 y las 24:00 del día de la evaluación.,0,0,0,0,0,0
diario,SIGNOS: Registrar los hallazgos clínicos identificados entre las 00:00 y las 24:00 del día de evaluación,sign_neurologic_spec,Especificar otra anomalía neurológica,,Se refiere a la presencia de otra anomalía neurológica no incluida en la lista anterior.,"Si es «Otra», especifique la anomalía neurológica.",0,0,0,0,0,
diario,SIGNOS: Registrar los hallazgos clínicos identificados entre las 00:00 y las 24:00 del día de evaluación,sign_eye,Signos oftalmológicos,,Se refiere a signos relacionados con los ojos.,Indique «Sí» si el paciente ha experimentado esto entre las 00:00 y las 24:00 del día de la evaluación.,0,0,0,0,0,
diario,SIGNOS: Registrar los hallazgos clínicos identificados entre las 00:00 y las 24:00 del día de evaluación,sign_conjunhemor,Hemorragia conjuntival,"1, Sí | 0, No | 99, Desconocido","Se define como la acumulación de sangre debajo de la conjuntiva, que se presenta como una mancha roja brillante u oscura en el ojo.",Indique «Sí» si el paciente ha experimentado esto entre las 00:00 y las 24:00 del día de la evaluación.,0,0,0,0,0,0
diario,SIGNOS: Registrar los hallazgos clínicos identificados entre las 00:00 y las 24:00 del día de evaluación,sign_conjunctiv,Conjuntivitis,"1, Sí | 0, No | 99, Desconocido",Se define como la inflamación de la conjuntiva.,Indique «Sí» si el paciente ha experimentado esto entre las 00:00 y las 24:00 del día de la evaluación.,0,0,0,0,0,0
diario,SIGNOS: Registrar los hallazgos clínicos identificados entre las 00:00 y las 24:00 del día de evaluación,sign_keratitis,Queratitis,"1, Sí | 0, No | 99, Desconocido",Se refiere a la inflamación de la córnea del ojo.,Indique «Sí» si el paciente ha experimentado esto entre las 00:00 y las 24:00 del día de la evaluación.,0,0,0,0,0,0
diario,SIGNOS: Registrar los hallazgos clínicos identificados entre las 00:00 y las 24:00 del día de evaluación,sign_newvision,Nueva reducción de la agudeza visual,"1, Sí | 0, No | 99, Desconocido",Se define como la disminución de la claridad o nitidez de la visión.,Indique «Sí» si el paciente ha experimentado esto entre las 00:00 y las 24:00 del día de la evaluación.,0,0,0,0,0,0
diario,SIGNOS: Registrar los hallazgos clínicos identificados entre las 00:00 y las 24:00 del día de evaluación,sign_sunkeyes,ojos hundidos,"1, sí | 0, No | 99, Desconocido",,"Indique ""Sí"", si el paciente ha experimentado esto en algún momento desde el inicio de esta enfermedad hasta su presentación.",0,0,0,,0,0
diario,SIGNOS: Registrar los hallazgos clínicos identificados entre las 00:00 y las 24:00 del día de evaluación,sign_ocularoth,Otros signos oftalmológicos,"1, Sí | 0, No | 99, Desconocido","Se refiere a otros signos relacionados con los ojos, no especificados anteriormente.",Indique «Sí» si el paciente ha experimentado esto entre las 00:00 y las 24:00 del día de la evaluación.,0,0,0,0,0,0
diario,SIGNOS: Registrar los hallazgos clínicos identificados entre las 00:00 y las 24:00 del día de evaluación,sign_ocularoth_spec,Especificar otros signos oftalmológicos,,"Se refiere a otros signos relacionados con los ojos, no especificados anteriormente.","Si «Sí», especifique otros signos oftalmológicos ",0,0,0,0,0,
diario,SIGNOS: Registrar los hallazgos clínicos identificados entre las 00:00 y las 24:00 del día de evaluación,sign_paed,Signos específicos pediátricos,,,,0,0,0,,,
diario,SIGNOS: Registrar los hallazgos clínicos identificados entre las 00:00 y las 24:00 del día de evaluación,sign_nasalflar,Apertura de las fosas nasales,"1, sí | 0, No | 99, Desconocido","Se define como un ensanchamiento de las fosas nasales durante la respiración; aunque hay muchas causas posibles, puede ser un signo de dificultad respiratoria en los lactantes.",Indique «Sí» si el paciente experimentó esto entre las 00:00 y las 24:00 horas del día de la evaluación.,0,0,0,0,0,0
diario,SIGNOS: Registrar los hallazgos clínicos identificados entre las 00:00 y las 24:00 del día de evaluación,sign_grunt,Gruñidos,"1, sí | 0, No | 99, Desconocido",Se define como un sonido respiratorio ruidoso que se produce cuando una persona exhala y es un signo de dificultad respiratoria.,Indique «Sí» si el paciente experimentó esto entre las 00:00 y las 24:00 horas del día de la evaluación.,0,0,0,0,0,0
diario,SIGNOS: Registrar los hallazgos clínicos identificados entre las 00:00 y las 24:00 del día de evaluación,sign_ftt,Retraso del crecimiento,"1, sí | 0, No | 99, Desconocido","Se refiere al aumento de peso inferior al normal en un lactante o niño, que puede incluir un crecimiento lineal y del cráneo deficiente.",Indique «Sí» si el paciente experimentó esto en cualquier momento durante la fecha de la evaluación.,0,0,0,0,0,0
diario,SIGNOS: Registrar los hallazgos clínicos identificados entre las 00:00 y las 24:00 del día de evaluación,sign_hypotonia,Disminución del tono/hipotonía,"1, sí | 0, No | 99, Desconocido",Se refiere a la hipotonía muscular generalizada (tono muscular anormalmente bajo).,Indique «Sí» si el paciente experimentó esto entre las 00:00 y las 24:00 horas del día de la evaluación.,0,0,0,0,0,0
diario,SIGNOS: Registrar los hallazgos clínicos identificados entre las 00:00 y las 24:00 del día de evaluación,sign_bulgefont,Fontanela abultada,"1, sí | 0, No | 99, Desconocido",Se refiere a las áreas membranosas entre los huesos craneales de un recién nacido que parecen elevadas o llenas.,Indique «Sí» si el paciente experimentó esto entre las 00:00 y las 24:00 horas del día de la evaluación.,0,0,0,0,0,0
diario,SIGNOS: Registrar los hallazgos clínicos identificados entre las 00:00 y las 24:00 del día de evaluación,sign_otherdesc,Otros  signos,,,,0,0,0,,,
diario,SIGNOS: Registrar los hallazgos clínicos identificados entre las 00:00 y las 24:00 del día de evaluación,sign_unlisted,Otros signos,"1, Sí | 0, No | 99, Desconocido",Se refiere a la presencia de uno o varios signos o síntomas alternativos no enumerados anteriormente.,Indique «Sí» si el paciente ha experimentado otro signo o síntoma no incluido en la lista anterior entre las 00:00 y las 24:00 del día de la evaluación.,0,0,0,0,0,0
diario,EVALUACIÓN DE PIEL Y MUCOSAS: Registrar la información más alterada entre las 00:00 y 24:00 del día de evaluación,lesion_dailydata,¿Introducir datos de evaluación de la piel y las mucosas para esta fecha?,"1, Sí | 0, No","Las siguientes preguntas se refieren a la inspección clínica de las lesiones cutáneas. Los datos registrados en esta sección deben detallar las afecciones presentes en la fecha de la evaluación. Esta sección debe completarse en la fecha de ingreso y en cualquier día posterior, según el protocolo local.",Indique «Sí» para introducir información relativa a la inspección clínica de las lesiones cutáneas en el día de la evaluación.,0,0,0,0,0,0
diario,EVALUACIÓN DE PIEL Y MUCOSAS: Registrar la información más alterada entre las 00:00 y 24:00 del día de evaluación,lesion_dist,Distribución de erupción,"1, Generalizada | 2, Localizada alrededor de los genitales | 3, Centrífuga, más en las extremidades | 4, Centrífuga, más en el tronco | 88, Otra distribución | 99, Distribución desconocida","Se refiere al patrón de distribución de la erupción cutánea. La erupción generalizada se refiere a una erupción extensa que cubre toda la superficie de la piel. La erupción centrífuga se concentra en las extremidades distales, con menos lesiones en el tronco. La erupción centrípetas se concentra en el tronco, con menos lesiones en las extremidades. Localizada alrededor de los genitales se refiere a una erupción concentrada alrededor de la piel de los genitales.","Seleccione el patrón de distribución más adecuado de la erupción cutánea en el día de la evaluación. ",0,0,0,0,0,0
diario,EVALUACIÓN DE PIEL Y MUCOSAS: Registrar la información más alterada entre las 00:00 y 24:00 del día de evaluación,lesion_distoth,Especificar otra distribución de erupción,,"Se refiere al patrón de distribución de la erupción cutánea. ","Si «Otro», escriba el patrón de distribución de la erupción cutánea el día de la evaluación.",0,0,0,0,0,
diario,EVALUACIÓN DE PIEL Y MUCOSAS: Registrar la información más alterada entre las 00:00 y 24:00 del día de evaluación,lesion_morph,Morfología de la erupción,"1, Lesiones mayoritariamente discretas | 2, Lesiones semiconfluentes | 3, Lesiones confluentes | 4, Morfología mixta | 99, Desconocida",Esto se refiere a la morfología predominante de la erupción cutánea. Las lesiones discretas se refieren a lesiones separadas y distintas que no se unen entre sí. Las lesiones confluentes se refieren a lesiones que se unen o se ejecutan juntas.,Seleccione la morfología más adecuada de la erupción cutánea el día de la evaluación.,0,0,0,0,0,0
diario,EVALUACIÓN DE PIEL Y MUCOSAS: Registrar la información más alterada entre las 00:00 y 24:00 del día de evaluación,lesion_morphsize,Tamaño de erupción (piel) - Diámetro más ancho de cualquier lesión,"1, Menos de 0,5 cm | 2, 0,5-0,99 cm | 3, 1-1,99 cm | 4, 2+ cm","Esto se refiere al tamaño de la erupción cutánea, registrada como el diámetro más amplio de cualquier lesión en centímetros (cm).",Indique el diámetro más amplio de cualquier lesión de la piel medida en centímetros (cm) el día de la evaluación.,0,0,0,0,0,0
diario,EVALUACIÓN DE PIEL Y MUCOSAS: Registrar la información más alterada entre las 00:00 y 24:00 del día de evaluación,lesion_skinles,Estado de lesión de piel actual,"1, Hay lesiones cutáneas activas | 2, Hay lesiones cutáneas y ninguna de ellas está activa (lesiones en proceso de curación y resolución, incluidas las lesiones con costras) | 3, Todas las lesiones cutáneas se han resuelto completamente (todas las costras se han caído y la piel está intacta) | 4, No se han desarrollado lesiones cutáneas hasta la fecha","Se refiere al estado de las lesiones cutáneas. Las lesiones cutáneas activas se refieren a máculas (lesiones planas), pápulas (lesiones elevadas), vesículas (elevadas y llenas de líquido claro) o pústulas (elevadas y llenas de pus, un líquido opaco) que pueden desarrollar una depresión en el centro (umbilicación) o ulcerarse. Las lesiones cutáneas no activas son aquellas que han comenzado a formar costras (secarse), en proceso de curación y resolución, para formar costras (formadas por suero seco, sangre o pus). Las lesiones cutáneas completamente resueltas son aquellas en las que todas las costras se han caído, dejando intacta la piel subyacente. ","Indique el estado dermatológico más adecuado de las lesiones cutáneas el día de la evaluación. ",0,0,0,0,0,0
diario,EVALUACIÓN DE PIEL Y MUCOSAS: Registrar la información más alterada entre las 00:00 y 24:00 del día de evaluación,lesion_res,¿Existe evidencia residual de lesiones cutáneas resueltas (cicatriz/decoloración)?,"1, Sí | 0, No | 99, Desconocido","Esto se refiere a la presencia de secuelas secundarias a las lesiones de resolución o resolución de la piel, es decir, lesiones que ya no son activas (incluidas las lesiones y lesiones con la costra donde todas las costras se han caído con la piel intacta). Esto puede incluir cicatrices o decoloración.","Indique 'sí', si hay evidencia residual de lesiones cutáneas resueltas el día de la evaluación.",0,0,0,0,0,0
diario,EVALUACIÓN DE PIEL Y MUCOSAS: Registrar la información más alterada entre las 00:00 y 24:00 del día de evaluación,lesion_mucos,Estado de la lesión mucosa actual,"1, Hay lesiones mucosas | 2, Hay antecedentes de lesiones mucosas, pero ninguna en la actualidad (todas se han resuelto y la mucosa está curada) | 3, No se han desarrollado lesiones mucosas hasta la fecha","Esto se refiere a la presencia de participación de la membrana mucosa. Incluye el revestimiento del tracto digestivo, el tracto respiratorio y el tracto genitourinario.",Seleccione la opción más apropiada que represente el alcance de la participación de la mucosa entre las 00:00 a las 24:00 en el día de la evaluación.,0,0,0,0,0,0
diario,EVALUACIÓN DE PIEL Y MUCOSAS: Registrar la información más alterada entre las 00:00 y 24:00 del día de evaluación,lesion_orophar,Si hay lesiones mucosas: síntomas persistentes o signos de lesiones orofaríngeas de la mucosa,"1, Sí | 0, No | 99, Desconocido","Esto se refiere a la presencia de afectación de la membrana mucosa en la cavidad orofaríngea, como lo demuestra las lesiones mucosas activas, el eritema, los cambios inflamatorios. Los síntomas pueden incluir dolor de garganta, ulceraciones dolorosas, tragación dolorosa o difícil.","Indique 'sí', si el paciente tenía síntomas de lesiones orofaríngeas de la mucosa entre las 00:00 a las 24:00 en el día de la evaluación.",0,0,0,0,0,0
diario,EVALUACIÓN DE PIEL Y MUCOSAS: Registrar la información más alterada entre las 00:00 y 24:00 del día de evaluación,lesion_oropharles,En caso afirmativo: lesión ulcerada de oromaríngea (activo),"1, Sí | 0, No | 99, Desconocido",Esto se refiere a lesiones mucosas ulceradas activas en el área entre el paladar blando y la parte superior de la epiglotis.,"Indique 'sí', si hay lesiones activas que involucran esta área entre las 00:00 a las 24:00 el día de la evaluación.",0,0,0,0,0,0
diario,EVALUACIÓN DE PIEL Y MUCOSAS: Registrar la información más alterada entre las 00:00 y 24:00 del día de evaluación,lesion_head,"¿Hay alguna lesión en la cabeza, la cara o el cuello?","1, Sí | 0, No | 99, Desconocido","Esto se refiere a la presencia de lesiones cutáneas que involucran la cabeza, la cara o el cuello.","Indique 'sí', si hay lesiones activas que involucran esta área entre las 00:00 a las 24:00 el día de la evaluación.",0,0,0,0,0,0
diario,EVALUACIÓN DE PIEL Y MUCOSAS: Registrar la información más alterada entre las 00:00 y 24:00 del día de evaluación,lesion_head_type,"Tipo de lesiones en la cabeza, la cara o el cuello","1, Vesícula | 2, Pústula | 3, Lesiones ulceradas | 4, Lesiones necrotizantes | 5, Lesiones fungiformes | 6, Lesiones hemorrágicas | 88, Otras","Se refiere al tipo de lesiones cutáneas que afectan a la cabeza, la cara o el cuello. Vesícula: lesión elevada y llena de líquido transparente. Pústula: lesión elevada y llena de pus, un líquido opaco. Lesión ulcerada: lesión con rotura de la piel. Lesión necrotizante: lesión con tejido necrótico (muerto). Lesión fungiforme: lesión de los tejidos subyacentes que atraviesa la superficie de la piel. ","Seleccione la opción más adecuada que represente el tipo de lesiones que afectan a esta zona, entre las 00:00 y las 24:00 horas del día de la evaluación.",0,0,0,0,0,0
diario,EVALUACIÓN DE PIEL Y MUCOSAS: Registrar la información más alterada entre las 00:00 y 24:00 del día de evaluación,lesion_head_type_oth,"Especifique otro tipo de lesiones en la cabeza, la cara o el cuello",,"Se refiere al tipo de lesiones cutáneas que afectan a la cabeza, la cara o el cuello.","Si «Otros», escriba el tipo de lesiones que afectan a esta zona, entre las 00:00 y las 24:00 horas del día de la evaluación.",0,0,0,0,0,
diario,EVALUACIÓN DE PIEL Y MUCOSAS: Registrar la información más alterada entre las 00:00 y 24:00 del día de evaluación,lesion_head_num,"Número de lesiones en la cabeza, la cara o el cuello",,"Se refiere al número de lesiones cutáneas que afectan a la cabeza, la cara o el cuello.","Escriba el número de lesiones que afectan a esta zona, entre las 00:00 y las 24:00 horas del día de la evaluación.",0,0,0,0,0,
diario,EVALUACIÓN DE PIEL Y MUCOSAS: Registrar la información más alterada entre las 00:00 y 24:00 del día de evaluación,lesion_ocular,¿Hay lesiones oculares dentro de la órbita?,"1, Sí | 0, No | 99, Desconocido","Se refiere a la presencia de lesiones oculares. ","Indique 'sí', si hay lesiones activas que involucran esta área entre las 00:00 a las 24:00 el día de la evaluación.",0,0,0,0,0,0
diario,EVALUACIÓN DE PIEL Y MUCOSAS: Registrar la información más alterada entre las 00:00 y 24:00 del día de evaluación,lesion_ocular_type,Tipo de lesiones oculares,"1, Vesícula | 2, Pústula | 3, Lesiones ulceradas | 4, Lesiones necrotizantes | 5, Lesiones fungiformes | 6, Lesiones hemorrágicas | 88, Otras","Se refiere al tipo de lesión ocular. Una vesícula es una lesión elevada y llena de líquido transparente. Una pústula es una lesión elevada y llena de pus, un líquido opaco. Una lesión ulcerada es una lesión con rotura de la piel. Una lesión necrotizante es una lesión con tejido necrótico (muerto). Una lesión fungiforme es una lesión de los tejidos subyacentes que está rompiendo la superficie de la piel.","Seleccione la opción más adecuada que represente el tipo de lesiones que afectan a esta zona, entre las 00:00 y las 24:00 horas del día de la evaluación.",0,0,0,0,0,0
diario,EVALUACIÓN DE PIEL Y MUCOSAS: Registrar la información más alterada entre las 00:00 y 24:00 del día de evaluación,lesion_ocular_type_oth,Especifique otro tipo de lesiones oculares,,"Se refiere al tipo de lesión ocular. ","Si «Otros», escriba el tipo de lesiones que afectan a esta zona, entre las 00:00 y las 24:00 horas del día de la evaluación.",0,0,0,0,0,
diario,EVALUACIÓN DE PIEL Y MUCOSAS: Registrar la información más alterada entre las 00:00 y 24:00 del día de evaluación,lesion_ocular_num,Número de lesiones oculares,,Se refiere al número de lesiones oculares.,"Escriba el número de lesiones que afectan a esta zona, entre las 00:00 y las 24:00 horas del día de la evaluación.",0,0,0,0,0,
diario,EVALUACIÓN DE PIEL Y MUCOSAS: Registrar la información más alterada entre las 00:00 y 24:00 del día de evaluación,lesion_torso,¿Hay lesiones en el torso / tronco?,"1, Sí | 0, No | 99, Desconocido",Esto se refiere a la presencia de lesiones cutáneas que involucran el torso / tronco.,"Indique 'sí', si hay lesiones activas que involucran esta área entre las 00:00 a las 24:00 el día de la evaluación.",0,0,0,0,0,0
diario,EVALUACIÓN DE PIEL Y MUCOSAS: Registrar la información más alterada entre las 00:00 y 24:00 del día de evaluación,lesion_torso_type,Tipo de lesiones en el torso/tronco,"1, Vesícula | 2, Pústula | 3, Lesiones ulceradas | 4, Lesiones necrotizantes | 5, Lesiones fungiformes | 6, Lesiones hemorrágicas | 88, Otras","Se refiere al tipo de lesiones cutáneas que afectan al torso/tronco. La vesícula es una lesión elevada y llena de líquido transparente. La pústula es una lesión elevada y llena de pus, un líquido opaco. La lesión ulcerada es una lesión con rotura de la piel. La lesión necrotizante es una lesión con tejido necrótico (muerto). Lesión fungiforme se refiere a una lesión de los tejidos subyacentes que atraviesa la superficie de la piel.","Seleccione la opción más adecuada que represente el tipo de lesiones que afectan a esta zona, entre las 00:00 y las 24:00 horas del día de la evaluación.",0,0,0,0,0,0
diario,EVALUACIÓN DE PIEL Y MUCOSAS: Registrar la información más alterada entre las 00:00 y 24:00 del día de evaluación,lesion_torso_type_oth,Especifique otro tipo de lesiones en el torso/tronco,,Se refiere al tipo de lesiones cutáneas que afectan al torso/tronco.,"Si «Otros», escriba el tipo de lesiones que afectan a esta zona, entre las 00:00 y las 24:00 horas del día de la evaluación.",0,0,0,0,0,
diario,EVALUACIÓN DE PIEL Y MUCOSAS: Registrar la información más alterada entre las 00:00 y 24:00 del día de evaluación,lesion_torso_num,Número de lesiones en el torso/tronco,,Se refiere al número de lesiones cutáneas que afectan al torso/tronco.,"Escriba el número de lesiones que afectan a esta zona, entre las 00:00 y las 24:00 horas del día de la evaluación.",0,0,0,0,0,
diario,EVALUACIÓN DE PIEL Y MUCOSAS: Registrar la información más alterada entre las 00:00 y 24:00 del día de evaluación,lesion_arms,¿Hay alguna lesión en los brazos y/o las manos?,"1, Sí | 0, No | 99, Desconocido",Esto se refiere a la presencia de lesiones cutáneas que involucran los brazos y/o manos.,"Indique 'sí', si hay lesiones activas que involucran esta área entre las 00:00 a las 24:00 el día de la evaluación.",0,0,0,0,0,0
diario,EVALUACIÓN DE PIEL Y MUCOSAS: Registrar la información más alterada entre las 00:00 y 24:00 del día de evaluación,lesion_arms_type,Tipo de lesiones en los brazos/manos,"1, Vesícula | 2, Pústula | 3, Lesiones ulceradas | 4, Lesiones necrotizantes | 5, Lesiones fungiformes | 6, Lesiones hemorrágicas | 88, Otras","Se refiere al tipo de lesiones cutáneas que afectan a los brazos y/o las manos. Una vesícula es una lesión elevada y llena de líquido transparente. Una pústula es una lesión elevada y llena de pus, un líquido opaco. Una lesión ulcerada es una lesión con rotura de la piel. Una lesión necrotizante es una lesión con tejido necrótico (muerto). Una lesión fungiforme es una lesión de los tejidos subyacentes que atraviesa la superficie de la piel. ","Seleccione la opción más adecuada que represente el tipo de lesiones que afectan a esta zona, entre las 00:00 y las 24:00 horas del día de la evaluación.",0,0,0,0,0,0
diario,EVALUACIÓN DE PIEL Y MUCOSAS: Registrar la información más alterada entre las 00:00 y 24:00 del día de evaluación,lesion_arms_type_oth,Especifique otro tipo de lesiones en los brazos/manos,,Se refiere al tipo de lesiones cutáneas que afectan a los brazos y/o las manos.,"Si «Otros», escriba el tipo de lesiones que afectan a esta zona, entre las 00:00 y las 24:00 horas del día de la evaluación.",0,0,0,0,0,
diario,EVALUACIÓN DE PIEL Y MUCOSAS: Registrar la información más alterada entre las 00:00 y 24:00 del día de evaluación,lesion_arms_num,Número de lesiones en los brazos/manos,,Se refiere al número de lesiones cutáneas que afectan a los brazos y/o las manos.,"Escriba el número de lesiones que afectan a esta zona, entre las 00:00 y las 24:00 horas del día de la evaluación.",0,0,0,0,0,
diario,EVALUACIÓN DE PIEL Y MUCOSAS: Registrar la información más alterada entre las 00:00 y 24:00 del día de evaluación,lesion_legs,¿Hay alguna lesión en las piernas y/o los pies?,"1, Sí | 0, No | 99, Desconocido",Esto se refiere a la presencia de lesiones cutáneas que involucran las piernas y/o los pies.,"Indique 'sí', si hay lesiones activas que involucran esta área entre las 00:00 a las 24:00 el día de la evaluación.",0,0,0,0,0,0
diario,EVALUACIÓN DE PIEL Y MUCOSAS: Registrar la información más alterada entre las 00:00 y 24:00 del día de evaluación,lesion_legs_type,Tipo de lesiones en las piernas/pies,"1, Vesícula | 2, Pústula | 3, Lesiones ulceradas | 4, Lesiones necrotizantes | 5, Lesiones fungiformes | 6, Lesiones hemorrágicas | 88, Otras","Se refiere al tipo de lesiones cutáneas que afectan a las piernas y/o los pies. Una vesícula es una lesión elevada y llena de líquido transparente. Pústula: lesión elevada y llena de pus, un líquido opaco. Lesión ulcerada: lesión con rotura de la piel. Lesión necrotizante: lesión con tejido necrótico (muerto). Lesión fungiforme: lesión de los tejidos subyacentes que atraviesa la superficie de la piel.","Seleccione la opción más adecuada que represente el tipo de lesiones que afectan a esta zona, entre las 00:00 y las 24:00 horas del día de la evaluación.",0,0,0,0,0,0
diario,EVALUACIÓN DE PIEL Y MUCOSAS: Registrar la información más alterada entre las 00:00 y 24:00 del día de evaluación,lesion_legs_type_oth,Especifique otro tipo de lesiones en las piernas/pies,,"Se refiere al tipo de lesiones cutáneas que afectan a las piernas y/o los pies. ","Si «Otros», escriba el tipo de lesiones que afectan a esta zona, entre las 00:00 y las 24:00 horas del día de la evaluación.",0,0,0,0,0,
diario,EVALUACIÓN DE PIEL Y MUCOSAS: Registrar la información más alterada entre las 00:00 y 24:00 del día de evaluación,lesion_legs_num,Número de lesiones en las piernas/pies,,Se refiere al número de lesiones cutáneas que afectan a las piernas y/o los pies.,"Escriba el número de lesiones que afectan a esta zona, entre las 00:00 y las 24:00 horas del día de la evaluación.",0,0,0,0,0,
diario,EVALUACIÓN DE PIEL Y MUCOSAS: Registrar la información más alterada entre las 00:00 y 24:00 del día de evaluación,lesion_palm,¿Hay lesiones en las palmas?,"1, Sí | 0, No | 99, Desconocido",Esto se refiere a la presencia de lesiones cutáneas que involucran las palmas.,"Indique 'sí', si hay lesiones activas que involucran esta área entre las 00:00 a las 24:00 el día de la evaluación.",0,0,0,0,0,0
diario,EVALUACIÓN DE PIEL Y MUCOSAS: Registrar la información más alterada entre las 00:00 y 24:00 del día de evaluación,lesion_palm_type,Tipo de lesiones en las palmas,"1, Vesícula | 2, Pústula | 3, Lesiones ulceradas | 4, Lesiones necrotizantes | 5, Lesiones fungiformes | 6, Lesiones hemorrágicas | 88, Otras","Se refiere al tipo de lesiones cutáneas que afectan a las palmas de las manos. Las vesículas son lesiones elevadas y llenas de líquido transparente. Las pústulas son lesiones elevadas y llenas de pus, un líquido opaco. Lesión ulcerada se refiere a una lesión con rotura de la piel. Lesión necrotizante se refiere a una lesión con tejido necrótico (muerto). Lesión fungiforme se refiere a una lesión de los tejidos subyacentes que atraviesa la superficie de la piel.","Seleccione la opción más adecuada que represente el tipo de lesiones que afectan a esta zona, entre las 00:00 y las 24:00 horas del día de la evaluación.",0,0,0,0,0,0
diario,EVALUACIÓN DE PIEL Y MUCOSAS: Registrar la información más alterada entre las 00:00 y 24:00 del día de evaluación,lesion_palm_type_oth,Si es otro: Especifique otro tipo de lesiones en las palmas,,Se refiere al tipo de lesiones cutáneas que afectan a las palmas.,"Si «Otros», escriba el tipo de lesiones que afectan a esta zona, entre las 00:00 y las 24:00 horas del día de la evaluación.",0,0,0,0,0,
diario,EVALUACIÓN DE PIEL Y MUCOSAS: Registrar la información más alterada entre las 00:00 y 24:00 del día de evaluación,lesion_palm_num,Número de lesiones en las palmas,,Se refiere al número de lesiones cutáneas que afectan a las palmas.,"Escriba el número de lesiones que afectan a esta zona, entre las 00:00 y las 24:00 horas del día de la evaluación.",0,0,0,0,0,
diario,EVALUACIÓN DE PIEL Y MUCOSAS: Registrar la información más alterada entre las 00:00 y 24:00 del día de evaluación,lesion_sole,¿Hay lesiones en las plantas?,"1, Sí | 0, No | 99, Desconocido",Esto se refiere a la presencia de lesiones cutáneas que involucran las plantas.,"Indique 'sí', si hay lesiones activas que involucran esta área entre las 00:00 a las 24:00 el día de la evaluación.",0,0,0,0,0,0
diario,EVALUACIÓN DE PIEL Y MUCOSAS: Registrar la información más alterada entre las 00:00 y 24:00 del día de evaluación,lesion_sole_type,Tipo de lesiones en las plantas,"1, Vesícula | 2, Pústula | 3, Lesiones ulceradas | 4, Lesiones necrotizantes | 5, Lesiones fungiformes | 6, Lesiones hemorrágicas | 88, Otras","Se refiere al tipo de lesiones cutáneas que afectan a las plantas de los pies. Una vesícula es una lesión elevada y llena de líquido transparente. Una pústula es una lesión elevada y llena de pus, un líquido opaco. Una lesión ulcerada es una lesión con rotura de la piel. Una lesión necrotizante es una lesión con tejido necrótico (muerto). Una lesión fungiforme es una lesión de los tejidos subyacentes que atraviesa la superficie de la piel. ","Seleccione la opción más adecuada que represente el tipo de lesiones que afectan a esta zona, entre las 00:00 y las 24:00 horas del día de la evaluación.",0,0,0,0,0,0
diario,EVALUACIÓN DE PIEL Y MUCOSAS: Registrar la información más alterada entre las 00:00 y 24:00 del día de evaluación,lesion_sole_oth,Si es otro: Especifique otro tipo de lesiones en las plantas,,Se refiere al tipo de lesiones cutáneas que afectan a las plantas de los pies.,"Si «Otros», escriba el tipo de lesiones que afectan a esta zona, entre las 00:00 y las 24:00 horas del día de la evaluación.",0,0,0,0,0,
diario,EVALUACIÓN DE PIEL Y MUCOSAS: Registrar la información más alterada entre las 00:00 y 24:00 del día de evaluación,lesion_sole_num,Número de lesiones en las plantas,,Se refiere al número de lesiones que afectan a las plantas de los pies.,"Escriba el número de lesiones que afectan a esta zona, entre las 00:00 y las 24:00 horas del día de la evaluación.",0,0,0,0,0,
diario,EVALUACIÓN DE PIEL Y MUCOSAS: Registrar la información más alterada entre las 00:00 y 24:00 del día de evaluación,lesion_genit,¿Hay lesiones en los genitales externos?,"1, Sí | 0, No | 99, Desconocido",Esto se refiere a la presencia de lesiones cutáneas que involucran los genitales externos.,"Indique 'sí', si hay lesiones activas que involucran esta área entre las 00:00 a las 24:00 el día de la evaluación.",0,0,0,0,0,0
diario,EVALUACIÓN DE PIEL Y MUCOSAS: Registrar la información más alterada entre las 00:00 y 24:00 del día de evaluación,lesion_genit_type,Tipo de lesiones en los genitales externos,"1, Vesícula | 2, Pústula | 3, Lesiones ulceradas | 4, Lesiones necrotizantes | 5, Lesiones fungiformes | 6, Lesiones hemorrágicas | 88, Otras","Se refiere al tipo de lesiones cutáneas que afectan a los genitales externos. Una vesícula es una lesión elevada y llena de líquido transparente. Una pústula es una lesión elevada y llena de pus, un líquido opaco. Una lesión ulcerada es una lesión con rotura de la piel. Una lesión necrotizante es una lesión con tejido necrótico (muerto). Una lesión fungiforme es una lesión de los tejidos subyacentes que atraviesa la superficie de la piel.","Seleccione la opción más adecuada que represente el tipo de lesiones que afectan a esta zona, entre las 00:00 y las 24:00 horas del día de la evaluación.",0,0,0,0,0,0
diario,EVALUACIÓN DE PIEL Y MUCOSAS: Registrar la información más alterada entre las 00:00 y 24:00 del día de evaluación,lesion_genit_type_oth,Si es otro: Especifique otro tipo de lesiones en los genitales externos,,Se refiere al tipo de lesiones cutáneas que afectan a los genitales externos.,"Si «Otros», escriba el tipo de lesiones que afectan a esta zona, entre las 00:00 y las 24:00 horas del día de la evaluación.",0,0,0,0,0,
diario,EVALUACIÓN DE PIEL Y MUCOSAS: Registrar la información más alterada entre las 00:00 y 24:00 del día de evaluación,lesion_genit_num,Número de lesiones en los genitales externos,,Se refiere al número de lesiones que afectan a los genitales externos.,"Escriba el número de lesiones que afectan a esta zona, entre las 00:00 y las 24:00 horas del día de la evaluación.",0,0,0,0,0,
diario,EVALUACIÓN DE PIEL Y MUCOSAS: Registrar la información más alterada entre las 00:00 y 24:00 del día de evaluación,lesion_peri,¿Hay lesiones perianales?,"1, Sí | 0, No | 99, Desconocido",Esto se refiere a la presencia de lesiones cutáneas que involucran la región perianal.,"Indique 'sí', si hay lesiones activas que involucran esta área entre las 00:00 a las 24:00 el día de la evaluación.",0,0,0,0,0,0
diario,EVALUACIÓN DE PIEL Y MUCOSAS: Registrar la información más alterada entre las 00:00 y 24:00 del día de evaluación,lesion_peri_type,Tipo de lesiones perianales,"1, Vesícula | 2, Pústula | 3, Lesiones ulceradas | 4, Lesiones necrotizantes | 5, Lesiones fungiformes | 6, Lesiones hemorrágicas | 88, Otras","Se refiere al tipo de lesiones cutáneas que afectan a la región perianal. Una vesícula es una lesión elevada y llena de líquido transparente. Una pústula es una lesión elevada y llena de pus, un líquido opaco. Una lesión ulcerada es una lesión con rotura de la piel. Una lesión necrotizante es una lesión con tejido necrótico (muerto). Una lesión fungiforme es una lesión de los tejidos subyacentes que atraviesa la superficie de la piel. ","Seleccione la opción más adecuada que represente el tipo de lesiones que afectan a esta zona, entre las 00:00 y las 24:00 horas del día de la evaluación.",0,0,0,0,0,0
diario,EVALUACIÓN DE PIEL Y MUCOSAS: Registrar la información más alterada entre las 00:00 y 24:00 del día de evaluación,lesion_peri_type_oth,Especifique otro tipo de lesiones perianales,,Se refiere al tipo de lesiones cutáneas que afectan a la región perianal.,"Si «Otros», escriba el tipo de lesiones que afectan a esta zona, entre las 00:00 y las 24:00 horas del día de la evaluación.",0,0,0,0,0,
diario,EVALUACIÓN DE PIEL Y MUCOSAS: Registrar la información más alterada entre las 00:00 y 24:00 del día de evaluación,lesion_peri_num,Número de lesiones perianales,,Se refiere al número de lesiones que afectan a la región perianal.,"Escriba el número de lesiones que afectan a esta zona, entre las 00:00 y las 24:00 horas del día de la evaluación.",0,0,0,0,0,
diario,EVALUACIÓN DE PIEL Y MUCOSAS: Registrar la información más alterada entre las 00:00 y 24:00 del día de evaluación,lesion_mouth,¿Hay lesiones dentro de la boca?,"1, Sí | 0, No | 99, Desconocido",Esto se refiere a la presencia de lesiones mucosas dentro de la boca (cavidad oral).,"Indique 'sí', si hay lesiones activas que involucran esta área entre las 00:00 a las 24:00 el día de la evaluación.",0,0,0,0,0,0
diario,EVALUACIÓN DE PIEL Y MUCOSAS: Registrar la información más alterada entre las 00:00 y 24:00 del día de evaluación,lesion_mouth_stat,Estado de las lesiones dentro de la boca,"1, Dolor | 2, Sangrado o secreción | 3, Ulceración","Se refiere al estado de las lesiones mucosas en la boca (cavidad oral). Una lesión que causa dolor se asocia con una sensación desagradable, incómoda o dolorosa en el lugar de la lesión. Una lesión que sangra o supura se asocia con sangrado de los vasos sanguíneos o secreción de líquido seroso o purulento en el lugar de la lesión. Una lesión ulcerada se asocia con la erosión de la membrana mucosa de la boca, que muestra una excavación local de la superficie en el lugar de la lesión.","Seleccione la opción más adecuada que represente el tipo de lesiones que afectan a esta zona, entre las 00:00 y las 24:00 horas del día de la evaluación.",0,0,0,0,0,0
diario,EVALUACIÓN DE PIEL Y MUCOSAS: Registrar la información más alterada entre las 00:00 y 24:00 del día de evaluación,lesion_vagin,¿Hay alguna lesión en el canal vaginal?,"1, Sí | 0, No | 99, Desconocido",Esto se refiere a la presencia de lesiones mucosas en el canal vaginal.,"Indique 'sí', si hay lesiones activas que involucran esta área entre las 00:00 a las 24:00 el día de la evaluación.",0,0,0,0,0,0
diario,EVALUACIÓN DE PIEL Y MUCOSAS: Registrar la información más alterada entre las 00:00 y 24:00 del día de evaluación,lesion_vagin_stat,Estado de las lesiones en el canal vaginal,"1, Dolor | 2, Sangrado o secreción | 3, Ulceración","Se refiere al estado de las lesiones mucosas en el canal vaginal. Una lesión que causa dolor se asocia con una sensación desagradable, incómoda o dolorosa en el lugar de la lesión. Una lesión que sangra o supura se asocia con sangrado de los vasos sanguíneos o secreción de líquido seroso/purulento en el lugar de la lesión. Una lesión ulcerada se asocia con la erosión de la membrana mucosa de la boca, que muestra una excavación local de la superficie en el lugar de la lesión.","Seleccione la opción más adecuada que represente el tipo de lesiones que afectan a esta zona, entre las 00:00 y las 24:00 horas del día de la evaluación.",0,0,0,0,0,0
diario,EVALUACIÓN DE PIEL Y MUCOSAS: Registrar la información más alterada entre las 00:00 y 24:00 del día de evaluación,lesion_rectum,¿Hay lesiones en el recto?,"1, Sí | 0, No | 99, Desconocido",Esto se refiere a la presencia de lesiones mucosas en el recto.,"Indique 'sí', si hay lesiones activas que involucran esta área entre las 00:00 a las 24:00 el día de la evaluación.",0,0,0,0,0,0
diario,EVALUACIÓN DE PIEL Y MUCOSAS: Registrar la información más alterada entre las 00:00 y 24:00 del día de evaluación,lesion_rectum_stat,Estado de las lesiones rectales,"1, Dolor | 2, Sangrado o secreción | 3, Ulceración | 4, Tenesmo","Se refiere al estado de las lesiones mucosas en el recto. Una lesión que causa dolor se asocia con una sensación desagradable, incómoda o dolorosa en el lugar de la lesión. Una lesión que sangra o secreta se asocia con sangrado de los vasos sanguíneos o secreción de líquido seroso/purulento en el lugar de la lesión. Una lesión ulcerada se asocia con la erosión de la membrana mucosa de la boca, mostrando una excavación local de la superficie en el lugar de la lesión.","Seleccione la opción más adecuada que represente el tipo de lesiones que afectan a esta zona, entre las 00:00 y las 24:00 horas del día de la evaluación.",0,0,0,0,0,0
diario,EVALUACIÓN DE PIEL Y MUCOSAS: Registrar la información más alterada entre las 00:00 y 24:00 del día de evaluación,lesion_anorec,En caso afirmativo a las lesiones en el recto: ano-rectitis,"1, Sí | 0, No | 99, Desconocido",Definido como inflamación de las membranas mucosas del ano y/o recto que pueden ir acompañados de dolor o sangrado.,"Indique 'sí', si el paciente experimentó esto en cualquier momento durante la fecha de evaluación.",0,0,0,0,0,0
diario,EVALUACIÓN DE PIEL Y MUCOSAS: Registrar la información más alterada entre las 00:00 y 24:00 del día de evaluación,lesion_penis,¿Hay lesiones en el pene?,"1, Sí | 0, No | 99, Desconocido",Esto se refiere a la presencia de lesiones mucosas en el pene.,"Indique 'sí', si hay lesiones activas que involucran esta área entre las 00:00 a las 24:00 el día de la evaluación.",0,0,0,0,0,0
diario,EVALUACIÓN DE PIEL Y MUCOSAS: Registrar la información más alterada entre las 00:00 y 24:00 del día de evaluación,lesion_penis_stat,Estado de las lesiones en el pene,"1, Dolor | 2, Sangrado o secreción | 3, Ulceración","Se refiere al estado de las lesiones mucosas en el pene. Una lesión que causa dolor se asocia con una sensación desagradable, incómoda o dolorosa en el lugar de la lesión. Una lesión que sangra o supura se asocia con sangrado de los vasos sanguíneos o secreción de líquido seroso/purulento en el lugar de la lesión. Una lesión ulcerada se asocia con la erosión de la membrana mucosa de la boca, que muestra una excavación local de la superficie en el lugar de la lesión.","Seleccione la opción más adecuada que represente el tipo de lesiones que afectan a esta zona, entre las 00:00 y las 24:00 horas del día de la evaluación.",0,0,0,0,0,0
diario,EVALUACIÓN DE PIEL Y MUCOSAS: Registrar la información más alterada entre las 00:00 y 24:00 del día de evaluación,lesion_othsite,Otros sitios,"1, Sí | 0, No | 99, Desconocido",Se refiere a la presencia de lesiones mucosas que afectan a otros sitios.,"Indique «Sí» si hay lesiones activas que afectan a otras zonas entre las 00:00 y las 24:00 horas del día de la evaluación, no especificadas anteriormente.",0,0,0,0,0,0
diario,EVALUACIÓN DE PIEL Y MUCOSAS: Registrar la información más alterada entre las 00:00 y 24:00 del día de evaluación,lesion_othsite_spec,Especifique otros sitios,,Se refiere a la presencia de lesiones mucosas que afectan a otros sitios.,"Si la respuesta es «Sí», escriba la ubicación de las lesiones mucosas que afectan a otras zonas.",0,0,0,0,0,
diario,EVALUACIÓN DE PIEL Y MUCOSAS: Registrar la información más alterada entre las 00:00 y 24:00 del día de evaluación,lesion_othstat,En caso afirmativo a otros sitios: otros sitios (s) estado de lesión,"1, Dolor | 2, Sangrado o secreción | 3, Ulceración","Esto se refiere al estado de las lesiones mucosas que involucran otros sitios. Una lesión que causa dolor se asocia con una sensación desagradable, incómoda o dolorosa en el sitio de la lesión. Una lesión que está sangrando o descarga se asocia con sangrado de vasos sanguíneos o descarga de líquido seroso / purulento en el sitio de la lesión. Una lesión ulcerada se asocia con la erosión de la membrana mucosa de la boca, que muestra la excavación local de la superficie en el sitio de la lesión.","Seleccione la opción más apropiada que represente el tipo de lesiones que involucran esta área, entre las 00:00 a las 24:00 en el día de la evaluación.",0,0,0,0,0,0
diario,EVALUACIÓN DE PIEL Y MUCOSAS: Registrar la información más alterada entre las 00:00 y 24:00 del día de evaluación,lesion_24hr,¿Han aparecido nuevas lesiones de piel o mucosa en las 24 horas anteriores? (Los pacientes pueden evaluar mejor),"1, Sí | 0, No | 99, Desconocido",Esto se refiere a la apariencia de una nueva piel o lesiones mucosas en las 24 horas anteriores.,"Indique 'sí', si han aparecido nuevas lesiones en las 24 horas anteriores.",0,0,0,0,0,0
diario,EVALUACIÓN DE PIEL Y MUCOSAS: Registrar la información más alterada entre las 00:00 y 24:00 del día de evaluación,lesion_sl,Número total estimado de lesiones cutáneas en el cuerpo,"0, Ninguno | 1, 1 | 2, 2-5 | 3, 6-9 | 4, 10-24 | 5, 25-49 | 6, 50-99 | 7, 100-250 | 8, 251-1000 | 9, >1000","Documente solo las lesiones cutáneas relacionadas con la infección por patógeno de interés. No se deben incluir lesiones curadas (cosecha ausente, piel fresca presente). La erupción de eritema multiforme o cualquier otra causa no debe incluirse.",Seleccione la opción más apropiada que represente mejor el número de lesiones cutáneas entre las 00:00 a las 24:00 en el día de la evaluación.,0,0,0,0,0,0
diario,EVALUACIÓN DE PIEL Y MUCOSAS: Registrar la información más alterada entre las 00:00 y 24:00 del día de evaluación,lesion_ml,Número total estimado de lesiones mucosas en el cuerpo,"0, Ninguno | 1, 1 | 2, 2-5 | 3, 6-9 | 4, 10-24 | 5, 25-49 | 6, 50-99 | 7, 100-250 | 8, 251-1000 | 9, >1000","Documente solo lesiones mucosas relacionadas con la infección por patógeno de interés. No se deben incluir lesiones curadas (cosecha ausente, piel fresca presente). La erupción de eritema multiforme o cualquier otra causa no debe incluirse.",Seleccione la opción más apropiada que represente mejor el número de lesiones mucosas entre las 00:00 a las 24:00 en el día de la evaluación.,0,0,0,0,0,0
diario,EVALUACIÓN DE PIEL Y MUCOSAS: Registrar la información más alterada entre las 00:00 y 24:00 del día de evaluación,lesion_slpain,"En caso afirmativo: puntaje máximo de dolor, donde 0 significa ""sin dolor"", y 10 significa ""el peor dolor posible"".","1, Sí | 0, No | 99, Desconocido","Esto se refiere a la calificación objetivo del paciente de la gravedad del dolor en los sitios de la lesión, en una escala de 0 a 10. Donde 0 representa ""sin dolor"" y 10 representa el ""peor dolor imaginable"".",Indique la calificación del paciente de la gravedad del dolor en los sitios de la lesión.,0,0,0,0,0,0
diario,EVALUACIÓN DE PIEL Y MUCOSAS: Registrar la información más alterada entre las 00:00 y 24:00 del día de evaluación,lesion_slpain_score,"Puntuación máxima del dolor, donde 0 significa «sin dolor» y 10 significa «el peor dolor posible».",,"Se refiere a la valoración objetiva del paciente sobre la intensidad del dolor en el lugar o lugares de la lesión, en una escala del 0 al 10. Donde 0 representa «sin dolor» y 10 representa «el peor dolor imaginable».",Indique la valoración del paciente sobre la intensidad del dolor en el lugar o lugares de la lesión.,0,0,0,0,0,
diario,EVALUACIÓN DE PIEL Y MUCOSAS: Registrar la información más alterada entre las 00:00 y 24:00 del día de evaluación,lesion_mlpain,"En caso afirmativo: puntaje máximo de dolor, donde 0 significa ""sin dolor"", y 10 significa ""el peor dolor posible"".","1, Sí | 0, No | 99, Desconocido","Esto se refiere a la calificación objetivo del paciente de la gravedad del dolor en los sitios de la lesión, en una escala de 0 a 10. Donde 0 representa ""sin dolor"" y 10 representa el ""peor dolor imaginable"".",Indique la calificación del paciente de la gravedad del dolor en los sitios de la lesión.,0,0,0,0,0,0
diario,EVALUACIÓN DE PIEL Y MUCOSAS: Registrar la información más alterada entre las 00:00 y 24:00 del día de evaluación,lesion_mlpain_score,"Puntuación máxima del dolor, donde 0 significa «sin dolor» y 10 significa «el peor dolor posible».",,"Se refiere a la valoración objetiva del paciente sobre la intensidad del dolor en el lugar o lugares de la lesión, en una escala del 0 al 10. Donde 0 representa «sin dolor» y 10 representa «el peor dolor imaginable».",Indique la valoración del paciente sobre la intensidad del dolor en el lugar o lugares de la lesión.,0,0,0,0,0,
diario,EVALUACIÓN DE PIEL Y MUCOSAS: Registrar la información más alterada entre las 00:00 y 24:00 del día de evaluación,lesion_desc,Describe cualquier otra complicación de la lesión,,"Se refiere a otras complicaciones de la lesión que no se han especificado anteriormente. ","Describa otras complicaciones de la lesión que ocurrieron o se identificaron por primera vez entre las 00:00 a las 24:00 en el día de la evaluación, que no se han especificado anteriormente.",0,0,0,0,0,
diario,TRATAMIENTOS E INTERVENCIONES: Registrar todas las intervenciones realizadas entre las 00:00 y 24:00 del día de evaluación,treat_dailydata,¿Introducir datos sobre tratamientos e intervenciones para esta fecha?,"1, Sí | 0, No",Esta sección se refiere a los tratamientos o intervenciones que se suelen realizar y registrar en la sala de urgencias y/o en la sala o unidad médica de agudos en la que se ingresó al paciente entre las 00:00 y las 24:00 horas del día de la evaluación.,Indique «Sí» si se han realizado y registrado tratamientos o intervenciones entre las 00:00 y las 24:00 horas del día de la evaluación.,0,0,0,0,0,0
diario,TRATAMIENTOS E INTERVENCIONES: Registrar todas las intervenciones realizadas entre las 00:00 y 24:00 del día de evaluación,treat_fluid,Fluidos,"1, Sí | 0, No | 99, Desconocido","Se refiere a cualquier líquido prescrito (oral o parenteral/intravenoso), excepto aquellos que el paciente consume de forma no prescrita en su dieta.",Indique «Sí» si se le recetaron y administraron líquidos al paciente entre las 00:00 y las 24:00 horas del día de la evaluación.,0,0,0,0,0,0
diario,TRATAMIENTOS E INTERVENCIONES: Registrar todas las intervenciones realizadas entre las 00:00 y 24:00 del día de evaluación,treat_fluid_oral,Rehidratación oral,"1, Sí | 0, No | 99, Desconocido",Esto se refiere a los fluidos enteros/orales a los efectos de la rehidratación.,"Indique 'sí', si el paciente recibió rehidratación oral entre las 00:00 y las 24:00 horas el día de la evaluación.",0,0,0,0,0,0
diario,TRATAMIENTOS E INTERVENCIONES: Registrar todas las intervenciones realizadas entre las 00:00 y 24:00 del día de evaluación,treat_fluid_oralvol,En caso afirmativo: volumen de rehidratación oral (ml/24 horas),,Esto se refiere a los fluidos enteros/orales a los efectos de la rehidratación.,"Si 'sí', registre la cantidad de fluidos eneterarios/orales a los fines de la rehidratación entre las 00:00 y las 24:00 el día de la evaluación en mililitros (ml).",0,0,0,0,0,
diario,TRATAMIENTOS E INTERVENCIONES: Registrar todas las intervenciones realizadas entre las 00:00 y 24:00 del día de evaluación,treat_fluid_parent,¿Fluido IV parenteral?,"1, Sí | 0, No | 99, Desconocido","Esto se refiere al fluido intravenoso que incluye cristaloides, albúmina, gelatina, almidones u otras soluciones.","Indique 'sí', si el paciente recibió líquidos intravenosos entre las 00:00 y las 24:00 horas el día de la evaluación.",0,0,0,0,0,0
diario,TRATAMIENTOS E INTERVENCIONES: Registrar todas las intervenciones realizadas entre las 00:00 y 24:00 del día de evaluación,treat_fluid_parent_type,Tipo de líquido intravenoso,,"Se refiere a los líquidos intravenosos, que incluyen cristaloides, albúmina, gelatina, almidones u otras soluciones.",Seleccione la opción más adecuada correspondiente al tipo de líquido(s) intravenoso(s) o parenteral(es) administrado(s).,0,0,0,0,0,
diario,TRATAMIENTOS E INTERVENCIONES: Registrar todas las intervenciones realizadas entre las 00:00 y 24:00 del día de evaluación,treat_fluid_cryst,Volumen cristaloide (ml/24 horas),,"Los fluidos cristaloides se refieren a soluciones de sales minerales, incluida la solución salina normal (0.9%), ringer lactada/Hartman, dextrosa al 5% en agua, 10% de dextrosa en agua, solución salina hipertónica e hipertónica, entre otros.",Registre el volumen de líquido cristaloide que el paciente recibió entre 00:00 y 24:00 el día de la evaluación en mililitros (ml).,0,0,0,0,0,
diario,TRATAMIENTOS E INTERVENCIONES: Registrar todas las intervenciones realizadas entre las 00:00 y 24:00 del día de evaluación,treat_fluid_colloid,Volumen de coloides (ml/24 horas),,"Los fluidos coloidales son soluciones que contienen moléculas grandes, como proteínas o polisacáridos, que permanecen en el torrente sanguíneo durante más tiempo que los cristaloides. Estos fluidos ayudan a mantener o aumentar el volumen intravascular al atraer agua hacia los vasos sanguíneos mediante la presión oncótica. Entre los coloides más comunes se encuentran las gelatinas, los almidones o la albúmina. ",Registre el volumen de líquidos coloidales que recibió el paciente entre las 00:00 y las 24:00 horas del día de la evaluación en mililitros (ml).,0,0,0,0,0,
diario,TRATAMIENTOS E INTERVENCIONES: Registrar todas las intervenciones realizadas entre las 00:00 y 24:00 del día de evaluación,treat_blood,Productos sanguíneos,"1, Sí | 0, No | 99, Desconocido","Se refiere a una transfusión de sangre (sangre total o concentrado de hematíes) u otros productos sanguíneos, excluida la inmunoglobulina humana normal (por ejemplo, albúmina, granulocitos, plaquetas, plasma fresco congelado (PFC), FP24, PF-24, crioprecipitado, concentrado de proteína C, criosupernatante o un factor de coagulación no recombinante específico) en cualquier momento de la fecha de la evaluación. ","Indique «Sí» si el paciente recibió hemoderivados o transfusiones de hemoderivados en cualquier momento entre las 00:00 y las 24:00 horas del día de la evaluación. Si «Sí», seleccione el producto o productos a continuación.",0,0,0,0,0,0
diario,TRATAMIENTOS E INTERVENCIONES: Registrar todas las intervenciones realizadas entre las 00:00 y 24:00 del día de evaluación,treat_blood_type,En caso afirmativo: seleccione todos los productos sanguíneos que fueron administrados.,"1, plaquetas | 2, crioprecipitado | 3, sangre completa | 4, plasma fresco congelado | 5, concentrado de fibrinógeno | 6, concentrado de glóbulos rojos (concentrado de hematíes)","Esto se refiere a una transfusión de sangre (sangre completa o glóbulos rojos empacados) u otros productos sanguíneos que excluyen la inmunoglobulina normal humana (por ejemplo, albúmina, granulocitos, plaquetas, plasma fresco yh-frozen (FFP), FP24, PF-25, crioprecipitada, proteína C de proteína C, proteína C concentrado, criosupernador o un factor de coagulación no recombinante específico) en cualquier momento de la fecha de evaluación. Las plaquetas se refieren a la transferencia de plaquetas sanguíneas de un donante a un destinatario o reinfusión al donante. El crioprecipitado se refiere a un producto de sangre congelado preparado a partir de plasma congelado que contiene fibrinógeno (factor I), factor antihemofílico (factor VIII), factor XIII, factor von willebrand (VWF) y fibronectina. La sangre completa se refiere a la administración intravenosa de sangre completa (sangre que contiene plasma y glóbulos rojos) en un individuo. RBC empaquetado se refiere a los glóbulos rojos de una unidad de sangre completa después de la eliminación de la mayor parte del plasma, dejando una unidad con un hematocrito de aproximadamente 60%. El plasma fresco congelado se refiere al plasma que se separa de la sangre entera y se congela rápidamente después de una donación de sangre para usarse para transfusiones de sangre. El concentrado de fibrinógeno es un agente hemostático utilizado para el tratamiento de episodios de sangrado agudo en pacientes con deficiencia de fibrinógeno congénito, incluida la afibrinogenemia e hipofibrinogenemia.",Seleccione las opciones más apropiadas correspondientes a los productos de sangre que se administraron.,0,0,0,0,0,0
diario,TRATAMIENTOS E INTERVENCIONES: Registrar todas las intervenciones realizadas entre las 00:00 y 24:00 del día de evaluación,treat_blood_plate,Plaquetas (unidades/24 horas),,Las plaquetas se refieren a la transferencia de plaquetas sanguíneas de un donante a un destinatario o reinfusión al donante.,Registre el número de unidades que el paciente recibió entre las 00:00 y las 24:00 el día de la evaluación en mililitros (ml).,0,0,0,0,0,
diario,TRATAMIENTOS E INTERVENCIONES: Registrar todas las intervenciones realizadas entre las 00:00 y 24:00 del día de evaluación,treat_blood_cryo,Crioprecipitado (unidades/24 horas),,"El crioprecipitado se refiere a un producto de sangre congelado preparado a partir de plasma congelado que contiene fibrinógeno (factor I), factor antihemofílico (factor VIII), factor XIII, factor von willebrand (VWF) y fibronectina. contiene fibrinógeno (factor I), factor antihemofílico (factor Viii), factor XIII, factor von willebrand (VWF) y fibronectina.",Registre el número de unidades que el paciente recibió entre las 00:00 y las 24:00 el día de la evaluación en mililitros (ml).,0,0,0,0,0,
diario,TRATAMIENTOS E INTERVENCIONES: Registrar todas las intervenciones realizadas entre las 00:00 y 24:00 del día de evaluación,treat_blood_whole,Volumen de glóbulos rojos de sangre entera / empacado (unidades / 24 horas),,"La sangre completa se refiere a la administración intravenosa de sangre completa (sangre que contiene plasma y glóbulos rojos) en un individuo. RBC empaquetado se refiere a los glóbulos rojos de una unidad de sangre completa después de la eliminación de la mayor parte del plasma, dejando una unidad con un hematocrito de aproximadamente 60%.",Registre el número de unidades que el paciente recibió entre las 00:00 y las 24:00 el día de la evaluación en mililitros (ml).,0,0,0,0,0,
diario,TRATAMIENTOS E INTERVENCIONES: Registrar todas las intervenciones realizadas entre las 00:00 y 24:00 del día de evaluación,treat_blood_plasma,Plasma fresco congelado (unidades/24 horas),,El plasma fresco congelado se refiere al plasma que se separa de la sangre entera y se congela rápidamente después de una donación de sangre para usarse para transfusiones de sangre.,Registre el número de unidades que el paciente recibió entre las 00:00 y las 24:00 el día de la evaluación en mililitros (ml).,0,0,0,0,0,
diario,TRATAMIENTOS E INTERVENCIONES: Registrar todas las intervenciones realizadas entre las 00:00 y 24:00 del día de evaluación,treat_blood_fibrin,Concentrado de fibrinógeno (unidades/24 horas),,"El concentrado de fibrinógeno es un agente hemostático utilizado para el tratamiento de episodios de sangrado agudo en pacientes con deficiencia de fibrinógeno congénito, incluida la afibrinogenemia e hipofibrinogenemia.",Registre el número de unidades que el paciente recibió entre las 00:00 y las 24:00 el día de la evaluación en mililitros (ml).,0,0,0,0,0,
diario,TRATAMIENTOS E INTERVENCIONES: Registrar todas las intervenciones realizadas entre las 00:00 y 24:00 del día de evaluación,treat_blood_rcc,Concentrado de hematíes (unidades/24 horas),,"Los glóbulos rojos concentrados son glóbulos rojos procedentes de una unidad de sangre total tras la eliminación de la mayor parte del plasma, dejando una unidad con un hematocrito de aproximadamente el 60 %.",Registre el número de unidades que recibió el paciente entre las 00:00 y las 24:00 horas del día de la evaluación en mililitros (ml).,0,0,0,0,0,
diario,TRATAMIENTOS E INTERVENCIONES: Registrar todas las intervenciones realizadas entre las 00:00 y 24:00 del día de evaluación,treat_intravenim,Inmunoglobulina intravenosa,"1, Sí | 0, No | 99, Desconocido","Esto se refiere a las preparaciones de inmunoglobulina utilizadas en la infusión intravenosa, que contiene la inmunoglobulina G (IgG). Examples de preparaciones comerciales de IVIG de inmunoglobulina intravenosa incluyen Octagam®, Intragam P®, Kiovig®, Flebogamma 5% DIF®, Carimune NF®, Gamunex®, Gammagard, Gammagard, Gammagard, Gammagard, Gammagard. S/D®, Gammagard Liquid®, Gammaked® y Privigen®.","Indique 'sí', si el paciente recibió inmunoglobulina intravenosa entre las 00:00 y las 24:00 horas el día de la evaluación.",0,0,0,0,0,0
diario,TRATAMIENTOS E INTERVENCIONES: Registrar todas las intervenciones realizadas entre las 00:00 y 24:00 del día de evaluación,treat_plasmapher,Intercambio de plasmaféresis / plasma,"1, Sí | 0, No | 99, Desconocido","La plasmaféresis (intercambio de plasma) se refiere a la separación extracorpórea de los componentes sanguíneos, lo que resulta en un producto filtrado. Los métodos incluyen centrifugación de flujo discontinuo, centrifugación de flujo continuo y filtración de plasma.","Indique 'sí', si el paciente recibió plasmaféresis entre las 00:00 y las 24:00 horas el día de la evaluación.",0,0,0,0,0,0
diario,TRATAMIENTOS E INTERVENCIONES: Registrar todas las intervenciones realizadas entre las 00:00 y 24:00 del día de evaluación,treat_antibiotic,Antibióticos,"1, Sí | 0, No | 99, Desconocido",El antibiótico se refiere a cualquier agente que se dirige selectivamente a las bacterias. Los preparativos tópicos no deben registrarse.,"Indique 'sí', si el paciente recibió antibióticos entre las 00:00 y las 24:00 horas el día de la evaluación",0,0,0,0,0,0
diario,TRATAMIENTOS E INTERVENCIONES: Registrar todas las intervenciones realizadas entre las 00:00 y 24:00 del día de evaluación,treat_steroids,Corticosteroides,"1, Sí | 0, No | 99, Desconocido","Los corticosteroides (comúnmente denominados 'esteroides') se refieren a todos los tipos de corticosteroides terapéuticos, hechos en la corteza suprarrenal (la parte externa de la glándula suprarrenal). También se hacen en el laboratorio. Los ejemplos incluyen: prednisolona, ​​prednisona, metil-prednisolona, ​​dexametasona, hidrocortisona, fluticasona, betametasona. No se incluyen preparaciones tópicas, pero se incluyen preparaciones inhaladas.","Indique 'sí', si el paciente recibió 'esteroides' entre las 00:00 y las 24:00 horas el día de la evaluación.",0,0,0,0,0,0
diario,TRATAMIENTOS E INTERVENCIONES: Registrar todas las intervenciones realizadas entre las 00:00 y 24:00 del día de evaluación,treat_other,Otras intervenciones o procedimientos,"1, Sí | 0, No | 99, Desconocido",Se refiere a cualquier otra intervención o procedimiento terapéutico específico no caracterizado de otro modo que usted considere relevante.,Indique «Sí» si se utilizaron otras intervenciones o procedimientos entre las 00:00 y las 24:00 horas del día de la evaluación.,0,0,0,0,0,0
diario,TRATAMIENTOS E INTERVENCIONES: Registrar todas las intervenciones realizadas entre las 00:00 y 24:00 del día de evaluación,treat_other_spec,Especifique otras intervenciones o procedimientos,,Se refiere a cualquier otra intervención o procedimiento terapéutico específico no caracterizado de otro modo que usted considere relevante.,"Si la respuesta es «Sí», especifique las intervenciones terapéuticas o los procedimientos no caracterizados de otro modo que considere relevantes.",0,0,0,0,0,
diario,SOPORTE RESPIRATORIO: Registrar todas las intervenciones respiratorias realizadas entre las 00:00 y 24:00 del día de evaluación,treat_o2supp,Apoyo respiratorio,"1, Sí | 0, No | 99, Desconocido","Se refiere a cualquier método de oxigenoterapia que pueda administrarse a través de una cánula nasal, una mascarilla o ventilación no invasiva o invasiva.",Indique «Sí» si el paciente recibió oxígeno suplementario entre las 00:00 y las 24:00 horas del día de la evaluación.,0,0,0,0,0,0
diario,SOPORTE RESPIRATORIO: Registrar todas las intervenciones respiratorias realizadas entre las 00:00 y 24:00 del día de evaluación,treat_nasalprongs,Canula nasal,"1, Sí | 0, No | 99, Desconocido",Se refiere a las cánulas nasales o cánulas nasales que administran oxígeno a través de dos pequeñas cánulas o cánulas insertadas en las fosas nasales.,Indique «Sí» si se utilizó este modo de asistencia respiratoria para administrar oxígeno suplementario al paciente entre las 00:00 y las 24:00 horas del día de la evaluación.,0,0,0,0,0,0
diario,SOPORTE RESPIRATORIO: Registrar todas las intervenciones respiratorias realizadas entre las 00:00 y 24:00 del día de evaluación,treat_facemask,Mascarilla,"1, Sí | 0, No | 99, Desconocido","Se refiere a una mascarilla de oxígeno simple que es un dispositivo que se coloca sobre la nariz, la boca o la traqueotomía del paciente para administrar oxígeno a las vías respiratorias.",Indique «Sí» si se utilizó este modo de asistencia respiratoria para administrar oxígeno suplementario al paciente entre las 00:00 y las 24:00 horas del día de la evaluación.,0,0,0,0,0,0
diario,SOPORTE RESPIRATORIO: Registrar todas las intervenciones respiratorias realizadas entre las 00:00 y 24:00 del día de evaluación,treat_hfno,Oxígeno nasal de alto flujo,"1, Sí | 0, No | 99, Desconocido","Se refiere a la oxigenoterapia nasal de alto flujo, que es una asistencia respiratoria no invasiva que administra aire calentado, humidificado y enriquecido con oxígeno a los pacientes a caudales superiores a los que suelen administrar los dispositivos de oxígeno de flujo estándar.",Indique «Sí» si se utilizó este modo de asistencia respiratoria para administrar oxígeno suplementario al paciente entre las 00:00 y las 24:00 horas del día de la evaluación.,0,0,0,0,0,0
diario,SOPORTE RESPIRATORIO: Registrar todas las intervenciones respiratorias realizadas entre las 00:00 y 24:00 del día de evaluación,treat_niv,Ventilación no invasiva,"1, Sí | 0, No | 99, Desconocido","Se refiere a la ventilación no invasiva, que proporciona asistencia respiratoria a través de las vías respiratorias superiores del paciente mediante una mascarilla o un dispositivo similar, sin necesidad de intubación traqueal. Algunos ejemplos son la presión positiva continua en las vías respiratorias (CPAP) y la presión positiva continua bifásica en las vías respiratorias (BiPAP). ",Indique «Sí» si se utilizó este modo de asistencia respiratoria para administrar oxígeno suplementario al paciente entre las 00:00 y las 24:00 horas del día de la evaluación.,0,0,0,0,0,0
diario,SOPORTE RESPIRATORIO: Registrar todas las intervenciones respiratorias realizadas entre las 00:00 y 24:00 del día de evaluación,treat_niv_type,Tipo de ventilación no invasiva,"1, CPAP | 2, BIPAP | 99, desconocido | 88, otro",Se refiere al tipo de asistencia respiratoria no invasiva o ventilación (VNI) utilizada. La presión positiva continua en las vías respiratorias (CPAP) es una técnica que utiliza una presión en las vías respiratorias mantenida continuamente por encima de la presión atmosférica durante todo el ciclo respiratorio para apoyar la actividad respiratoria espontánea. La presión positiva continua bifásica en las vías respiratorias (BPAP) utiliza un cambio cíclico en el tiempo del nivel de presión positiva aplicada en las vías respiratorias para apoyar la actividad respiratoria espontánea.,Seleccione la opción más adecuada correspondiente al tipo de VNI utilizado entre las 00:00 y las 24:00 horas del día de la evaluación.,0,0,0,0,0,0
diario,SOPORTE RESPIRATORIO: Registrar todas las intervenciones respiratorias realizadas entre las 00:00 y 24:00 del día de evaluación,treat_niv_type_oth,Especifique otro tipo de ventilación no invasiva,,Se refiere al tipo de asistencia respiratoria no invasiva o ventilación (VNI) utilizada.,"Si «Otro», especifique otro tipo de ventilación no invasiva.",0,0,0,0,0,
diario,SOPORTE RESPIRATORIO: Registrar todas las intervenciones respiratorias realizadas entre las 00:00 y 24:00 del día de evaluación,treat_imv,Ventilación invasiva,"1, Sí | 0, No | 99, Desconocido","Se refiere a la ventilación mecánica invasiva (VMI), que indica que el paciente ha sido sometido a una intubación traqueal para asistir mecánicamente o sustituir la respiración espontánea en pacientes mediante el uso de un dispositivo motorizado que impulsa aire oxigenado a los pulmones. El modo de intubación puede ser orotraqueal, nasotraqueal o mediante una cricotirotomía o traqueotomía.",Indique «Sí» si se utilizó este modo de asistencia respiratoria para administrar oxígeno suplementario al paciente entre las 00:00 y las 24:00 horas del día de la evaluación.,0,0,0,0,0,0
diario,SOPORTE RESPIRATORIO: Registrar todas las intervenciones respiratorias realizadas entre las 00:00 y 24:00 del día de evaluación,treat_ecmo,ECLS/ECMO,"1, Sí | 0, No | 99, Desconocido","Se refiere a la oxigenación por membrana extracorpórea (ECMO), también denominada soporte vital extracorpóreo (ECLS), que es la aplicación de un sistema de soporte vital que hace circular la sangre a través de un sistema de oxigenación y puede consistir en una bomba, un oxigenador de membrana y un intercambiador de calor.",Indique «Sí» si se utilizó este modo de asistencia respiratoria para administrar oxígeno suplementario al paciente entre las 00:00 y las 24:00 horas del día de la evaluación.,0,0,0,0,0,0
diario,SOPORTE RESPIRATORIO: Registrar todas las intervenciones respiratorias realizadas entre las 00:00 y 24:00 del día de evaluación,treat_ecmo_type,Tipo de ECLS/ECMO,"1, Veno-venosa (VV) | 2, Veno-arterial (VA) | 99, Desconocida","Se refiere al tipo de oxigenación por membrana extracorpórea (ECMO), también llamada soporte vital extracorpóreo (ECLS). La ECMO/ECLS venovenosa (venosa-venosa) se utiliza para apoyar los pulmones y la ECLS/ECMO venoarterial (venosa-arterial) se utiliza para apoyar los pulmones y el corazón.",Seleccione la opción más adecuada correspondiente al tipo de ECLS/ECMO utilizado entre las 00:00 y las 24:00 horas del día de la evaluación.,0,0,0,0,0,0
diario,SOPORTE RESPIRATORIO: Registrar todas las intervenciones respiratorias realizadas entre las 00:00 y 24:00 del día de evaluación,treat_prone,Posicionamiento propenso,"1, Sí | 0, No | 99, Desconocido","Se refiere a la posición prona, que consiste en colocar al paciente boca abajo para facilitar la ventilación. Incluye tanto a pacientes con ventilación invasiva (intubados) como a pacientes no intubados o con ventilación autónoma.","Indique 'sí', para cualquier paciente si han estado en la posición propensa para ayudar a su ventilación en cualquier momento durante el ingreso. Si 'sí' indica qué tipo de ventilación estaba ocurriendo mientras se posicionaba a continuación.",0,0,0,0,0,0
diario,SOPORTE RESPIRATORIO: Registrar todas las intervenciones respiratorias realizadas entre las 00:00 y 24:00 del día de evaluación,treat_prone_when,En caso afirmativo: ¿Cuándo fue el posicionamiento propenso?,"1, Durante la ventilación invasiva | 2, Durante la autoventilación | 99, Desconocida","Se refiere al tipo de ventilación asistida cuando el paciente se colocó en posición prona. Puede tratarse de pacientes con ventilación invasiva (intubados) o de pacientes no intubados/con ventilación autónoma. ",Especifique el tipo de ventilación asistida administrada cuando el paciente fue colocado en posición propensa.,0,0,0,0,0,0
diario,SOPORTE RESPIRATORIO: Registrar todas las intervenciones respiratorias realizadas entre las 00:00 y 24:00 del día de evaluación,treat_pao2yn,Tipo de muestra de PaO2,"1, Arterial | 2, Capilar | 3, Venoso | 99, Desconocido | 0, No realizado",Se refiere al tipo de muestra de sangre utilizada para medir la presión parcial de oxígeno en sangre (PaO2) mediante el análisis de gases en sangre.,Seleccione el tipo de muestra de sangre utilizada para medir la presión parcial de oxígeno.,0,0,0,0,0,0
diario,SOPORTE RESPIRATORIO: Registrar todas las intervenciones respiratorias realizadas entre las 00:00 y 24:00 del día de evaluación,treat_pao2,PAO2 (unidades de selección),,,,0,0,0,,,
diario,SOPORTE RESPIRATORIO: Registrar todas las intervenciones respiratorias realizadas entre las 00:00 y 24:00 del día de evaluación,treat_pao2_units,PaO2 (unidades seleccionadas),"1, mmHg | 2kPa",,,0,0,0,,,0
diario,SOPORTE RESPIRATORIO: Registrar todas las intervenciones respiratorias realizadas entre las 00:00 y 24:00 del día de evaluación,treat_pao2_kpa,PAO2 (KPA),,Esto se refiere al PAO2 más bajo (en KPA) entre las 00:00 y las 24:00 en el día de la evaluación.,Registre el PAO2 más bajo (en KPA) que se midió entre las 00:00 y las 24:00 horas el día de la evaluación.,0,0,0,0,0,
diario,SOPORTE RESPIRATORIO: Registrar todas las intervenciones respiratorias realizadas entre las 00:00 y 24:00 del día de evaluación,treat_pao2_mmhg,PAO2 (MMHG),,Esto se refiere al PAO2 más bajo (en MMHG) entre las 00:00 y las 24:00 en el día de la evaluación.,Registre el PAO2 más bajo (en MMHG) que se midió entre las 00:00 y las 24:00 horas el día de la evaluación.,0,0,0,0,0,
diario,SOPORTE RESPIRATORIO: Registrar todas las intervenciones respiratorias realizadas entre las 00:00 y 24:00 del día de evaluación,treat_highfio,FIO2 en el momento de PAO2 (unidades de selección),,,,0,0,0,,,
diario,SOPORTE RESPIRATORIO: Registrar todas las intervenciones respiratorias realizadas entre las 00:00 y 24:00 del día de evaluación,treat_highfio_units,FiO2 en el momento de la PaO2 (unidades seleccionadas),"1, fracción, 0,21-1,0 | 2, %, 21-100",,,0,0,0,,,0
diario,SOPORTE RESPIRATORIO: Registrar todas las intervenciones respiratorias realizadas entre las 00:00 y 24:00 del día de evaluación,treat_highfio_02110,"FIO2 en el momento de PAO2 (fracción, 0.21-1.0)",,"Esto se refiere a la fracción medida de oxígeno inspirado (FIO2), expresado como una fracción. Entregado en el momento del PAO2 más bajo (presión parcial de oxígeno en la sangre) registrada anteriormente.",Escriba el FIO2 en el momento del PAO2 más bajo (registrado anteriormente) que ocurrió en cualquier momento entre las 00:00 y las 24:00 el día de la evaluación.,0,0,0,0,0,
diario,SOPORTE RESPIRATORIO: Registrar todas las intervenciones respiratorias realizadas entre las 00:00 y 24:00 del día de evaluación,treat_highfio_pcnt,"FIO2 en el momento de PAO2 (%, 21-100)",,"Esto se refiere a la fracción medida de oxígeno inspirado (FIO2), expresado como un porcentaje, administrado en el momento del PAO2 más bajo (presión parcial de oxígeno en la sangre) registrada anteriormente.",Escriba el FIO2 en el momento del PAO2 más bajo (registrado anteriormente) que ocurrió en cualquier momento entre las 00:00 y las 24:00 el día de la evaluación.,0,0,0,0,0,
diario,SOPORTE RESPIRATORIO: Registrar todas las intervenciones respiratorias realizadas entre las 00:00 y 24:00 del día de evaluación,treat_o2supp_oth,Otras intervenciones o procedimientos de asistencia respiratoria,"1, Sí | 0, No | 99, Desconocido",Se refiere a cualquier otra intervención o procedimiento específico de asistencia respiratoria no caracterizado de otro modo que se considere relevante.,Indique «Sí» si se utilizaron otras intervenciones o procedimientos de asistencia respiratoria entre las 00:00 y las 24:00 horas del día de la evaluación.,0,0,0,0,0,0
diario,SOPORTE RESPIRATORIO: Registrar todas las intervenciones respiratorias realizadas entre las 00:00 y 24:00 del día de evaluación,treat_o2supp_oth_spec,Especifique otras intervenciones o procedimientos de asistencia respiratoria,,Se refiere a cualquier otra intervención o procedimiento específico de asistencia respiratoria no caracterizado de otro modo que se considere relevante.,"Si la respuesta es «Sí», especifique las intervenciones o procedimientos de asistencia respiratoria no caracterizados de otro modo que considere relevantes.",0,0,0,0,0,
diario,INTERVENCIONES DE CUIDADOS AVANZADOS: Registrar todas las intervenciones avanzadas realizadas entre las 00:00 y 24:00 del día de evaluación,critd_critcare,¿Se administraron intervenciones de cuidados críticos en esta fecha?,"1, Sí | 0, No | 99, Desconocido",Esto se refiere a la intervención o procedimientos terapéuticos de cuidados críticos que se administraron entre las 00:00 y las 24:00 horas el día de la evaluación.,"Indique 'sí', si se administraron inyervenciones de cuidados críticos entre las 00:00 y las 24:00 horas el día de la evaluación.",0,0,0,0,0,0
diario,INTERVENCIONES DE CUIDADOS AVANZADOS: Registrar todas las intervenciones avanzadas realizadas entre las 00:00 y 24:00 del día de evaluación,critd_icu,ICU / ITU / HDU / Intermedio de la unidad de atención,"1, Sí | 0, No | 99, Desconocido","Esto se refiere a unidades de cuidados intensivos (UCI), unidades intensivas de terapia/tratamiento (UIT), unidades de cuidados críticos, unidades de alta dependencia (HDU) o unidad de nivel similar.","Indique «Sí» si el paciente fue ingresado en la UCI (o en una unidad de nivel similar) entre las 00:00 y las 24:00 horas del día de la evaluación. ",0,0,0,0,0,0
diario,INTERVENCIONES DE CUIDADOS AVANZADOS: Registrar todas las intervenciones avanzadas realizadas entre las 00:00 y 24:00 del día de evaluación,critd_neuromusc,Agentes de bloqueo neuromuscular,"1, Sí | 0, No | 99, Desconocido","Esto se refiere al uso de bloqueadores neuromusculares. Los ejemplos incluyen atracurium, cisatracurium, nimbex, norcurón, pancuronio, pavulón, rocuronio, tracrium, vecuronio, zemurón.","Indique 'sí', si los bloqueadores neuromusculares se usaron entre las 00:00 y las 24:00 horas el día de la evaluación.",0,0,0,0,0,0
diario,INTERVENCIONES DE CUIDADOS AVANZADOS: Registrar todas las intervenciones avanzadas realizadas entre las 00:00 y 24:00 del día de evaluación,critd_nitricoxide,Óxido nítrico inhalado,"1, Sí | 0, No | 99, Desconocido",Se refiere al óxido nítrico como en el inhalante típicamente utilizado para insuficiencia respiratoria hipóxica entre otros usos.,Indique 'sí' si se usó óxido nítrico inhalado en cualquier momento entre las 00:00 y las 24:00 horas el día de la evaluación.,0,0,0,0,0,0
diario,INTERVENCIONES DE CUIDADOS AVANZADOS: Registrar todas las intervenciones avanzadas realizadas entre las 00:00 y 24:00 del día de evaluación,critd_tracheostmy,Traqueotomía insertada,"1, Sí | 0, No | 99, Desconocido","Esto se refiere a la formación quirúrgica de una abertura en la tráquea a través del cuello, o la abertura creada.",Indique 'sí' si esto ocurriera en algún momento entre las 00:00 y las 24:00 del día de la evaluación.,0,0,0,0,0,0
diario,INTERVENCIONES DE CUIDADOS AVANZADOS: Registrar todas las intervenciones avanzadas realizadas entre las 00:00 y 24:00 del día de evaluación,critd_rtt,Terapia de reemplazo renal (RRT) o diálisis / hemofiltración,"1, Sí | 0, No | 99, Desconocido","Esto se refiere a tratamientos que sustituyen la función de filtro de sangre de los riñones. Incluye diálisis (hemodiálisis o diálisis peritoneal), hemofiltración y hemodiafiltración. El trasplante de riñón también puede considerarse una terapia de reemplazo renal. Puede ser intermitente o continuo.",Indique 'sí' si esto ocurriera en algún momento entre las 00:00 y las 24:00 del día de la evaluación.,0,0,0,0,0,0
diario,INTERVENCIONES DE CUIDADOS AVANZADOS: Registrar todas las intervenciones avanzadas realizadas entre las 00:00 y 24:00 del día de evaluación,critd_rtt_typ,En caso afirmativo: tipo de terapia de reemplazo renal (RRT) o diálisis / hemofiltración,"1, Intermitente | 2, Continua | 99, Desconocida","Esto se refiere a tratamientos que sustituyen la función de filtro de sangre de los riñones. Incluye diálisis (hemodiálisis o diálisis peritoneal), hemofiltración y hemodiafiltración. El trasplante de riñón también puede considerarse una terapia de reemplazo renal. Puede ser intermitente o continuo. Intermitente se refiere a procedimientos con purificación de sangre no continua (por ejemplo, diálisis, filtración y/o perfusión) a través del acceso vascular al aumentar la velocidad de flujo sanguíneo. Continua se refiere a procedimientos con purificación de sangre continua (por ejemplo, diálisis, filtración o perfusión) a través del acceso vascular diseñado para imitar la función renal en enfermedades renales",Seleccione la opción más apropiada correspondiente al tipo de terapia de reemplazo renal (RRT) o diálisis / hemofiltración,0,0,0,0,0,0
diario,INTERVENCIONES DE CUIDADOS AVANZADOS: Registrar todas las intervenciones avanzadas realizadas entre las 00:00 y 24:00 del día de evaluación,critd_vasopress,Cualquier soporte de vasopresor / inotrópico,"1, Sí | 0, No | 99, Desconocido","Esto se refiere al uso continuo de un vasopresor o inotropeo durante al menos una hora. Un vasopresor es un agente farmacéutico que causa vasoconstricción. Los agentes incluyen noradrenalina, epinefrina, vasopresina, terlipresina y fenilefrina. Un inotrope es un agente farmacéutico que altera la fuerza de la contractilidad miocárdica. Los inotropos 'positivos' comúnmente utilizados incluyen dobutamina, dopamina, milrinona y adrenalina (epinefrina).","Indique 'sí', si este agente se usó durante al menos una hora entre las 00:00 y las 24:00 horas el día de la evaluación. Indique la cantidad utilizada a continuación.",0,0,0,0,0,0
diario,INTERVENCIONES DE CUIDADOS AVANZADOS: Registrar todas las intervenciones avanzadas realizadas entre las 00:00 y 24:00 del día de evaluación,critd_vasopress_reas,Motivo del uso de vasopresores/inotrópicos,"1, Shock | 2, Hipotensión persistente | 88, Otros | 99, Desconocido","Se refiere al motivo del uso de vasopresores o inotrópicos. El shock se define como una insuficiencia circulatoria con un suministro inadecuado de oxígeno a los tejidos y se evalúa midiendo parámetros hemodinámicos objetivos, como la presión del pulso, la presión arterial sistólica y los signos clínicos de hipoperfusión. Se clasifica a un paciente como en estado de shock si cumple los siguientes marcadores hemodinámicos objetivos: O BIEN presión del pulso <= 20 mmHg o índice de shock (frecuencia cardíaca / PAS) >= 1,0 en adultos y niños > 5 años; O BIEN PAS por debajo de los límites absolutos: adultos PAS < 90 mmHg o PAM < 60; niños < 1 año: PAS <70 mmHg; 1-10 años: PAS < [70 + (2 * edad en años)] mmHg; > 10 años: PAS < 90 mmHg; Y evidencia objetiva de hipoperfusión con al menos uno de los siguientes: CRT periférico > 2 s; diuresis < 0,5 ml/kg/h durante >= 6 horas (si es posible); extremidades frías/húmedas; o agitación o alteración del estado mental. La hipotensión persistente se confirma cuando se requieren bolos de líquido adicionales (>= 10 ml/kg por bolo) o líquidos intravenosos continuos a una velocidad >= 2 veces la velocidad de mantenimiento (los pacientes cuya hipotensión se resuelve después de un solo bolo o aquellos con hipotensión debida a causas no infecciosas [por ejemplo, hemorragia, shock cardiogénico] quedan excluidos de esta definición).","Seleccione la opción o opciones más adecuadas que representen el motivo o motivos del uso de vasopresores/inotrópicos. ",0,0,0,0,0,0
diario,INTERVENCIONES DE CUIDADOS AVANZADOS: Registrar todas las intervenciones avanzadas realizadas entre las 00:00 y 24:00 del día de evaluación,critd_vasopress_reasoth,Especificar otro motivo del uso de vasopresores/inotrópicos,,Se refiere al motivo del uso de vasopresores o inotrópicos.,"Si selecciona «Otro», especifique el motivo del uso de vasopresores o inotrópicos.",0,0,0,0,0,
diario,INTERVENCIONES DE CUIDADOS AVANZADOS: Registrar todas las intervenciones avanzadas realizadas entre las 00:00 y 24:00 del día de evaluación,critd_vasopress1,En caso afirmativo a cualquier soporte vasopresor/inotrópico: dopamina <5ug/kg/min o dobutamina o milrinona o levosimendan,"1, Sí | 0, No | 99, Desconocido",Esto se refiere al tipo de vasopresores utilizados.,"Indique 'sí', si este (s) agente (s) se usó durante al menos una hora entre las 00:00 y las 24:00 horas en el día de la evaluación. Indique la cantidad utilizada a continuación.",0,0,0,0,0,0
diario,INTERVENCIONES DE CUIDADOS AVANZADOS: Registrar todas las intervenciones avanzadas realizadas entre las 00:00 y 24:00 del día de evaluación,critd_vasopress2,En caso afirmativo a cualquier soporte de vasopresor/inotrópico: dopamina 5-15ug/kg/min o epinefrina (adrenalina)/noradrenalina (noradrenalina) <0.1ug/kg/min o vasopresina o fenilefrina,"1, Sí | 0, No | 99, Desconocido",Esto se refiere al tipo de vasopresores utilizados.,"Indique 'sí', si este (s) agente (s) se usó durante al menos una hora entre las 00:00 y las 24:00 horas en el día de la evaluación. Indique la cantidad utilizada a continuación.",0,0,0,0,0,0
diario,INTERVENCIONES DE CUIDADOS AVANZADOS: Registrar todas las intervenciones avanzadas realizadas entre las 00:00 y 24:00 del día de evaluación,critd_vasopress3,En caso afirmativo a cualquier soporte vasopresor/inotrópico: dopamina> 15ug/kg/min o epinefrina (adrenalina)/noradrenalina (noradrenalina)> 0.1ug/kg/min,"1, Sí | 0, No | 99, Desconocido",Esto se refiere al tipo de vasopresores utilizados.,"Indique 'sí', si este (s) agente (s) se usó durante al menos una hora entre las 00:00 y las 24:00 horas en el día de la evaluación. Indique la cantidad utilizada a continuación.",0,0,0,0,0,0
diario,INTERVENCIONES DE CUIDADOS AVANZADOS: Registrar todas las intervenciones avanzadas realizadas entre las 00:00 y 24:00 del día de evaluación,critd_vasopress_type,Tipo de soporte vasopresor/inotrópico,"1, Dopamina (<5 ug/kg/min)  | 2, Dopamina (5-15 ug/kg/min) | 3, Dopamina (>15 ug/kg/min) | 4, Norepinefrina (noradrenalina) < 0,1 ug/kg/min | 5, Norepinefrina (noradrenalina) > 0,1 ug/kg/min |6, Epinefrina (adrenalina) | 7, Dobutamina | 8, Milrinona  | 9, Levosimendán | 10, Vasopresina|11,Fenilefrina| 12,Terlipresina |13,Angiotensina II",Se refiere al tipo de vasopresores utilizados.,Seleccione la opción o opciones más adecuadas si estos agentes se utilizaron durante al menos una hora entre las 00:00 y las 24:00 horas del día de la evaluación.,0,0,0,0,0,0
diario,INTERVENCIONES DE CUIDADOS AVANZADOS: Registrar todas las intervenciones avanzadas realizadas entre las 00:00 y 24:00 del día de evaluación,critd_critcareunlst,Otras intervención o procedimientos de cuidados críticos,"1, Sí | 0, No | 99, Desconocido",Esto se refiere a cualquier otra intervención terapéutica de cuidados críticos específicos (s) o procedimientos que no se caractericen de otra manera que cree que puede ser relevante.,Indique «Sí» si se utilizaron otras intervenciones o procedimientos de cuidados intensivos entre las 00:00 y las 24:00 horas del día de la evaluación.,0,0,0,0,0,0
diario,INTERVENCIONES DE CUIDADOS AVANZADOS: Registrar todas las intervenciones avanzadas realizadas entre las 00:00 y 24:00 del día de evaluación,critd_critcareunlst_oth,Si es otros: especifique otras intervención o procedimientos de cuidados críticos,,Esto se refiere a cualquier otra intervención terapéutica de cuidados críticos específicos (s) o procedimientos que no se caractericen de otra manera que cree que puede ser relevante.,"Si 'sí', especifique la intervención terapéutica o procedimientos terapéuticos de cuidados críticos que no se caracterizan de otra manera que cree que puede ser relevante.",0,0,0,0,0,
diario,RESULTADOS DE LABORATORIO: Registrar el valor más anormal entre las 00:00 y 24:00 del día de evaluación,labs_dailydata,¿Desea introducir los resultados de laboratorio para esta fecha?,"1, Sí | 0, No","Esta sección se refiere únicamente a las pruebas de laboratorio que se realizaron durante la estancia del paciente en el centro clínico (hospital) y que se recogieron en la fecha de la evaluación. En general, no deben comunicarse los resultados que hayan sido rechazados por el equipo clínico (por ejemplo, muestras de sangre hemolizada, resultados microbiológicos contaminados).","Indique «Sí» si se tomaron muestras de laboratorio en la fecha de la evaluación. Si no se tomaron muestras de laboratorio en la fecha de la evaluación, indique «No» y pase a la siguiente sección. En general, no comunique los resultados que hayan sido rechazados por el equipo clínico (por ejemplo, muestras hemolizadas). A menos que se especifique lo contrario, si hay varias mediciones, comunique la medición más alejada del rango fisiológico o de laboratorio normal entre las 00:00 y las 24:00 horas del día de la evaluación.",0,0,0,0,0,0
diario,RESULTADOS DE LABORATORIO: Registrar el valor más anormal entre las 00:00 y 24:00 del día de evaluación,labs_fbc,Hemograma completo,,"Se refiere a los resultados del hemograma completo. ",Indique «Sí» para introducir los resultados completos del hemograma.,0,0,0,0,0,
diario,RESULTADOS DE LABORATORIO: Registrar el valor más anormal entre las 00:00 y 24:00 del día de evaluación,labs_haemo,Hemoglobina (unidades de selección),,,,0,0,0,,,
diario,RESULTADOS DE LABORATORIO: Registrar el valor más anormal entre las 00:00 y 24:00 del día de evaluación,labs_haemo_units,Hemoglobina (unidades seleccionadas),"1,g/dL | 2 g/L",,,0,0,0,,,0
diario,RESULTADOS DE LABORATORIO: Registrar el valor más anormal entre las 00:00 y 24:00 del día de evaluación,labs_haemo_gdl,Hemoglobina (G/DL),,La hemoglobina (Hb o HGB) se refiere a la medición de la concentración de hemoglobina en la sangre.,"Escriba el nivel de hemoglobina (G/DL). Si hay múltiples, informe la medida más lejos del rango fisiológico o de laboratorio normal entre las 00:00 y las 24:00 horas en el día de la evaluación.",0,0,0,0,0,
diario,RESULTADOS DE LABORATORIO: Registrar el valor más anormal entre las 00:00 y 24:00 del día de evaluación,labs_haemo_gl,Hemoglobina (G/L),,Esto se refiere a la medición de concentración de hemoglobina en la sangre.,"Escriba el nivel de hemoglobina (G/L). Si hay múltiples, informe la medida más lejos del rango fisiológico o de laboratorio normal entre las 00:00 y las 24:00 horas en el día de la evaluación.",0,0,0,0,0,
diario,RESULTADOS DE LABORATORIO: Registrar el valor más anormal entre las 00:00 y 24:00 del día de evaluación,labs_wbccount,Recuento de WBC (10^9/L),,Esto se refiere al recuento total de glóbulos blancos (WBC) en la sangre.,"Escriba el recuento de WBC (10^9/L). Si hay múltiples, informe la medida más lejos del rango fisiológico o de laboratorio normal entre las 00:00 y las 24:00 horas en el día de la evaluación.",0,0,0,0,0,
diario,RESULTADOS DE LABORATORIO: Registrar el valor más anormal entre las 00:00 y 24:00 del día de evaluación,labs_neutrophil,Neutrófilos (unidades de selección),,,,0,0,0,,,
diario,RESULTADOS DE LABORATORIO: Registrar el valor más anormal entre las 00:00 y 24:00 del día de evaluación,labs_neutrophil_units,Neutrófilos (unidades seleccionadas),"1, % | 2, 10^9/L",,,0,0,0,,,0
diario,RESULTADOS DE LABORATORIO: Registrar el valor más anormal entre las 00:00 y 24:00 del día de evaluación,labs_neutrophil_109l,Neutrófilos (10^9/L),,Esto se refiere al recuento de neutrófilos en la sangre en 10^9 células/l.,"Escriba el recuento de neutrófilos (10^9/L). Si hay múltiples, informe la medida más lejos del rango fisiológico o de laboratorio normal entre las 00:00 y las 24:00 horas en el día de la evaluación.",0,0,0,0,0,
diario,RESULTADOS DE LABORATORIO: Registrar el valor más anormal entre las 00:00 y 24:00 del día de evaluación,labs_neutrophil_pcnt,Neutrófilos (%),,Esto se refiere al recuento de neutrófilos en la sangre en %.,"Escriba el recuento de neutrófilos (%). Si hay múltiples, informe la medida más lejos del rango fisiológico o de laboratorio normal entre las 00:00 y las 24:00 horas en el día de la evaluación.",0,0,0,0,0,
diario,RESULTADOS DE LABORATORIO: Registrar el valor más anormal entre las 00:00 y 24:00 del día de evaluación,labs_lymphocyte,Linfocitos (unidades de selección),,,,0,0,0,,,
diario,RESULTADOS DE LABORATORIO: Registrar el valor más anormal entre las 00:00 y 24:00 del día de evaluación,labs_lymphocyte_units,Linfocitos (unidades seleccionadas),"1, % | 2, 10^9/L",,,0,0,0,,,0
diario,RESULTADOS DE LABORATORIO: Registrar el valor más anormal entre las 00:00 y 24:00 del día de evaluación,labs_lymphocyte_109l,Linfocitos (10^9/L),,Esto se refiere al recuento de linfocitos en sangre en 10^9 células/l.,"Escriba el recuento de linfocitos (10^9/L). Si hay múltiples, informe la medida más lejos del rango fisiológico o de laboratorio normal entre las 00:00 y las 24:00 horas en el día de la evaluación.",0,0,0,0,0,
diario,RESULTADOS DE LABORATORIO: Registrar el valor más anormal entre las 00:00 y 24:00 del día de evaluación,labs_lymphocyte_pcnt,Linfocitos (%),,Esto se refiere al recuento de linfocitos en la sangre en %.,"Escriba el recuento de linfocitos (%). Si hay múltiples, informe la medida más lejos del rango fisiológico o de laboratorio normal entre las 00:00 y las 24:00 horas en el día de la evaluación.",0,0,0,0,0,
diario,RESULTADOS DE LABORATORIO: Registrar el valor más anormal entre las 00:00 y 24:00 del día de evaluación,labs_eosinophil,Eosinófilo (unidades seleccionadas),,,,0,0,0,,,
diario,RESULTADOS DE LABORATORIO: Registrar el valor más anormal entre las 00:00 y 24:00 del día de evaluación,labs_eosinophil_units,Eosinófilos (unidades selectas),"1, % | 2, 10^9/L",,,0,0,0,,,0
diario,RESULTADOS DE LABORATORIO: Registrar el valor más anormal entre las 00:00 y 24:00 del día de evaluación,labs_eosinophil_109l,Eosinófilos (10^9/l),,Se refiere al recuento de eosinófilos en sangre.,"Escriba el recuento de eosinófilos (10^9/L). Si hay múltiples, informe la medida más lejos del rango fisiológico o de laboratorio normal entre las 00:00 y las 24:00 horas en el día de la evaluación.",0,0,0,0,0,
diario,RESULTADOS DE LABORATORIO: Registrar el valor más anormal entre las 00:00 y 24:00 del día de evaluación,labs_eosinophil_pcnt,Eosinófilos (%),,Recuento diferencial de eosinófilos.,Escriba el recuento diferencial de eosinófilos (%),0,0,0,0,0,
diario,RESULTADOS DE LABORATORIO: Registrar el valor más anormal entre las 00:00 y 24:00 del día de evaluación,labs_hematocrit,Hematocrito (unidades seleccionadas),,,,0,0,0,,,
diario,RESULTADOS DE LABORATORIO: Registrar el valor más anormal entre las 00:00 y 24:00 del día de evaluación,labs_hematocrit_units,Hematocrito (unidades seleccionadas),"1, % | 2, L/L",,,0,0,0,,,0
diario,RESULTADOS DE LABORATORIO: Registrar el valor más anormal entre las 00:00 y 24:00 del día de evaluación,labs_hematocrit_pcnt,Hematocrito (%),,"El hematocrito (HT o HCT), también conocido como volumen celular empaquetado (PCV) o fracción de volumen de eritrocitos (EVF), es el porcentaje de volumen (%) de los glóbulos rojos expresado como un porcentaje del volumen sanguíneo total.","Escribe el hematocrito (%). Si hay múltiples, informe la medida más lejos del rango fisiológico o de laboratorio normal entre las 00:00 y las 24:00 horas en el día de la evaluación.",0,0,0,0,0,
diario,RESULTADOS DE LABORATORIO: Registrar el valor más anormal entre las 00:00 y 24:00 del día de evaluación,labs_hematocrit_ll,Hematocrito (L/L),,"El hematocrito (HT o HCT), también conocido como volumen celular empaquetado (PCV) o fracción de volumen de eritrocitos (EVF), es el porcentaje de volumen (%) de los glóbulos rojos en la sangre.","Escribe el hematocrito (L/L). Si hay múltiples, informe la medida más lejos del rango fisiológico o de laboratorio normal entre las 00:00 y las 24:00 horas en el día de la evaluación.",0,0,0,0,0,
diario,RESULTADOS DE LABORATORIO: Registrar el valor más anormal entre las 00:00 y 24:00 del día de evaluación,labs_platelets,Plaquetas (unidades de selección),,,,0,0,0,,,
diario,RESULTADOS DE LABORATORIO: Registrar el valor más anormal entre las 00:00 y 24:00 del día de evaluación,labs_platelets_units,Plaquetas (unidades selectas),"1, 10^9/L | 2, 10^3/μL",,,0,0,0,,,0
diario,RESULTADOS DE LABORATORIO: Registrar el valor más anormal entre las 00:00 y 24:00 del día de evaluación,labs_platelets_109l,Plaquetas (10^9/L),,Se refiere al recuento de plaquetas en sangre.,"Escriba el recuento de plaquetas (10^9/L). Si hay múltiples, informe la medida más lejos del rango fisiológico o de laboratorio normal entre las 00:00 y las 24:00 horas en el día de la evaluación.",0,0,0,0,0,
diario,RESULTADOS DE LABORATORIO: Registrar el valor más anormal entre las 00:00 y 24:00 del día de evaluación,labs_platelets_103ul,Plaquetas (10^3/ul),,Se refiere al recuento de plaquetas.,"Escriba el recuento de plaquetas (10^3/L). Si hay múltiples, informe la medida más lejos del rango fisiológico o de laboratorio normal entre las 00:00 y las 24:00 horas en el día de la evaluación.",0,0,0,0,0,
diario,RESULTADOS DE LABORATORIO: Registrar el valor más anormal entre las 00:00 y 24:00 del día de evaluación,labs_erymeancorvol,Ery. Volumen corpuscular medio (FL),,Volumen corpuscular medio de eritrocitos o MCV.,Escribe el MCV (FL),0,0,0,0,0,
diario,RESULTADOS DE LABORATORIO: Registrar el valor más anormal entre las 00:00 y 24:00 del día de evaluación,labs_erymeancorhgb,Ery. concentración media de hemoglobina corpuscular (G/L),,Concentración de hemoglobina corpuscular media eritrocitaria o MCHC.,Escriba la concentración media de hemaglobina corpuscular (G/L).,0,0,0,0,0,
diario,RESULTADOS DE LABORATORIO: Registrar el valor más anormal entre las 00:00 y 24:00 del día de evaluación,labs_erymeancorhgb_units,Ery. concentración media de hemoglobina corpuscular (MCHC) (unidades seleccionadas),1 g/L | 2 g/dL,,,0,0,0,,,0
diario,RESULTADOS DE LABORATORIO: Registrar el valor más anormal entre las 00:00 y 24:00 del día de evaluación,labs_erymeancorhgb_gl,Concentración media de hemoglobina corpuscular eritrocitaria / MCHC (g/L),,Concentración corpuscular media de hemoglobina en los eritrocitos o CMHC.,Escriba la concentración media de hemoglobina corpuscular (g/L).,0,0,0,0,0,
diario,RESULTADOS DE LABORATORIO: Registrar el valor más anormal entre las 00:00 y 24:00 del día de evaluación,labs_erymeancorhgb_gdl,Concentración media de hemoglobina corpuscular eritrocitaria / MCHC (g/dL),,Concentración corpuscular media de hemoglobina en los eritrocitos o CMHC.,Escriba la concentración media de hemoglobina corpuscular (g/L).,0,0,0,0,0,
diario,RESULTADOS DE LABORATORIO: Registrar el valor más anormal entre las 00:00 y 24:00 del día de evaluación,labs_erymeancorhe,Ery. hemoglobina corpuscular media (PG),,Eritrocitos media hemoglobina corpuscular o MCH.,Escriba la concentración media de hemaglobina corpuscular (PG).,0,0,0,0,0,
diario,RESULTADOS DE LABORATORIO: Registrar el valor más anormal entre las 00:00 y 24:00 del día de evaluación,labs_coag,Perfil de coagulación,,Se refiere a los resultados del perfil de coagulación.,Indique «Sí» para introducir los resultados del perfil de coagulación,0,0,0,0,0,
diario,RESULTADOS DE LABORATORIO: Registrar el valor más anormal entre las 00:00 y 24:00 del día de evaluación,labs_prothrombin,Tiempo de protrombina / PT (segundos),,Tiempo de protrombina o PT.,Escriba el PT (segundos).,0,0,0,0,0,
diario,RESULTADOS DE LABORATORIO: Registrar el valor más anormal entre las 00:00 y 24:00 del día de evaluación,labs_aptt,Tiempo de tromboplastina parcial activado / APTT (SEC),,"Tiempo de tromboplastina parcial activado (APTT), medido en segundos.",Escribe el aptt (sec).,0,0,0,0,0,
diario,RESULTADOS DE LABORATORIO: Registrar el valor más anormal entre las 00:00 y 24:00 del día de evaluación,labs_aptr,AptR,,"APTR es la relación de tromboplastina parcial activada. El resultado es una relación y, por lo tanto, no tiene unidades.",Escribe el APTR.,0,0,0,0,0,
diario,RESULTADOS DE LABORATORIO: Registrar el valor más anormal entre las 00:00 y 24:00 del día de evaluación,labs_tqinr,INR,,"El INR sérico (relación normalizada internacional) es una relación de tiempo de protrombina del paciente para controlar el tiempo de protrombina. El resultado es una relación y, por lo tanto, no tiene unidades.",Escribe el suero INR.,0,0,0,0,0,
diario,RESULTADOS DE LABORATORIO: Registrar el valor más anormal entre las 00:00 y 24:00 del día de evaluación,labs_fibrinogen,Fibrinógeno (unidades de selección),,,,0,0,0,,,
diario,RESULTADOS DE LABORATORIO: Registrar el valor más anormal entre las 00:00 y 24:00 del día de evaluación,labs_fibrinogen_units,Fibrinógeno (unidades seleccionadas),1 g/L | 2 mg/dL,,,0,0,0,,,0
diario,RESULTADOS DE LABORATORIO: Registrar el valor más anormal entre las 00:00 y 24:00 del día de evaluación,labs_fibrinogen_gl,Fibrinógeno (G/L),,El fibrinógeno es una proteína fibrilar presente en el plasma sanguíneo; Se convierte en fibrina durante el proceso de formación de coágulos de sangre.,Escriba el fibrinógeno sérico (G/L).,0,0,0,0,0,
diario,RESULTADOS DE LABORATORIO: Registrar el valor más anormal entre las 00:00 y 24:00 del día de evaluación,labs_fibrinogen_mgdl,Fibrinógeno (Mg/DL),,El fibrinógeno es una proteína fibrilar presente en el plasma sanguíneo; Se convierte en fibrina durante el proceso de formación de coágulos de sangre.,Escriba el fibrinógeno sérico (Mg/DL).,0,0,0,0,0,
diario,RESULTADOS DE LABORATORIO: Registrar el valor más anormal entre las 00:00 y 24:00 del día de evaluación,labs_ddimer,D-dimer (unidades de selección),,,,0,0,0,,,
diario,RESULTADOS DE LABORATORIO: Registrar el valor más anormal entre las 00:00 y 24:00 del día de evaluación,labs_ddimer_units,Dímero D (unidades seleccionadas),"1, µg/l | 2 mg/L",,,0,0,0,,,0
diario,RESULTADOS DE LABORATORIO: Registrar el valor más anormal entre las 00:00 y 24:00 del día de evaluación,labs_ddimer_mgl,D-dímero (MG/L),,D-Dimer es una medida para la concentración de productos de degradación de fibrina (FDP) en una muestra. Los FDP son fragmentos de proteína producidos por la acción enzimática de la plasmina sobre fibrinógeno y fibrina) y son una ayuda para detectar la presencia y el grado de coagulación intravascular y fibrinólisis (la disolución de la fibrina en un coágulo de sangre) y en la monitorización de la terapia para la coagulación intravascular diseminada diseminada (coagulación no localizada en los vasos sanguíneos).,Escribe el dimer D de suero (MG/L),0,0,0,0,0,
diario,RESULTADOS DE LABORATORIO: Registrar el valor más anormal entre las 00:00 y 24:00 del día de evaluación,labs_ddimer_ugl,D-dímero (UG/L),,D-Dimer es una medida para la concentración de productos de degradación de fibrina (FDP) en una muestra. Los FDP son fragmentos de proteína producidos por la acción enzimática de la plasmina sobre fibrinógeno y fibrina) y son una ayuda para detectar la presencia y el grado de coagulación intravascular y fibrinólisis (la disolución de la fibrina en un coágulo de sangre) y en la monitorización de la terapia para la coagulación intravascular diseminada diseminada (coagulación no localizada en los vasos sanguíneos).,Escribe el dimer D de suero (ug/l),0,0,0,0,0,
diario,RESULTADOS DE LABORATORIO: Registrar el valor más anormal entre las 00:00 y 24:00 del día de evaluación,labs_liver,Perfil hepático,,Se refiere a los resultados del perfil hepático.,Indique «Sí» para introducir los resultados de las pruebas del perfil hepático,0,0,0,0,0,
diario,RESULTADOS DE LABORATORIO: Registrar el valor más anormal entre las 00:00 y 24:00 del día de evaluación,labs_bilirubin,Bilirrubina total (unidades de selección),,,,0,0,0,,,
diario,RESULTADOS DE LABORATORIO: Registrar el valor más anormal entre las 00:00 y 24:00 del día de evaluación,labs_bilirubin_units,Bilirrubina total (unidades seleccionadas),"1, µmol/L | 2 mg/dL",,,0,0,0,,,0
diario,RESULTADOS DE LABORATORIO: Registrar el valor más anormal entre las 00:00 y 24:00 del día de evaluación,labs_bilirubin_umoll,Bilirrubina total (UMOL/L),,Esto se refiere a una medición de la concentración total de bilirrubina en la sangre.,Escribe la bilirrubina (umol/l).,0,0,0,0,0,
diario,RESULTADOS DE LABORATORIO: Registrar el valor más anormal entre las 00:00 y 24:00 del día de evaluación,labs_bilirubin_mgdl,Bilirrubina total (MG/DL),,Esto se refiere a una medición de la concentración total de bilirrubina en la sangre.,Escribe la bilirrubina (mg/dl).,0,0,0,0,0,
diario,RESULTADOS DE LABORATORIO: Registrar el valor más anormal entre las 00:00 y 24:00 del día de evaluación,labs_altsgpt,Alt / sgpt (u / l),,La alanina aminotransferasa (ALT) también se llama el glutamato sérico piruvato transaminasa (SGPT).,Escribe el ALT o SGPT (U/L).,0,0,0,0,0,
diario,RESULTADOS DE LABORATORIO: Registrar el valor más anormal entre las 00:00 y 24:00 del día de evaluación,labs_astsgot,AST / SGOT (U / L),,La aspartato aminotransferasa (AST) también se llama transaminasa glutámica-oxaloacética sérica (SGOT).,Escriba el AST o SGOT (U/L).,0,0,0,0,0,
diario,RESULTADOS DE LABORATORIO: Registrar el valor más anormal entre las 00:00 y 24:00 del día de evaluación,labs_alp,ALP (IU/L),,Nivel de fosfatasa alcalina (ALP) en la sangre.,Escribe el ALP (IU/L).,0,0,0,0,0,
diario,RESULTADOS DE LABORATORIO: Registrar el valor más anormal entre las 00:00 y 24:00 del día de evaluación,labs_ggt,Gamma glutamyl transferasa/GGT (U/L),,Gamma glutamil transferasa o nivel de GGT en la sangre.,Escribe el GGT (U/L).,0,0,0,0,0,
diario,RESULTADOS DE LABORATORIO: Registrar el valor más anormal entre las 00:00 y 24:00 del día de evaluación,labs_albumin,Albúmina (unidades de selección),,,,0,0,0,,,
diario,RESULTADOS DE LABORATORIO: Registrar el valor más anormal entre las 00:00 y 24:00 del día de evaluación,labs_albumin_units,Albúmina (unidades selectas),"1 g/L | 2, mmol/L",,,0,0,0,,,0
diario,RESULTADOS DE LABORATORIO: Registrar el valor más anormal entre las 00:00 y 24:00 del día de evaluación,labs_albumin_gl,Albúmina (G/L),,"Esto se refiere a la medición de la albúmina presente en suero, en MMOL/L.",Escribe la albúmina sérica (G/L).,0,0,0,0,0,
diario,RESULTADOS DE LABORATORIO: Registrar el valor más anormal entre las 00:00 y 24:00 del día de evaluación,labs_albumin_mmoll,Albúmina (MMOL/L),,"Esto se refiere a la medición de la albúmina presente en suero, en G/L.",Escribe la albúmina sérica (MMOL/L).,0,0,0,0,0,
diario,RESULTADOS DE LABORATORIO: Registrar el valor más anormal entre las 00:00 y 24:00 del día de evaluación,labs_bloodglucose,Glucosa en sangre,,Se refiere a las pruebas de laboratorio relacionadas con la glucosa en sangre.,,0,0,0,0,,
diario,RESULTADOS DE LABORATORIO: Registrar el valor más anormal entre las 00:00 y 24:00 del día de evaluación,labs_glucose,Glucosa en sangre aleatoria (unidades seleccionadas),,Se refiere a los resultados de las pruebas de glucosa en sangre.,Indique «Sí» para introducir los resultados de las pruebas de glucosa en sangre,0,0,0,0,0,
diario,RESULTADOS DE LABORATORIO: Registrar el valor más anormal entre las 00:00 y 24:00 del día de evaluación,labs_glucose_units,Glucosa en sangre aleatoria (unidades seleccionadas),"1, mmol/l | 2, mg/dl | 3 g/L",,,0,0,0,,,0
diario,RESULTADOS DE LABORATORIO: Registrar el valor más anormal entre las 00:00 y 24:00 del día de evaluación,labs_glucose_mmoll,Glucosa en sangre aleatoria (MMOL/L),,"Esto se refiere a la medición de los niveles de azúcar en la sangre (glucosa) en un momento dado, independientemente del tiempo de la última comida, en MMOL/L.","Escriba la glucosa en sangre aleatoria (MMOL/L). Si hay múltiples, informe la medida más lejos del rango fisiológico o de laboratorio normal entre las 00:00 y las 24:00 horas en el día de la evaluación.",0,0,0,0,0,
diario,RESULTADOS DE LABORATORIO: Registrar el valor más anormal entre las 00:00 y 24:00 del día de evaluación,labs_glucose_mgdl,Glucosa en sangre aleatoria (MG/DL),,"Esto se refiere a la medición de los niveles de azúcar en la sangre (glucosa) en un momento dado, independientemente del tiempo de la última comida, en MG/DL.","Escriba la glucosa en sangre aleatoria (mg/dl). Si hay múltiples, informe la medida más lejos del rango fisiológico o de laboratorio normal entre las 00:00 y las 24:00 horas en el día de la evaluación.",0,0,0,0,0,
diario,RESULTADOS DE LABORATORIO: Registrar el valor más anormal entre las 00:00 y 24:00 del día de evaluación,labs_glucose_gl,Glucosa en sangre aleatoria (G/L),,"Esto se refiere a la medición de los niveles de azúcar en la sangre (glucosa) en un momento dado, independientemente del tiempo de la última comida, en G/L.","Escriba la glucosa en sangre aleatoria (G/L). Si hay múltiples, informe la medida más lejos del rango fisiológico o de laboratorio normal entre las 00:00 y las 24:00 horas en el día de la evaluación.",0,0,0,0,0,
diario,RESULTADOS DE LABORATORIO: Registrar el valor más anormal entre las 00:00 y 24:00 del día de evaluación,labs_hba1c,HBA1C (%),,"La hemoglobina A1c (HbA1c) es un análisis de sangre que mide el nivel promedio de glucosa en sangre durante los tres meses anteriores al resultado de la prueba, expresado en %.",Escriba el resultado HBA1C (%).,0,0,0,0,0,
diario,RESULTADOS DE LABORATORIO: Registrar el valor más anormal entre las 00:00 y 24:00 del día de evaluación,labs_renal,Perfil renal y electrolítico,,Se refiere a los resultados del perfil renal.,Indique «Sí» para introducir los resultados de las pruebas del perfil renal.,0,0,0,0,0,
diario,RESULTADOS DE LABORATORIO: Registrar el valor más anormal entre las 00:00 y 24:00 del día de evaluación,labs_ureanitro,Urea / bollo (unidades de selección),,,,0,0,0,,,
diario,RESULTADOS DE LABORATORIO: Registrar el valor más anormal entre las 00:00 y 24:00 del día de evaluación,labs_ureanitro_units,Nitrógeno ureico en sangre (BUN) (unidades seleccionadas),"1, mg/dl | 2, mmol/L",,,0,0,0,,,0
diario,RESULTADOS DE LABORATORIO: Registrar el valor más anormal entre las 00:00 y 24:00 del día de evaluación,labs_ureanitro_mmoll,Urea / Bun (MMOL / L),,Esto se refiere al nitrógeno de urea en sangre (BUN) también llamado urebato de sangre.,Escribe la urea/Bun (MMOL/L).,0,0,0,0,0,
diario,RESULTADOS DE LABORATORIO: Registrar el valor más anormal entre las 00:00 y 24:00 del día de evaluación,labs_ureanitro_mgdl,Urea / Bun (MG / DL),,Nitrógeno de urea de sangre (BUN) también llamado urea de sangre.,Escribe la urea/Bun (Mg/DL).,0,0,0,0,0,
diario,RESULTADOS DE LABORATORIO: Registrar el valor más anormal entre las 00:00 y 24:00 del día de evaluación,labs_creatinine,Creatinina (unidades de selección),,,,0,0,0,,,
diario,RESULTADOS DE LABORATORIO: Registrar el valor más anormal entre las 00:00 y 24:00 del día de evaluación,labs_creatinine_units,Creatinina (unidades seleccionadas),"1, µmol/L | 2 mg/dL",,,0,0,0,,,0
diario,RESULTADOS DE LABORATORIO: Registrar el valor más anormal entre las 00:00 y 24:00 del día de evaluación,labs_creatinine_umoll,Creatinina (Umol/L),,Esto se refiere al nivel de creatinina en la sangre.,Escribe la creatinina sérica (UMOL/L).,0,0,0,0,0,
diario,RESULTADOS DE LABORATORIO: Registrar el valor más anormal entre las 00:00 y 24:00 del día de evaluación,labs_creatinine_mgdl,Creatinina (MG/DL),,Nivel de creatinina en sangre.,Escriba la creatinina sérica (MG/DL).,0,0,0,0,0,
diario,RESULTADOS DE LABORATORIO: Registrar el valor más anormal entre las 00:00 y 24:00 del día de evaluación,labs_sodium,Sodio (mmol/L o mEq/L),,Se refiere al nivel de sodio (Na) en suero en sangre.,Escriba el sodio sérico (mmol/L).,0,0,0,0,0,
diario,RESULTADOS DE LABORATORIO: Registrar el valor más anormal entre las 00:00 y 24:00 del día de evaluación,labs_potassium,Potasio (mmol/L o mEq/L),,Se refiere al nivel de potasio (K) en suero en sangre.,Escriba el potasio sérico (mmol/L).,0,0,0,0,0,
diario,RESULTADOS DE LABORATORIO: Registrar el valor más anormal entre las 00:00 y 24:00 del día de evaluación,labs_creatineki,Creatina quinasa (U/L),,La creatina quinasa o CPK (creatina fosfoquinasa) se refiere al nivel de creatinina quinasa en sangre.,Escriba la creatina quinasa (U/L).,0,0,0,0,0,
diario,RESULTADOS DE LABORATORIO: Registrar el valor más anormal entre las 00:00 y 24:00 del día de evaluación,labs_ldh,Lactato deshidrogenasa / LDH (U/L),,"La lactato deshidrogenasa o LDH se refiere al nivel de LDH en sangre. ",Escriba la LDH (U/L).,0,0,0,0,0,
diario,RESULTADOS DE LABORATORIO: Registrar el valor más anormal entre las 00:00 y 24:00 del día de evaluación,labs_glomerular,"Tasa de filtración glomerular estimada / eGFR (mL/min/1,73 m^2)",,"Se refiere a la TFG estimada (eTFG), calculada por laboratorio.","Escriba la TFG estimada (mL/min/1,73 m^2)",0,0,0,0,0,
diario,RESULTADOS DE LABORATORIO: Registrar el valor más anormal entre las 00:00 y 24:00 del día de evaluación,labs_calcium,Calcio (seleccionar unidades),,Esto se refiere al nivel de calcio sérico (CA) en la sangre.,Escriba el calcio sérico (MMOL/L).,0,0,0,0,0,
diario,RESULTADOS DE LABORATORIO: Registrar el valor más anormal entre las 00:00 y 24:00 del día de evaluación,labs_calcium_units,Calcio (unidades selectas),"1, mmol/l | 2, mEq/l | 3 mg/dL",,,0,0,0,,,0
diario,RESULTADOS DE LABORATORIO: Registrar el valor más anormal entre las 00:00 y 24:00 del día de evaluación,labs_calcium_mmoll,Calcio (mmol/L),,Se refiere al nivel de calcio sérico (Ca) en sangre.,Escriba el calcio sérico (mmol/L).,0,0,0,0,0,
diario,RESULTADOS DE LABORATORIO: Registrar el valor más anormal entre las 00:00 y 24:00 del día de evaluación,labs_calcium_meql,Calcio (mEq/L),,Se refiere al nivel de calcio sérico (Ca) en sangre.,Escriba el calcio sérico (mEq/L).,0,0,0,0,0,
diario,RESULTADOS DE LABORATORIO: Registrar el valor más anormal entre las 00:00 y 24:00 del día de evaluación,labs_calcium_mgdl,Calcio (mg/dL),,Se refiere al nivel de calcio sérico (Ca) en sangre.,Escriba el calcio sérico (mg/dL).,0,0,0,0,0,
diario,RESULTADOS DE LABORATORIO: Registrar el valor más anormal entre las 00:00 y 24:00 del día de evaluación,labs_chlor,Cloruro,,,,0,0,0,,,
diario,RESULTADOS DE LABORATORIO: Registrar el valor más anormal entre las 00:00 y 24:00 del día de evaluación,labs_chlor_units,Cloruro (unidades seleccionadas),"1, mmol/l | 2, mEq/L",,,0,0,0,,,0
diario,RESULTADOS DE LABORATORIO: Registrar el valor más anormal entre las 00:00 y 24:00 del día de evaluación,labs_chlor_mmoll,Cloruro (mmol/L),,,,0,0,0,,,
diario,RESULTADOS DE LABORATORIO: Registrar el valor más anormal entre las 00:00 y 24:00 del día de evaluación,labs_chlor_mgdl,Cloruro (mEq/L),,,,0,0,0,,,
diario,RESULTADOS DE LABORATORIO: Registrar el valor más anormal entre las 00:00 y 24:00 del día de evaluación,labs_magn,Magnesio,,,,0,0,0,,,
diario,RESULTADOS DE LABORATORIO: Registrar el valor más anormal entre las 00:00 y 24:00 del día de evaluación,labs_magn_units,Magnesio (unidades selectas),"1, mmol/l | 2 mg/dL",,,0,0,0,,,0
diario,RESULTADOS DE LABORATORIO: Registrar el valor más anormal entre las 00:00 y 24:00 del día de evaluación,labs_magn_mmoll,Magnesio (mmol/L),,,,0,0,0,,,
diario,RESULTADOS DE LABORATORIO: Registrar el valor más anormal entre las 00:00 y 24:00 del día de evaluación,labs_magn_mgdl,Magnesio (mg/dL),,,,0,0,0,,,
diario,RESULTADOS DE LABORATORIO: Registrar el valor más anormal entre las 00:00 y 24:00 del día de evaluación,labs_inflammatory,Marcadores inflamatorios,,Se refiere a los resultados de las pruebas de marcadores inflamatorios,Indique «Sí» para introducir los resultados de las pruebas de marcadores inflamatorios,0,0,0,0,0,
diario,RESULTADOS DE LABORATORIO: Registrar el valor más anormal entre las 00:00 y 24:00 del día de evaluación,labs_procalcito,Procalcitonina (ng/mL),,"La procalcitonina o PCT se refiere a la procalcitonina sérica. ",Escriba la procalcitonina (ng/mL).,0,0,0,0,0,
diario,RESULTADOS DE LABORATORIO: Registrar el valor más anormal entre las 00:00 y 24:00 del día de evaluación,labs_procalcito_units,Procalcitonina (unidades selectas),"1, ng/mL | 2, µg/L",,,0,0,0,,,0
diario,RESULTADOS DE LABORATORIO: Registrar el valor más anormal entre las 00:00 y 24:00 del día de evaluación,labs_procalcito_ngml,Procalcitonina (ng/ml),,"La procalcitonina o PCT se refiere a la procalcitonina sérica. ",Escribe la procalcitonina (ng/ml).,0,0,0,0,0,
diario,RESULTADOS DE LABORATORIO: Registrar el valor más anormal entre las 00:00 y 24:00 del día de evaluación,labs_procalcito_ugl,Procalcitonina (µg/L),,"La procalcitonina o PCT se refiere a la procalcitonina sérica. ",Escriba la procalcitonina (ng/mL).,0,0,0,0,0,
diario,RESULTADOS DE LABORATORIO: Registrar el valor más anormal entre las 00:00 y 24:00 del día de evaluación,labs_crp,Proteína C reactiva / PCR (seleccionar unidades),,,,0,0,0,,,
diario,RESULTADOS DE LABORATORIO: Registrar el valor más anormal entre las 00:00 y 24:00 del día de evaluación,labs_crp_units,Proteína C reactiva / PCR (unidades seleccionadas),1 mg/l | 2 mg/dL,,,0,0,0,,,0
diario,RESULTADOS DE LABORATORIO: Registrar el valor más anormal entre las 00:00 y 24:00 del día de evaluación,labs_crp_mgl,CRP (MG/L),,"La proteína C reactiva o PCR se refiere a la PCR sérica. ",Escribe el CRP (Mg/L).,0,0,0,0,0,
diario,RESULTADOS DE LABORATORIO: Registrar el valor más anormal entre las 00:00 y 24:00 del día de evaluación,labs_crp_mgdl,Proteína C reactiva / PCR (mg/dL),,"La proteína C reactiva o PCR se refiere a la PCR sérica. ",Escriba la PCR (mg/dL).,0,0,0,0,0,
diario,RESULTADOS DE LABORATORIO: Registrar el valor más anormal entre las 00:00 y 24:00 del día de evaluación,labs_esr,Tasa de sedimentación de eritrocitos / ESR (mm / h),,Tasa de sedimentación de eritrocitos o ESR.,Escribe el ESR (mm/h).,0,0,0,0,0,
diario,RESULTADOS DE LABORATORIO: Registrar el valor más anormal entre las 00:00 y 24:00 del día de evaluación,labs_bloodgas,Prueba de gases en sangre,,Se refiere a los resultados del análisis de gases en sangre.,Indique «Sí» para introducir los resultados del análisis de gases en sangre.,0,0,0,0,0,
diario,RESULTADOS DE LABORATORIO: Registrar el valor más anormal entre las 00:00 y 24:00 del día de evaluación,labs_bloodgas_type,Tipo de muestra de gases en sangre,"1, Arterial | 2, Capilar | 3, Venosa | 99, Desconocida",Se refiere al tipo de muestra de sangre a partir de la cual se realizó el análisis de gases en sangre.,Seleccione la opción más adecuada que represente el tipo de muestra de sangre utilizada para el análisis de gases en sangre.,0,0,0,0,0,0
diario,RESULTADOS DE LABORATORIO: Registrar el valor más anormal entre las 00:00 y 24:00 del día de evaluación,labs_lactate,Lactato (unidades de selección),,,,0,0,0,,,
diario,RESULTADOS DE LABORATORIO: Registrar el valor más anormal entre las 00:00 y 24:00 del día de evaluación,labs_lactate_units,Lactato sérico (unidades selectas),"1, mmol/l | 2 mg/dL",,,0,0,0,,,0
diario,RESULTADOS DE LABORATORIO: Registrar el valor más anormal entre las 00:00 y 24:00 del día de evaluación,labs_lactate_mmoll,Lactato (mmol/l),,Esto se refiere al nivel de lactato sérico en la sangre.,Escriba el lactato sérico (MMOL/L).,0,0,0,0,0,
diario,RESULTADOS DE LABORATORIO: Registrar el valor más anormal entre las 00:00 y 24:00 del día de evaluación,labs_lactate_mgdl,Lactato (mg/dl),,Esto se refiere al nivel de lactato sérico en la sangre.,Escriba el lactato sérico (Mg/DL).,0,0,0,0,0,
diario,RESULTADOS DE LABORATORIO: Registrar el valor más anormal entre las 00:00 y 24:00 del día de evaluación,labs_paco2,PACO2 (unidades de selección),,,,0,0,0,,,
diario,RESULTADOS DE LABORATORIO: Registrar el valor más anormal entre las 00:00 y 24:00 del día de evaluación,labs_paco2_units,PaCO2 (unidades seleccionadas),"1, mmHg | 2kPa",,,0,0,0,,,0
diario,RESULTADOS DE LABORATORIO: Registrar el valor más anormal entre las 00:00 y 24:00 del día de evaluación,labs_paco2_mmhg,PACO2 (MMHG),,Esto se refiere a la presión parcial del dióxido de carbono medido en la sangre arterial registrada en MMHG.,"Escribe el Paco2 (MMHG). Si hay múltiples, informe las medidas del gas en sangre con el pH más bajo (más acidótico) entre las 00:00 y las 24:00 horas el día de la evaluación.",0,0,0,0,0,
diario,RESULTADOS DE LABORATORIO: Registrar el valor más anormal entre las 00:00 y 24:00 del día de evaluación,labs_paco2_kpa,Paco2 (KPA),,Esto se refiere a la presión parcial del dióxido de carbono medido en la sangre arterial registrada en KPA.,"Escribe el Paco2 (KPA). Si hay múltiples, informe las medidas del gas en sangre con el pH más bajo (más acidótico) entre las 00:00 y las 24:00 horas el día de la evaluación.",0,0,0,0,0,
diario,RESULTADOS DE LABORATORIO: Registrar el valor más anormal entre las 00:00 y 24:00 del día de evaluación,labs_ph,ph,,La medición del pH del plasma de una muestra de sangre arterial.,"Escribe el pH. Si hay múltiples, informe la medida con el pH más bajo (más acidótico) entre las 00:00 y las 24:00 horas el día de la evaluación.",0,0,0,0,0,
diario,RESULTADOS DE LABORATORIO: Registrar el valor más anormal entre las 00:00 y 24:00 del día de evaluación,labs_hco3,Bicarbonato / HCO3- (unidades de selección),,"Medición del bicarbonato del plasma de una muestra de sangre arterial. ","Escriba el bicarbonato (mmol/L o mEq/L). Si hay varios, indique las medidas de la gasometría con el pH más bajo (más acidótico) entre las 00:00 y las 24:00 horas del día de la evaluación.",0,0,0,0,0,
diario,RESULTADOS DE LABORATORIO: Registrar el valor más anormal entre las 00:00 y 24:00 del día de evaluación,labs_baseexcess,Exceso base (MMOL/L),,Medición del exceso/déficit de base del plasma de una muestra de sangre arterial.,"Escriba el exceso de base (MMOL/L). Si hay múltiples, informe las medidas del gas en sangre con el pH más bajo (más acidótico) entre las 00:00 y las 24:00 horas el día de la evaluación.",0,0,0,0,0,
diario,RESULTADOS DE LABORATORIO: Registrar el valor más anormal entre las 00:00 y 24:00 del día de evaluación,labs_other,Otros análisis de sangre,,Se refiere a los resultados de otras pruebas/análisis no especificados anteriormente.,Indique «Sí» para introducir los resultados de otras pruebas/análisis no especificados anteriormente.,0,0,0,0,0,
diario,RESULTADOS DE LABORATORIO: Registrar el valor más anormal entre las 00:00 y 24:00 del día de evaluación,labs_cd4,CD4 (unidades de selección),,"Definido como el recuento de linfocitos que expresan CD4 en laboratorio, expresado en 10^6 células/L.",Escriba el recuento de células CD4+ (células/mm^3 o 10^6 células/L o células/µL).,0,0,0,0,0,
diario,RESULTADOS DE LABORATORIO: Registrar el valor más anormal entre las 00:00 y 24:00 del día de evaluación,labs_cd4_units,Recuento de células CD4 (unidades seleccionadas),"1, células/mm^3 | 2, 10^6 células/L | 3, células/μL",,,0,0,0,,,0
diario,RESULTADOS DE LABORATORIO: Registrar el valor más anormal entre las 00:00 y 24:00 del día de evaluación,labs_cd4_celmm,Recuento de células CD4 (células/mm3),,"Se define como el recuento de linfocitos que expresan CD4 realizado en laboratorio, expresado en 10^6 células/L. ",Escriba el recuento de células CD4+ (células/mm^3 o 10^6 células/L o células/µL).,0,0,0,0,0,
diario,RESULTADOS DE LABORATORIO: Registrar el valor más anormal entre las 00:00 y 24:00 del día de evaluación,labs_cd4_106cell,Recuento de células CD4 (10^6 células/L),,"Se define como el recuento de linfocitos que expresan CD4 realizado en laboratorio, expresado en 10^6 células/L. ",Escriba el recuento de células CD4+ (células/mm^3 o 10^6 células/L o células/µL).,0,0,0,0,0,
diario,RESULTADOS DE LABORATORIO: Registrar el valor más anormal entre las 00:00 y 24:00 del día de evaluación,labs_cd4_celul,Recuento de células CD4 (células/µL),,"Definido como el recuento de linfocitos que expresan CD4 realizado en laboratorio, expresado en 10^6 células/L. ",Escriba el recuento de células CD4+ (células/mm^3 o 10^6 células/L o células/µL).,0,0,0,0,0,
diario,RESULTADOS DE LABORATORIO: Registrar el valor más anormal entre las 00:00 y 24:00 del día de evaluación,labs_preg,Prueba de embarazo,"1, Positivo | 0, Negativo | 99, Desconocido",Esto se refiere a las pruebas para determinar si un individuo está embarazada o no. Incluyen pruebas basadas en suero o orina para determinar la presencia de gonadotropina coriónica humana (HCG).,Indique el resultado de la prueba de embarazo.,0,0,0,0,0,0
diario,RESULTADOS DE LABORATORIO: Registrar el valor más anormal entre las 00:00 y 24:00 del día de evaluación,labs_tropi,Troponina I (unidades seleccionadas),,,,0,0,0,,,
diario,RESULTADOS DE LABORATORIO: Registrar el valor más anormal entre las 00:00 y 24:00 del día de evaluación,labs_tropi_units,Troponina I (unidades seleccionadas),"1,ng/L | 2, ng/mL",,,0,0,0,,,0
diario,RESULTADOS DE LABORATORIO: Registrar el valor más anormal entre las 00:00 y 24:00 del día de evaluación,labs_tropi_ngl,Troponina I (Ng/L),,"La troponina I, el músculo cardíaco (210 AA, ~ 24 kDa) está codificado por el gen TNNI3 humano. Esta proteína está involucrada en el movimiento del filamento muscular en las células cardíacas.",Escribe la troponina I (Ng/L).,0,0,0,0,0,
diario,RESULTADOS DE LABORATORIO: Registrar el valor más anormal entre las 00:00 y 24:00 del día de evaluación,labs_tropi_ngml,Troponina I (NG/ml),,"La troponina I, el músculo cardíaco (210 AA, ~ 24 kDa) está codificado por el gen TNNI3 humano. Esta proteína está involucrada en el movimiento del filamento muscular en las células cardíacas.",Escribe la troponina I (ng/ml).,0,0,0,0,0,
diario,RESULTADOS DE LABORATORIO: Registrar el valor más anormal entre las 00:00 y 24:00 del día de evaluación,labs_ferritin,Ferritina (unidades de selección),,"La ferritina es un complejo proteico de hierro, que contiene hasta un 23 % de hierro, formado por la unión del hierro férrico con la apoferritina; se encuentra en la mucosa intestinal, el bazo, la médula ósea, los reticulocitos y el hígado, y regula el almacenamiento y el transporte del hierro desde la luz intestinal al plasma.",Escriba la ferritina sérica (ug/L o ng/mL).,0,0,0,0,0,
diario,RESULTADOS DE LABORATORIO: Registrar el valor más anormal entre las 00:00 y 24:00 del día de evaluación,labs_uric,ácido úrico,,,,0,0,0,,,
diario,RESULTADOS DE LABORATORIO: Registrar el valor más anormal entre las 00:00 y 24:00 del día de evaluación,labs_uric_units,Ácido úrico (unidades seleccionadas),"1, µmol/L | 2 mg/dL",,,0,0,0,,,0
diario,RESULTADOS DE LABORATORIO: Registrar el valor más anormal entre las 00:00 y 24:00 del día de evaluación,labs_uric_umoll,Ácido úrico (μmol/L),,,,0,0,0,,,
diario,RESULTADOS DE LABORATORIO: Registrar el valor más anormal entre las 00:00 y 24:00 del día de evaluación,labs_uric_mgdl,Ácido úrico (mg/dL),,,,0,0,0,,,
diario,RESULTADOS DE LABORATORIO: Registrar el valor más anormal entre las 00:00 y 24:00 del día de evaluación,labs_il6,Interleucina-6 / IL-6 (pg/mL o ng/L),,"Se refiere a una citocina que estimula el crecimiento y la diferenciación de los linfocitos B y es también un factor de crecimiento para los hibridomas y los plasmocitomas. Es producida por muchas células diferentes, incluyendo los linfocitos T, los monocitos y los fibroblastos.",Escriba la IL-6 (pg/mL).,0,0,0,0,0,
diario,RESULTADOS DE LABORATORIO: Registrar el valor más anormal entre las 00:00 y 24:00 del día de evaluación,labs_protein,Proteína TP (unidades seleccionadas),,,,0,0,0,,,
diario,RESULTADOS DE LABORATORIO: Registrar el valor más anormal entre las 00:00 y 24:00 del día de evaluación,labs_protein_units,Proteína total (TP) (unidades seleccionadas),1 g/L | 2 g/dL,,,0,0,0,,,0
diario,RESULTADOS DE LABORATORIO: Registrar el valor más anormal entre las 00:00 y 24:00 del día de evaluación,labs_protein_gdl,Proteína TP (G/DL),,"Esto se refiere a la cantidad de proteína total en la sangre, en G/DL.",Escriba la proteína plasmática total (G/DL).,0,0,0,0,0,
diario,RESULTADOS DE LABORATORIO: Registrar el valor más anormal entre las 00:00 y 24:00 del día de evaluación,labs_protein_gl,Proteína TP (G/L),,"Esto se refiere a la cantidad de proteína total en la sangre, en G/L.",Escriba la proteína plasmática total (G/L).,0,0,0,0,0,
diario,RESULTADOS DE LABORATORIO: Registrar el valor más anormal entre las 00:00 y 24:00 del día de evaluación,labs_csfdesc,Análisis del líquido cefalorraquídeo (LCR),,"Se refiere a los análisis del líquido cefalorraquídeo (LCR) que se realizaron en el momento de la estancia del paciente en el establecimiento clínico (hospital) y se recolectaron en la fecha de la evaluación. En general, no se deben comunicar los resultados rechazados por el equipo clínico (por ejemplo, muestras de sangre hemolizada o resultados microbiológicos contaminados).",,0,0,0,0,,
diario,RESULTADOS DE LABORATORIO: Registrar el valor más anormal entre las 00:00 y 24:00 del día de evaluación,labs_csf_pres,Presión (cm de agua),,Se refiere a la presión de apertura (CMH2O).,Indique la presión de apertura (CM H2O),0,0,0,0,0,
diario,RESULTADOS DE LABORATORIO: Registrar el valor más anormal entre las 00:00 y 24:00 del día de evaluación,labs_csf_app,Apariencia,"1, Clara/incolora | 2, Turbia/nublada | 3, Xantocrómica | 4, Manchada de sangre | 99, Desconocida | 88, Otra",Se refiere a la apariencia macroscópica del CSF.,Seleccione la opción más apropiada correspondiente a la apariencia macroscópica del CSF.,0,0,0,0,0,0
diario,RESULTADOS DE LABORATORIO: Registrar el valor más anormal entre las 00:00 y 24:00 del día de evaluación,labs_csf_appoth,Otra apariencia,,Se refiere a la apariencia macroscópica del CSF.,"Si 'otro', indique la apariencia macroscópica del CSF.",0,0,0,0,0,
diario,RESULTADOS DE LABORATORIO: Registrar el valor más anormal entre las 00:00 y 24:00 del día de evaluación,labs_csf_mm3,Recuento de células CSF (/mm^3),,Se refiere al número de glóbulos rojos y blancos que están en el líquido cefalorraquídeo (LCR).,Indique el recuento de células CSF.,0,0,0,0,0,
diario,RESULTADOS DE LABORATORIO: Registrar el valor más anormal entre las 00:00 y 24:00 del día de evaluación,labs_csf_wbc,Recuento de glóbulos blancos (células/mm^3),,Se refiere al número de glóbulos blancos (leucocitos) en el CSF.,Indique el número de glóbulos blancos (leucocitos) en el LCR.,0,0,0,0,0,
diario,RESULTADOS DE LABORATORIO: Registrar el valor más anormal entre las 00:00 y 24:00 del día de evaluación,labs_csf_rbc,Recuento de glóbulos rojos (células/mm^3),,Se refiere al número de glóbulos rojos (eritrocitos) en el LCR.,Indique el número de glóbulos rojos (eritrocitos) en el LCR.,0,0,0,0,0,
diario,RESULTADOS DE LABORATORIO: Registrar el valor más anormal entre las 00:00 y 24:00 del día de evaluación,labs_csf_glu,Nivel de glucosa (MG/DL),,Se refiere al nivel de glucosa en el CSF.,Indique el nivel de glucosa en el LCR.,0,0,0,0,0,
diario,RESULTADOS DE LABORATORIO: Registrar el valor más anormal entre las 00:00 y 24:00 del día de evaluación,labs_csf_pro,Nivel de proteína (MG/DL),,Se refiere al nivel de proteína en el LCR.,Indique el nivel de proteína en el LCR.,0,0,0,0,0,
diario,RESULTADOS DE LABORATORIO: Registrar el valor más anormal entre las 00:00 y 24:00 del día de evaluación,labs_csf_cul,Resultado de la cultura de CSF,"1, Crecimiento | 0, Sin crecimiento | 99, Desconocido","Se refiere a un resultado positivo de la cultura del LCR, en el que se cultivó un organismo en la cultura.",Seleccione la opción más apropiada correspondiente al resultado de la cultura CSF.,0,0,0,0,0,0
diario,RESULTADOS DE LABORATORIO: Registrar el valor más anormal entre las 00:00 y 24:00 del día de evaluación,labs_csf_culres,Si el crecimiento en la cultura de CSF: especifique el resultado de la cultura de CSF,,Se refiere al organismo cultivado en la cultura del LCR.,Indique los organismos detectados en el cultivo de LCR.,0,0,0,0,0,
diario,RESULTADOS DE LABORATORIO: Registrar el valor más anormal entre las 00:00 y 24:00 del día de evaluación,labs_csf_other,Otros hallazgos en el LCR,"1, Sí | 0, No",Se refiere a otros hallazgos en el LCR que no se enumeran anteriormente.,Indique «Sí» si hay otros hallazgos en el LCR que no figuran en la lista anterior.,0,0,0,0,0,0
diario,RESULTADOS DE LABORATORIO: Registrar el valor más anormal entre las 00:00 y 24:00 del día de evaluación,labs_csf_other_spec,Especifique otros hallazgos en el LCR,,"Se refiere a otros hallazgos en el LCR que no se enumeran anteriormente. ","Si la respuesta es «Sí», especifique los hallazgos en el LCR que no figuran en la lista anterior.",0,0,0,0,0,
diario,IMÁGENES,imagi_dailydata,¿Desea introducir los datos de las pruebas de imagen de esta fecha?,"1, Sí | 0, No",Se refiere únicamente a las pruebas de imagen o radiológicas que se realizaron durante la estancia del paciente en el centro clínico (hospital) y se recogieron en la fecha de la evaluación.,Indique «Sí» si se realizaron pruebas de imagen o radiológicas durante la estancia del paciente en el centro clínico (hospital) y se recogieron en la fecha de la evaluación.,0,0,0,0,0,0
diario,IMÁGENES,imagi_xray,Radiografía,"1, Sí | 0, No | 99, Desconocido","Esto se refiere a cualquier radiografía de tórax que se realizó en el momento en que el paciente permaneció en el centro clínico (hospital) y recogido en la fecha de evaluación. La radiografía de tórax se refiere a la visualización radiológica del tórax y los órganos de la cavidad torácica; no restringido a la visualización de los pulmones, utilizando radiografías.",Indique «Sí» si se realizó alguna radiografía de tórax durante la estancia del paciente en el centro clínico (hospital) y se recogió en la fecha de la evaluación.,0,0,0,0,0,0
diario,IMÁGENES,imagi_xray_date,En caso afirmativo de la radiografía de tórax realizada: fecha de rayos X de cofre,,Esto se refiere a la fecha en que se realizó la radiografía del pecho.,Escriba la fecha en que se realizó la radiografía de tórax (use el formato DD/mm/aaa yyyy).,0,0,0,0,0,
diario,IMÁGENES,imagi_xray_result,"En caso afirmativo, se realizó la radiografía: los hallazgos de rayos X de tórax asociados con esta enfermedad.","1, Normal o sin cambios agudos | 5, Anormal o con cambios agudos | 99, Desconocido",Esto se refiere a los hallazgos de rayos X de tórax asociados con esta enfermedad.,Seleccione la opción más apropiada correspondiente a los hallazgos de rayos X de tórax asociados con esta enfermedad.,0,0,0,0,0,0
diario,IMÁGENES,imagi_xray_newinfilt,Nuevos infiltrados presentes en rayos X,"1, Sí, bilateral | 2, Sí, unilateral | 0, No | 99, Desconocido","Se refiere a nuevos infiltrados pulmonares presentes en la radiografía de tórax actual, no visualizados en radiografías de tórax anteriores del paciente. Los infiltrados pulmonares se producen cuando una sustancia más densa que el aire (por ejemplo, pus, edema, sangre, surfactante, proteínas o células) está presente en el parénquima pulmonar. Los infiltrados pulmonares bilaterales están presentes en ambos pulmones. Los infiltrados pulmonares unilaterales están presentes en un solo pulmón. ","Seleccione la opción más apropiada correspondiente a los nuevos infiltrados pulmonares presentes en la radiografía de tórax actual, no visualizada en radiografías de tórax anteriores del paciente.",0,0,0,0,0,0
diario,IMÁGENES,imagi_xray_infiltyp,Infiltrados en rayos X consistentes con,"1, Neumonitis viral | 2, Neumonía bacteriana | 3, Edema pulmonar | 99, Desconocido","Se refiere a la afección patológica con la que pueden ser compatibles los infiltrados pulmonares observados en la radiografía de tórax. La neumonitis viral produce característicamente un engrosamiento perihiliar peribronquial bilateral e infiltrados intersticiales que, especialmente en los niños, debido al pequeño calibre de sus vías respiratorias, pueden dar lugar a áreas de atelectasia o atrapamiento de aire. La neumonía bacteriana produce característicamente opacidades pulmonares focales segmentarias (es decir, bronconeumonía) o lobulares (es decir, neumonía lobular). El edema pulmonar puede caracterizarse por la cefalización de los vasos del lóbulo superior, opacidades intersticiales, manguitos peribronquiales, líneas septales (líneas de Kerley B), opacificación del espacio aéreo (llenado de los alvéolos con líquido) que puede tener una distribución perihiliar o en «ala de murciélago» cuando es grave y aguda, y derrame pleural. ",Seleccione todo lo que se aplique.,0,0,0,0,0,0
diario,IMÁGENES,imagi_xray_pleueff,Derrame pleural en rayos X,"1, Sí | 0, No | 99, Desconocido",Esto se refiere a la presencia de líquido en la cavidad pleural resultante de la transudación o exudación excesiva de las superficies pleurales.,"Indique 'sí', si se visualizó el derrame pleural en la radiografía de tórax.",0,0,0,0,0,0
diario,IMÁGENES,imagi_xray_resultpleu,En caso afirmativo: derrame pleural en detalles de rayos X,"1, Unilateral | 2, Bilateral",Esto se refiere a la ubicación del derrame pleural.,Indique la ubicación del derrame pleural.,0,0,0,0,0,0
diario,IMÁGENES,imagi_xray_resultpleusite,Si es así: lado (s) donde se identificó el derrame pleural,"1, Derecha | 2, Izquierda",Esto se refiere al lado donde se encuentra el derrame pleural unilateral.,Indique el lado del derrame pleural.,0,0,0,0,0,0
diario,IMÁGENES,imagi_ctchest,TC de tórax realizada,"1, Sí | 0, No | 99, Desconocido",Se refiere a la tomografía computarizada del tórax.,Indique «Sí» si se realizó alguna TC torácica durante la estancia del paciente en el centro clínico (hospital) y se recopiló en la fecha de la evaluación.,0,0,0,0,0,0
diario,IMÁGENES,imagi_ctchest_result,En caso afirmativo: CT Hallazgos del cofre asociados con esta enfermedad,"1, Normal o sin cambios agudos | 5, Anormal o con cambios agudos | 99, Desconocido","Se refiere a los hallazgos identificados en el cofre CT. Los infiltrados pulmonares se refieren a la presencia de infiltrados pulmonares o pulmonares y pueden incluir infiltrados alveolares, del aire, intersticiales o nodulares y típicamente se refiere a una sustancia o tipo de célula que es extraña al pulmón o se acumula en una cantidad mayor que normal dentro de él .",Seleccione la opción más adecuada que corresponda a los hallazgos de la TC torácica asociados a esta enfermedad.,0,0,0,0,0,0
diario,IMÁGENES,imagi_ctchest_infiltra,Nuevos infiltrados presentes en CT,"1, Sí, bilateral | 2, Sí, unilateral | 0, No | 99, Desconocido","Se refiere a nuevos infiltrados pulmonares presentes en la TC de tórax actual, no visualizados en radiografías de tórax anteriores del paciente. Los infiltrados pulmonares se producen cuando una sustancia más densa que el aire (por ejemplo, pus, edema, sangre, surfactante, proteínas o células) está presente en el parénquima pulmonar. Los infiltrados pulmonares bilaterales están presentes en ambos pulmones. Los infiltrados pulmonares unilaterales están presentes en un solo pulmón.","Seleccione la opción más apropiada correspondiente a los nuevos infiltrados pulmonares presentes en la tomografía computarizada de tórax actual, no visualizada en radiografías de tórax anteriores del paciente.",0,0,0,0,0,0
diario,IMÁGENES,imagi_ctchest_infiltyp,Infiltrados en el pecho CT consistente con,"1, Neumonitis viral | 2, Neumonía bacteriana | 3, Edema pulmonar | 99, Desconocido","Se refiere a la afección patológica con la que pueden ser compatibles los infiltrados pulmonares en la radiografía de tórax. La neumonitis viral produce característicamente un engrosamiento perihiliar peribronquial bilateral e infiltrados intersticiales que, especialmente en los niños, debido al pequeño calibre de sus vías respiratorias, pueden dar lugar a áreas de atelectasia o atrapamiento de aire. La neumonía bacteriana produce característicamente opacidades pulmonares focales segmentarias (es decir, bronconeumonía) o lobulares (es decir, neumonía lobular). El edema pulmonar puede caracterizarse por la cefalización de los vasos del lóbulo superior, opacidades intersticiales, manguitos peribronquiales, líneas septales (líneas de Kerley B), opacificación del espacio aéreo (llenado de los alvéolos con líquido) que puede tener una distribución perihiliar o en «ala de murciélago» cuando es grave y aguda, y derrame pleural. ",Seleccione todo lo que se aplique.,0,0,0,0,0,0
diario,IMÁGENES,imagi_ctchest_pleueff,Derrame pleural en el cofre CT,"1, Sí | 0, No | 99, Desconocido",Esto se refiere a la presencia de líquido en la cavidad pleural resultante de la transudación o exudación excesiva de las superficies pleurales.,"Indique 'sí', si se visualizó el derrame pleural en la tomografía computarizada del pecho.",0,0,0,0,0,0
diario,IMÁGENES,imagi_ctchest_resultpleudet,En caso afirmativo: derrame pleural en detalles del cofre de CT,"1, Unilateral | 2, Bilateral",Esto se refiere a la ubicación del derrame pleural.,Indique la ubicación del derrame pleural.,0,0,0,0,0,0
diario,IMÁGENES,imagi_ctbrain,Cerebro CT,"1, Sí | 0, No | 99, Desconocido",Se refiere a la tomografía computarizada del cerebro.,Indique «Sí» si se realizó alguna TC cerebral durante la estancia del paciente en el centro clínico (hospital) y se recogió en la fecha de la evaluación.,0,0,0,0,0,0
diario,IMÁGENES,imagi_ctbrain_date,Fecha de cerebro de CT,,Esto se refiere a la fecha de la tomografía computarizada cerebral.,Escriba la fecha en que se realizó la CT (use el formato DD/mm/aaa yyyy).,0,0,0,0,0,
diario,IMÁGENES,imagi_ctbrain_findings,Hallazgos del cerebro CT,,Esto se refiere a los hallazgos clave de la tomografía computarizada del cerebro.,Escriba los hallazgos clave de la tomografía computarizada del cerebro.,0,0,0,0,0,
diario,IMÁGENES,imagi_mrib,MRI cerebro,"1, Sí | 0, No | 99, Desconocido",Se refiere a la resonancia magnética (RM) del cerebro.,Indique «Sí» si se realizó alguna resonancia magnética cerebral durante la estancia del paciente en el centro clínico (hospital) y se recogió en la fecha de la evaluación.,0,0,0,0,0,0
diario,IMÁGENES,imagi_mrib_date,Fecha de resonancia magnética,,Esto se refiere a la fecha de la exploración por resonancia magnética cerebral.,Escriba la fecha en que se realizó la resonancia magnética (use el formato dd/mm/aaa yyyy).,0,0,0,0,0,
diario,IMÁGENES,imagi_mrib_findings,Hallazgos de la resonancia magnética,,Esto se refiere a los hallazgos clave de la exploración por resonancia magnética cerebral.,Escriba los hallazgos clave de la exploración de resonancia magnética cerebral.,0,0,0,0,0,
diario,IMÁGENES,imagi_ultrasound,ULTRASONIDO,"1, Sí | 0, No | 99, Desconocido",Se refiere a cualquier ecografía que se haya realizado durante la estancia del paciente en el centro clínico (hospital) y que se haya recopilado en la fecha de la evaluación.,Indique «Sí» si se realizó una ecografía durante la estancia del paciente en el centro clínico (hospital) y se recogió en la fecha de la evaluación.,0,0,0,0,0,0
diario,IMÁGENES,imagi_ultrasound_date,En caso afirmativo al ultrasonido realizado: fecha de ultrasonido,,Esto se refiere a la fecha en que se realizó la imagen de ultrasonido.,Escriba la fecha en que se realizó la prueba de imagen de ultrasonido (use el formato DD/mm/aaa yyyy).,0,0,0,0,0,
diario,IMÁGENES,imagi_ultrasound_site,Región de la ecografía,"1, Solo tórax | 2, Solo abdomen | 3, Tórax y abdomen | 99, Desconocido",Se refiere a la región del cuerpo que se evaluó mediante ecografía.,Indique la región del cuerpo que se evaluó mediante ecografía.,0,0,0,0,0,0
diario,IMÁGENES,imagi_ultrasound_findi,En caso afirmativo al ultrasonido realizado: hallazgos de ultrasonido asociados con esta enfermedad,"1, Normal o sin cambios agudos | 5, Anormal o con cambios agudos | 99, Desconocido",Esto se refiere a los hallazgos de imágenes de ultrasonido asociados con esta enfermedad.,Seleccione la opción más apropiada correspondiente a los hallazgos de imágenes de ultrasonido asociados con esta enfermedad.,0,0,0,0,0,0
diario,IMÁGENES,imagi_ultrasound_asc,Ascitis,"1, Sí | 0, No | 99, Desconocido",La ascitis se refiere a un aumento patológico de líquido en la cavidad peritoneal.,Indique 'sí' si la ascitis se identificó en ultrasonido en la fecha de evaluación. Indique 'no' si no hubo ascitis en ultrasonido en la fecha de evaluación. Si la cavidad peritoneal no fue examinada por ultrasonido para la ascitis en la fecha de evaluación indican 'desconocido'.,0,0,0,0,0,0
diario,IMÁGENES,imagi_ultrasound_ascsit,Si es así: calificación de ascitis,"1, Pequeño | 2, Moderado | 3, Grave","La ascitis leve/pequeña (grado 1) es detectable solo por ecografía y generalmente requiere aproximadamente 100 ml de fluido (donde el volumen normal es de aproximadamente 25-50 ml); Ascitis moderada (grado 2) que implica al menos 500-1000 ml de líquido peritoneal y se detectó con un examen físico; La ascitis severa (Grado 3) se refiere a la manifestación del abdomen muy distendido, puede describirse como ascitis tensa.","Seleccione la opción más adecuada que corresponda al grado de ascitis detectado en la ecografía. ",0,0,0,0,0,0
diario,IMÁGENES,imagi_ultrasound_consoli,Consolidación,"1, Sí | 0, No | 99, Desconocido",Esto se refiere a la presencia de un área radiopaca en el pulmón. La opacificación es causada por un material fluido o sólido dentro de las vías respiratorias o el parénquima pulmonar.,"Indique «Sí» si se identificó consolidación en la ecografía en la fecha de la evaluación. Indique «No» si no había derrame pleural en la ecografía en la fecha de la evaluación. Indique «Desconocido» si no se examinó el espacio pleural mediante ecografía para detectar derrames pleurales en la fecha de la evaluación. ",0,0,0,0,0,0
diario,IMÁGENES,imagi_ultrasound_pleff,Derrame pleural,"1, Sí | 0, No | 99, Desconocido",El derrame pleural se refiere a un aumento patológico del líquido en el espacio pleural.,Indique «Sí» si se identificó derrame pleural en la ecografía en la fecha de la evaluación. Indique «No» si no hubo derrame pleural en la ecografía en la fecha de la evaluación. Indique «Desconocido» si no se examinó el espacio pleural mediante ecografía para detectar derrame pleural en la fecha de la evaluación.,0,0,0,0,0,0
diario,IMÁGENES,imagi_ultrasound_plefr,En caso afirmativo al derrame pleural: derrame pleural tamaño correcto (CM),,Se refiere a la profundidad del derrame pleural en centímetros (cm).,Indique la profundidad del derrame pleural en el lado derecho en centímetros (cm).,0,0,0,0,0,
diario,IMÁGENES,imagi_ultrasound_plefl,En caso afirmativo al derrame pleural: derrame pleural tamaño izquierdo (CM),,Se refiere a la profundidad del derrame pleural en centímetros (cm).,Indique la profundidad del derrame pleural en el lado izquierdo en centímetros (cm).,0,0,0,0,0,
diario,IMÁGENES,imagi_ultrasound_peric,Derrame pericárdico,"1, Sí | 0, No | 99, Desconocido",El derrame pericárdico se refiere a un aumento patológico del líquido en el espacio pericárdico.,"Si se identificó derrame pericárdico en la ecografía en la fecha de la evaluación, indique «Sí». Si no hubo derrame pericárdico en la ecografía en la fecha de la evaluación, indique «No». Si no se examinó el espacio pericárdico mediante ecografía para detectar un derrame pericárdico en la fecha de la evaluación, indique «Desconocido». ",0,0,0,0,0,0
diario,IMÁGENES,imagi_ultrasound_perics,En caso afirmativo: tamaño de derrame pericárdico (CM),,Se refiere a la profundidad del derrame pericárdico en centímetros (cm).,Indique la profundidad del derrame pericárdico en el lado izquierdo en centímetros (cm).,0,0,0,0,0,
diario,IMÁGENES,imagi_liversize,Tamaño del hígado (CM),,"Se refiere a la longitud craneocaudal del hígado a lo largo de la línea mediana, en centímetros (cm).","Indique la longitud craneocaudal del hígado a lo largo de la línea mediana, en centímetros (cm).",0,0,0,0,0,
diario,IMÁGENES,imagi_gallbladder,Muro de la vesícula biliar (mm),,"Se refiere al grosor de la pared de la vesícula biliar, en milímetros (mm).","Indique el grosor de la pared de la vesícula biliar, en milímetros (mm).",0,0,0,0,0,
diario,IMÁGENES,imagi_ultrasound_unlisted,Otros hallazgos (s),"1, Sí | 0, No | 99, Desconocido",Se refiere a otros hallazgos de ultrasonido que son clínicamente relevantes.,"Indique 'sí', si hay otros hallazgos de imágenes de ultrasonido que son clínicamente relevantes.",0,0,0,0,0,0
diario,IMÁGENES,imagi_ultrasound_unlistedoth,En caso afirmativo: especifique otros hallazgos,,Se refiere a otros hallazgos de imágenes de ultrasonido que son clínicamente relevantes.,"Si «Sí», especifique los demás hallazgos ecográficos clínicamente relevantes.",0,0,0,0,0,
diario,IMÁGENES,imagi_ecg,Electrocardiograma (ECG),"1, Sí-normal | 2, Sí-anormal | 0, No | 99, Desconocido","Se refiere a un estudio que evalúa el efecto de un tratamiento sobre la actividad eléctrica cardíaca, según lo evaluado por la electrocardiografía.",Seleccione las opciones más apropiadas que corresponda a los hallazgos de ECG.,0,0,0,0,0,0
diario,IMÁGENES,imagi_ecg_spec,Resumen de ECG,,Se refiere a un resumen de los hallazgos clave del ECG,Si 'Yes-Abnormal' da un resumen de los hallazgos clave del ECG.,0,0,0,0,0,
diario,IMÁGENES,imagi_ecg_date,Fecha de ECG,,Se refiere a la fecha del ECG,Escriba la fecha en formato DD/mm/aaa yyyy.,0,0,0,0,0,
medicación,MEDICACIÓN: Registrar medicamentos administrados o prescritos desde el día de presentación hasta el alta o desenlace (una forma por medicamento),medi_medtype,Agentes seleccionados administrados durante el hospitalizado o al alta (un formulario por medicamento),,"Se refiere a todos los medicamentos administrados en cualquier momento durante la admisión del paciente en el centro clínico (hospital), incluido el servicio de urgencias, y recetados al alta.","Indique el tipo de agente, para todos los medicamentos administrados en cualquier momento durante la estancia del paciente en el centro clínico (hospital), incluido el servicio de urgencias, y prescritos al alta.",0,0,0,0,0,
medicación,MEDICACIÓN: Registrar medicamentos administrados o prescritos desde el día de presentación hasta el alta o desenlace (una forma por medicamento),medi_treat,¿Este medicamento está tratando la enfermedad?,"1, Sí | 0, No",Se refiere a si el medicamento se está utilizando para tratar la enfermedad causada por el patógeno de interés.,Indique 'sí' si este medicamento se está utilizando para tratar la enfermedad causada por el patógeno de interés.,0,0,0,0,0,0
medicación,MEDICACIÓN: Registrar medicamentos administrados o prescritos desde el día de presentación hasta el alta o desenlace (una forma por medicamento),medi_antiviralagent,Antivírico,,"Se refiere a cualquier agente prescrito específicamente para tratar una infección viral sospechada o confirmada. Los ejemplos de inhibidores de la neuraminidasa incluyen oseltamivir, ribavirina, aciclovir y lopinavir/ritonavir. Las preparaciones tópicas no están incluidas.","Seleccione los agentes antivirales administrados en cualquier momento durante el ingreso del paciente en el centro clínico (hospital), incluso en el departamento de emergencias, y prescribidos al alta.",0,0,0,0,0,
medicación,MEDICACIÓN: Registrar medicamentos administrados o prescritos desde el día de presentación hasta el alta o desenlace (una forma por medicamento),medi_antibioagent,Antibiótico,,Los antibióticos se refieren a cualquier agente que se dirige selectivamente a las bacterias.,"Seleccione los agentes de antibióticos administrados en cualquier momento durante el ingreso del paciente en el centro clínico (hospital), incluso en el departamento de emergencias, y prescribidos al alta.",0,0,0,0,0,
medicación,MEDICACIÓN: Registrar medicamentos administrados o prescritos desde el día de presentación hasta el alta o desenlace (una forma por medicamento),medi_topicantibiotgent,Antibiótico tópico,"1, Penicilinas | 2, Cefalosporinas | 3, Tetraciclinas | 4, Aminoglucósidos | 5, Macrólidos | 6, Sulfonamidas y trimetoprim | 7, Quinolonas | 99, Desconocido | 88, Otros",Se refiere a la clase antibiótica de antibióticos tópicos administrados durante el ingreso y/o prescrito en el alta.,Indique la clase de antibióticos tópicos administrados durante la admisión y/o prescrito en el alta,0,0,0,0,0,0
medicación,MEDICACIÓN: Registrar medicamentos administrados o prescritos desde el día de presentación hasta el alta o desenlace (una forma por medicamento),medi_corticost,Corticosteroide,,"Los corticosteroides (comúnmente denominados 'esteroides') se refieren a todos los tipos de corticosteroides terapéuticos, hechos en la corteza suprarrenal (la parte externa de la glándula suprarrenal). También se hacen en el laboratorio. Los ejemplos incluyen: prednisolona, ​​prednisona, metil-prednisolona, ​​dexametasona, hidrocortisona, fluticasona, betametasona. No se incluyen preparaciones tópicas, pero se incluyen preparaciones inhaladas.","Seleccione los corticosteroides administrados en cualquier momento durante el ingreso del paciente en el centro clínico (hospital), incluso en el departamento de emergencias, y prescribidos al alta.",0,0,0,0,0,
medicación,MEDICACIÓN: Registrar medicamentos administrados o prescritos desde el día de presentación hasta el alta o desenlace (una forma por medicamento),medi_anticoaguagent,Anticoagulación,,"Un anticoagulante se refiere a cualquier agente capaz de prevenir la formación de coágulos sanguíneos o agregación plaquetaria. Esto incluye agentes como heparina, warfarina, aspirina, clopidogrel y anticoagulantes administrados subcutáneamente, entre muchos otros. Las preparaciones tópicas no están incluidas.","Seleccione los anticoagulantes administrados en cualquier momento durante el ingreso del paciente en el centro clínico (hospital), incluso en el departamento de emergencias, y se les prescribió al alta.",0,0,0,0,0,
medicación,MEDICACIÓN: Registrar medicamentos administrados o prescritos desde el día de presentación hasta el alta o desenlace (una forma por medicamento),medi_anticoaguagent_ind,Indicación de anticoagulación,"1, Terapéutico (tratamiento de TVP/EP) | 2, Profilaxis reforzada para infección por patógeno de interés | 3, Profilaxis rutinaria en pacientes hospitalizados | 99, Desconocido",Esto se refiere a la indicación de los anticoagulantes.,Seleccione la opción más apropiada correspondiente a la indicación de los anticoagulantes.,0,0,0,0,0,0
medicación,MEDICACIÓN: Registrar medicamentos administrados o prescritos desde el día de presentación hasta el alta o desenlace (una forma por medicamento),medi_antifungagent,Agente antifúngico,,"Se refiere a cualquier agente (s) inhibir el crecimiento de hongos o matar, prescritos específicamente para tratar una infección fúngica sospechada o confirmada.","Seleccione los agentes antifúngicos administrados en cualquier momento durante el ingreso del paciente en el centro clínico (hospital), incluso en el departamento de emergencias, y prescribidos al alta.",0,0,0,0,0,
medicación,MEDICACIÓN: Registrar medicamentos administrados o prescritos desde el día de presentación hasta el alta o desenlace (una forma por medicamento),medi_inotropesvasopressor,Inotropes / vasopresores,"1, Vasopresina | 2, Fenilefrina | 3, Epinefrina | 4, Norepinefrina | 5, Dopamina | 6, Angiotensina II | 7, Terlipresina | 88, Otros","Esto se refiere al uso continuo de un vasopresor o inotropeo durante al menos una hora. Los agentes incluyen noradrenalina, epinefrina, vasopresina, terlipresina y fenilefrina. Los inotropos 'positivos' comúnmente utilizados incluyen dobutamina, dopamina, milrinona y adrenalina (epinefrina).","Seleccione el vasopresor o agente de inotrope administrado en cualquier momento durante el ingreso del paciente en el centro clínico (hospital), incluso en el departamento de emergencias, y prescribido al alta.",0,0,0,0,0,0
medicación,MEDICACIÓN: Registrar medicamentos administrados o prescritos desde el día de presentación hasta el alta o desenlace (una forma por medicamento),medi_analgesic,Agente analgésico,"1, Paracetamol | 2, AINE | 3, Opiáceos | 4, Ketamina | 99, Desconocido | 88, Otros","Se refiere a cualquier agente que alivie el dolor sin pérdida de conciencia. Entre ellos se incluyen los agentes analgésicos opioides, no opioides y adyuvantes.","Indique el agente o agentes analgésicos administrados en cualquier momento durante la estancia del paciente en el centro clínico (hospital), incluido el servicio de urgencias, y prescritos al alta.",0,0,0,0,0,0
medicación,MEDICACIÓN: Registrar medicamentos administrados o prescritos desde el día de presentación hasta el alta o desenlace (una forma por medicamento),medi_antipruritic,Agente antiprurítico,"1, Hidrocortisona | 2, Calamina | 3, Antihistamínicos | 4, Hidroxizina | 99, Desconocido | 88, Otros",Esto se refiere a cualquier agente (s) que alivia la picazón (prurito).,"Seleccione los agentes antipruríticos administrados en cualquier momento durante el ingreso del paciente en el centro clínico (hospital), incluso en el departamento de emergencias, y se les prescribió al alta.",0,0,0,0,0,0
medicación,MEDICACIÓN: Registrar medicamentos administrados o prescritos desde el día de presentación hasta el alta o desenlace (una forma por medicamento),medi_immunosupp,Fármacos inmunosupresores (no esteroideos),,Se refiere a un paciente que se sabe que ha tomado medicamentos recetados que tienen un efecto inmunosupresor (excluidos los esteroides/corticosteroides).,Seleccione la opción más adecuada que corresponda a la indicación del inmunosupresor o los inmunosupresores.,0,0,0,0,0,
medicación,MEDICACIÓN: Registrar medicamentos administrados o prescritos desde el día de presentación hasta el alta o desenlace (una forma por medicamento),medi_ivig,Tipo de inmunoglobulina intravenosa,"1, inmunoglobulina policlonal | 2, inmunoglobulina específica | 99, desconocido | 88, otros","Se refiere al tipo de inmunoglobulina intravenosa. ",Seleccione la opción más adecuada que represente el tipo de inmunoglobulina intravenosa administrada.,0,0,0,0,0,0
medicación,MEDICACIÓN: Registrar medicamentos administrados o prescritos desde el día de presentación hasta el alta o desenlace (una forma por medicamento),medi_ivig_oth,Especifique otro tipo de inmunoglobulina intravenosa,,"Si es «Otro», especifique el tipo de inmunoglobulina intravenosa.","Especifique el tipo de inmunoglobulina intravenosa. ",0,0,0,0,0,
medicación,MEDICACIÓN: Registrar medicamentos administrados o prescritos desde el día de presentación hasta el alta o desenlace (una forma por medicamento),medi_route,Vía de administración del medicamento,"1, oral | 2, subcutánea | 3, inhalada | 4, intravenosa | 5, tópica | 99, desconocido | 88, otros",Se refiere a la vía de administración del medicamento.,Seleccione la opción más adecuada que represente la vía de administración del medicamento.,0,0,0,0,0,0
medicación,MEDICACIÓN: Registrar medicamentos administrados o prescritos desde el día de presentación hasta el alta o desenlace (una forma por medicamento),medi_route_oth,Especifique otra vía,,Se refiere a la vía de administración del medicamento.,"Si es «Otra», indique la vía de administración del medicamento.",0,0,0,0,0,
medicación,MEDICACIÓN: Registrar medicamentos administrados o prescritos desde el día de presentación hasta el alta o desenlace (una forma por medicamento),medi_localanest,anestésico local,"1, lidocaína | 2, bupivacaína | 3, ropivacaína | 88, otro",,,0,0,0,,,1
medicación,MEDICACIÓN: Registrar medicamentos administrados o prescritos desde el día de presentación hasta el alta o desenlace (una forma por medicamento),medi_localanest_other,Especificar otro Anestésico local,,,,0,0,0,,,
medicación,MEDICACIÓN: Registrar medicamentos administrados o prescritos desde el día de presentación hasta el alta o desenlace (una forma por medicamento),medi_medstartdate,El agente de la fecha inició / Primera dosis,,Se refiere a la fecha en que se inició el medicamento o se administró la primera dosis.,Ingrese la fecha en formato DD/mm/aa yyyy.,0,0,0,0,0,
medicación,MEDICACIÓN: Registrar medicamentos administrados o prescritos desde el día de presentación hasta el alta o desenlace (una forma por medicamento),medi_medongoing,¿Tratamiento en curso?,"1, sí | 2, no | 99, desconocido",Se refiere al tratamiento en curso con medicamentos utilizados para tratar la enfermedad causada por el patógeno de interés.,Indique si existe un tratamiento en curso con medicamentos utilizados para tratar la enfermedad causada por el patógeno de interés.,0,0,0,0,0,0
medicación,MEDICACIÓN: Registrar medicamentos administrados o prescritos desde el día de presentación hasta el alta o desenlace (una forma por medicamento),medi_medenddate,Fecha de agente finalizado / última dosis,,test,Ingrese la fecha en formato DD/mm/aa yyyy.,0,0,0,1,0,
medicación,MEDICACIÓN: Registrar medicamentos administrados o prescritos desde el día de presentación hasta el alta o desenlace (una forma por medicamento),medi_numdays,Número total de días de tratamiento dado,,Esto se refiere al número total de días para los cuales se recibió o se le indicó a una dosis de tomar la prescripción de alta.,Ingrese el número total de días para los cuales se recibió o se le indicó a una dosis de tomar la prescripción de alta.,0,0,0,0,0,
medicación,MEDICACIÓN: Registrar medicamentos administrados o prescritos desde el día de presentación hasta el alta o desenlace (una forma por medicamento),medi_stopreason,Motivos para interrumpir el tratamiento,"1, Mejoras | 2, Empeoramiento | 3, Fallecimiento | 4, Otros acontecimientos adversos | 99, Desconocido | 88, Otros",Se refiere al motivo por el que se interrumpió el tratamiento.,Seleccione la opción más adecuada que corresponda al motivo por el que se interrumpió el tratamiento.,0,0,0,0,0,0
medicación,MEDICACIÓN: Registrar medicamentos administrados o prescritos desde el día de presentación hasta el alta o desenlace (una forma por medicamento),medi_stopreason_oth,Especifique otros motivos,,Se refiere al motivo por el que se interrumpió el tratamiento.,"Si es «Otro», especifique el motivo por el que se interrumpió el tratamiento.",0,0,0,0,0,
medicación,MEDICACIÓN: Registrar medicamentos administrados o prescritos desde el día de presentación hasta el alta o desenlace (una forma por medicamento),medi_frequency,Frecuencia,,"Se refiere a la frecuencia de la administración de medicina especificada en un período de 24 horas (00:00 a 24:00 horas). Los ejemplos incluyen 'cada 4 horas', 'dos ​​veces al día', etc.","Indique la frecuencia de administración del medicamento especificado en un periodo de 24 horas (de 00:00 a 24:00 horas). Algunos ejemplos son «cada 4 horas», «dos veces al día», etc.",0,0,0,0,0,
medicación,MEDICACIÓN: Registrar medicamentos administrados o prescritos desde el día de presentación hasta el alta o desenlace (una forma por medicamento),medi_dose,Dosis,,"Esto se refiere a la dosis de la medicación administrada en cualquier momento durante el ingreso del paciente en el centro clínico (hospital), incluso en el departamento de emergencias, y prescribido al alta.","Escribir la dosis; No incluya unidades, ya que esto se hace en la siguiente pregunta.",0,0,0,0,0,
medicación,MEDICACIÓN: Registrar medicamentos administrados o prescritos desde el día de presentación hasta el alta o desenlace (una forma por medicamento),medi_units,Unidades,,"Esto se refiere a la dosis de la medicación administrada en cualquier momento durante el ingreso del paciente en el centro clínico (hospital), incluso en el departamento de emergencias, y prescribido al alta.",Escribe las unidades de la dosis.,0,0,0,0,0,1
medicación,MEDICACIÓN: Registrar medicamentos administrados o prescritos desde el día de presentación hasta el alta o desenlace (una forma por medicamento),medi_units_oth,Unidades (otras),,"Se refiere a la dosis del medicamento administrada en cualquier momento durante el ingreso del paciente en el centro clínico (hospital), incluido el servicio de urgencias, y prescrita al alta.",Escribe las unidades de la dosis.,0,0,0,0,0,
medicación,MEDICACIÓN: Registrar medicamentos administrados o prescritos desde el día de presentación hasta el alta o desenlace (una forma por medicamento),medi_numdoses,Número total de dosis (número de veces el fármaco fue inyectado / tragado / infundido / insertado / aplicado / inhalado),,"Se refiere al número total de dosis del medicamento administradas en cualquier momento durante la estancia del paciente en el centro clínico (hospital), incluido el servicio de urgencias, y prescritas al alta.","Escriba el número total de dosis del medicamento. Si se administró el mismo medicamento a través de diferentes rutas, indique el número total de dosis de todas las rutas de administración (inyectado / tragado / infundido / insertado / aplicado / inhalado).",0,0,0,0,0,
medicación,MEDICACIÓN: Registrar medicamentos administrados o prescritos desde el día de presentación hasta el alta o desenlace (una forma por medicamento),medi_offlab,¿Era este un uso fuera de etiqueta o compasivo del medicamento?,"1, Sí | 0, No | 99, Desconocido",Esto se refiere a la práctica de prescribir o usar un medicamento o una vacuna para una indicación que no se especifica en la licencia regulatoria nacional.,Seleccione 'Sí' si este medicamento se usó para una indicación que no se especifica en la licencia regulatoria nacional.,0,0,0,0,0,0
medicación,MEDICACIÓN: Registrar medicamentos administrados o prescritos desde el día de presentación hasta el alta o desenlace (una forma por medicamento),medi_offlab_spec1,En caso afirmativo: especifique el medicamento de uso fuera de etiqueta o compasivo,,Esto se refiere a la práctica de prescribir o usar un medicamento o una vacuna para una indicación que no se especifica en la licencia regulatoria nacional.,Especifique la medicación que se usó para una indicación que no se especifica en la licencia regulatoria nacional.,0,0,0,0,0,
patógenos,PRUEBAS DE PATÓGENOS: Resultados de todas las muestras y pruebas realizadas,test_collectiondate,Fecha de recolección,,Esto se refiere a la fecha de recolección de un espécimen clínico para pruebas de patógenos.,Escriba la fecha en que se recolectaron muestras. Esto puede ser diferente al día en que se informan los resultados. Use el formato DD/MM/A yyyy.,0,0,0,0,0,
patógenos,PRUEBAS DE PATÓGENOS: Resultados de todas las muestras y pruebas realizadas,test_biospecimentype,Tipo de bioespecímenes,,Se refiere al tipo de muestra clínica recogida para realizar pruebas de detección de patógenos. El hisopo nasal/nasofaríngeo (NP) se refiere a la recogida de material biológico del interior de las fosas nasales/nasofaringe. El hisopo faríngeo se refiere a la recogida de material biológico del interior de la garganta/orofaringe. El hisopo combinado nasal/NP + faríngeo se refiere a la recogida utilizando tanto un hisopo nasal/nasofaríngeo (NP) como un hisopo faríngeo. El esputo se refiere al material expulsado de los pulmones y expectorado a través de la boca. El lavado broncoalveolar (BAL) se refiere al lavado de los pulmones con solución salina o agentes mucolíticos con fines diagnósticos o terapéuticos. El aspirado endotraqueal (ETA) se refiere a la recogida de muestras del tubo endotraqueal. El hisopo ocular se refiere a la recogida de una muestra biológica de la superficie del ojo. El hisopo de lesión se refiere a la recogida de una muestra biológica de una lesión en la piel o la membrana mucosa. El semen se refiere a la secreción de los órganos reproductores masculinos que se descarga durante la eyaculación. Las heces/hisopo rectal se refieren a la muestra biológica recogida de la materia fecal o del recto mediante un hisopo.,Seleccione la opción más apropiada que represente el tipo de muestra clínica recolectada para las pruebas de patógenos.,0,0,0,0,0,
patógenos,PRUEBAS DE PATÓGENOS: Resultados de todas las muestras y pruebas realizadas,test_pathtested,Patógeno probado / detectado,,Se refiere al patógeno o patógenos analizados utilizando la muestra biológica.,"Indique el patógeno o patógenos que se analizaron utilizando la muestra biológica. ",0,0,0,0,0,
patógenos,PRUEBAS DE PATÓGENOS: Resultados de todas las muestras y pruebas realizadas,test_labtestmethod,Método de prueba de laboratorio,"1, PCR | 2, IgG | 3, Cultivo | 4, IgM | 6, PDR | 5, Detección de antígenos | 99, Desconocido","Se refiere al método de laboratorio utilizado para detectar el patógeno. ",Seleccione la opción más apropiada que represente el método de laboratorio utilizado para probar el patógeno.,0,0,0,0,0,0
patógenos,PRUEBAS DE PATÓGENOS: Resultados de todas las muestras y pruebas realizadas,test_marker,Marcador de laboratorio,"1, NS1 Ag | 2, IgG | 3, IgM | 4, Carga viral / serotipo | 5, No aplicable | 99, Desconocido ",Se refiere al marcador de laboratorio utilizado para detectar el patógeno.,Seleccione la opción más adecuada que represente el marcador de laboratorio utilizado para detectar el patógeno.,0,0,0,0,0,0
patógenos,PRUEBAS DE PATÓGENOS: Resultados de todas las muestras y pruebas realizadas,test_naat,subtipo NAAT,"1, RT-PCR| 2, LÁMPARA | 3, TMA/TMP | 88, Otro | 99, Desconocido",,,0,0,0,,,0
patógenos,PRUEBAS DE PATÓGENOS: Resultados de todas las muestras y pruebas realizadas,test_naat_other,Especificar otro subtipo NAAT,,,,0,0,0,,,
patógenos,PRUEBAS DE PATÓGENOS: Resultados de todas las muestras y pruebas realizadas,test_result,Resultado de la prueba de patógenos,"1, Detectada | 0, No detectada | 2, Equívoca | 99, Desconocida",Se refiere a los resultados del patógeno o patógenos analizados utilizando la muestra biológica.,Seleccione la opción más apropiada que represente los resultados de los patógenos probados para usar la muestra biológica.,0,0,0,0,0,0
patógenos,PRUEBAS DE PATÓGENOS: Resultados de todas las muestras y pruebas realizadas,test_denguetyp,Tipo de virus del dengue,"1, DENV1 | 2, DENV2 | 3, DENV3 | 4, DENV4","Se refiere a la etiqueta del serotipo de la especie viral del virus del dengue, que es un virus ARN monocatenario de sentido positivo de la familia Flaviviridae y el género Flavivirus, detectado mediante la prueba de PCR.",Seleccione la opción más adecuada que represente la etiqueta del serotipo de la especie viral del virus del dengue detectada mediante la prueba de PCR.,0,0,0,0,0,0
patógenos,PRUEBAS DE PATÓGENOS: Resultados de todas las muestras y pruebas realizadas,test_fluresist,Si el patógeno detectado es Influenza: Resistencia al oseltamivir identificada,"1, Sí | 0, No | 3, No se ha probado | 99, Desconocido",Se refiere a la identificación de la resistencia al oseltamivir.,"    Indique «Sí» si se ha identificado resistencia al oseltamivir. ",0,0,0,0,0,0
patógenos,PRUEBAS DE PATÓGENOS: Resultados de todas las muestras y pruebas realizadas,test_ctvalue,Valor CT,,Esto se refiere al umbral del ciclo (TC) para la detección de ácido nucleico en la muestra utilizando la reacción en cadena de la polimerasa en tiempo real.,Indique el valor CT.,0,0,0,0,0,
patógenos,PRUEBAS DE PATÓGENOS: Resultados de todas las muestras y pruebas realizadas,test_vload,Carga viral (copias/ml),,Se refiere a la cantidad de virus en un volumen determinado de líquido.,"Indique la carga viral. ",0,0,0,0,0,
patógenos,PRUEBAS DE PATÓGENOS: Resultados de todas las muestras y pruebas realizadas,test_genrep,Secuencia disponible en el repositorio de datos genómicos,"1, Sí | 0, No",Esto se refiere a la disponibilidad de la secuencia genómica del patógeno en un repositorio de datos.,Indique 'sí' si la secuencia está disponible en un repositorio de datos genómicos.,0,0,0,0,0,0
patógenos,PRUEBAS DE PATÓGENOS: Resultados de todas las muestras y pruebas realizadas,test_genrep_db,Repositorio genómico,,Se refiere al repositorio genómico que contiene los datos de secuencia de patógenos.,Seleccione el repositorio genómico que contiene los datos de secuencia de patógenos.,0,0,0,0,0,
patógenos,PRUEBAS DE PATÓGENOS: Resultados de todas las muestras y pruebas realizadas,test_genrep_ref,Identificador de secuencia de repositorio,,Se refiere al identificador de la secuencia en el repositorio.,Escriba el identiifer de la secuencia en el repositorio genómico.,0,0,0,0,0,
fotografías,FOTOGRAFÍAS,photo_date,Fecha de la imagen,,"Se refiere a la fecha en que se capturó la imagen. ",Introduzca la fecha en formato DD/MM/AAAA.,0,0,0,0,0,
fotografías,FOTOGRAFÍAS,photo_type,¿Qué se está fotografiando?,"1, Lesión cutánea | 2, Lesión mucosa | 99, Desconocida | 88, Otros","Se refiere al tipo de patología que se captura en la fotografía. ",Seleccione la opción más adecuada que represente el tipo de patología que se aprecia en la fotografía.,0,0,0,0,0,0
fotografías,FOTOGRAFÍAS,photo_upload,Suba la imagen aquí,,,,0,0,0,,,
fotografías,FOTOGRAFÍAS,photo_site,¿Qué parte del cuerpo se fotografía?,"1, Cabeza, cuello o cara | 2, Interior de la boca | 3, Tronco anterior | 4, Tronco posterior | 5, Brazo o mano derecha | 6, Brazo o mano izquierda | 7, Perianal | 8, Región púbica | 9, Pierna o pie derecho | 10, Pierna o pie izquierdo | 99, Desconocido | 88, Otros",Se refiere a la parte del cuerpo que se captura en la fotografía.,Seleccione la opción más adecuada que represente la parte del cuerpo que se aprecia en la fotografía.,0,0,0,0,0,0
fotografías,FOTOGRAFÍAS,photo_site_oth,Especifique otra ubicación,,"Se refiere a la parte del cuerpo que se captura en la fotografía, no especificada anteriormente.","Si es «Otra», especifique la parte del cuerpo que se aprecia en la fotografía y que no se ha especificado anteriormente.",0,0,0,0,0,
fotografías,FOTOGRAFÍAS,photo_sampleyn,¿Se tomó una muestra de la zona fotografiada?,"1, sí | 2, no | 99, desconocido","Se refiere a una muestra biológica de la parte del cuerpo fotografiada. ",Indique «Sí» si se ha tomado una muestra biológica de la parte del cuerpo fotografiada.,0,0,0,0,0,0
fotografías,FOTOGRAFÍAS,photo_sampleid,Introduzca el ID de la muestra,,Se refiere al número de identificación (ID) de la muestra.,Escriba el ID de la muestra.,0,0,0,0,0,
fotografías,FOTOGRAFÍAS,photo_desc,Proporcione cualquier otra descripción adicional relevante de la foto o su ubicación.,,"Se refiere a cualquier otra descripción adicional relevante de la foto o su ubicación, no especificada anteriormente.","Indique cualquier otra descripción adicional relevante de la foto o su ubicación, no especificada anteriormente.",0,0,0,0,0,
resultado,COMPLICACIONES: Presentadas entre el día de presentación y el alta o desenlace,compl_neurological,Complicaciones neurológicas,,Se define como cualquier complicación del sistema nervioso.,Indique «Sí» si el paciente experimentó esto en cualquier momento durante la hospitalización.,0,0,0,0,0,
resultado,COMPLICACIONES: Presentadas entre el día de presentación y el alta o desenlace,compl_strokecva,Accidente cerebrovascular / accidente cerebrovascular,"1, Sí | 0, No | 99, Desconocido","Definido como una pérdida repentina de la función neurológica secundaria a la hemorragia o isquemia en el parénquima cerebral debido a un evento vascular. El accidente cerebrovascular puede ser un diagnóstico clínico, con o sin hallazgos radiológicos de apoyo.","Indique 'sí', si el paciente experimentó esto en cualquier momento durante la hospitalización.",0,0,0,0,0,0
resultado,COMPLICACIONES: Presentadas entre el día de presentación y el alta o desenlace,compl_severeneuro,Enfermedad neurológica grave,"1, Sí | 0, No | 99, Desconocido","Esto se refiere a diversas manifestaciones neurológicas, como meningitis, encefalitis, encefalopatía, convulsiones sintomáticas agudas, hemorragia intracraneal o accidente cerebrovascular, y síndrome de Guillain-Barre (GBS). La meningitis es una enfermedad inflamatoria de las leptomeninges, los tejidos que rodean el cerebro y la médula espinal, y se define por un número anormal de glóbulos blancos en el líquido cefalorraquídeo (LCR) dentro de un contexto clínico apropiado y con o sin hallazgos radiológicos de apoyo. La encefalitis se refiere a la inflamación del cerebro. En comparación con la meningitis, en la encefalitis, se esperan anormalidades en la función cerebral, incluidos el estado mental alterado, los déficits motor o sensoriales, los cambios alterados de comportamiento y personalidad, y trastornos del habla o del movimiento. Se define por un estado mental alterado que dura 24 horas junto con dos de los siguientes criterios: fiebre documentada>/= 38 ° C (100.4 ° F); recuento de glóbulos blancos (WBC) en líquido cefalorraquídeo (CSF)>/= 5 células/mm^3; convulsiones generalizadas o parciales no completamente atribuibles a un trastorno de convulsiones preexistente; nuevo inicio de hallazgos neurológicos focales; presencia de lesión aguda compatible en neuroimagen; Anormalidad en la electroencefalografía que es consistente con la encefalitis y no atribuible a otra causa. Como lo describe el consorcio internacional de encefalitis 2013. Las convulsiones se definen como una anormalidad intermitente de la fisiología del sistema nervioso caracterizado por una ocurrencia transitoria de movimiento repentino, violento e irregular del cuerpo, causado por la contracción involuntaria de los músculos debido a la actividad neuronal excesiva o sincrónica anormal en el cerebro. No se requiere una historia establecida de epilepsia. El accidente cerebrovascular se refiere a una pérdida repentina de la función neurológica secundaria a la hemorragia o la isquemia en el parénquima cerebral debido a un evento vascular. El accidente cerebrovascular puede ser un diagnóstico clínico, con o sin hallazgos radiológicos de apoyo. La hemorragia intracraneal se refiere a la hemorragia/sangrado que ocurre dentro del cráneo. La hemorragia intracraneal abarca cuatro tipos amplios de hemorragia: hemorragia epidural, hemorragia subdural, hemorragia subaracnoidea y hemorragia intraparenquimatosa. El síndrome de Guillain-Barre se refiere a un trastorno autoinmune rápidamente progresivo del sistema nervioso periférico caracterizado por paraestesia de las extremidades, areflexia y debilidad muscular generalizada o parálisis que a menudo comienza en las piernas y se propaga a los brazos, el torso y la cara. Las características requeridas incluyen debilidad progresiva de los brazos y/o las piernas, que van desde la debilidad mínima de las piernas hasta la parálisis total de las cuatro extremidades, e incluyendo el tronco, los músculos bulbares y faciales, y la oftalmoplejia externa; y areflexia o disminución de los reflejos del tendón profundo en las extremidades débiles. Las características de apoyo incluyen la progresión de los síntomas durante días a cuatro semanas; Síntomas bilaterales relativamente simétricos; Dolor en el tronco o las extremidades; Síntomas o signos del nervio craneal; Disfunción autónoma; Disfunción sensorial que es leve; Sin fiebre al inicio de los síntomas; CSF con proteína elevada y recuento de leucocitos normalmente elevado (generalmente <5 células/mm3); Anormalidades electrodiagnósticas consistentes con GBS; La recuperación comienza de dos o cuatro semanas después de que la progresión se detiene.","Indique 'sí', si el paciente experimentó esto en cualquier momento durante la hospitalización.",0,0,0,0,0,0
resultado,COMPLICACIONES: Presentadas entre el día de presentación y el alta o desenlace,compl_encephalopathy,Encefalopatía,"1, Sí | 0, No | 99, Desconocido","La encefalopatía se refiere en términos generales a la disfunción cerebral que puede deberse a un trastorno funcional y/o estructural causado por una variedad de etiologías, incluyendo enfermedades de otros sistemas orgánicos (por ejemplo, enfermedad hepática, enfermedad renal), medicamentos, productos químicos y lesiones. Se presenta con una variedad de síntomas que incluyen alteración del estado mental, confusión, pérdida de memoria y cambios de comportamiento.",Indique «Sí» si el paciente experimentó esto en cualquier momento durante la hospitalización.,0,0,0,0,0,0
resultado,COMPLICACIONES: Presentadas entre el día de presentación y el alta o desenlace,compl_seizure,Convulsión,"1, Sí | 0, No | 99, Desconocido","Definido como una anormalidad intermitente de la fisiología del sistema nervioso caracterizado por una ocurrencia transitoria de movimiento repentino, violento e irregular del cuerpo, causado por la contracción involuntaria de los músculos debido a la actividad neuronal excesiva o sincrónica anormal en el cerebro. No se requiere una historia establecida de epilepsia.","Indique 'sí', si el paciente experimentó esto en cualquier momento durante la hospitalización.",0,0,0,0,0,0
resultado,COMPLICACIONES: Presentadas entre el día de presentación y el alta o desenlace,compl_focalneuro,Signos neurológicos focales,"1, Sí | 0, No | 99, Desconocido","Definido como impedimentos del nervio, la médula espinal o la función cerebral que afectan una región específica del cuerpo, p. Debilidad en el brazo izquierdo, la pierna derecha, la paresis o la plegia, identificada en el examen neurológico.","Indique 'sí', si el paciente experimentó esto en cualquier momento durante la hospitalización.",0,0,0,0,0,0
resultado,COMPLICACIONES: Presentadas entre el día de presentación y el alta o desenlace,compl_encephalitis,Encefalitis,"1, Sí | 0, No | 99, Desconocido",La encefalitis se refiere a la inflamación del cerebro. Se define por un estado mental alterado que dura mayor o igual a 24 horas junto con dos de los siguientes criterios: fiebre documentada mayor o igual a 38 ° C (100.4 ° F); recuento de glóbulos blancos (WBC) en líquido cefalorraquídeo (CSF) mayor o igual a 5/mm³; convulsiones generalizadas o parciales no completamente atribuibles a un trastorno de convulsiones preexistente; nuevo inicio de hallazgos neurológicos focales; presencia de lesión aguda compatible en neuroimagen; Anormalidad en la electroencefalografía que es consistente con la encefalitis y no atribuible a otra causa. Como lo describe el consorcio internacional de encefalitis 2013.,"Indique 'sí', si el paciente experimentó esto en cualquier momento durante la hospitalización.",0,0,0,0,0,0
resultado,COMPLICACIONES: Presentadas entre el día de presentación y el alta o desenlace,compl_meningitis,Meningitis,"1, Sí | 0, No | 99, Desconocido",La meningitis se define por un número anormal de glóbulos blancos en el líquido cefalorraquídeo (LCR) dentro de un contexto clínico apropiado y con o sin hallazgos radiológicos de apoyo.,"Indique 'sí', si el paciente experimentó esto en cualquier momento durante la hospitalización.",0,0,0,0,0,0
resultado,COMPLICACIONES: Presentadas entre el día de presentación y el alta o desenlace,compl_gbs,Síndrome de Guillain-Barré (SGB),"1, Sí | 0, No | 99, Desconocido","Se refiere a un trastorno autoinmune de progresión rápida del sistema nervioso periférico caracterizado por parestesias en las extremidades, arreflexia y debilidad muscular generalizada o parálisis que a menudo comienza en las piernas y se extiende a los brazos, el tronco y la cara.",Indique «Sí» si el paciente experimentó esto en cualquier momento durante la hospitalización.,0,0,0,0,0,0
resultado,COMPLICACIONES: Presentadas entre el día de presentación y el alta o desenlace,compl_cnsinf,Infección del SNC,"1, Sí | 0, No | 99, Desconocido","Se refiere a un proceso infeccioso que afecta al cerebro y/o la médula espinal, y puede incluir encefalitis, poliomielitis, aracnoiditis y meningitis.",Indique «Sí» si el paciente experimentó esto en cualquier momento durante la hospitalización.,0,0,0,0,0,0
resultado,COMPLICACIONES: Presentadas entre el día de presentación y el alta o desenlace,compl_atm,Mielitis transversa aguda (ATM),"1, sí | 0, No | 99, Desconocido",,"Indique 'Sí', si el paciente experimentó esto en algún momento durante la hospitalización.",0,0,0,,0,0
resultado,COMPLICACIONES: Presentadas entre el día de presentación y el alta o desenlace,compl_perneur,Neuropatía periférica,"1, sí | 0, No | 99, Desconocido",,"Indique 'Sí', si el paciente experimentó esto en algún momento durante la hospitalización.",0,0,0,,0,0
resultado,COMPLICACIONES: Presentadas entre el día de presentación y el alta o desenlace,compl_cvs,Complicaciones cardiovasculares,,Se define como cualquier complicación del sistema cardiovascular.,Indique «Sí» si el paciente experimentó esto en cualquier momento durante la hospitalización.,0,0,0,0,0,
resultado,COMPLICACIONES: Presentadas entre el día de presentación y el alta o desenlace,compl_myocardial,Infarto de miocardio,"1, Sí | 0, No | 99, Desconocido","Definido como isquemia miocárdica que conduce a lesiones/necrosis, diagnosticada por hallazgos clínicos, electrocardiografía alterada y enzimas cardíacas elevadas.","Indique 'sí', si el paciente experimentó esto en cualquier momento durante la hospitalización.",0,0,0,0,0,0
resultado,COMPLICACIONES: Presentadas entre el día de presentación y el alta o desenlace,compl_cardiacisc,Isquemia cardíaca,"1, Sí | 0, No | 99, Desconocido","Definido como la sangre disminuida y el suministro de oxígeno al músculo cardíaco como lo indica la sintomatología típica (por ejemplo, dolor en el pecho) y confirmado por un electrocardiograma (que muestra cambios isquémicos, por ejemplo, depresión o elevación de ST) y/o elevación de la enzima cardíaca (por ejemplo, troponina elevada I).","Indique 'sí', si el paciente experimentó esto en cualquier momento durante la hospitalización.",0,0,0,0,0,0
resultado,COMPLICACIONES: Presentadas entre el día de presentación y el alta o desenlace,compl_endocardit,Endocarditis,"1, Sí | 0, No | 99, Desconocido","Esto se refiere a una inflamación del endocardio (revestimiento interno del corazón). A menudo es causado por un trastorno primario o microorganismos que incluyen bacterias, virus, hongos y el diagnóstico de Rickettsiae de endocarditis infecciosa de acuerdo con los criterios modificados de Duke, utilizando evidencia de resultados microbiológicos, ecocardiograma y signos clínicos.","Indique 'sí', si el paciente experimentó esto en cualquier momento durante la hospitalización.",0,0,0,0,0,0
resultado,COMPLICACIONES: Presentadas entre el día de presentación y el alta o desenlace,compl_cardiomyop,Miocardia,"1, Sí | 0, No | 99, Desconocido","Esto se refiere a los trastornos estructurales y funcionales del miocardio comúnmente diagnosticado por ecocardiografía. La miocardiopatía puede ser primaria (genética) o secundaria (por ejemplo, después del infarto de miocardio).","Indique 'sí', si el paciente experimentó esto en cualquier momento durante la hospitalización.",0,0,0,0,0,0
resultado,COMPLICACIONES: Presentadas entre el día de presentación y el alta o desenlace,compl_chf,Insuficiencia cardíaca congestiva,"1, Sí | 0, No | 99, Desconocido","Definido como el fracaso del corazón para bombear una cantidad suficiente de sangre para satisfacer las necesidades de los tejidos del cuerpo, lo que resulta en la congestión de los tejidos y el edema. Los signos y síntomas incluyen dificultad para respirar, edema de picaduras, hígado tierno agrandado, venas de cuello llenas y rales pulmonares. Hay muchas formas de evaluar la función cardíaca (por ejemplo, ecocardiografía, cateterismo cardíaco derecho, pruebas funcionales y pruebas bioquímicas de apoyo). Sin embargo, no existe una prueba de diagnóstico para la insuficiencia cardíaca, ya que es en gran medida un diagnóstico clínico que se basa en un historial cuidadoso y un examen físico.","Indique 'sí', si el paciente experimentó esto en cualquier momento durante la hospitalización.",0,0,0,0,0,0
resultado,COMPLICACIONES: Presentadas entre el día de presentación y el alta o desenlace,compl_cardiarrhy,Arritmia cardíaca,"1, Sí | 0, No | 99, Desconocido","Se refiere a cualquier variación de la tasa o ritmo normal (que puede incluir el origen del impulso y/o su posterior propagación) en el corazón, confirmado por monitoreo electrocardiográfico.","Indique 'sí', si el paciente experimentó esto en cualquier momento durante la hospitalización.",0,0,0,0,0,0
resultado,COMPLICACIONES: Presentadas entre el día de presentación y el alta o desenlace,compl_cardiarrest,Paro cardiaco,"1, Sí | 0, No | 99, Desconocido","El paro o el paro circulatorio cardiopulmonar se define como el cese repentino de la actividad cardíaca en un individuo que no responde, sin respiración normal y sin signos de circulación.","Indique 'sí', si el paciente experimentó esto en cualquier momento durante la hospitalización.",0,0,0,0,0,0
resultado,COMPLICACIONES: Presentadas entre el día de presentación y el alta o desenlace,compl_myocarditis,Miocarditis,"1, Sí | 0, No | 99, Desconocido","Esto se refiere a la inflamación del tejido muscular del corazón (miocarditis) / un proceso inflamatorio que afecta el pericardio (pericarditis). Se puede diagnosticar clínicamente, con asistencia de un ecocardiograma, EKG, laboratorio o pruebas radiológicas.","Indique 'sí', si el paciente experimentó esto en cualquier momento durante la hospitalización.",0,0,0,0,0,0
resultado,COMPLICACIONES: Presentadas entre el día de presentación y el alta o desenlace,compl_pericarditis,Pericarditis,"1, Sí | 0, No | 99, Desconocido","Esto se refiere a la inflamación del tejido muscular del corazón (miocarditis) / un proceso inflamatorio que afecta el pericardio (pericarditis). Se puede diagnosticar clínicamente, con asistencia de un ecocardiograma, EKG, laboratorio o pruebas radiológicas.","Indique 'sí', si el paciente experimentó esto en cualquier momento durante la hospitalización.",0,0,0,0,0,0
resultado,COMPLICACIONES: Presentadas entre el día de presentación y el alta o desenlace,compl_respiratory,Complicaciones respiratorias,,Se define como cualquier complicación del sistema respiratorio.,Indique «Sí» si el paciente experimentó esto en cualquier momento durante la hospitalización.,0,0,0,0,0,
resultado,COMPLICACIONES: Presentadas entre el día de presentación y el alta o desenlace,compl_pneum,Neumonía/neumonitis,"1, Sí | 0, No | 99, Desconocido","La neumonía es una infección de uno o ambos pulmones que provoca la inflamación de los alvéolos y su llenado de líquido o pus, lo que dificulta la respiración. Esta inflamación suele estar causada por bacterias, virus u hongos y puede provocar síntomas como tos, fiebre, escalofríos y dificultad para respirar.",Indique «Sí» si el paciente experimentó esto en cualquier momento durante la hospitalización.,0,0,0,0,0,0
resultado,COMPLICACIONES: Presentadas entre el día de presentación y el alta o desenlace,compl_pneum_etio,¿El patógeno etiológico es diferente al del diagnóstico primario?,"1, Sí | 0, No | 99, Desconocido","La neumonía es una infección de uno o ambos pulmones que provoca la inflamación de los alvéolos y su llenado de líquido o pus, lo que dificulta la respiración. Esta inflamación suele estar causada por bacterias, virus u hongos y puede provocar síntomas como tos, fiebre, escalofríos y dificultad para respirar.",Indique «Sí» si el paciente experimentó esto en cualquier momento durante la hospitalización.,0,0,0,0,0,0
resultado,COMPLICACIONES: Presentadas entre el día de presentación y el alta o desenlace,compl_pneum_type,Etiología de la neumonía,"1, Viral | 2, Bacteriano | 3, Fúngico","La neumonía es una infección de uno o ambos pulmones que provoca la inflamación de los alvéolos y su llenado de líquido o pus, lo que dificulta la respiración. Esta inflamación suele estar causada por bacterias, virus u hongos y puede provocar síntomas como tos, fiebre, escalofríos y dificultad para respirar.",Indique «Sí» si el patógeno que causó la neumonía como complicación es diferente del patógeno de interés en el momento del ingreso.,0,0,0,0,0,0
resultado,COMPLICACIONES: Presentadas entre el día de presentación y el alta o desenlace,compl_pneum_acq,Entorno de adquisición de la neumonía,"1, Adquirido en la comunidad | 2, Adquirido en el hospital | 3, Adquirido por ventilación mecánica | 99, Desconocido","Se refiere al entorno en el que se contrajo la neumonía: comunidad, hospital, asociada al uso de respiradores o desconocido.",,0,0,0,0,,0
resultado,COMPLICACIONES: Presentadas entre el día de presentación y el alta o desenlace,compl_pneumothor,Neumotórax,"1, Sí | 0, No | 99, Desconocido","Definido como la presencia anormal de aire en la cavidad pleural (entre los pulmones y la pared torácica), causando colapso del pulmón. Se puede diagnosticar clínicamente, generalmente con confirmación radiológica.","Indique 'sí', si el paciente experimentó esto en cualquier momento durante la hospitalización.",0,0,0,0,0,0
resultado,COMPLICACIONES: Presentadas entre el día de presentación y el alta o desenlace,compl_pleuraleff,Derrame pleural,"1, Sí | 0, No | 99, Desconocido","Definido como mayores cantidades de líquido dentro de la cavidad pleural. Los síntomas incluyen dificultad para respirar, tos y dolor en el pecho. Por lo general, es causado por infecciones pulmonares, insuficiencia cardíaca congestiva, tumores pleurales y pulmonares, trastornos del tejido conectivo y trauma. Se puede diagnosticar clínicamente, con o sin confirmación radiológica o intervencionista.","Indique 'sí', si el paciente experimentó esto en cualquier momento durante la hospitalización.",0,0,0,0,0,0
resultado,COMPLICACIONES: Presentadas entre el día de presentación y el alta o desenlace,compl_copneumoni,Neumonía organizadora criptogénica (COP),"1, Sí | 0, No | 99, Desconocido","Esto se refiere a una enfermedad pulmonar intersticial difusa idiopática, diagnosticada radiológicamente (opacidades consolidativas o de vidrio fundamental) o histológicamente (tisular de granulación e infiltrado inflamatorio crónico en alvéolos). Anteriormente conocido como bronquiolitis obliterante que organiza neumonía (BOOP).","Indique 'sí', si el paciente experimentó esto en cualquier momento durante la hospitalización.",0,0,0,0,0,0
resultado,COMPLICACIONES: Presentadas entre el día de presentación y el alta o desenlace,compl_bronchioli,Bronquiolitis,"1, Sí | 0, No | 99, Desconocido","Esto se refiere a la inflamación de los bronquiolos. En adultos, la bronquiolitis es un término general utilizado para describir una inflamación inespecífica de los bronquiolos caracterizados por la hinchazón de los bronquiolos y la acumulación de moco. Por lo general, es causado por el virus sincitial respiratorio y afecta a los niños. Los signos y síntomas incluyen tos, sibilancias y dificultad para respirar. En la mayoría de los casos, se requiere una biopsia pulmonar abierta o toracoscópica para hacer un diagnóstico definitivo, aunque la confirmación del tejido puede no ser necesaria en pacientes con una predisposición clara y hallazgos radiológicos típicos. En bebés y niños, la bronquiolitis se define como una enfermedad en niños <2 años de edad, caracterizada por sibilancias y obstrucción de las vías respiratorias debido a la infección primaria o la reinfección con un patógeno viral o bacteriano, lo que resulta en la inflamación de las pequeñas vías respiratorias/bronquioles. Este es un diagnóstico clínico, generalmente en niños <2 años.","Indique 'sí', si el paciente experimentó esto en cualquier momento durante la hospitalización.",0,0,0,0,0,0
resultado,COMPLICACIONES: Presentadas entre el día de presentación y el alta o desenlace,compl_ards,Síndrome de dificultad respiratoria aguda (SDRA),"1, Sí | 0, No | 99, Desconocido","El síndrome de dificultad respiratoria aguda (ARDS) ha sido definido por los criterios de Berlín de 2012:
1. Los síntomas respiratorios deben haber comenzado dentro de una semana de un insulto clínico conocido, o el paciente debe tener síntomas nuevos o empeorantes durante la semana pasada.
2. Las opacidades bilaterales consistentes con el edema pulmonar deben estar presentes en una radiografía de tórax o exploración tomográfica calculada (CT). Estas opacidades no deben explicarse completamente por efusiones pleurales, colapso lobular, colapso pulmonar o nódulos pulmonares.
3. La insuficiencia respiratoria del paciente no debe explicarse completamente por la insuficiencia cardíaca o la sobrecarga de líquidos. Se requiere una evaluación objetiva (p. Ej., Ecocardiografía) para excluir el edema pulmonar hidrostático si no hay factores de riesgo para ARDS.
4. Debe estar presente un deterioro moderado a severo de la oxigenación, como se define por la relación de tensión arterial de oxígeno con la fracción de oxígeno inspirado (PAO2/FIO2). La gravedad de la hipoxemia define la gravedad del SDRA:
	- ARDS leve: el PAO2/FIO2 es> 200 mmHg, pero menor que (o igual a) 300 mmHg, en la configuración del ventilador que incluyen presión positiva de extracción final (PEEP) o presión positiva continua de la vía aérea (CPAP) mayor que (o igual a) 5 cm H2O.
	- ARDS moderado: el PAO2/FIO2 es> 100 mmHg, pero menos de (o igual a) 200 mmHg, en la configuración del ventilador que incluyen PEEP? 5 cm H2O.
	- ARDS severo: el PAO2/FIO2 es inferior a (o igual a) 100 mmHg en la configuración del ventilador que incluyen PEEP mayor que (o igual a) 5 cm H2O.","Indique 'sí', si el paciente experimentó esto en cualquier momento durante la hospitalización.",0,0,0,0,0,0
resultado,COMPLICACIONES: Presentadas entre el día de presentación y el alta o desenlace,compl_git,Complicaciones gastrointestinales,,Definido como cualquier complicación del sistema gastrointestinal.,Indique «Sí» si el paciente experimentó esto en cualquier momento durante la hospitalización.,0,0,0,0,0,
resultado,COMPLICACIONES: Presentadas entre el día de presentación y el alta o desenlace,compl_ascite,Ascitis,"1, Sí | 0, No | 99, Desconocido","Esto se refiere al aumento patológico en la cantidad de líquido en la cavidad abdominal (ascitis). Se puede diagnosticar clínicamente, con o sin confirmación radiológica o intervencionista. Los síntomas asociados con la ascitis incluyen el aumento de la circunferencia abdominal, la incomodidad abdominal y la distensión, la falta de aliento.","Indique 'sí', si el paciente experimentó esto en cualquier momento durante la hospitalización.",0,0,0,0,0,0
resultado,COMPLICACIONES: Presentadas entre el día de presentación y el alta o desenlace,compl_pancreatit,Pancreatitis,"1, Sí | 0, No | 99, Desconocido","Esto se refiere a la inflamación aguda del páncreas. La pancreatitis aguda se diagnostica clínicamente con soporte de bioquímica (por ejemplo, amilasa sérica o lipasa sérica) y/o evidencia radiológica e histológica. Toda evidencia debe considerarse juntas, ya que ninguna característica es diagnóstica de pancreatitis aguda.","Indique 'sí', si el paciente experimentó esto en cualquier momento durante la hospitalización.",0,0,0,0,0,0
resultado,COMPLICACIONES: Presentadas entre el día de presentación y el alta o desenlace,compl_acutehepat,Hepatitis aguda,"1, Sí | 0, No | 99, Desconocido","Esto se refiere a una lesión hepática aguda como resultado de la inflamación acompañada de una mayor actividad sérica de alanina transaminasa (ALT). Las etiologías incluyen hepatitis viral, medicamentos, toxinas y trastornos autoinmunes.","Indique 'sí', si el paciente experimentó esto en cualquier momento durante la hospitalización.",0,0,0,0,0,0
resultado,COMPLICACIONES: Presentadas entre el día de presentación y el alta o desenlace,compl_severeliver,Enfermedad hepática grave (nuevo inicio),"1, Sí | 0, No | 99, Desconocido","Definido como cirrosis e hipertensión portal con sangrado variceco, ascitis, ictericia o estado después del trasplante de hígado.","Indique 'sí', si el paciente experimentó esto en cualquier momento durante la hospitalización.",0,0,0,0,0,0
resultado,COMPLICACIONES: Presentadas entre el día de presentación y el alta o desenlace,compl_hepaticenc,En caso afirmativo a la enfermedad hepática severa (nuevo inicio): encefalopatía hepática (cualquier grado),"1, Sí | 0, No | 99, Desconocido","Esto se refiere a una constelación de signos y síntomas caracterizados por cambios en la personalidad, la conciencia y los reflejos, como resultado de anormalidades neuropsiquiátricas secundarias a la insuficiencia hepática y/o la sangre sistémica portal sin evidencia de otra enfermedad cerebral. Las características clínicas incluyen letargo; confusión (puede progresar a coma); Asterixis; nistagmo patológico; Reflejos oculvestibulares enérgicos; postura decorticada y decerebrada; espasticidad muscular; y reflejos plantares extensores bilaterales.","Indique 'sí', si el paciente experimentó esto en cualquier momento durante la hospitalización.",0,0,0,0,0,0
resultado,COMPLICACIONES: Presentadas entre el día de presentación y el alta o desenlace,compl_jaundice,En caso afirmativo a la enfermedad hepática severa (nuevo inicio): ictericia,"1, Sí | 0, No | 99, Desconocido","Se refiere a una manifestación clínica de hiperbilirrubinemia, caracterizada por una coloración amarillenta de la piel, las membranas mucosas y/o la esclerótica. ","Indique 'sí', si el paciente experimentó esto en cualquier momento durante la hospitalización.",0,0,0,0,0,0
resultado,COMPLICACIONES: Presentadas entre el día de presentación y el alta o desenlace,compl_liverdysfu,Disfunción hepática,"1, Sí | 0, No | 99, Desconocido","Esto se refiere a un hallazgo que indica una función hepática anormal, puede referirse a cualquiera de los siguientes: ictericia clínica; Hiperbilirrubinemia (nivel de bilirrubina de sangre el doble del límite superior del rango normal); Un aumento en la alanina transaminasa (ALT) o la transaminasa de aspartato (AST) que es el doble del límite superior del rango normal.","Indique 'sí', si el paciente experimentó esto en cualquier momento durante la hospitalización.",0,0,0,0,0,0
resultado,COMPLICACIONES: Presentadas entre el día de presentación y el alta o desenlace,compl_heme,Complicaciones hematológicas,,Se define como cualquier complicación del sistema hematológico.,Indique «Sí» si el paciente experimentó esto en cualquier momento durante la hospitalización.,0,0,0,0,0,
resultado,COMPLICACIONES: Presentadas entre el día de presentación y el alta o desenlace,compl_thrombemb,Tromboembolia,"1, Sí | 0, No | 99, Desconocido",Definido como la oclusión de la luz de un vaso sanguíneo por un trombo que ha migrado desde un sitio distal a través del torrente sanguíneo.,Indique «Sí» si el paciente experimentó esto en cualquier momento durante la hospitalización.,0,0,0,0,0,0
resultado,COMPLICACIONES: Presentadas entre el día de presentación y el alta o desenlace,compl_thrombemb_pe,En caso afirmativo al tromboembolismo: embolia pulmonar (PE),"1, Sí | 0, No | 99, Desconocido","Definido como la oclusión de una arteria pulmonar por trombo, aire o grasa. Diagnóstico médico basado en signos clínicos y/o pruebas radiológicas (por ejemplo, angiografía pulmonar tomográfica computarizada y/o escaneo de ventilación/perfusión).","Indique 'sí', si el paciente experimentó esto en cualquier momento durante la hospitalización.",0,0,0,0,0,0
resultado,COMPLICACIONES: Presentadas entre el día de presentación y el alta o desenlace,compl_thrombemb_dvt,En caso afirmativo al tromboembolismo: trombosis venosa profunda (TVP),"1, Sí | 0, No | 99, Desconocido","Definido como la presencia de un coágulo de sangre en una vena profunda, predominantemente en la extremidad inferior, pero puede incluir la pelvis o la extremidad superior. Los síntomas pueden incluir dolor, hinchazón, calor y enrojecimiento en el área afectada. Diagnóstico médico basado en signos clínicos y/o imágenes de diagnóstico apropiadas, p. ultrasonografía.","Indique 'sí', si el paciente experimentó esto en cualquier momento durante la hospitalización.",0,0,0,0,0,0
resultado,COMPLICACIONES: Presentadas entre el día de presentación y el alta o desenlace,compl_thrombemb_oth,Si es así al tromboembolismo: otro tromboembolismo (no PE o DVT),"1, Sí | 0, No | 99, Desconocido",Esto se refiere a diagnósticos tromboembólicos no especificados anteriormente.,"Indique 'sí', si el paciente experimentó esto en cualquier momento durante la hospitalización.",0,0,0,0,0,0
resultado,COMPLICACIONES: Presentadas entre el día de presentación y el alta o desenlace,compl_thrombemb_spec,Si es así: especifique otro tromboembolismo,,Esto se refiere a los otros diagnósticos tromboembólicos no especificados anteriormente.,"Si «Otro», escriba los demás diagnósticos tromboembólicos que haya experimentado el paciente en cualquier momento durante la hospitalización.",0,0,0,0,0,
resultado,COMPLICACIONES: Presentadas entre el día de presentación y el alta o desenlace,compl_severebleed,Hemorragia grave (que requiera intervención),"1, Sí | 0, No | 99, Desconocido","Se define como una hemorragia que provoca un compromiso hemodinámico que requiere intervención, concretamente una transfusión. Incluye los grados 3 y 4 de la escala de hemorragia de la Organización Mundial de la Salud (OMS).",Indique «Sí» si el paciente experimentó esto en cualquier momento durante la hospitalización.,0,0,0,0,0,0
resultado,COMPLICACIONES: Presentadas entre el día de presentación y el alta o desenlace,compl_severebleed_site,En caso afirmativo: sitio de sangrado severo (s),"1, Piel | 7, Petequias | 2, Nariz | 3, Encías | 4, Tracto gastrointestinal | 5, Tracto urinario | 6, Vagina | 88, Otros | 99, Desconocido","Esto se refiere a la ubicación de los sitios de sangrado/hemorragia. PETHIAE se refieren a pequeñas manchas rojizas o púrpuras en la piel o la membrana mucosa como resultado de la hemorragia localizada. El sangrado de la nariz se refiere a la hemorragia localizada en la nariz. El sangrado de la encía se refiere a la hemorragia que afecta la gingiva. El sangrado gastrointestinal (GI) se refiere a la hemorragia en cualquier segmento del tracto gastrointestinal desde el esófago hasta el recto. El sangrado del tracto urinario se refiere a la hemorragia que se origina en cualquier parte del sistema urinario. El sangrado vaginal se refiere a la hemorragia que se origina en la vagina, no relacionada con la menstruación normal.",Seleccione la (s) opción (s) más apropiada correspondiente a la ubicación del Sitio (s) de hemorragia de hemorragia.,0,0,0,0,0,0
resultado,COMPLICACIONES: Presentadas entre el día de presentación y el alta o desenlace,compl_severebleed_site_oth,Especificar otros lugares de hemorragia,,Se refiere a la ubicación del sitio o sitios de sangrado/hemorragia.,"Si «Otro», escriba la otra ubicación de los sitios donde el paciente ha experimentado sangrado/hemorragia en cualquier momento desde el inicio de esta enfermedad y la presentación o el ingreso.",0,0,0,0,0,
resultado,COMPLICACIONES: Presentadas entre el día de presentación y el alta o desenlace,compl_anaemia,Anemia,"1, Sí | 0, No | 99, Desconocido","Definido como una reducción en el número de glóbulos rojos, la cantidad de hemoglobina y/o el volumen de glóbulos rojos empaquetados. Clínicamente, la anemia representa una reducción en la capacidad de transporte de oxígeno de un volumen designado de sangre, como resultado de un desequilibrio entre la pérdida de sangre (a través de hemorragia o hemólisis) y la producción de sangre. Los signos y síntomas de la anemia pueden incluir palidez de la piel y membranas mucosas, falta de aliento, palpitaciones del corazón, murmullos sistólicos suaves, letargo y fatigabilidad. Los umbrales de la Organización Mundial de la Salud se utilizan para definir anemia, por ejemplo, en hombres adultos mayores de 15 años, la anemia se define por una hemoglobina <130g/L (<8.1 mmol/L); Para las hembras no embarazadas mayores de 15 años, los umbrales son <120g/L (<7.4mmol/L).","Indique 'sí', si el paciente experimentó esto en cualquier momento durante la hospitalización.",0,0,0,0,0,0
resultado,COMPLICACIONES: Presentadas entre el día de presentación y el alta o desenlace,compl_coagulatio,Trastorno de coagulación / DIC,"1, Sí | 0, No | 99, Desconocido","La coagulopatía (trastorno hemorrágico) se define como una condición en la que existe una desviación o interrupción de las propiedades de coagulación normales de la sangre (se interrumpe la coagulación de la sangre normal). La coagulación intravascular diseminada (DIC) se define como un proceso patológico donde la sangre comienza a coagularse en todo el cuerpo. El DIC agudo se confirma demostrando una mayor generación de trombina (por ejemplo, disminución del fibrinógeno) y un aumento de la fibrinólisis (por ejemplo, productos elevados de degradación de fibrina y dímero D). El diagnóstico de DIC crónico puede basarse en gran medida en la evidencia de microangiopatía en la película sanguínea y un aumento de los niveles de productos de degradación de fibrina y particularmente D-dímero.","Indique 'sí', si el paciente experimentó esto en cualquier momento durante la hospitalización.",0,0,0,0,0,0
resultado,COMPLICACIONES: Presentadas entre el día de presentación y el alta o desenlace,compl_renalgut,Complicaciones renales/genitourinarias,,Se define como cualquier complicación del sistema renal/genitourinario.,Indique «Sí» si el paciente experimentó esto en cualquier momento durante la hospitalización.,0,0,0,0,0,
resultado,COMPLICACIONES: Presentadas entre el día de presentación y el alta o desenlace,compl_acuterenal,Lesión renal aguda / insuficiencia renal aguda,"1, Sí | 0, No | 99, Desconocido","La lesión renal aguda se define cuando se cumple uno de los siguientes criterios: la creatinina sérica aumenta por> = 26umol/L o 0.3 mg/dL en 48 horas; o aumenta la creatinina sérica> = 1.5 veces del valor de referencia, que se sabe o se supone que ocurrió dentro de los 7 días anteriores; o la salida de orina es <0.5 ml/kg/hr durante> 6 horas consecutivas.","Indique 'sí', si el paciente experimentó esto en cualquier momento durante la hospitalización.",0,0,0,0,0,0
resultado,COMPLICACIONES: Presentadas entre el día de presentación y el alta o desenlace,compl_uti,Infección del tracto urinario,"1, Sí | 0, No | 99, Desconocido",Esto se refiere a las respuestas inflamatorias del epitelio del tracto urinario a las invasiones microbianas. A menudo son infecciones bacterianas con bacteruria y piuria asociadas.,"Indique 'sí', si el paciente experimentó esto en cualquier momento durante la hospitalización.",0,0,0,0,0,0
resultado,COMPLICACIONES: Presentadas entre el día de presentación y el alta o desenlace,compl_urineret,Retención urinaria,"1, Sí | 0, No | 99, Desconocido",Se refiere a la acumulación de orina en la vejiga debido a la incapacidad de orinar.,Indique «Sí» si el paciente experimentó esto en cualquier momento durante la hospitalización.,0,0,0,0,0,0
resultado,COMPLICACIONES: Presentadas entre el día de presentación y el alta o desenlace,compl_urineret_spec,Especificar,,Se refiere a la acumulación de orina en la vejiga debido a la incapacidad de orinar.,"Si «Sí», especifique",0,0,0,0,0,
resultado,COMPLICACIONES: Presentadas entre el día de presentación y el alta o desenlace,compl_ent,Complicaciones otorrinolaringológicas,"1, Sí | 0, No | 99, Desconocido","Se define como cualquier complicación del sistema auditivo, nasal y faríngeo.",Indique «Sí» si el paciente experimentó esto en cualquier momento durante la hospitalización.,0,0,0,0,0,0
resultado,COMPLICACIONES: Presentadas entre el día de presentación y el alta o desenlace,compl_deepneck,Infecciones profundas del espacio cervical,"1, Sí | 0, No | 99, Desconocido",Se refiere a una infección de los planos fasciales profundos del cuello.,Indique «Sí» si el paciente experimentó esto en cualquier momento durante la hospitalización.,0,0,0,0,0,0
resultado,COMPLICACIONES: Presentadas entre el día de presentación y el alta o desenlace,compl_msk,Complicaciones musculoesqueléticas,,Se define como cualquier complicación del sistema musculoesquelético.,Indique «Sí» si el paciente experimentó esto en cualquier momento durante la hospitalización.,0,0,0,0,0,
resultado,COMPLICACIONES: Presentadas entre el día de presentación y el alta o desenlace,compl_rhabdomyol,Rabdomiólisis,"1, Sí | 0, No | 99, Desconocido","La rabdomiólisis es un síndrome caracterizado por la necrosis muscular y la liberación de mioglobina en la sangre, como resultado de la lesión muscular. El diagnóstico se realiza en un paciente con una enfermedad neuromuscular aguda o orina oscura sin otros síntomas, además de una marcada elevación aguda en la creatina quinasa. La creatina quinasa es típicamente al menos cinco veces el límite superior de lo normal (sin embargo, no hay un umbral de diagnóstico para establecer el diagnóstico). La biopsia muscular, la electromiografía, las imágenes radiológicas y la presencia de mioglobinuria no son necesarias para el diagnóstico.","Indique 'sí', si el paciente experimentó esto en cualquier momento durante la hospitalización.",0,0,0,0,0,0
resultado,COMPLICACIONES: Presentadas entre el día de presentación y el alta o desenlace,compl_myositis,Miositis,"1, Sí | 0, No | 99, Desconocido","La miositis se define como un proceso inflamatorio que afecta los músculos esqueléticos. Las causas incluyen infecciones, lesiones y trastornos autoinmunes. Puede ser un diagnóstico clínico con evidencia de apoyo de pruebas de laboratorio, p. creatina quinasa sérica elevada; No se requiere confirmación histológica para hacer el diagnóstico. La miositis puede ocurrir sin la progresión posterior a la rabdomiólisis.","Indique 'sí', si el paciente experimentó esto en cualquier momento durante la hospitalización.",0,0,0,0,0,0
resultado,COMPLICACIONES: Presentadas entre el día de presentación y el alta o desenlace,compl_skin,Complicaciones cutáneas,,Se define como cualquier complicación de la piel.,Indique «Sí» si el paciente experimentó esto en cualquier momento durante la hospitalización.,0,0,0,0,0,
resultado,COMPLICACIONES: Presentadas entre el día de presentación y el alta o desenlace,compl_cellulitis,Celulitis,"1, Sí | 0, No | 99, Desconocido","Se define como una inflamación aguda, difusa y supurativa del tejido conectivo laxo, en particular de los tejidos subcutáneos profundos y, en ocasiones, de los músculos, que se observa con mayor frecuencia como resultado de una infección. El diagnóstico se basa en los signos y síntomas clínicos, y puede respaldarse con pruebas microbiológicas.",Indique «Sí» si el paciente experimentó esto en cualquier momento durante la hospitalización.,0,0,0,0,0,0
resultado,COMPLICACIONES: Presentadas entre el día de presentación y el alta o desenlace,compl_cellulitis_site,En caso afirmativo: sitio (s) de celulitis,"1, Piel | 2, Nariz | 3, Encías | 4, Tracto gastrointestinal | 5, Tracto urinario | 6, Vagina | 99, Desconocido | 88, Otros",Esto se refiere al sitio (s) en el que se identificó la celulitis.,"Seleccione los sitios (s) más apropiados en los que se identificó la celulitis en cualquier momento durante la hospitalización. Si 'otro', especifique los otros sitios en el espacio proporcionado a continuación.",0,0,0,0,0,0
resultado,COMPLICACIONES: Presentadas entre el día de presentación y el alta o desenlace,compl_cellulitis_site_oth,Especifique otros lugares de celulitis,,Se refiere a los demás lugares en los que se identificó celulitis.,"Si «Otro», escriba el lugar o lugares en los que se identificó la celulitis en cualquier momento durante la hospitalización. ",0,0,0,0,0,
resultado,COMPLICACIONES: Presentadas entre el día de presentación y el alta o desenlace,compl_skabscess,Absceso cutáneo,"1, Sí | 0, No | 99, Desconocido",Se refiere a una zona circunscrita de pus o restos necróticos en la piel.,Indique «Sí» si el paciente experimentó esto en cualquier momento durante la hospitalización.,0,0,0,0,0,0
resultado,COMPLICACIONES: Presentadas entre el día de presentación y el alta o desenlace,compl_eschar,Pérdida de tejido de la piel o chiflado,"1, Sí | 0, No | 99, Desconocido","Elcar se define como una costra seca y oscura o que se cae de la piel muerta, generalmente causada por una quemadura, una mordedura de insectos (por ejemplo, algunas infecciones por rickettsial) o infección con ántrax.","Indique 'sí', si el paciente experimentó esto en cualquier momento durante la hospitalización.",0,0,0,0,0,0
resultado,COMPLICACIONES: Presentadas entre el día de presentación y el alta o desenlace,compl_scar,Cicatrices cutáneas,"1, Sí | 0, No | 99, Desconocido",Se refiere a una marca permanente que queda en la piel durante el proceso de cicatrización de una herida.,Indique «Sí» si el paciente experimentó esto en cualquier momento durante la hospitalización.,0,0,0,0,0,0
resultado,COMPLICACIONES: Presentadas entre el día de presentación y el alta o desenlace,compl_nec,Infección necrotizante,"1, Sí | 0, No | 99, Desconocido",Se refiere a una infección asociada con la muerte de la piel y el tejido blando subyacente.,Indique «Sí» si el paciente experimentó esto en cualquier momento durante la hospitalización.,0,0,0,0,0,0
resultado,COMPLICACIONES: Presentadas entre el día de presentación y el alta o desenlace,compl_eye,Complicaciones oftalmológicas,,Se define como cualquier complicación ocular.,Indique «Sí» si el paciente experimentó esto en cualquier momento durante la hospitalización.,0,0,0,0,0,
resultado,COMPLICACIONES: Presentadas entre el día de presentación y el alta o desenlace,compl_eyeinf,Infección ocular,"1, Sí | 0, No | 99, Desconocido",Se refiere a un proceso infeccioso que afecta a cualquier parte del ojo.,Indique «Sí» si el paciente experimentó esto en cualquier momento durante la hospitalización.,0,0,0,0,0,0
resultado,COMPLICACIONES: Presentadas entre el día de presentación y el alta o desenlace,compl_cornealsubepi,Infiltrados subepiteliales corneales,"1, Sí | 0, No | 99, Desconocido",Se refiere a infiltrados corneales subepiteliales.,Indique «Sí» si el paciente experimentó esto en cualquier momento durante la hospitalización.,0,0,0,0,0,0
resultado,COMPLICACIONES: Presentadas entre el día de presentación y el alta o desenlace,compl_cornealstroma,Infiltrados estromales corneales,"1, Sí | 0, No | 99, Desconocido",Se refiere a infiltrados corneales estromales.,Indique «Sí» si el paciente experimentó esto en cualquier momento durante la hospitalización.,0,0,0,0,0,0
resultado,COMPLICACIONES: Presentadas entre el día de presentación y el alta o desenlace,compl_sys,Complicaciones sistémicas,,Se define como cualquier complicación sistémica.,Indique «Sí» si el paciente experimentó esto en cualquier momento durante la hospitalización.,0,0,0,0,0,
resultado,COMPLICACIONES: Presentadas entre el día de presentación y el alta o desenlace,compl_bacteraemi,Bacteriemia,"1, Sí | 0, No | 99, Desconocido","Definido como la presencia de bacterias en la sangre, detectada con mayor frecuencia a través de la investigación del cultivo sanguíneo. No se deben registrar episodios de sospecha de contaminación artes de una hemandera.","Indique 'sí' si se produjo bacteriemia en cualquier momento durante la hospitalización. Indique 'NO', si la bacteriemia nunca ocurrió o si solo se creía que las bacterias cultivadas eran contaminantes de la piel (por ejemplo, estafilococos negativos o difteroides de coagulasa).",0,0,0,0,0,0
resultado,COMPLICACIONES: Presentadas entre el día de presentación y el alta o desenlace,compl_hyperglyce,Hiperglucemia,"1, Sí | 0, No | 99, Desconocido","Para los adultos, se define como un nivel anormalmente alto de glucosa en la sangre, nivel de glucosa en sangre que está constantemente por encima de 126 mg/dL o 7 mmol/L. Para los niños, se define como un nivel de glucosa en sangre consistentemente por encima de 8.3 mmol/L.","Indique «Sí» si se produjo bacteriemia en algún momento durante la hospitalización. Indique «No» si nunca se produjo bacteriemia o si se consideró que las bacterias cultivadas eran solo contaminantes cutáneos (por ejemplo, estafilococos coagulasa negativos o difteroides).",0,0,0,0,0,0
resultado,COMPLICACIONES: Presentadas entre el día de presentación y el alta o desenlace,compl_hypoglycem,Hipoglucemia,"1, Sí | 0, No | 99, Desconocido","Esto se refiere al nivel anormalmente bajo de glucosa en la sangre. Para los adultos, se define como un nivel anormalmente bajo de glucosa en la sangre, un nivel de glucosa en sangre que está constantemente por debajo de 70 mg/dL o 4 mmol/L. Para los niños, se define como un nivel de glucosa en sangre por debajo de 3 mmol/L.","Indique 'sí', si el paciente experimentó esto en cualquier momento durante la hospitalización.",0,0,0,0,0,0
resultado,COMPLICACIONES: Presentadas entre el día de presentación y el alta o desenlace,compl_shock,Choque,"1, Sí | 0, No | 99, Desconocido","El shock se refiere a la insuficiencia circulatoria, lo que hace que el suministro de oxígeno inadecuado satisfaga las necesidades metabólicas celulares. Se define por la presencia de dos de los siguientes: evidencia de hipoperfusión (por ejemplo, recarga capilar> 2 segundos, piel fría y húmeda y pulso rápido/débil, estado mental alterado), presión de pulso estrecha (menor o igual a 20 mmhg) , hipotensión para la edad y taquicardia (> 100bpm).","Indique 'sí', si el paciente experimentó esto en cualquier momento durante la hospitalización.",0,0,0,0,0,0
resultado,COMPLICACIONES: Presentadas entre el día de presentación y el alta o desenlace,compl_reshock,Re-shock episodios,"1, Sí | 0, No | 99, Desconocido","El re-shock o el choque recurrente se define como un episodio separado de shock que ocurre al menos 2-6 horas después de la resolución clínica de un episodio inicial de shock, donde la resolución clínica se refiere a una presión de pulso> 25 mmhg sin signos de perfusión deteriorada. Esto no incluye un shock persistente (donde no se ve ninguna resolución).","Indique 'sí', si el paciente experimentó esto en cualquier momento durante la hospitalización.",0,0,0,0,0,0
resultado,COMPLICACIONES: Presentadas entre el día de presentación y el alta o desenlace,compl_reshockep,Número de episodios de re-shock,"1, 1 | 2, 2 | 3, 3 | 4, 4+ | 99, Desconocido",Esto se refiere al número de veces que se identificó el re-shock mientras el paciente fue hospitalizado.,"Si 'sí', seleccione la opción más apropiada que corresponde al número de episodios de re-shock que el paciente ha experimentado en cualquier momento durante la hospitalización.",0,0,0,0,0,0
resultado,COMPLICACIONES: Presentadas entre el día de presentación y el alta o desenlace,compl_sepsis,Septicemia,"1, Sí | 0, No | 99, Desconocido","Como se define de acuerdo con el Grupo de Tarea SCCM/ESICM 2016 como una disfunción órgana que potencialmente mortal la vida causada por una respuesta de huésped desregulada a la infección con lo siguiente: disfunción de órganos determinada por una puntuación de evaluación de falla de órgano secuencial (SOFA) de mayor o igual a 2 puntos a 2 puntos (o puntuación rápida de sofá/QSOFA de mayor o igual a 2); y una infección diagnosticada con el médico (que puede ser respaldado por signos y síntomas clínicos, evidencia radiológica y/o microbiológica).","Indique 'sí', si el paciente experimentó esto en cualquier momento durante la hospitalización.",0,0,0,0,0,0
resultado,COMPLICACIONES: Presentadas entre el día de presentación y el alta o desenlace,compl_hypothermia,Hipotermia,"1, Sí | 0, No | 99, Desconocido",Se refiere a una temperatura corporal anormalmente baja.,Indique «Sí» si el paciente experimentó esto en cualquier momento durante la hospitalización.,0,0,0,0,0,0
resultado,COMPLICACIONES: Presentadas entre el día de presentación y el alta o desenlace,compl_ndiab,Diabetes mellitus de nueva aparición,"1, sí | 0, No | 99, Desconocido",,,0,0,0,,,0
resultado,COMPLICACIONES: Presentadas entre el día de presentación y el alta o desenlace,compl_plarthalgia,Poliartralgia,"1, sí | 0, No | 99, Desconocido",,,0,0,0,,,0
resultado,COMPLICACIONES: Presentadas entre el día de presentación y el alta o desenlace,compl_otherdesc,Otras  complicaciones,,,,0,0,0,,,
resultado,COMPLICACIONES: Presentadas entre el día de presentación y el alta o desenlace,compl_unlisted,Otras complicaciones,"1, Sí | 0, No | 99, Desconocido",Esto se refiere a otras complicaciones no especificadas anteriormente.,"Especifique todas las demás complicaciones, no enumeradas anteriormente, el paciente experimentado en cualquier momento durante la hospitalización.",0,0,0,0,0,0
resultado,INTERVENCIONES: Registrar las intervenciones realizadas o prescritas desde el día de presentación hasta el alta o desenlace,inter_ivfluid,Líquido parenteral / iv,"1, Sí | 0, No | 99, Desconocido","Se refiere a líquidos intravenosos que incluyen cristaloides, albúmina, gelatina, almidones u otras soluciones.",Indique «Sí» si el paciente recibió líquidos intravenosos en cualquier momento durante la hospitalización.,0,0,0,0,0,0
resultado,INTERVENCIONES: Registrar las intervenciones realizadas o prescritas desde el día de presentación hasta el alta o desenlace,inter_ivfluid_type,En caso afirmativo: seleccione todos los fluidos parenterales / IV que se administraron,,"Esto se refiere al tipo de fluido parenteral o intravenoso (IV) se prescribe como un reemplazo de líquidos, electrolitos, calorías, vitaminas y otras sustancias nutricionales. Los fluidos cristaloides se refieren a soluciones de sales minerales, incluida la solución salina normal (0.9%), ringer lactada/Hartman, dextrosa al 5% en agua, 10% de dextrosa en agua, solución salina hipertónica e hipertónica, entre otros. La albúmina se refiere a las preparaciones intravenosas de la albúmina de suero humano purificada utilizada para reemplazar la albúmina perdida en pacientes con hipoalbuminemia, para tratar la hipovolemia y la ascitis, y como parte de algunos kits de diagnóstico de imágenes. Las soluciones comunes de coloides de albúmina incluyen albúmina 4%, 5% y 20% entre otras. La gelatina se refiere a un sustituto de volumen de plasma coloidal, isotónico, fisiológicamente equilibrado, que contiene gelatina y electrolitos succinilados, con posibles propiedades nefroprotectivas. Los fluidos parenterales de gelatina comunes incluyen gelaspan, gelofusina, geloplasma, isoplex, entre otros. Los almidones se refieren a una solución intravenosa de derivado de hidroxietilo de hidroxietilo (HES), sintética, derivada de hidroxietilo no iónico del almidón utilizado como expansor de plasma cuando se prepara en una solución isotónica. Los fluidos parenterales, coloides sintéticos basados ​​en almidón común incluyen productos hidroxietil con almidón (HES), entre otros.",Seleccione las opciones más apropiadas correspondientes a los fluidos parenterales administrados.,0,0,0,0,0,
resultado,INTERVENCIONES: Registrar las intervenciones realizadas o prescritas desde el día de presentación hasta el alta o desenlace,inter_ivfluid_cryst,Volumen cristaloide total dado durante la admisión (ml),,"Los fluidos cristaloides se refieren a soluciones de sales minerales, incluida la solución salina normal (0.9%), ringer lactada/Hartman, dextrosa al 5% en agua, 10% de dextrosa en agua, solución salina hipertónica e hipertónica, entre otros.",Registre el volumen total de líquido cristaloide que el paciente recibió durante el ingreso en mililitros (ml).,0,0,0,0,0,
resultado,INTERVENCIONES: Registrar las intervenciones realizadas o prescritas desde el día de presentación hasta el alta o desenlace,inter_ivfluid_colloid,Volumen total de coloides administrado durante el ingreso (ml),,"Los fluidos coloidales son soluciones que contienen moléculas grandes, como proteínas o polisacáridos, que permanecen en el torrente sanguíneo durante más tiempo que los cristaloides. Estos fluidos ayudan a mantener o aumentar el volumen intravascular al atraer agua hacia los vasos sanguíneos mediante la presión oncótica. Entre los coloides más comunes se encuentran las gelatinas, los almidones o la albúmina. ",Registre el volumen total de líquido coloide que recibió el paciente durante el ingreso en mililitros (ml).,0,0,0,0,0,
resultado,INTERVENCIONES: Registrar las intervenciones realizadas o prescritas desde el día de presentación hasta el alta o desenlace,inter_ivfluid_reas,Razón (s) para fluido IV (verifique todo lo que se aplique),"1, Shock | 2, Hematicrito alto/en aumento | 3, Anorexia | 4, Vómitos persistentes | 88, Otros","Se refiere a la razón o razones (indicaciones) para la terapia con líquidos parenterales/intravenosos (IV) en cualquier momento durante el ingreso. Si hay varias indicaciones, seleccione todas las que correspondan. El shock se refiere a una insuficiencia circulatoria que provoca un suministro de oxígeno inadecuado para satisfacer las necesidades metabólicas de las células. Se define por la presencia de dos de los siguientes síntomas: evidencia de hipoperfusión (por ejemplo, relleno capilar >2 segundos, piel fría y húmeda, pulso rápido/débil, estado mental alterado), presión del pulso estrecha (igual o inferior a 20 mmHg), hipotensión para la edad y taquicardia (>100 lpm). Hematuria alta/en aumento se refiere a una elevación por encima de la proporción normal del volumen de glóbulos rojos con respecto al volumen total de sangre. Anorexia se refiere a la falta o pérdida de apetito acompañada de aversión a los alimentos y la incapacidad de comer.",Seleccione todo lo que se aplique.,0,0,0,0,0,0
resultado,INTERVENCIONES: Registrar las intervenciones realizadas o prescritas desde el día de presentación hasta el alta o desenlace,inter_ivfluid_reas_oth,Especifique otros motivos para la administración de líquidos intravenosos,,Se refiere a la(s) razón(es) (indicación(es)) para la terapia con líquidos parenterales/intravenosos (IV) en cualquier momento durante la admisión.,"Si «Otro», especifique el motivo o motivos (indicaciones) del tratamiento con líquidos parenterales/intravenosos (IV) en cualquier momento durante el ingreso.",0,0,0,0,0,
resultado,INTERVENCIONES: Registrar las intervenciones realizadas o prescritas desde el día de presentación hasta el alta o desenlace,inter_ivfluid_start,Fecha primero que se inició el fluido iv,,Esto se refiere a la fecha en que se inició el primer fluido parenteral / intravenoso (IV).,Ingrese la fecha en formato DD/mm/aa yyyy.,0,0,0,0,0,
resultado,INTERVENCIONES: Registrar las intervenciones realizadas o prescritas desde el día de presentación hasta el alta o desenlace,inter_ivfluid_end,Fecha de la última vía intravenosa del líquido,,Esto se refiere a la fecha en que terminó el último fluido parenteral / intravenoso (IV).,Ingrese la fecha en formato DD/mm/aa yyyy.,0,0,0,0,0,
resultado,INTERVENCIONES: Registrar las intervenciones realizadas o prescritas desde el día de presentación hasta el alta o desenlace,inter_bpt,Transfusión de productos de sangre,"1, Sí | 0, No | 99, Desconocido","Se refiere a una transfusión de sangre (sangre total o concentrado de hematíes) u otros hemoderivados, excluida la inmunoglobulina humana normal (por ejemplo, albúmina, granulocitos, plaquetas, plasma fresco congelado [PFC], FP24, PF-24, crioprecipitado, concentrado de proteína C, criosupernatante o un factor de coagulación no recombinante específico) en cualquier momento de la fecha de la evaluación. ","Indique «Sí» si el paciente recibió hemoderivados o transfusiones de hemoderivados en cualquier momento durante el ingreso. Si «Sí», seleccione el producto o productos a continuación.",0,0,0,0,0,0
resultado,INTERVENCIONES: Registrar las intervenciones realizadas o prescritas desde el día de presentación hasta el alta o desenlace,inter_bpt_type,En caso afirmativo: seleccione toda la transfusión de productos de sangre que se administraron,"1, plaquetas | 2, crioprecipitado | 3, sangre completa | 4, plasma fresco congelado | 5, concentrado de fibrinógeno | 6, concentrado de glóbulos rojos (concentrado de hematíes)","Esto se refiere a una transfusión de sangre (sangre completa o glóbulos rojos empacados) u otros productos sanguíneos que excluyen la inmunoglobulina normal humana (por ejemplo, albúmina, granulocitos, plaquetas, plasma fresco yh-frozen (FFP), FP24, PF-25, crioprecipitada, proteína C de proteína C, proteína C concentrado, criosupernador o un factor de coagulación no recombinante específico) en cualquier momento de la fecha de evaluación. Las plaquetas se refieren a la transferencia de plaquetas sanguíneas de un donante a un destinatario o reinfusión al donante. El crioprecipitado se refiere a un producto de sangre congelado preparado a partir de plasma congelado que contiene fibrinógeno (factor I), factor antihemofílico (factor VIII), factor XIII, factor von willebrand (VWF) y fibronectina. La sangre completa se refiere a la administración intravenosa de sangre completa (sangre que contiene plasma y glóbulos rojos) en un individuo. RBC empaquetado se refiere a los glóbulos rojos de una unidad de sangre completa después de la eliminación de la mayor parte del plasma, dejando una unidad con un hematocrito de aproximadamente 60%. El plasma fresco congelado se refiere al plasma que se separa de la sangre entera y se congela rápidamente después de una donación de sangre para usarse para transfusiones de sangre. El concentrado de fibrinógeno es un agente hemostático utilizado para el tratamiento de episodios de sangrado agudo en pacientes con deficiencia de fibrinógeno congénito, incluida la afibrinogenemia e hipofibrinogenemia.",Seleccione las opciones más apropiadas correspondientes a los productos de sangre que se administraron.,0,0,0,0,0,0
resultado,INTERVENCIONES: Registrar las intervenciones realizadas o prescritas desde el día de presentación hasta el alta o desenlace,inter_bpt_plate,"Plaquetas, número total de unidades",,Las plaquetas se refieren a la transferencia de plaquetas sanguíneas de un donante a un destinatario o reinfusión al donante.,Registre el número total de unidades que el paciente recibió durante el ingreso.,0,0,0,0,0,
resultado,INTERVENCIONES: Registrar las intervenciones realizadas o prescritas desde el día de presentación hasta el alta o desenlace,inter_bpt_cryo,"Crioprecipitado, número total de unidades",,"El crioprecipitado se refiere a un producto de sangre congelado preparado a partir de plasma congelado que contiene fibrinógeno (factor I), factor antihemofílico (factor VIII), factor XIII, factor von willebrand (VWF) y fibronectina. El crioprecipitado se refiere a un producto de sangre congelado preparado a partir de plasma congelado que contiene fibrinógeno (factor I), factor antihemofílico (factor VIII), factor XIII, factor von willebrand (VWF) y fibronectina.",Registre el número total de unidades que el paciente recibió durante el ingreso.,0,0,0,0,0,
resultado,INTERVENCIONES: Registrar las intervenciones realizadas o prescritas desde el día de presentación hasta el alta o desenlace,inter_bpt_rbc,"GRABLA COLLA/RBC empaquetado, número total de unidades",,"La sangre completa se refiere a la administración intravenosa de sangre completa (sangre que contiene plasma y glóbulos rojos) en un individuo. RBC empaquetado se refiere a los glóbulos rojos de una unidad de sangre completa después de la eliminación de la mayor parte del plasma, dejando una unidad con un hematocrito de aproximadamente 60%.",Registre el número total de unidades que el paciente recibió durante el ingreso.,0,0,0,0,0,
resultado,INTERVENCIONES: Registrar las intervenciones realizadas o prescritas desde el día de presentación hasta el alta o desenlace,inter_bpt_ffp,"Plasma fresco congelado (FFP), número total de unidades",,El plasma fresco congelado se refiere al plasma que se separa de la sangre entera y se congela rápidamente después de una donación de sangre para usarse para transfusiones de sangre.,Registre el número total de unidades que el paciente recibió durante el ingreso.,0,0,0,0,0,
resultado,INTERVENCIONES: Registrar las intervenciones realizadas o prescritas desde el día de presentación hasta el alta o desenlace,inter_bpt_fibrin,"Concentrado de fibrinógeno, número total de unidades",,"El concentrado de fibrinógeno es un agente hemostático utilizado para el tratamiento de episodios de sangrado agudo en pacientes con deficiencia de fibrinógeno congénito, incluida la afibrinogenemia e hipofibrinogenemia.",Registre el número total de unidades que el paciente recibió durante el ingreso.,0,0,0,0,0,
resultado,INTERVENCIONES: Registrar las intervenciones realizadas o prescritas desde el día de presentación hasta el alta o desenlace,inter_bpt_rcc,"Concentrado de hematíes (concentrado de glóbulos rojos), número total de unidades",,"Los glóbulos rojos concentrados son glóbulos rojos procedentes de una unidad de sangre total tras la eliminación de la mayor parte del plasma, lo que da lugar a una unidad con un hematocrito de aproximadamente el 60 %.",Anote el número total de unidades que recibió el paciente durante la hospitalización.,0,0,0,0,0,
resultado,INTERVENCIONES: Registrar las intervenciones realizadas o prescritas desde el día de presentación hasta el alta o desenlace,inter_ivimmunogl,Inmunoglobulina intravenosa,"1, Sí | 0, No | 99, Desconocido","Esto se refiere a las preparaciones de inmunoglobulina utilizadas en la infusión intravenosa, que contiene la inmunoglobulina G (IgG). Examples de preparaciones comerciales de IVIG de inmunoglobulina intravenosa incluyen Octagam®, Intragam P®, Kiovig®, Flebogamma 5% DIF®, Carimune NF®, Gamunex®, Gammagard, Gammagard, Gammagard, Gammagard, Gammagard. S/D®, Gammagard Liquid®, Gammaked® y Privigen®.","Indique 'sí', si el paciente recibió inmunoglobulina intravenosa en cualquier momento durante el ingreso.",0,0,0,0,0,0
resultado,INTERVENCIONES: Registrar las intervenciones realizadas o prescritas desde el día de presentación hasta el alta o desenlace,inter_diuretics,Diuréticos,"1, Sí | 0, No | 99, Desconocido","Esto se refiere a la clase de agentes que aumentan la producción de orina por parte del riñón. A través de diversos mecanismos de acciones, los diuréticos retienen el agua en la orina, por lo tanto, proporciona un medio de diuresis forzada.","Indique 'sí', si el paciente recibió terapia diurética en cualquier momento durante el ingreso.",0,0,0,0,0,0
resultado,INTERVENCIONES: Registrar las intervenciones realizadas o prescritas desde el día de presentación hasta el alta o desenlace,inter_nacetylcys,N-acetil cisteína,"1, Sí | 0, No | 99, Desconocido",Esto se refiere al derivado de N-acetil de cisteína; utilizado como agente mucolítico para reducir la viscosidad de las secreciones mucosas.,"Indique 'sí', si el paciente recibió N-acetil cisteína (NAC) en cualquier momento durante el ingreso.",0,0,0,0,0,0
resultado,INTERVENCIONES: Registrar las intervenciones realizadas o prescritas desde el día de presentación hasta el alta o desenlace,inter_fluiddrain,Drenaje fluido,"1, Sí | 0, No | 99, Desconocido",Esto se refiere al procedimiento para eliminar el líquido del espacio pleural o la cavidad peritoneal.,"Indique 'sí', si se trataba de drenaje de fluido de la cavidad pleural o peritoneal se realizó en cualquier momento durante el ingreso.",0,0,0,0,0,0
resultado,INTERVENCIONES: Registrar las intervenciones realizadas o prescritas desde el día de presentación hasta el alta o desenlace,inter_fluiddrain_reas,En caso afirmativo: razón para este drenaje,"1, Ascitis | 2, Derrame pleural",Esto se refiere a la razón (indicación) para el drenaje de fluidos. La ascitis se refiere a la acumulación anormal del fluido en la cavidad peritoneal. El derrame pleural se refiere a la presencia de líquido en la cavidad pleural resultante de la transudación o exudación excesiva de las superficies pleurales.,Seleccione la opción más apropiada correspondiente a la razón (indicación) para el drenaje de fluido.,0,0,0,0,0,0
resultado,INTERVENCIONES: Registrar las intervenciones realizadas o prescritas desde el día de presentación hasta el alta o desenlace,inter_plasmaex,Intercambio de plasmaféresis / plasma,"1, Sí | 0, No | 99, Desconocido","La plasmaféresis (intercambio de plasma) se refiere a la separación extracorpórea de los componentes sanguíneos, lo que resulta en un producto filtrado. Los métodos incluyen centrifugación de flujo discontinuo, centrifugación de flujo continuo y filtración de plasma.","Indique 'sí', si el paciente recibió plasmafaresis en cualquier momento durante el ingreso.",0,0,0,0,0,0
resultado,INTERVENCIONES: Registrar las intervenciones realizadas o prescritas desde el día de presentación hasta el alta o desenlace,inter_plasmaex_days,Días con soporte de recambio plasmático durante el ingreso,,"Se refiere al número total de días naturales que el paciente ha estado en tratamiento de intercambio de plasma (plasmaféresis). La plasmaféresis (intercambio de plasma) se refiere a la separación extracorpórea de los componentes sanguíneos, lo que da como resultado un producto filtrado. Los métodos incluyen la centrifugación de flujo discontinuo, la centrifugación de flujo continuo y la filtración de plasma.",Escriba el número total de días naturales que el paciente estuvo en tratamiento de recambio plasmático (plasmaféresis).,0,0,0,0,0,
resultado,INTERVENCIONES: Registrar las intervenciones realizadas o prescritas desde el día de presentación hasta el alta o desenlace,inter_isolation,¿El paciente estaba aislado en casa o en el hospital?,"1, Sí | 0, No | 99, Desconocido",Esto se refiere al aislamiento del paciente en el hogar o en el hospital durante este ingreso de patógeno de interés.,Indique 'sí' si el paciente era aislamiento en el hogar o en el hospital durante este ingreso por patógeno de interés.,0,0,0,0,0,0
resultado,INTERVENCIONES: Registrar las intervenciones realizadas o prescritas desde el día de presentación hasta el alta o desenlace,inter_isolation_date,En caso afirmativo: fecha en que el individuo ingresó aislamiento,,Esto se refiere a la fecha de inicio del aislamiento del paciente en el hogar o en el hospital durante este ingreso para el patógeno de interés.,Escriba la fecha en formato DD/mm/aaa yyyy.,0,0,0,0,0,
resultado,INTERVENCIONES: Registrar las intervenciones realizadas o prescritas desde el día de presentación hasta el alta o desenlace,inter_surg,¿Alguna intervención quirúrgica realizada en relación con la infección con patógeno de interés?,"1, Sí | 0, No | 99, Desconocido",Esto se refiere a cualquier intervención quirúrgica que se realizó en relación con la infección con patógeno de interés.,Indique 'sí' si se realizó una intervención quirúrgica en relación con la infección con patógeno de interés.,0,0,0,0,0,0
resultado,INTERVENCIONES: Registrar las intervenciones realizadas o prescritas desde el día de presentación hasta el alta o desenlace,inter_surg_type,"Si es así: ¿Cuál fue la cirugía? (por ejemplo, desbridamiento del tejido infectado)",,Esto se refiere a cualquier intervención quirúrgica que se realizó en relación con la infección con patógeno de interés.,"Si 'sí', escriba el nombre de la intervención / procedimiento quirúrgico que se realizó en relación con la infección con patógeno de interés.",0,0,0,0,0,
resultado,INTERVENCIONES: Registrar las intervenciones realizadas o prescritas desde el día de presentación hasta el alta o desenlace,inter_surg_date,En caso afirmativo: Fecha de primera cirugía,,Esto se refiere a la fecha de la primera intervención quirúrgica que se realizó en relación con la infección con patógeno de interés.,"Escriba la fecha de la primera cirugía, use el formato DD/mm/aaa yyyy.",0,0,0,0,0,
resultado,INTERVENCIONES: Registrar las intervenciones realizadas o prescritas desde el día de presentación hasta el alta o desenlace,inter_surg_sec,¿Se realizó una segunda intervención quirúrgica relacionada con la infección por el patógeno de interés?,"1, Sí | 0, No | 99, Desconocido",Se refiere a cualquier intervención quirúrgica que se haya realizado en relación con la infección por el patógeno de interés.,Indique «Sí» si se realizó una segunda intervención quirúrgica en relación con la infección por el patógeno de interés.,0,0,0,0,0,0
resultado,INTERVENCIONES: Registrar las intervenciones realizadas o prescritas desde el día de presentación hasta el alta o desenlace,inter_surg_secdate,Fecha de la segunda cirugía,,Se refiere a la fecha de la segunda intervención quirúrgica que se realizó en relación con la infección por el patógeno de interés.,"Escriba la fecha de la segunda cirugía, utilizando el formato DD/MM/AAAA.",0,0,0,0,0,
resultado,INTERVENCIONES: Registrar las intervenciones realizadas o prescritas desde el día de presentación hasta el alta o desenlace,inter_other,Otras intervenciones o procedimientos,"1, Sí | 0, No | 99, Desconocido","Se refiere a cualquier otra intervención terapéutica específica o procedimiento administrado en cualquier momento durante el ingreso, no caracterizado de otra manera, que usted considere relevante.",Indique «Sí» si se utilizaron otras intervenciones o procedimientos entre las 00:00 y las 24:00 horas del día de la evaluación.,0,0,0,0,0,0
resultado,INTERVENCIONES: Registrar las intervenciones realizadas o prescritas desde el día de presentación hasta el alta o desenlace,inter_other_spec,Especifique otras intervenciones o procedimientos,,"Se refiere a cualquier otra intervención terapéutica específica o procedimiento administrado en cualquier momento durante el ingreso, no caracterizado de otra manera, que usted considere relevante.","Si la respuesta es «Sí», especifique las intervenciones terapéuticas o los procedimientos no caracterizados de otro modo que considere relevantes.",0,0,0,0,0,
resultado,SOPORTE RESPIRATORIO: Registrar todas las intervenciones respiratorias realizadas o prescritas desde el día de presentación hasta el alta o desenlace,inter_suppleo2,¿Algún oxígeno suplementario?,"1, Sí | 0, No | 99, Desconocido","Esto se refiere a cualquier método de oxigenerapia que pueda administrarse a través de cánula de nariz, máscara o ventilación no invasiva o invasiva.","Indique 'sí', si el paciente experimentó esto en cualquier momento durante la hospitalización.",0,0,0,0,0,0
resultado,SOPORTE RESPIRATORIO: Registrar todas las intervenciones respiratorias realizadas o prescritas desde el día de presentación hasta el alta o desenlace,inter_suppleo2_ongoing,¿Sigue recibiendo oxígeno suplementario?,"1, Sí | 0, No | 99, Desconocido","Se refiere a la oxigenoterapia continua que puede administrarse a través de una cánula nasal, una mascarilla o ventilación no invasiva o invasiva.",Indique «Sí» si el paciente sigue en oxigenoterapia suplementaria.,0,0,0,0,0,0
resultado,SOPORTE RESPIRATORIO: Registrar todas las intervenciones respiratorias realizadas o prescritas desde el día de presentación hasta el alta o desenlace,inter_suppleo2_dur,Número de días naturales que el paciente recibió asistencia respiratoria durante el ingreso,,Se refiere al número total de días naturales en los que el paciente recibió este apoyo respiratorio durante la hospitalización (incluido el uso en cualquier momento durante la hospitalización).,Escriba el número total de días naturales que el paciente recibió este apoyo respiratorio durante el ingreso (incluido el uso en cualquier momento durante el ingreso).,0,0,0,0,0,
resultado,SOPORTE RESPIRATORIO: Registrar todas las intervenciones respiratorias realizadas o prescritas desde el día de presentación hasta el alta o desenlace,inter_suppleo2_flow,Volumen máximo de flujo de O2 (L/min),"1, <2 l/min | 2, 2-5 l/min | 3, 6-10 l/min | 4, 11-15 l/min | 5, >15 l/min | 99, Desconocido",Esto se refiere al volumen de flujo máximo de O2 entregado al paciente en cualquier momento durante la hospitalización.,Seleccione el volumen de flujo máximo de O2 entregado al paciente en cualquier momento durante la hospitalización.,0,0,0,0,0,0
resultado,SOPORTE RESPIRATORIO: Registrar todas las intervenciones respiratorias realizadas o prescritas desde el día de presentación hasta el alta o desenlace,inter_nasalprongs,Canula nasal,"1, Sí | 0, No | 99, Desconocido",Se refiere al modo en que el paciente recibió oxígeno suplementario el día de la evaluación. Las pinzas nasales o cánulas nasales administran oxígeno a través de dos pequeñas pinzas o cánulas insertadas en las fosas nasales.,Indique «Sí» si se utilizó este modo de asistencia respiratoria para administrar oxígeno suplementario en cualquier momento durante la hospitalización.,0,0,0,0,0,0
resultado,SOPORTE RESPIRATORIO: Registrar todas las intervenciones respiratorias realizadas o prescritas desde el día de presentación hasta el alta o desenlace,inter_nasalprongs_ongoing,¿Sigue en tratamiento?,"1, Sí | 0, No | 99, Desconocido",Se refiere a la ventilación no invasiva continua.,Indique «Sí» si el paciente sigue recibiendo oxígeno suplementario a través de cánulas nasales.,0,0,0,0,0,0
resultado,SOPORTE RESPIRATORIO: Registrar todas las intervenciones respiratorias realizadas o prescritas desde el día de presentación hasta el alta o desenlace,inter_nasalprongs_dur,Número de días naturales que el paciente recibió oxígeno suplementario a través de cánulas nasales,,Se refiere al número total de días naturales en los que el paciente recibió ventilación no invasiva.,Escriba el número total de días naturales que el paciente recibió oxígeno suplementario a través de cánulas nasales durante la hospitalización (incluido el uso en cualquier momento durante la hospitalización).,0,0,0,0,0,
resultado,SOPORTE RESPIRATORIO: Registrar todas las intervenciones respiratorias realizadas o prescritas desde el día de presentación hasta el alta o desenlace,inter_facemask,Mascarilla,"1, Sí | 0, No | 99, Desconocido","Se refiere al modo en que el paciente recibió oxígeno suplementario el día de la evaluación. Una mascarilla de oxígeno simple es un dispositivo que se coloca sobre la nariz, la boca o la traqueotomía del paciente para administrar oxígeno a las vías respiratorias.",Indique «Sí» si se utilizó este modo de asistencia respiratoria para administrar oxígeno suplementario en cualquier momento durante la hospitalización.,0,0,0,0,0,0
resultado,SOPORTE RESPIRATORIO: Registrar todas las intervenciones respiratorias realizadas o prescritas desde el día de presentación hasta el alta o desenlace,inter_facemask_ongoing,¿Sigue en tratamiento?,"1, Sí | 0, No | 99, Desconocido",Se refiere a la ventilación no invasiva continua.,Indique «Sí» si el paciente sigue recibiendo oxígeno suplementario a través de una mascarilla.,0,0,0,0,0,0
resultado,SOPORTE RESPIRATORIO: Registrar todas las intervenciones respiratorias realizadas o prescritas desde el día de presentación hasta el alta o desenlace,inter_facemask_dur,Número de días naturales que el paciente recibió oxígeno suplementario a través de una mascarilla facial,,Se refiere al número total de días naturales en los que el paciente recibió ventilación no invasiva.,Escriba el número total de días naturales que el paciente recibió oxígeno suplementario a través de una mascarilla durante la admisión (incluido el uso en cualquier momento durante la admisión).,0,0,0,0,0,
resultado,SOPORTE RESPIRATORIO: Registrar todas las intervenciones respiratorias realizadas o prescritas desde el día de presentación hasta el alta o desenlace,inter_hfno,Oxígeno nasal de alto flujo,"1, Sí | 0, No | 99, Desconocido","Se refiere al modo en que el paciente recibió oxígeno suplementario el día de la evaluación. La oxigenoterapia nasal de alto flujo es una asistencia respiratoria no invasiva que administra aire calentado, humidificado y enriquecido con oxígeno a los pacientes a través de una cánula nasal de alto flujo a velocidades superiores a las que suelen proporcionar los dispositivos de oxígeno de flujo estándar.",Indique «Sí» si se utilizó este modo de asistencia respiratoria para administrar oxígeno suplementario al paciente en cualquier momento durante la hospitalización.,0,0,0,0,0,0
resultado,SOPORTE RESPIRATORIO: Registrar todas las intervenciones respiratorias realizadas o prescritas desde el día de presentación hasta el alta o desenlace,inter_hfno_ongoing,¿Sigue en tratamiento?,"1, Sí | 0, No | 99, Desconocido",Se refiere a la ventilación no invasiva continua.,Indique «Sí» si el paciente sigue recibiendo oxígeno nasal de alto flujo.,0,0,0,0,0,0
resultado,SOPORTE RESPIRATORIO: Registrar todas las intervenciones respiratorias realizadas o prescritas desde el día de presentación hasta el alta o desenlace,inter_hfno_dur,Número de días naturales que el paciente recibió oxígeno nasal de alto flujo,,Se refiere al número total de días naturales en los que el paciente recibió oxígeno nasal de alto flujo.,Escriba el número total de días naturales que el paciente recibió oxígeno nasal de alto flujo durante el ingreso (incluido el uso en cualquier momento durante el ingreso).,0,0,0,0,0,
resultado,SOPORTE RESPIRATORIO: Registrar todas las intervenciones respiratorias realizadas o prescritas desde el día de presentación hasta el alta o desenlace,inter_nivent,Tipo de ventilación no invasiva,"1, Sí | 0, No | 99, Desconocido","El soporte respiratorio o la ventilación no invasiva (NIV) se refiere a la provisión de soporte ventilatorio a través de la vía aérea superior del paciente usando una máscara o un dispositivo similar. Incluye una cánula nasal de alto flujo, presión positiva continua de vías respiratorias (CPAP) y presión de vía aérea positiva bileval (BPAP).",Indique «Sí» si se utilizó este modo de asistencia respiratoria para administrar oxígeno suplementario en cualquier momento durante la hospitalización.,0,0,0,0,0,0
resultado,SOPORTE RESPIRATORIO: Registrar todas las intervenciones respiratorias realizadas o prescritas desde el día de presentación hasta el alta o desenlace,inter_nivent_type,Tipo de asistencia respiratoria no invasiva,"1, CPAP | 2, BIPAP | 99, desconocido | 88, otro","La asistencia respiratoria no invasiva o ventilación no invasiva (VNI) se refiere a la administración de asistencia respiratoria a través de las vías respiratorias superiores del paciente mediante una mascarilla o un dispositivo similar. Incluye la cánula nasal de alto flujo, la presión positiva continua en las vías respiratorias (CPAP) y la presión positiva bifásica en las vías respiratorias (BPAP).",Seleccione la opción más adecuada correspondiente al tipo de VNI utilizado en cualquier momento durante la hospitalización.,0,0,0,0,0,0
resultado,SOPORTE RESPIRATORIO: Registrar todas las intervenciones respiratorias realizadas o prescritas desde el día de presentación hasta el alta o desenlace,inter_nivent_typ_oth,Especifique otro tipo de ventilación no invasiva,,"La asistencia respiratoria no invasiva o ventilación no invasiva (VNI) se refiere a la administración de asistencia respiratoria a través de las vías respiratorias superiores del paciente mediante una mascarilla o un dispositivo similar. Incluye la cánula nasal de alto flujo, la presión positiva continua en las vías respiratorias (CPAP) y la presión positiva bifásica en las vías respiratorias (BPAP).","Si «Otro», especifique otro tipo de ventilación no invasiva.",0,0,0,0,0,
resultado,SOPORTE RESPIRATORIO: Registrar todas las intervenciones respiratorias realizadas o prescritas desde el día de presentación hasta el alta o desenlace,inter_nivent_ongoing,¿Sigue en tratamiento?,"1, Sí | 0, No | 99, Desconocido",Se refiere a la ventilación no invasiva continua.,Indique «Sí» si el paciente sigue con ventilación no invasiva.,0,0,0,0,0,0
resultado,SOPORTE RESPIRATORIO: Registrar todas las intervenciones respiratorias realizadas o prescritas desde el día de presentación hasta el alta o desenlace,inter_nivent_dur,Número de días naturales que el paciente recibió ventilación no invasiva,,Se refiere al número total de días naturales en los que el paciente recibió ventilación no invasiva.,Escriba el número total de días naturales que el paciente recibió ventilación no invasiva durante el ingreso (incluido el uso en cualquier momento durante el ingreso).,0,0,0,0,0,
resultado,SOPORTE RESPIRATORIO: Registrar todas las intervenciones respiratorias realizadas o prescritas desde el día de presentación hasta el alta o desenlace,inter_invent,Ventilación invasiva,"1, Sí | 0, No | 99, Desconocido","Se refiere al modo en el que el paciente recibió oxígeno suplementario el día de la evaluación. La ventilación invasiva indica que el paciente ha sido sometido a intubación traqueal con el fin de recibir ventilación mecánica invasiva. La ventilación mecánica invasiva (VMI) es un método para asistir mecánicamente o sustituir la respiración espontánea en pacientes mediante el uso de un dispositivo motorizado que impulsa aire oxigenado a los pulmones. El modo de intubación puede ser orotraqueal, nasotraqueal o mediante una cricotirotomía o traqueotomía.",Indique «Sí» si este modo de asistencia respiratoria se utilizó para administrar oxígeno suplementario al paciente en cualquier momento durante la hospitalización.,0,0,0,0,0,0
resultado,SOPORTE RESPIRATORIO: Registrar todas las intervenciones respiratorias realizadas o prescritas desde el día de presentación hasta el alta o desenlace,inter_invent_ongoing,¿Sigue en tratamiento?,"1, Sí | 0, No | 99, Desconocido",Se refiere a la ventilación invasiva continua.,Indique «Sí» si el paciente sigue con ventilación invasiva.,0,0,0,0,0,0
resultado,SOPORTE RESPIRATORIO: Registrar todas las intervenciones respiratorias realizadas o prescritas desde el día de presentación hasta el alta o desenlace,inter_invent_dur,Número de días naturales que el paciente recibió ventilación invasiva,,Se refiere al número total de días naturales en los que el paciente recibió ventilación invasiva.,Escriba el número total de días naturales que el paciente recibió ventilación invasiva durante el ingreso (incluido el uso en cualquier momento durante el ingreso).,0,0,0,0,0,
resultado,SOPORTE RESPIRATORIO: Registrar todas las intervenciones respiratorias realizadas o prescritas desde el día de presentación hasta el alta o desenlace,inter_ecmo,Tipo de ECLS / ECMO,"1, Sí | 0, No | 99, Desconocido","Los dos tipos principales de oxigenación de la membrana extracorpórea (ECMO), también llamadas soporte vital extracorpóreo (ECLS), son venovenosos (venosos y venosos), que se utiliza para apoyar los pulmones y los veno-arteriales (venoso-arterial), que es Se usa para apoyar los pulmones y el corazón.",Indique «Sí» si este modo de asistencia respiratoria se utilizó para administrar oxígeno suplementario al paciente en cualquier momento durante la hospitalización.,0,0,0,0,0,0
resultado,SOPORTE RESPIRATORIO: Registrar todas las intervenciones respiratorias realizadas o prescritas desde el día de presentación hasta el alta o desenlace,inter_ecmo_typ,Tipo de ECLS/ECMO,"1, Veno-venosa (VV) | 2, Veno-arterial (VA) | 99, Desconocida","Los dos tipos principales de oxigenación por membrana extracorpórea (ECMO), también llamada soporte vital extracorpóreo (ECLS), son la venovenosa (venosa-venosa), que se utiliza para apoyar los pulmones, y la venoarterial (venosa-arterial), que se utiliza para apoyar los pulmones y el corazón.",Seleccione la opción más adecuada que corresponda al tipo de ECLS/ECMO utilizado en cualquier momento durante la hospitalización.,0,0,0,0,0,0
resultado,SOPORTE RESPIRATORIO: Registrar todas las intervenciones respiratorias realizadas o prescritas desde el día de presentación hasta el alta o desenlace,inter_ecmo_ongoing,¿Sigue en tratamiento?,"1, Sí | 0, No | 99, Desconocido",Se refiere a la ECMO/ECLS en curso.,Indique «Sí» si el paciente sigue en ECMO/ECLS.,0,0,0,0,0,0
resultado,SOPORTE RESPIRATORIO: Registrar todas las intervenciones respiratorias realizadas o prescritas desde el día de presentación hasta el alta o desenlace,inter_ecmo_dur,Número de días naturales que el paciente recibió ECLS/ECMO,,"Se refiere al número de días naturales que el paciente ha recibido oxigenación por membrana extracorpórea (ECMO), también llamada soporte vital extracorpóreo (ECLS).",Escriba el número total de días naturales que el paciente recibió ECLS/ECMO durante el ingreso (incluido el uso en cualquier momento durante el ingreso).,0,0,0,0,0,
resultado,SOPORTE RESPIRATORIO: Registrar todas las intervenciones respiratorias realizadas o prescritas desde el día de presentación hasta el alta o desenlace,inter_prone,Posición prona,"1, Sí | 0, No | 99, Desconocido","La posición prona se refiere al acto de colocar al paciente en posición boca abajo para facilitar la ventilación. Esto incluye tanto a pacientes con ventilación invasiva/intubados como a pacientes no intubados o con ventilación autónoma. ",Indique «Sí» para cualquier paciente que haya estado en posición prona para facilitar la ventilación en cualquier momento durante el ingreso.,0,0,0,0,0,0
resultado,SOPORTE RESPIRATORIO: Registrar todas las intervenciones respiratorias realizadas o prescritas desde el día de presentación hasta el alta o desenlace,inter_prone_when,¿Cuándo se colocó al paciente en posición prona?,"1, Durante la ventilación invasiva | 2, Durante la autoventilación | 99, Desconocida",Se refiere al tipo de ventilación asistida cuando el paciente se colocó en posición prona. Puede tratarse de pacientes con ventilación invasiva/intubados o pacientes no intubados/autoventilados.,Especifique el tipo de ventilación asistida administrada cuando el paciente fue colocado en posición prona.,0,0,0,0,0,0
resultado,SOPORTE RESPIRATORIO: Registrar todas las intervenciones respiratorias realizadas o prescritas desde el día de presentación hasta el alta o desenlace,inter_prone_awake,¿Estaba consciente?,"1, Sí | 0, No | 99, Desconocido","Se refiere a la práctica de colocar a los pacientes en posición prona mientras están despiertos, sin sedación, para mejorar la oxigenación.",Indique «Sí» si se utilizó la posición prona despierto en cualquier momento durante el ingreso.,0,0,0,0,0,0
resultado,SOPORTE RESPIRATORIO: Registrar todas las intervenciones respiratorias realizadas o prescritas desde el día de presentación hasta el alta o desenlace,inter_othersuppleo2,Otras intervenciones o procedimientos de asistencia respiratoria,"1, Sí | 0, No | 99, Desconocido",Se refiere a cualquier otra intervención o procedimiento específico de asistencia respiratoria no caracterizado de otro modo que se considere relevante.,Indique «Sí» si se utilizaron otras intervenciones o procedimientos de asistencia respiratoria en cualquier momento durante la hospitalización.,0,0,0,0,0,0
resultado,SOPORTE RESPIRATORIO: Registrar todas las intervenciones respiratorias realizadas o prescritas desde el día de presentación hasta el alta o desenlace,inter_othersuppleo2_spec,Especifique otras intervenciones o procedimientos de asistencia respiratoria,,Se refiere a cualquier otra intervención o procedimiento específico de asistencia respiratoria no caracterizado de otro modo que se considere relevante.,"Si la respuesta es «Sí», especifique las intervenciones o procedimientos de asistencia respiratoria no caracterizados de otro modo que considere relevantes.",0,0,0,0,0,
resultado,INTERVENCIONES DE CUIDADOS AVANZADOS: Registrar todas las intervenciones avanzadas realizadas desde el día de presentación hasta el alta o desenlace,crito_critcare,¿Se administraron intervenciones de cuidados críticos durante la admisión?,"1, Sí | 0, No | 99, Desconocido",Esto se refiere a la (s) intervención (s) o procedimiento (s) de cuidados críticos que se administraron en cualquier momento durante la hospitalización.,"Indique 'sí', si se administraron intervenciones de cuidados críticos en cualquier momento durante la hospitalización.",0,0,0,0,0,0
resultado,INTERVENCIONES DE CUIDADOS AVANZADOS: Registrar todas las intervenciones avanzadas realizadas desde el día de presentación hasta el alta o desenlace,crito_icu,En caso afirmativo: ICU / ITU / HDU / Intermediate Care Unit Admission,"1, Sí | 0, No | 99, Desconocido","Esto se refiere a unidades de cuidados intensivos (UCI), unidades intensivas de terapia/tratamiento (UIT), unidades de cuidados críticos, unidades de alta dependencia (HDU) o unidad de nivel similar.",Indique 'sí' si el paciente fue ingresado en la UCI (o unidad de nivel similar) al menos una vez en cualquier momento durante su hospitalización.,0,0,0,0,0,0
resultado,INTERVENCIONES DE CUIDADOS AVANZADOS: Registrar todas las intervenciones avanzadas realizadas desde el día de presentación hasta el alta o desenlace,crito_icu_ongoing,¿Sigue en la UCI/UTI/UDH/unidad de cuidados intermedios?,"1, Sí | 0, No | 99, Desconocido",Se refiere a la hospitalización en curso en la UCI/UTI/UAD/unidad de cuidados intermedios.,Indique «Sí» si el paciente sigue ingresado en la UCI (o en una unidad de nivel similar).,0,0,0,0,0,0
resultado,INTERVENCIONES DE CUIDADOS AVANZADOS: Registrar todas las intervenciones avanzadas realizadas desde el día de presentación hasta el alta o desenlace,crito_icu_date,Fecha de la primera icu / ITU / HDU / Intermediate Care Unit Admission,,Esto se refiere a la fecha de primera admisión a la UCI (o unidad de nivel similar).,Escriba la fecha en formato DD/mm/aaa yyyy.,0,0,0,0,0,
resultado,INTERVENCIONES DE CUIDADOS AVANZADOS: Registrar todas las intervenciones avanzadas realizadas desde el día de presentación hasta el alta o desenlace,crito_icu_disdate,Fecha del primer alta de la UCI,,Se refiere a la fecha del primer alta de la UCI (o unidad de nivel similar).,Escriba la fecha en formato DD/MM/AAAA.,0,0,0,0,0,
resultado,INTERVENCIONES DE CUIDADOS AVANZADOS: Registrar todas las intervenciones avanzadas realizadas desde el día de presentación hasta el alta o desenlace,crito_icu_dur,Duración de la primera UCI / ITU / HDU / Intermediate Care Unit Admission (días),,Esto se refiere a la duración total de la primera admisión a la UCI (o unidad de nivel similar).,Escriba el número total de días calendario que el paciente fue ingresado en la UCI.,0,0,0,0,0,
resultado,INTERVENCIONES DE CUIDADOS AVANZADOS: Registrar todas las intervenciones avanzadas realizadas desde el día de presentación hasta el alta o desenlace,crito_icu_readm,"¿El paciente ingresó en la UCI/UTI/UDH/unidad de cuidados intermedios más de una vez? ","1, Sí | 0, No | 99, Desconocido",Se refiere a cualquier admisión en una unidad de cuidados intensivos (o unidad de nivel similar) en cualquier momento durante la hospitalización del paciente.,Indique «Sí» si el paciente fue ingresado en la UCI más de una vez en cualquier momento durante su hospitalización.,0,0,0,0,0,0
resultado,INTERVENCIONES DE CUIDADOS AVANZADOS: Registrar todas las intervenciones avanzadas realizadas desde el día de presentación hasta el alta o desenlace,crito_icu_findate,Fecha del último ingreso en la UCI/UTI/UDI/unidad de cuidados intermedios,,Se refiere a la fecha del primer ingreso en la UCI (o unidad de nivel similar).,Introduzca la fecha en formato DD/MM/AAAA.,0,0,0,0,0,
resultado,INTERVENCIONES DE CUIDADOS AVANZADOS: Registrar todas las intervenciones avanzadas realizadas desde el día de presentación hasta el alta o desenlace,crito_icu_findur,Duración del último ingreso en la UCI/UTI/UDI/unidad de cuidados intermedios (días),,Se refiere a la duración total de la última admisión en la UCI (o unidad de nivel similar).,Escriba el número total de días naturales que el paciente estuvo ingresado en la UCI.,0,0,0,0,0,
resultado,INTERVENCIONES DE CUIDADOS AVANZADOS: Registrar todas las intervenciones avanzadas realizadas desde el día de presentación hasta el alta o desenlace,crito_neuromuscu,Agentes de bloqueo neuromuscular,"1, Sí | 0, No | 99, Desconocido","Esto se refiere al uso de bloqueadores neuromusculares. Los ejemplos incluyen atracurium, cisatracurium, nimbex, norcurón, pancuronio, pavulón, rocuronio, tracrium, vecuronio, zemurón.","Indique 'sí', si los bloqueadores neuromusculares se usaron en cualquier momento durante este ingreso.",0,0,0,0,0,0
resultado,INTERVENCIONES DE CUIDADOS AVANZADOS: Registrar todas las intervenciones avanzadas realizadas desde el día de presentación hasta el alta o desenlace,crito_nitricoxid,Óxido nítrico inhalado,"1, Sí | 0, No | 99, Desconocido","Esto se refiere al óxido nítrico como en el inhalante típicamente utilizado para insuficiencia respiratoria hipóxica, entre otros usos.",Indique 'sí' si se usó óxido nítrico inhalado en cualquier momento durante este ingreso.,0,0,0,0,0,0
resultado,INTERVENCIONES DE CUIDADOS AVANZADOS: Registrar todas las intervenciones avanzadas realizadas desde el día de presentación hasta el alta o desenlace,crito_tracheosto,Traqueotomía insertada,"1, Sí | 0, No | 99, Desconocido","Esto se refiere a la formación quirúrgica de una abertura en la tráquea a través del cuello, o la abertura creada.",Indique 'sí' si se insertó una traqueotomía en el paciente en cualquier momento durante el ingreso.,0,0,0,0,0,0
resultado,INTERVENCIONES DE CUIDADOS AVANZADOS: Registrar todas las intervenciones avanzadas realizadas desde el día de presentación hasta el alta o desenlace,crito_rtt,Terapia de reemplazo renal (RRT) o diálisis,"1, Sí | 0, No | 99, Desconocido","Esto se refiere a tratamientos que sustituyen la función de filtro de sangre de los riñones. Incluye diálisis (hemodiálisis o diálisis peritoneal), hemofiltración y hemodiafiltración. El trasplante de riñón también puede considerarse una terapia de reemplazo renal. Puede ser intermitente o continuo.","Indique 'sí', si el paciente recibió terapia de reemplazo renal continuo o hemodiálisis intermitente en cualquier momento durante la hospitalización.",0,0,0,0,0,0
resultado,INTERVENCIONES DE CUIDADOS AVANZADOS: Registrar todas las intervenciones avanzadas realizadas desde el día de presentación hasta el alta o desenlace,crito_rtt_ongoing,¿Sigue en tratamiento?,"1, Sí | 0, No | 99, Desconocido",Se refiere a la terapia de reemplazo renal (TRR) o diálisis en curso.,Indique «Sí» si el paciente sigue en terapia de sustitución renal (TSR) o diálisis.,0,0,0,0,0,0
resultado,INTERVENCIONES DE CUIDADOS AVANZADOS: Registrar todas las intervenciones avanzadas realizadas desde el día de presentación hasta el alta o desenlace,crito_rtt_dur,Número de días calendario en RRT o duración de diálisis durante la admisión,,Esto se refiere al número total de días que el paciente recibió RRT o diálisis en cualquier momento durante este ingreso.,"Escriba el número total de días calendario que el paciente recibió RRT o diálisis en cualquier momento durante este ingreso. Incluso si el paciente recibió esto más de una vez en un día calendario (es decir, entre las 00:00 y las 24:00 horas), esto cuenta como uno al número total de días.",0,0,0,0,0,
resultado,INTERVENCIONES DE CUIDADOS AVANZADOS: Registrar todas las intervenciones avanzadas realizadas desde el día de presentación hasta el alta o desenlace,crito_inotropesv,Inotropes / vasopresores,"1, Sí | 0, No | 99, Desconocido","Esto se refiere al uso continuo de un vasopresor o inotropeo durante al menos una hora. Los agentes incluyen noradrenalina, epinefrina, vasopresina, terlipresina y fenilefrina. Los inotropos 'positivos' comúnmente utilizados incluyen dobutamina, dopamina, milrinona y adrenalina (epinefrina).","Indique 'sí', si el paciente recibió inotropas / vasopresores durante al menos una hora en cualquier momento durante la hospitalización.",0,0,0,0,0,0
resultado,INTERVENCIONES DE CUIDADOS AVANZADOS: Registrar todas las intervenciones avanzadas realizadas desde el día de presentación hasta el alta o desenlace,crito_inotropesv_ongoing,¿Sigue en tratamiento?,"1, Sí | 0, No | 99, Desconocido",Se refiere a la terapia inotrópica/vasoactiva en curso.,Indique «Sí» si el paciente sigue en terapia inotrópica/vasoactiva.,0,0,0,0,0,0
resultado,INTERVENCIONES DE CUIDADOS AVANZADOS: Registrar todas las intervenciones avanzadas realizadas desde el día de presentación hasta el alta o desenlace,crito_inotropesv_dur,Duración total de inotropas / vasopresores durante la admisión (días),,Se refiere al número total de días durante este ingreso de que el paciente recibió terapia inotrópica/vasoactiva.,Escriba el número total de días calendario que el paciente recibió terapia inotrópica o vasoactiva en cualquier momento durante este ingreso.,0,0,0,0,0,
resultado,INTERVENCIONES DE CUIDADOS AVANZADOS: Registrar todas las intervenciones avanzadas realizadas desde el día de presentación hasta el alta o desenlace,crito_critcareunlst,Otras intervención o procedimientos de cuidados críticos,"1, Sí | 0, No | 99, Desconocido",Esto se refiere a cualquier otra intervención terapéutica de cuidados críticos específicos (s) o procedimientos que no se caractericen de otra manera que cree que puede ser relevante.,Indique 'sí' si se usaron otras intervención o procedimientos de cuidados críticos en cualquier momento durante la hospitalización.,0,0,0,0,0,0
resultado,INTERVENCIONES DE CUIDADOS AVANZADOS: Registrar todas las intervenciones avanzadas realizadas desde el día de presentación hasta el alta o desenlace,crito_critcareunlst_oth,Si es otros: especifique otras intervención o procedimientos de cuidados críticos,,Esto se refiere a cualquier otra intervención terapéutica de cuidados críticos específicos (s) o procedimientos que no se caractericen de otra manera que cree que puede ser relevante.,"Si 'sí', especifique la intervención terapéutica o procedimientos terapéuticos de cuidados críticos que no se caracterizan de otra manera que cree que puede ser relevante.",0,0,0,0,0,
resultado,DIAGNÓSTICO,diagn_primary,Diagnóstico principal,,Se refiere al diagnóstico principal (primario) por el que el paciente buscó atención o fue ingresado en el centro.,Seleccione la opción más adecuada que indique el diagnóstico.,0,0,0,0,0,
resultado,DIAGNÓSTICO,diagn_primary_type,Tipo de diagnóstico,"1, Diagnóstico clínico | 2, Confirmado por laboratorio | 3, Confirmado radiológicamente (por ejemplo, radiografía de tórax, TC) | 99, Desconocido | 88, Otros",Se refiere al método utilizado para diagnosticar la afección. El diagnóstico clínico se refiere a basarse en los signos y síntomas clínicos. Confirmado por laboratorio se refiere al uso de investigaciones de laboratorio. Confirmado radiológicamente se refiere a basarse en modalidades de imagen.,Seleccione la opción más adecuada que indique el tipo de diagnóstico.,0,0,0,0,0,0
resultado,DIAGNÓSTICO,diagn_secondary,Diagnóstico secundario,,Se refiere al diagnóstico secundario que estaba presente en el momento en que el paciente solicitó atención o se desarrolló durante el ingreso.,Seleccione la opción más adecuada que indique el diagnóstico.,0,0,0,0,0,
resultado,DIAGNÓSTICO,diagn_secondary_type,Tipo de diagnóstico,"1, Diagnóstico clínico | 2, Confirmado por laboratorio | 3, Confirmado radiológicamente (por ejemplo, radiografía de tórax, TC) | 99, Desconocido | 88, Otros",Se refiere al método utilizado para diagnosticar la afección. El diagnóstico clínico se refiere a basarse en los signos y síntomas clínicos. Confirmado por laboratorio se refiere al uso de investigaciones de laboratorio. Confirmado radiológicamente se refiere a basarse en modalidades de imagen.,Seleccione la opción más adecuada que indique el tipo de diagnóstico.,0,0,0,0,0,0
resultado,DIAGNÓSTICO,diagn_additional,Diagnóstico adicional,,Se refiere al diagnóstico adicional que estaba presente en el momento en que el paciente solicitó atención o se desarrolló durante el ingreso.,Seleccione la opción más adecuada que indique el diagnóstico.,0,0,0,0,0,0
resultado,DIAGNÓSTICO,diagn_additional_list,Diagnóstico adicional,,Se refiere al diagnóstico adicional que estaba presente en el momento en que el paciente solicitó atención o se desarrolló durante el ingreso.,Seleccione la opción más adecuada que indique el diagnóstico.,0,0,0,0,0,
resultado,DIAGNÓSTICO,diagn_additional_type,Tipo de diagnóstico,"1, Diagnóstico clínico | 2, Confirmado por laboratorio | 3, Confirmado radiológicamente (por ejemplo, radiografía de tórax, TC) | 99, Desconocido | 88, Otros",Se refiere al método utilizado para diagnosticar la afección. El diagnóstico clínico se refiere a basarse en los signos y síntomas clínicos. Confirmado por laboratorio se refiere al uso de investigaciones de laboratorio. Confirmado radiológicamente se refiere a basarse en modalidades de imagen.,Seleccione la opción más adecuada que indique el tipo de diagnóstico.,0,0,0,0,0,0
resultado,DIAGNÓSTICO,diagn_additional2,Diagnóstico adicional,,Se refiere al diagnóstico adicional que estaba presente en el momento en que el paciente solicitó atención o se desarrolló durante el ingreso.,Seleccione la opción más adecuada que indique el diagnóstico.,0,0,0,0,0,0
resultado,DIAGNÓSTICO,diagn_additional2_list,Diagnóstico adicional,,Se refiere al diagnóstico adicional que estaba presente en el momento en que el paciente solicitó atención o se desarrolló durante el ingreso.,Seleccione la opción más adecuada que indique el diagnóstico.,0,0,0,0,0,
resultado,DIAGNÓSTICO,diagn_additional2_type,Tipo de diagnóstico,"1, Diagnóstico clínico | 2, Confirmado por laboratorio | 3, Confirmado radiológicamente (por ejemplo, radiografía de tórax, TC) | 99, Desconocido | 88, Otros",Se refiere al método utilizado para diagnosticar la afección. El diagnóstico clínico se refiere a basarse en los signos y síntomas clínicos. Confirmado por laboratorio se refiere al uso de investigaciones de laboratorio. Confirmado radiológicamente se refiere a basarse en modalidades de imagen.,Seleccione la opción más adecuada que indique el tipo de diagnóstico.,0,0,0,0,0,0
resultado,DIAGNÓSTICO,diagn_mpox_clade,Clado MPOX,"1, Ia | 2, Ib | 3, subtipo I desconocido | 4, IIa | 5, IIb | 6, subtipo II desconocido | 7, no realizado | 99, desconocido | 88, otro",Se refiere al clado del virus MPOX identificado durante las pruebas MPOX.,Seleccione la opción más apropiada que represente el clado del virus MPOX identificado durante la prueba MPOX.,0,0,0,0,0,0
resultado,DIAGNÓSTICO,diagn_mpox_cladeoth,Especifique otro clado de mpox,,Se refiere al clado del virus del mpox identificado durante las pruebas de mpox.,"Si es «Otro», escriba el clado del virus del mpox identificado durante las pruebas de mpox.",0,0,0,0,0,
resultado,DIAGNÓSTICO,diagn_denguetyp,Si algún diagnóstico es dengue: tipo,"1, DENV1 | 2, DENV2 | 3, DENV3 | 4, DENV4","Se refiere a la etiqueta del serotipo de la especie viral del virus del dengue, que es un virus ARN monocatenario de sentido positivo de la familia Flaviviridae y el género Flavivirus, detectado mediante la prueba de PCR.",Seleccione la opción más adecuada que represente la etiqueta del serotipo de la especie viral del virus del dengue detectada mediante la prueba de PCR.,0,0,0,0,0,0
resultado,DIAGNÓSTICO,diagn_dengueclass,¿Cuál fue la clasificación final del dengue?,"1, Dengue sin complicaciones | 2, Dengue con signos de alerta | 3, Dengue grave","Se refiere a la clasificación del dengue de la Organización Mundial de la Salud de 2009. ",Seleccione la opción más adecuada que corresponda a la clasificación final del dengue (basada en la clasificación del dengue de la Organización Mundial de la Salud de 2009).,0,0,0,0,0,0
resultado,DIAGNÓSTICO,diagn_dengueclass_dss,Síndrome de shock por dengue,"1, Sí | 0, No | 99, Desconocido",El síndrome de shock por dengue (DSS) se refiere a una fuga plasmática grave que provoca shock y/o acumulación de líquido con dificultad respiratoria.,Indique «Sí» si el paciente presenta esta complicación del dengue grave que experimentó durante su ingreso.,0,0,0,0,0,0
resultado,DIAGNÓSTICO,diagn_dengueclass_sevbl,Hemorragia grave,"1, Sí | 0, No | 99, Desconocido",Se refiere a una hemorragia grave según la evaluación del médico.,Indique «Sí» si el paciente presenta esta complicación del dengue grave que experimentó durante su ingreso.,0,0,0,0,0,0
resultado,DIAGNÓSTICO,diagn_dengueclass_sevorgimp,Deterioro orgánico grave,"1, Sí | 0, No | 99, Desconocido","Se refiere a una afectación grave de los órganos, que puede incluir: la afectación hepática se indica por un nivel de AST o ALT superior o igual a 1000 UI/L, la afectación del sistema nervioso se evidencia por alteración de la conciencia.",Indique «Sí» si el paciente presenta esta complicación del dengue grave que experimentó durante su ingreso.,0,0,0,0,0,0
resultado,DIAGNÓSTICO,diagn_hepatitis_type,Tipo de hepatitis,"1, A | 2, B | 3, C | 4, D | 5, E | 88, Otros","Esto se refiere a los virus de ADN y ARN, así como virus de humanos y animales, luego de una clasificación no taxonómica de virus no relacionados, que causan inflamación y disfunción hepática.","Si 'Lab confirmó' infección por el virus de la hepatitis, seleccione la opción más apropiada correspondiente al tipo de virus de hepatitis detectado.",0,0,0,0,0,0
resultado,DIAGNÓSTICO,diagn_hepatitis_type_oth,Especificar otro tipo de hepatitis,,"Se refiere tanto a los virus de ADN como a los de ARN, así como a los virus de origen humano y animal, siguiendo una clasificación no taxonómica de virus no relacionados entre sí, que causan inflamación y disfunción hepática.","Si es «Otro», especifique el tipo de virus de la hepatitis. ",0,0,0,0,0,
resultado,DIAGNÓSTICO,diagn_chick_type,Si el diagnóstico es Chikungunya: Tipo,"1, Chikungunya (forma articular clásica + fiebre) | 2, Chikungunya con manifestaciones extraarticulares | 3, chikungunya severo",,,0,0,0,,,0
resultado,DIAGNÓSTICO,diagn_bacte,Infección bacteriana,,Se refiere al método para identificar o excluir una infección bacteriana en esta admisión.,Seleccione la opción más apropiada que represente el método para identificar o excluir una infección bacteriana en esta admisión.,0,0,0,0,0,
resultado,DIAGNÓSTICO,diagn_bacte_cont,Infección bacteriana (si se confirma en laboratorio),"1, Adquirido en la comunidad | 2, Adquirido en el hospital | 99, Desconocido",Se refiere al método de identificación o exclusión de una infección bacteriana en esta admisión.,Seleccione la opción más adecuada que represente el método de identificación o exclusión de una infección bacteriana en esta admisión.,0,0,0,0,0,0
resultado,DIAGNÓSTICO,diagn_pathounlist,Otros patógenos detectados,"1, Sí | 0, No | 99, Desconocido","Esto se refiere a la detección de otros patógenos, no enumerados anteriormente.","Especifique otros patógenos detectados, no enumerados anteriormente.",0,0,0,0,0,0
resultado,DIAGNÓSTICO,diagn_pathounlist_cont,Otros patógenos (si se confirma en laboratorio),"1, Adquirido en la comunidad | 2, Adquirido en el hospital | 99, Desconocido",Se refiere al método de identificación o exclusión de una infección bacteriana en esta admisión.,Seleccione la opción más adecuada que represente el método de identificación o exclusión de una infección bacteriana en esta admisión.,0,0,0,0,0,0
resultado,EVALUACIÓN ARTICULAR,joint_date,Fecha de evaluación (Escala CHICK-DAS),,,,0,0,0,,,
resultado,EVALUACIÓN ARTICULAR,joint_tjtdsc,Instrucciones: Marque cada articulación que esté sensible a la palpación. Las juntas DAS28 se enumeran a continuación. Las articulaciones del tobillo (no DAS28) se recopilan por separado para CHIK-DAS TJC30.,,,,0,0,0,,,
resultado,EVALUACIÓN ARTICULAR,joint_tjt,Conteo de Conjuntos de Licitación (uniones DAS28) completado,"1, sí | 0, no",,,0,0,0,,,0
resultado,EVALUACIÓN ARTICULAR,joint_tjt_shoulder,Hombros (glenohumeral),"0, 0 | 1, 1 | 2, 2 | 99, Desconocido",,,0,0,0,,,0
resultado,EVALUACIÓN ARTICULAR,joint_tjt_elbow,Codos,"0, 0 | 1, 1 | 2, 2 | 99, Desconocido",,,0,0,0,,,0
resultado,EVALUACIÓN ARTICULAR,joint_tjt_wrist,Muñecas (radiocarpianas),"0, 0 | 1, 1 | 2, 2 | 99, Desconocido",,,0,0,0,,,0
resultado,EVALUACIÓN ARTICULAR,joint_tjt_mcp,Pequeñas articulaciones de la mano (articulaciones MCP),"0, 0 | 1, 1 | 2, 2 | 3, 3 | 4, 4 | 5, 5 | 6, 6 | 7, 7 | 8, 8 | 9, 9 | 10, 10 | 99, Desconocido",,,0,0,0,,,0
resultado,EVALUACIÓN ARTICULAR,joint_tjt_pip,Pequeñas articulaciones de la mano (articulaciones PIP),"0, 0 | 1, 1 | 2, 2 | 3, 3 | 4, 4 | 5, 5 | 6, 6 | 7, 7 | 8, 8 | 9, 9 | 10, 10 | 99, Desconocido",,,0,0,0,,,0
resultado,EVALUACIÓN ARTICULAR,joint_tjt_knee,rodillas,"0, 0 | 1, 1 | 2, 2 | 99, Desconocido",,,0,0,0,,,0
resultado,EVALUACIÓN ARTICULAR,joint_tjt_descankle,Tobillos sensibles (adición de CHIK-DAS),,,,0,0,0,,,
resultado,EVALUACIÓN ARTICULAR,joint_tjt_ankle,Tobillos (para CHIK-DAS TJC30),"0, 0 | 1, 1 | 2, 2 | 99, Desconocido",,,0,0,0,,,0
resultado,EVALUACIÓN ARTICULAR,joint_tjt_calc28,TJC28 — Conteo Conjunto de Licitaciones (DAS28),"if([joint_tjt_shoulder]=99,0,[joint_tjt_shoulder]) + if([joint_tjt_elbow]=99,0,[joint_tjt_elbow]) + if([joint_tjt_wrist]=99,0,[joint_tjt_wrist]) + if([joint_tjt_mcp]=99,0,[joint_tjt_mcp]) + if([joint_tjt_pip]=99,0,[joint_tjt_pip]) + if([joint_tjt_knee]=99,0,[joint_tjt_knee])",,,0,0,0,,,0
resultado,EVALUACIÓN ARTICULAR,joint_tjt_calc30,TJC30 — Conteo conjunto de licitaciones (CHIK-DAS),"[joint_tjt_calc28] +if([joint_tjt_ankle]=99,0,[joint_tjt_ankle])",,,0,0,0,,,0
resultado,EVALUACIÓN ARTICULAR,joint_sjtdsc,Instrucciones: Marque cada articulación que esté inflamada durante el examen.,,,,0,0,0,,,
resultado,EVALUACIÓN ARTICULAR,joint_sjt,Se completó el recuento de articulaciones inflamadas (articulaciones DAS28),"1, sí | 0, no",,,0,0,0,,,0
resultado,EVALUACIÓN ARTICULAR,joint_sjt_shoulder,Hombros (glenohumeral),"0, 0 | 1, 1 | 2, 2 | 99, Desconocido",,,0,0,0,,,0
resultado,EVALUACIÓN ARTICULAR,joint_sjt_elbow,Codos,"0, 0 | 1, 1 | 2, 2 | 99, Desconocido",,,0,0,0,,,0
resultado,EVALUACIÓN ARTICULAR,joint_sjt_wrist,Muñecas (radiocarpianas),"0, 0 | 1, 1 | 2, 2 | 99, Desconocido",,,0,0,0,,,0
resultado,EVALUACIÓN ARTICULAR,joint_sjt_mcp,Pequeñas articulaciones de la mano (articulaciones MCP),"0, 0 | 1, 1 | 2, 2 | 3, 3 | 4, 4 | 5, 5 | 6, 6 | 7, 7 | 8, 8 | 9, 9 | 10, 10 | 99, Desconocido",,,0,0,0,,,0
resultado,EVALUACIÓN ARTICULAR,joint_sjt_pip,Pequeñas articulaciones de la mano (articulaciones PIP),"0, 0 | 1, 1 | 2, 2 | 3, 3 | 4, 4 | 5, 5 | 6, 6 | 7, 7 | 8, 8 | 9, 9 | 10, 10 | 99, Desconocido",,,0,0,0,,,0
resultado,EVALUACIÓN ARTICULAR,joint_sjt_knee,rodillas,"0, 0 | 1, 1 | 2, 2 | 99, Desconocido",,,0,0,0,,,0
resultado,EVALUACIÓN ARTICULAR,joint_sjt_calc28,SJC28 — Recuento de articulaciones inflamadas (DAS28),"if([joint_sjt_shoulder]=99,0,[joint_sjt_shoulder]) + if([joint_sjt_elbow]=99,0,[joint_sjt_elbow]) + if([joint_sjt_wrist]=99,0,[joint_sjt_wrist]) + si([joint_sjt_mcp]=99,0,[joint_sjt_mcp]) + si([joint_sjt_pip]=99,0,[joint_sjt_pip]) + si([joint_sjt_knee]=99,0,[joint_sjt_knee])",,,0,0,0,,,0
resultado,EVALUACIÓN ARTICULAR,joint_crp,PCR: proteína C reactiva (mg/l),,,,0,0,0,,,
resultado,EVALUACIÓN ARTICULAR,joint_vas,Global Health VAS: informado por el paciente,Muy bien | | Muy pobre,,,0,0,0,,,0
resultado,EVALUACIÓN ARTICULAR,joint_stiff,Rigidez NRS: informada por el paciente (0–10),"0, 0 — Sin rigidez | 1, 1 | 2, 2 | 3, 3 | 4, 4 | 5, 5 | 6, 6 | 7, 7 | 8, 8 | 9, 9 | 10, 10 - Peor rigidez",,,0,0,0,,,0
resultado,EVALUACIÓN ARTICULAR,joint_nrs,ESR (mm/h): si se utiliza la variante DAS28-ESR,,,,0,0,0,,,
resultado,EVALUACIÓN ARTICULAR,joint_calc_das28,Puntuación DAS28,"if([joint_tjt]='1',0.56*sqrt(if([joint_tjt_calc28]=99,0,[joint_tjt_calc28]))+0.28*sqrt(if([joint_sjt_calc28]=99,0,[joint_sjt_calc28]))+0.36*log(if([joint_crp]='',0,[joint_crp])+1)+0.014*[joint_vas]+0.96,'')",,,0,0,0,,,0
resultado,EVALUACIÓN ARTICULAR,joint_calc_chikdas,Puntuación CHIK-DAS,"if([joint_tjt]='1',50+((-1.54+0.080*[joint_stiff]+0.119*if([joint_tjt_ankle]=99,0,[joint_tjt_ankle])+0.310*[joint_calc_das28])/0.0628),'')",,,0,0,0,,,0
resultado,DESENLACE,outco_date,Fecha de resultado,,Esto se refiere a la fecha del resultado.,Escriba la fecha del resultado en el formato DD/mm/aaa yyyy.,0,0,0,0,0,
resultado,DESENLACE,outco_outcome,Resultado,"1, Dado de alta con vida | 2, Todavía hospitalizado | 3, Traslado a otro centro | 4, Fallecido | 5, Cuidados paliativos | 6, Dado de alta contra el consejo médico | 7, Vivo, no ingresado",Esto se refiere al resultado.,Seleccione el resultado que sea cierto en la fecha de resultado. Los cuidados paliativos incluyen descarga paliativa.,0,0,0,0,0,0
resultado,DESENLACE,outco_selfcare,Capacidad de autocuidado al alta versus antes de la enfermedad,"1, Igual que antes de la enfermedad | 2, Peor | 3, Mejor | 99, Desconocido",Esto se refiere a la capacidad de realizar actividades básicas de cuidado personal y actividades instrumentales de la vida diaria al alta en comparación con el inicio de la enfermedad.,Seleccione la opción más apropiada que represente la capacidad de realizar actividades básicas de cuidado personal y actividades instrumentales de la vida diaria al alta en comparación con el inicio de la enfermedad.,0,0,0,0,0,0
resultado,DESENLACE,outco_oxyth,Oxigenerapia Tratamiento posterior a la descarga,"1, Sí | 0, No | 99, Desconocido",Esto se refiere a la necesidad de oxigenerapia del paciente después de la descarga de las instalaciones hospitalarias.,Indique 'sí' si el paciente necesita oxigenerapia después del descarga de la instalación hospitalaria.,0,0,0,0,0,0
resultado,DESENLACE,outco_carerel,Necesidades de atención médica continuas relacionadas con esta admisión para el patógeno de interés,"1, Sí | 0, No | 99, Desconocido",Esto se refiere a la necesidad de una atención médica continua relacionada con esta admisión para el patógeno de interés,Indique 'sí' si el paciente necesita atención médica continua relacionada con este ingreso para el patógeno de interés.,0,0,0,0,0,0
resultado,DESENLACE,outco_carenonrel,Las necesidades de atención médica continuas no están relacionadas con el episodio de patógeno,"1, Sí | 0, No | 99, Desconocido",Esto se refiere a la necesidad de una atención médica continua que no sea relacionada con esta admisión para el patógeno de interés,Indique 'sí' si el paciente necesita una atención médica continua que no se relacione con esta admisión para el patógeno de interés.,0,0,0,0,0,0
resultado,DESENLACE,outco_carefordif,"Médicamente apto para el alta (patógeno resuelto) pero permanece en el hospital por otra razón (por ejemplo, espera atención alternativa, residente en atención médica a largo plazo o centro de salud mental)","1, Sí | 0, No | 99, Desconocido","Esto se refiere a que el paciente está en forma médica para el alta (la infección por el patógeno se ha resuelto) pero permanece en el hospital por otras razones (por ejemplo, esperando atención alternativa, residente en atención médica a largo plazo o un centro de salud mental).","Indique 'sí' si el paciente es adecuado para el alta (la infección por patógenos se ha resuelto) pero permanece en el hospital por otras razones (por ejemplo, espera atención alternativa, residente en atención médica a largo plazo o un centro de salud mental)",0,0,0,0,0,0
resultado,DESENLACE,outco_transfersite,Si se ha trasladado a otro centro: ¿el centro de traslado es un centro del estudio?,"1, Sí | 0, No | 99, Desconocido",Se refiere a si el centro de traslado es un centro de estudio.,Indique «Sí» si el centro de traslado es un centro de estudio.,0,0,0,0,0,0
resultado,DESENLACE,outco_transfersite_pin,¿Cuál es el número de identificación del participante en el nuevo centro?,"1, Sí | 0, No | 99, Desconocido",Se refiere al número de identificación del participante en el centro de traslado.,Indique el número de identificación del participante en el centro de traslado.,0,0,0,0,0,0
resultado,DESENLACE,outco_ceiling,¿Se estableció un nivel máximo de asistencia médica («límite de la asistencia») para el paciente durante su ingreso?,"1, Sí | 0, No | 99, Desconocido",Se refiere al nivel máximo de asistencia médica establecido para el paciente durante la admisión actual.,"Indique «Sí» si se ha establecido un nivel máximo de asistencia médica para este paciente durante la hospitalización actual. ",0,0,0,0,0,0
resultado,DESENLACE,outco_ceiling_descri,"Describa en qué consistía (por ejemplo, no se le administró ventilación invasiva, no se le ingresó en la UCI o no se le practicó la RCP).",,Se refiere al nivel máximo de asistencia médica establecido para el paciente durante la admisión actual.,"Si «Sí», describa el nivel máximo de asistencia médica establecido para este paciente durante el ingreso actual.",0,0,0,0,0,
embarazo,DETALLES DEL EMBARAZO,preg_form,"Complete este formulario solo para pacientes embarazadas, pacientes en posparto (≤28 días después del parto) o recién nacidos cuyas madres no están incluidas en el estudio.",,Fecha del calendario (DD–MM–AAAA) en la que se completó el CRF.,,0,0,0,0,,
embarazo,DETALLES DEL EMBARAZO,preg_date,Fecha de finalización del formulario,,,,0,0,0,,,
embarazo,DETALLES DEL EMBARAZO,pregdet_medirep,¿Reproducción médicamente asistida?,"1, sí | 0, No | 99, Desconocido",Esto se refiere a los procedimientos médicos utilizados principalmente para tratar la infertilidad.,,0,0,0,0,,0
embarazo,DETALLES DEL EMBARAZO,pregdet_edd,Fecha estimada de entrega (EDD),,"Se refiere a la fecha prevista en la que una mujer embarazada dará a luz. Si no está disponible, proporcione LMP a continuación si es posible",,0,0,0,0,,
embarazo,DETALLES DEL EMBARAZO,pregdet_lmp,Fecha del último período menstrual (FUM),,Esto se refiere a la fecha del primer día del ciclo menstrual más reciente.,,0,0,0,0,,
embarazo,DETALLES DEL EMBARAZO,pregdet_parity,Paridad,,"Esto se refiere al número de embarazos que han progresado hasta una edad gestacional viable (generalmente ≥20 semanas), independientemente de si el bebé nació vivo o muerto. Los nacimientos múltiples (por ejemplo, gemelos) de un solo embarazo se cuentan como un evento de paridad.",,0,0,0,0,,
embarazo,DETALLES DEL EMBARAZO,pregdet_gravidity,gravedad,,"Se refiere al número total de veces que una mujer ha quedado embarazada, independientemente del resultado de los embarazos. Esto incluye embarazos actuales, abortos espontáneos, abortos, embarazos ectópicos y muertes fetales.",,0,0,0,0,,
embarazo,DETALLES DEL EMBARAZO,pregdet_prevcs,Número de partos quirúrgicos (cesáreas) previos.,,Se refiere al número de partos quirúrgicos previos de uno o más fetos intrauterinos a través de una incisión abdominal (cesárea).,,0,0,0,0,,
embarazo,DETALLES DEL EMBARAZO,pregdet_fetnum,Número de embriones/fetos en este embarazo.,,Esto se refiere al número de embriones/fetos en este embarazo.,,0,0,0,0,,
embarazo,COMORBILIDADES DEL EMBARAZO,preg_comor,Comorbilidades durante el embarazo actual.,"1, sí | 0, No | 99, Desconocido",Condiciones médicas preexistentes o relacionadas con el embarazo presentes en cualquier momento durante el embarazo actual que puedan afectar la salud materna o fetal.,,0,0,0,0,,0
embarazo,COMORBILIDADES DEL EMBARAZO,preg_diabetes,Diabetes,"1, sí | 0, No | 99, Desconocido","Trastorno del metabolismo de la glucosa presente durante el embarazo actual, incluida la diabetes mellitus tipo 1 o tipo 2 preexistente o la diabetes diagnosticada por primera vez durante el embarazo (diabetes gestacional).",,0,0,0,0,,0
embarazo,COMORBILIDADES DEL EMBARAZO,preg_obesity,Obesidad,"1, sí | 0, No | 99, Desconocido",Una condición materna definida por un índice de masa corporal (IMC) antes del embarazo o al principio del embarazo de ≥30 kg/m².,,0,0,0,0,,0
embarazo,COMORBILIDADES DEL EMBARAZO,preg_hypertension,Hipertensión,"1, sí | 0, No | 99, Desconocido","Presión arterial elevada (≥140/90 mmHg) presente durante el embarazo actual, ya sea preexistente o diagnosticada durante el embarazo",,0,0,0,0,,0
embarazo,COMORBILIDADES DEL EMBARAZO,preg_sicklecell,Drepanocito,"1, sí | 0, No | 99, Desconocido","Un trastorno de la hemoglobina caracterizado por la presencia de hemoglobina falciforme, incluida la anemia de células falciformes o el rasgo de células falciformes, presente durante el embarazo actual.",,0,0,0,0,,0
embarazo,COMORBILIDADES DEL EMBARAZO,preg_renal,Enfermedades renales,"1, sí | 0, No | 99, Desconocido","Deterioro agudo o crónico de la función renal presente durante el embarazo actual, incluida enfermedad renal crónica, nefropatía o disfunción renal asociada al embarazo.",,0,0,0,0,,0
embarazo,COMORBILIDADES DEL EMBARAZO,preg_immsup,Inmunosupresión,"1, sí | 0, No | 99, Desconocido","Un estado de función inmune reducida debido al tratamiento médico presente durante el embarazo actual, como corticosteroides sistémicos, terapias biológicas, quimioterapia o fármacos inmunosupresores postrasplante.",,0,0,0,0,,0
embarazo,COMORBILIDADES DEL EMBARAZO,preg_immcom,Inmunodeprimido,"1, sí | 0, No | 99, Desconocido","Función inmune deteriorada debido a una condición médica subyacente presente durante el embarazo actual, como infección por VIH, inmunodeficiencia congénita o neoplasia maligna.",,0,0,0,0,,0
embarazo,COMORBILIDADES DEL EMBARAZO,preg_othcomor,Otro,"1, sí | 0, No | 99, Desconocido",Cualquier otra condición médica materna presente durante el embarazo actual que no esté mencionada anteriormente.,,0,0,0,0,,0
embarazo,COMORBILIDADES DEL EMBARAZO,preg_othcomor_spec,"Si es otro, especifique",,,,0,0,0,,,
embarazo,COMORBILIDADES DEL EMBARAZO,preg_smoking,Estado de fumar,"1, fumador actual | 2, Exfumadora (dejó de fumar ANTES del embarazo) | 3, Ex fumadora (dejó de fumar DURANTE el embarazo) | 0, nunca fumé",Consumo materno de tabaco,,0,0,0,0,,0
embarazo,COMORBILIDADES DEL EMBARAZO,preg_substance,Uso de sustancias durante el embarazo,"1, sí | 0, No | 99, Desconocido","Uso de sustancias psicoactivas no recetadas (p. ej., alcohol, cannabis, opioides, estimulantes) en cualquier momento durante el embarazo.",,0,0,0,0,,0
embarazo,COMPLICACIONES RELACIONADAS CON EL EMBARAZO,pregcomp_mat,¿Complicaciones del embarazo materno?,"1, sí | 0, No | 99, Desconocido",,,0,0,0,,,0
embarazo,COMPLICACIONES RELACIONADAS CON EL EMBARAZO,pregcomp_preecl,preeclampsia,"1, sí | 0, No | 99, Desconocido",Hipertensión de nueva aparición (≥140/90 mmHg) después de 20 semanas de gestación con proteinuria o disfunción de órganos terminales,,0,0,0,0,,0
embarazo,COMPLICACIONES RELACIONADAS CON EL EMBARAZO,pregcomp_preecl_week,Semana gestacional de inicio.,,Semana gestacional completa en la que se diagnosticó o documentó la afección por primera vez.,,0,0,0,0,,
embarazo,COMPLICACIONES RELACIONADAS CON EL EMBARAZO,pregcomp_ecl,Eclampsia,"1, sí | 0, No | 99, Desconocido","Aparición de convulsiones generalizadas en una mujer con preeclampsia, no atribuibles a otras causas.",,0,0,0,0,,0
embarazo,COMPLICACIONES RELACIONADAS CON EL EMBARAZO,pregcomp_ecl_week,Semana gestacional de inicio.,,Semana gestacional completa en la que se diagnosticó o documentó la afección por primera vez.,,0,0,0,0,,
embarazo,COMPLICACIONES RELACIONADAS CON EL EMBARAZO,pregcomp_hellp,Síndrome HELLP,"1, sí | 0, No | 99, Desconocido","Variante de preeclampsia grave caracterizada por hemólisis, enzimas hepáticas elevadas y",,0,0,0,0,,0
embarazo,COMPLICACIONES RELACIONADAS CON EL EMBARAZO,pregcomp_hellp_week,Semana gestacional de inicio.,,Semana gestacional completa en la que se diagnosticó o documentó la afección por primera vez.,,0,0,0,0,,
embarazo,COMPLICACIONES RELACIONADAS CON EL EMBARAZO,pregcomp_gdm,diabetes gestacional,"1, sí | 0, No | 99, Desconocido","Intolerancia a la glucosa con inicio o reconocimiento por primera vez durante el embarazo, diagnosticada mediante prueba de glucosa estándar.",,0,0,0,0,,0
embarazo,COMPLICACIONES RELACIONADAS CON EL EMBARAZO,pregcomp_gdm_week,Semana gestacional de inicio.,,Semana gestacional completa en la que se diagnosticó o documentó la afección por primera vez.,,0,0,0,0,,
embarazo,COMPLICACIONES RELACIONADAS CON EL EMBARAZO,pregcomp_pih,Hipertensión inducida por el embarazo,"1, sí | 0, No | 99, Desconocido",Hipertensión de nueva aparición después de las 20 semanas de gestación sin proteinuria ni características sistémicas.,,0,0,0,0,,0
embarazo,COMPLICACIONES RELACIONADAS CON EL EMBARAZO,pregcomp_pih_week,Semana gestacional de inicio.,,Semana gestacional completa en la que se diagnosticó o documentó la afección por primera vez.,,0,0,0,0,,
embarazo,COMPLICACIONES RELACIONADAS CON EL EMBARAZO,pregcomp_utbleed,sangrado uterino,"1, sí | 0, No | 99, Desconocido","Sangrado vaginal que ocurre durante el embarazo, excluyendo el sangrado de implantación normal.",,0,0,0,0,,0
embarazo,COMPLICACIONES RELACIONADAS CON EL EMBARAZO,pregcomp_utbleed_week,Semana gestacional de inicio.,,Semana gestacional completa en la que se diagnosticó o documentó la afección por primera vez.,,0,0,0,0,,
embarazo,COMPLICACIONES RELACIONADAS CON EL EMBARAZO,pregcomp_malaria,Infección de malaria en el embarazo,"1, sí | 0, No | 99, Desconocido",Infección por Plasmodium confirmada por laboratorio durante el embarazo.,,0,0,0,0,,0
embarazo,COMPLICACIONES RELACIONADAS CON EL EMBARAZO,pregcomp_malaria_week,Semana gestacional de inicio.,,Semana gestacional completa en la que se diagnosticó o documentó la afección por primera vez.,,0,0,0,0,,
embarazo,COMPLICACIONES RELACIONADAS CON EL EMBARAZO,pregcomp_oth,Otras complicaciones del embarazo materno,"1, sí | 0, No | 99, Desconocido",Semana gestacional completa en la que se diagnosticó o documentó la afección por primera vez.,,0,0,0,0,,0
embarazo,COMPLICACIONES RELACIONADAS CON EL EMBARAZO,pregcomp_othspec,Especificar otras complicaciones del embarazo materno.,,,,0,0,0,,,
embarazo,COMPLICACIONES RELACIONADAS CON EL EMBARAZO,pregcomp_placfetab,Placenta/líquido amniótico/anomalías fetales identificadas prenatalmente,"1, sí | 0, No | 99, Desconocido",Anomalías estructurales o funcionales detectadas mediante ecografía o pruebas prenatales.,,0,0,0,0,,0
embarazo,COMPLICACIONES RELACIONADAS CON EL EMBARAZO,pregcomp_lowaf,Disminución del líquido amniótico.,"1, sí | 0, No | 99, Desconocido",Volumen de líquido amniótico por debajo de lo normal para la edad gestacional.,,0,0,0,0,,0
embarazo,COMPLICACIONES RELACIONADAS CON EL EMBARAZO,pregcomp_lowaf_week,Semana gestacional de inicio.,,Semana gestacional completa en la que se diagnosticó o documentó la afección por primera vez.,,0,0,0,0,,
embarazo,COMPLICACIONES RELACIONADAS CON EL EMBARAZO,pregcomp_highaf,Exceso de líquido amniótico,"1, sí | 0, No | 99, Desconocido",Volumen de líquido amniótico por encima de lo normal para la edad gestacional.,,0,0,0,0,,0
embarazo,COMPLICACIONES RELACIONADAS CON EL EMBARAZO,pregcomp_highaf_week,Semana gestacional de inicio.,,Semana gestacional completa en la que se diagnosticó o documentó la afección por primera vez.,,0,0,0,0,,
embarazo,COMPLICACIONES RELACIONADAS CON EL EMBARAZO,pregcomp_pprevia,Placenta previa,"1, sí | 0, No | 99, Desconocido",Placenta que cubre total o parcialmente el orificio cervical interno.,,0,0,0,0,,0
embarazo,COMPLICACIONES RELACIONADAS CON EL EMBARAZO,pregcomp_pprevia_week,Semana gestacional de inicio.,,Semana gestacional completa en la que se diagnosticó o documentó la afección por primera vez.,,0,0,0,0,,
embarazo,COMPLICACIONES RELACIONADAS CON EL EMBARAZO,pregcomp_plowlying,Placenta baja,"1, sí | 0, No | 99, Desconocido","Placenta ubicada cerca del orificio cervical interno, pero sin cubrirlo.",,0,0,0,0,,0
embarazo,COMPLICACIONES RELACIONADAS CON EL EMBARAZO,pregcomp_plowlying_week,Semana gestacional de inicio.,,Semana gestacional completa en la que se diagnosticó o documentó la afección por primera vez.,,0,0,0,0,,
embarazo,COMPLICACIONES RELACIONADAS CON EL EMBARAZO,pregcomp_pinsuff,insuficiencia placentaria,"1, sí | 0, No | 99, Desconocido",Función placentaria inadecuada que resulta en un deterioro del crecimiento o bienestar fetal.,,0,0,0,0,,0
embarazo,COMPLICACIONES RELACIONADAS CON EL EMBARAZO,pregcomp_pinsuff_week,Semana gestacional de inicio.,,Semana gestacional completa en la que se diagnosticó o documentó la afección por primera vez.,,0,0,0,0,,
embarazo,COMPLICACIONES RELACIONADAS CON EL EMBARAZO,pregcomp_iugr,Restricción del crecimiento intrauterino,"1, sí | 0, No | 99, Desconocido",Peso fetal estimado por debajo del percentil 10 para la edad gestacional por causas patológicas.,,0,0,0,0,,0
embarazo,COMPLICACIONES RELACIONADAS CON EL EMBARAZO,pregcomp_iugr_week,Semana gestacional de inicio.,,Semana gestacional completa en la que se diagnosticó o documentó la afección por primera vez.,,0,0,0,0,,
embarazo,COMPLICACIONES RELACIONADAS CON EL EMBARAZO,pregcomp_othpyn,Otras anomalías placentarias/líquido amniótico/fetales identificadas prenatalmente,"1, sí | 0, No | 99, Desconocido",,,0,0,0,,,0
embarazo,COMPLICACIONES RELACIONADAS CON EL EMBARAZO,pregcomp_othpspec,especificar otras anomalías placentarias/líquido amniótico/fetales identificadas prenatalmente,,,,0,0,0,,,
embarazo,MEDICAMENTOS DURANTE EL EMBARAZO,pregmed_immunosup,¿Algún tratamiento inmunosupresor durante el embarazo?,"1, sí | 0, No | 99, Desconocido","Uso de medicamentos que reducen la función inmune, incluidos corticosteroides sistémicos, productos biológicos, quimioterapia o medicamentos relacionados con trasplantes.",,0,0,0,0,,0
embarazo,MEDICAMENTOS DURANTE EL EMBARAZO,pregmed_immunosup_num,¿Cuántos medicamentos inmunosupresores?,,Número de agentes inmunosupresores distintos tomados de forma simultánea o secuencial durante el embarazo.,,0,0,0,0,,
embarazo,MEDICAMENTOS DURANTE EL EMBARAZO,pregmed_immunosup_name,Nombre(s) del(los) medicamento(s) inmunosupresor(es).,,Nombre(s) genérico(s) del(los) medicamento(s) inmunosupresor(es) utilizado(s).,,0,0,0,0,,
embarazo,MEDICAMENTOS DURANTE EL EMBARAZO,pregmed_otheryn,¿Algún otro medicamento para el embarazo?,"1, sí | 0, No | 99, Desconocido",Uso de cualquier medicamento recetado o de venta libre (excepto inmunosupresores) durante el embarazo.,,0,0,0,0,,0
embarazo,MEDICAMENTOS DURANTE EL EMBARAZO,pregmed_othernum,¿Cuántos medicamentos para el embarazo?,,Número de medicamentos distintos que se toman durante el embarazo.,,0,0,0,0,,
embarazo,MEDICAMENTOS DURANTE EL EMBARAZO,pregmed_othername,Nombre(s) del(los) medicamento(s).,,Nombre(s) genérico(s) de los medicamentos utilizados.,,0,0,0,0,,
embarazo,VACUNAS PARA EL EMBARAZO,pregmed_antvacc,Vacunas prenatales administradas,"1, COVID-19 | 2, hepatitis B | 3, fiebre amarilla | 4, varicela | 88, otro","Vacunas recibidas durante el embarazo (p. ej., tétanos, influenza, COVID-19).",,0,0,0,0,,1
embarazo,VACUNAS PARA EL EMBARAZO,pregmed_antvacc_oth,"Si es otro, especifique",,,,0,0,0,,,
embarazo,PRUEBAS RELACIONADAS CON EL EMBARAZO,pregtest_yn,¿Se tomaron muestras biológicas durante el embarazo?,"1, sí | 0, No | 99, Desconocido",Cualquier muestra biológica materna recolectada y analizada durante el embarazo.,,0,0,0,0,,0
embarazo,PRUEBAS RELACIONADAS CON EL EMBARAZO,pregtest_type,¿Cuál de las siguientes muestras se tomó?,"1, líquido amniótico | 2, Placenta | 3, sangre del cordón umbilical | 4, hisopo vaginal | 5, hisopo fecal/rectal | 6, tejido del embarazo | 99, Desconocido | 88, otro",Cualquier muestra biológica materna recolectada y analizada durante el embarazo.,,0,0,0,0,,0
embarazo,PRUEBAS RELACIONADAS CON EL EMBARAZO,pregtest_desc,Describa las pruebas de muestra y los resultados.,,Método de laboratorio utilizado y resultado cualitativo/cuantitativo.,,0,0,0,0,,
embarazo,RESULTADO DEL EMBARAZO,pregout_bboutc,Resultado del embarazo,"1, Nacimiento vivo (incluso si el bebé murió después del nacimiento) | 2, aborto espontáneo (<22 semanas) | 3, Terminación por elección | 4, Terminación - anomalía ecográfica | 5, Terminación - otro/motivo desconocido | 6, Muerte fetal (muerte intrauterina/intraparto a partir de las 22 semanas de gestación) | 7, Embarazo ectópico | 8, en curso | 99, Desconocido","Resultado final del embarazo (nacido vivo, mortinato, aborto espontáneo, interrupción).",,0,0,0,0,,0
embarazo,RESULTADO DEL EMBARAZO,pregout_weeks,Edad gestacional en el momento del resultado (semanas completas),,"Edad gestacional al momento del parto o fin del embarazo, calculada en semanas completas.",,0,0,0,0,,
embarazo,RESULTADO DEL EMBARAZO,pregout_bbtest,¿Interesa realizar pruebas al bebé para detectar infección de la madre?,"1, sí | 0, No | 99, Desconocido",Bebé examinado para detectar el patógeno que afecta a la madre.,,0,0,0,0,,0
embarazo,RESULTADO DEL EMBARAZO,pregout_bbresl,Especificar el resultado de la prueba de la infección de interés de la madre.,"1, Positivo | 0, Negativo | 99, Desconocido",Resultado de laboratorio de pruebas infantiles relacionadas con infección materna.,,0,0,0,0,,0
embarazo,RESULTADO DEL EMBARAZO,pregout_bboutc_termreas,"Si la terminación se debe a una anomalía ecográfica u otro motivo, especifique",,Especificar indicación clínica para la interrupción del embarazo.,,0,0,0,0,,
embarazo,RESULTADO DEL EMBARAZO,pregout_bboutc_stillb,En caso de muerte fetal: ¿macerada o fresca?,"1, Macerado | 2, fresco | 99, Desconocido","Fresco: la muerte ocurrió durante el parto o poco antes del parto; Macerado: la muerte ocurrió días antes del parto, con cambio de piel.",,0,0,0,0,,0
embarazo,RESULTADO DEL EMBARAZO,pregout_matdeath,¿Murió la madre durante el embarazo?,"1, sí | 0, No | 99, Desconocido",Muerte que se produzca durante el embarazo o dentro de los 42 días siguientes a la finalización del mismo.,,0,0,0,0,,0
embarazo,RESULTADO DEL EMBARAZO,pregout_matdeath_age,Edad al morir,,Edad materna en años cumplidos al momento de la muerte.,,0,0,0,0,,
embarazo,RESULTADO DEL EMBARAZO,pregout_matdeath_cause,Causa(s) de muerte,,Causas médicas subyacentes y contribuyentes.,,0,0,0,0,,
embarazo,RESULTADO DEL EMBARAZO,pregout_matdeath_place,lugar de muerte,"1, En casa | 2, Hospital/centro médico | 99, Desconocido","Lugar donde ocurrió la muerte (por ejemplo, hospital, hogar).",,0,0,0,0,,0
embarazo,RESULTADO DEL EMBARAZO,pregout_matdeath_time,Momento de la muerte,"1, Pre-entrega | 2, Durante el parto | 3, Post-entrega (dentro de los 40 días) | 99, Desconocido","Momento relativo al embarazo (prenatal, intraparto, posparto).",,0,0,0,0,,0
embarazo,RESULTADO DEL EMBARAZO,pregout_othdet,"Otros detalles sobre el embarazo, no especificados anteriormente.",,,,0,0,0,,,
embarazo,RESULTADO DEL EMBARAZO,pregout_nbornincl,¿Está incluido el recién nacido en el estudio?,"1, sí | 0, No | 99, Desconocido",Indica si el infante está matriculado formalmente.,,0,0,0,0,,0
embarazo,RESULTADO DEL EMBARAZO,pregout_nborpin,Indique el Número de Identificación de Participante (PIN) del recién nacido,,Identificador único de estudio para el recién nacido.,,0,0,0,0,,
neonato,RESULTADOS DEL RECIÉN NACIDO,nborn_sex,Sexo del recién nacido al nacer.,"1, Hombre | 2, Mujer | 99, Desconocido | 88, otro",Esto se refiere a las características sexuales físicas al nacer.,,0,0,0,0,,0
neonato,RESULTADOS DEL RECIÉN NACIDO,nborn_modedel,Modo de entrega,"1, vaginales | 2, vaginal asistida | 3, Cesárea electiva (antes del parto, antes de la rotura de membranas) | 4, Cesárea de emergencia (después del parto y/o rotura de membranas)",Esto se refiere al método por el cual nace el feto.,,0,0,0,0,,0
neonato,RESULTADOS DEL RECIÉN NACIDO,nborn_placedel,Lugar de entrega,"1, En casa | 2, Hospital/centro médico | 99, Desconocido",Se refiere al lugar de nacimiento del feto.,,0,0,0,0,,0
neonato,RESULTADOS DEL RECIÉN NACIDO,nborn_ga,Edad gestacional (semanas),,Se refiere a la edad gestacional del feto (escrita en semanas completas). Puede calcularse a partir del último período menstrual (FUM) de la mujer o calcularse utilizando la mejor fecha estimada de parto obstétrico (EDD) con base en la siguiente fórmula: Edad Gestacional = (28 - (EDD - Fecha de Referencia)) / 7. La fecha de referencia es la fecha en la que se intenta determinar la edad gestacional.,,0,0,0,0,,
neonato,RESULTADOS DEL RECIÉN NACIDO,nborn_gamethod,¿Cómo se estimó la gestación?,"1, LMP | 2, EDD | 99, Desconocido",Esto se refiere al método de estimación de la edad gestacional. FUM se refiere a la fecha del primer día del ciclo menstrual más reciente. EDD se refiere a la fecha estimada de entrega.,,0,0,0,0,,0
neonato,RESULTADOS DEL RECIÉN NACIDO,nborn_birthweight,Peso del recién nacido al nacer,,"Se refiere a la medición del peso de un recién nacido inmediatamente después del nacimiento, generalmente registrado dentro de los primeros minutos de vida.",,0,0,0,0,,
neonato,RESULTADOS DEL RECIÉN NACIDO,nborn_birthweight_units,Peso del recién nacido al nacer (unidades seleccionadas),"1, gramo | 2 libras",Peso medido al nacer (g o lb).,,0,0,0,0,,0
neonato,RESULTADOS DEL RECIÉN NACIDO,nborn_birthweight_g,Peso del recién nacido al nacer (g),,"Se refiere a la medición del peso de un recién nacido inmediatamente después del nacimiento, generalmente registrado dentro de los primeros minutos de vida.",,0,0,0,0,,
neonato,RESULTADOS DEL RECIÉN NACIDO,nborn_birthweight_lb,Peso del recién nacido al nacer (lb),,"Se refiere a la medición del peso de un recién nacido inmediatamente después del nacimiento, generalmente registrado dentro de los primeros minutos de vida.",,0,0,0,0,,
neonato,RESULTADOS DEL RECIÉN NACIDO,nborn_length,Longitud del recién nacido al nacer,,Esto se refiere a la medida de la longitud de un recién nacido desde la parte superior de la cabeza hasta la parte inferior de uno de los talones.,,0,0,0,0,,
neonato,RESULTADOS DEL RECIÉN NACIDO,nborn_length_units,Longitud del recién nacido al nacer (unidades seleccionadas),"1 cm | 2, en",Longitud corona-talón al nacer (pulgadas o cm).,,0,0,0,0,,0
neonato,RESULTADOS DEL RECIÉN NACIDO,nborn_length_cm,Longitud del recién nacido al nacer (cm),,Esto se refiere a la medida de la longitud de un recién nacido desde la parte superior de la cabeza hasta la parte inferior de uno de los talones.,,0,0,0,0,,
neonato,RESULTADOS DEL RECIÉN NACIDO,nborn_length_in,Longitud del recién nacido al nacer (pulg.),,Esto se refiere a la medida de la longitud de un recién nacido desde la parte superior de la cabeza hasta la parte inferior de uno de los talones.,,0,0,0,0,,
neonato,RESULTADOS DEL RECIÉN NACIDO,nborn_infhc,Circunferencia de la cabeza al nacer,,Esto se refiere a la medida del área más grande de la cabeza (la distancia desde alrededor de la parte posterior de la cabeza hasta encima de las cejas y las orejas).,,0,0,0,0,,
neonato,RESULTADOS DEL RECIÉN NACIDO,nborn_infhc_units,Circunferencia de la cabeza al nacer (unidades seleccionadas),"1 cm | 2, en",Circunferencia occipito-frontal al nacer (cm).,,0,0,0,0,,0
neonato,RESULTADOS DEL RECIÉN NACIDO,nborn_infhc_cm,Circunferencia de la cabeza al nacer (cm),,Esto se refiere a la medida del área más grande de la cabeza (la distancia desde alrededor de la parte posterior de la cabeza hasta encima de las cejas y las orejas).,,0,0,0,0,,
neonato,RESULTADOS DEL RECIÉN NACIDO,nborn_infhc_in,Circunferencia de la cabeza al nacer (pulg.),,Esto se refiere a la medida del área más grande de la cabeza (la distancia desde alrededor de la parte posterior de la cabeza hasta encima de las cejas y las orejas).,,0,0,0,0,,
neonato,RESULTADOS DEL RECIÉN NACIDO,nborn_apgar,Puntuación APGAR a los 5 min (1-1),,"Se refiere a una puntuación para evaluar la adaptación de un recién nacido a la vida extrauterina. Cinco ítems (frecuencia cardíaca, esfuerzo respiratorio, tono muscular, irritabilidad refleja y color) se evalúan 6 segundos después del nacimiento y nuevamente cinco minutos después en una escala de -2, siendo el más bajo, siendo 2 lo normal. Los cinco números se suman para la puntuación de Apgar. Una puntuación de -3 representa malestar severo, 4-7 indica malestar moderado y una puntuación de 7-1 predice una ausencia de dificultad para adaptarse a la vida extrauterina.",,0,0,0,0,,
neonato,RESULTADOS DEL RECIÉN NACIDO,nborn_resusc,Se requiere reanimación después del parto.,"1, sí | 0, No | 99, Desconocido",Se refiere a las medidas aplicadas para devolverle la vida a un recién nacido.,,0,0,0,0,,0
neonato,RESULTADOS DEL RECIÉN NACIDO,nborn_resuscdet,Dar detalles,,Se refiere a las medidas aplicadas para devolverle la vida a un recién nacido.,,0,0,0,0,,
neonato,RESULTADOS DEL RECIÉN NACIDO,nborn_nicu,Admisión a la UCIN,"1, Sí, relacionado con patógeno de interés | 2, Sí, no relacionado con el patógeno de interés | 3, No, por falta de disponibilidad de UCIN | 0, No | 4, No aplicable | 99, Desconocido",Se refiere al ingreso del recién nacido a la unidad de cuidados intensivos neonatales.,,0,0,0,0,,0
neonato,RESULTADOS DEL RECIÉN NACIDO,nborn_hospdur,Duración de la estancia hospitalaria,,Se refiere a la duración total de la estancia hospitalaria durante el ingreso actual (en días).,,0,0,0,0,,
neonato,RESULTADOS DEL RECIÉN NACIDO,nborn_outc,Resultado neonatal,"1, dado de alta sano | 2, Alta con complicaciones/secuelas | 3, todavía en sala neonatal | 4, Derivado a otro hospital | 5, Muerte | 99, Desconocido | 6, no aplicable",Esto se refiere al resultado del recién nacido.,,0,0,0,0,,0
neonato,RESULTADOS DEL RECIÉN NACIDO,nborn_compyn,¿Ocurrió alguna complicación neonatal?,"1, sí | 0, No | 99, Desconocido",Esto se refiere a cualquier complicación que haya ocurrido durante el período neonatal.,,0,0,0,0,,0
neonato,RESULTADOS DEL RECIÉN NACIDO,nborn_compsel,Seleccione todo lo que corresponda.,"1, Síndrome de dificultad respiratoria | 2, hemorragia intraventricular | 3, enterocolitis necrotizante | 4, Encefalopatía neonatal | 5, Enfermedad pulmonar crónica | 6, Ictericia grave que requiere fototerapia | 7, Anomalía congénita mayor |  8, Infección grave/sepsis |  9, meningitis | 10, Exanguinotransfusión | 99, Desconocido | 88, otro",Esto se refiere a cualquier complicación que haya ocurrido durante el período neonatal.,,0,0,0,0,,0
neonato,RESULTADOS DEL RECIÉN NACIDO,nborn_compoth,Si es otro: Especifique,,Esto se refiere a cualquier complicación que haya ocurrido durante el período neonatal.,,0,0,0,0,,
neonato,RESULTADOS DEL RECIÉN NACIDO,nborn_death,Muerte del recién nacido o del lactante,"1, sí | 0, No | 99, Desconocido",Se refiere a la muerte del recién nacido o del lactante.,,0,0,0,0,,0
neonato,RESULTADOS DEL RECIÉN NACIDO,nborn_deathage,Edad al morir,,Se refiere a la edad del recién nacido o del bebé en el momento de su muerte.,,0,0,0,0,,
neonato,RESULTADOS DEL RECIÉN NACIDO,nborn_deathage_units,Edad al morir (unidades seleccionadas),"1, Días | 2 meses",,,0,0,0,,,0
neonato,RESULTADOS DEL RECIÉN NACIDO,nborn_deathage_days,Edad al morir (Días),,Se refiere a la edad del recién nacido o del bebé en el momento de su muerte.,,0,0,0,0,,
neonato,RESULTADOS DEL RECIÉN NACIDO,nborn_deathage_months,Edad al morir (Meses),,Se refiere a la edad del recién nacido o del bebé en el momento de su muerte.,,0,0,0,0,,
neonato,RESULTADOS DEL RECIÉN NACIDO,nborn_deathcause,Causa(s) de muerte,,Se refiere a la causa de muerte del recién nacido o del lactante.,,0,0,0,0,,
neonato,RESULTADOS DEL RECIÉN NACIDO,nborn_birthdefectyn,¿Anomalía congénita presente?,"1, sí | 0, No | 99, Desconocido",Esto se refiere a anomalías estructurales o funcionales del feto que ocurrieron durante el desarrollo en el útero.,,0,0,0,0,,0
neonato,RESULTADOS DEL RECIÉN NACIDO,nborn_birthdefectnum,¿Cuántos?,,Esto se refiere a anomalías estructurales o funcionales del feto que ocurrieron durante el desarrollo en el útero.,,0,0,0,0,,
neonato,RESULTADOS DEL RECIÉN NACIDO,nborn_birthdefect1,Describir anomalía congénita,,Esto se refiere a anomalías estructurales o funcionales del feto que ocurrieron durante el desarrollo en el útero.,,0,0,0,0,,
neonato,RESULTADOS DEL RECIÉN NACIDO,nborn_birthdefect1_date,Fecha del diagnóstico de anomalía congénita,,Esto se refiere a anomalías estructurales o funcionales del feto que ocurrieron durante el desarrollo en el útero.,,0,0,0,0,,
neonato,RESULTADOS DEL RECIÉN NACIDO,nborn_birthdefect2,Describir anomalía congénita,,Esto se refiere a anomalías estructurales o funcionales del feto que ocurrieron durante el desarrollo en el útero.,,0,0,0,0,,
neonato,RESULTADOS DEL RECIÉN NACIDO,nborn_birthdefect2_date,Fecha del diagnóstico de anomalía congénita,,Esto se refiere a anomalías estructurales o funcionales del feto que ocurrieron durante el desarrollo en el útero.,,0,0,0,0,,
neonato,RESULTADOS DEL RECIÉN NACIDO,nborn_birthdefect3,Describir anomalía congénita,,Esto se refiere a anomalías estructurales o funcionales del feto que ocurrieron durante el desarrollo en el útero.,,0,0,0,0,,
neonato,RESULTADOS DEL RECIÉN NACIDO,nborn_birthdefect3_date,Fecha del diagnóstico de anomalía congénita,,Esto se refiere a anomalías estructurales o funcionales del feto que ocurrieron durante el desarrollo en el útero.,,0,0,0,0,,
neonato,LESIONES DEL RECIÉN NACIDO,nborn_lesion,Lesiones neonatales de piel o mucosas.,"1, sí | 0, No | 99, Desconocido",Se refiere a la presencia de lesiones cutáneas o mucosas observadas en el recién nacido.,,0,0,0,0,,0
neonato,LESIONES DEL RECIÉN NACIDO,nborn_lesion_age,Edad de aparición de las lesiones (semanas completas),,Esto se refiere a la edad (en semanas completas) en la que aparecieron las lesiones por primera vez.,,0,0,0,0,,
neonato,LESIONES DEL RECIÉN NACIDO,nborn_lesion_num,Número máximo de lesiones observadas,"1, leve (< 25 lesiones cutáneas) | 2, Moderado (25-99 lesiones cutáneas) | 3, grave (100-250 lesiones cutáneas) | 4, Muy grave (> 250 lesiones cutáneas) | 99, Desconocido",Esto se refiere al número máximo de lesiones observadas.,,0,0,0,0,,0
neonato,LESIONES DEL RECIÉN NACIDO,nborn_lesion_site,Sitio(s) de lesión y puntuación de dolor (0 = sin dolor 10 = peor dolor),"1, Cabeza/cara/cuello | 2, Interior de la boca | 3, torso | 4, Brazos y/o manos | 5, Piernas y/o pies | 6, Genitales externos | 7, Perianal | 8, canal vaginal | 9, recto | 88, otro",Ubicación anatómica de las lesiones y gravedad del dolor calificadas de 0 a 10.,,0,0,0,0,,0
neonato,LESIONES DEL RECIÉN NACIDO,nborn_lesion_site_oth,"Si es otro, especifique el sitio de la lesión.",,Esto se refiere a sitios de lesión que no figuran en la lista anterior.,,0,0,0,0,,
neonato,LESIONES DEL RECIÉN NACIDO,nborn_lesion_type,Tipo(s) de lesiones actualmente presentes,"1, vesícula | 2, pústula | 3, lesión ulcerada | 4, Lesión madura con costras/costras | 5, Evidencia residual de lesiones resueltas (cicatriz/decoloración) | 6, lesiones hemorrágicas / sangrantes",Esto se refiere al tipo o tipos morfológicos de lesiones presentes en la actualidad.,,0,0,0,0,,0
neonato,SIGNOS Y SÍNTOMAS DEL RECIÉN NACIDO,nborn_sympt,Síntomas neonatales en el examen clínico.,"1, sí | 0, No | 99, Desconocido",Se refiere a los signos o síntomas identificados durante el examen clínico neonatal.,,0,0,0,0,,0
neonato,SIGNOS Y SÍNTOMAS DEL RECIÉN NACIDO,nborn_fever,Fiebre,"1, sí | 0, No | 99, Desconocido","En los recién nacidos, la fiebre se refiere a una temperatura corporal medida <38,0 °C, y la hipotermia también puede indicar infección.",,0,0,0,0,,0
neonato,SIGNOS Y SÍNTOMAS DEL RECIÉN NACIDO,nborn_cough,Tos,"1, sí | 0, No | 99, Desconocido",Esto se refiere a la presencia de tos.,,0,0,0,0,,0
neonato,SIGNOS Y SÍNTOMAS DEL RECIÉN NACIDO,nborn_wheezing,sibilancias,"1, sí | 0, No | 99, Desconocido",Definido como un sonido respiratorio agudo resultante de un estrechamiento u obstrucción de las vías respiratorias pequeñas.,,0,0,0,0,,0
neonato,SIGNOS Y SÍNTOMAS DEL RECIÉN NACIDO,nborn_rhinorrhoe,Secreción nasal (rinorrea),"1, sí | 0, No | 99, Desconocido",Definido como aumento de la secreción mucosa de la nariz.,,0,0,0,0,,0
neonato,SIGNOS Y SÍNTOMAS DEL RECIÉN NACIDO,nborn_respdistress,dificultad respiratoria,"1, sí | 0, No | 99, Desconocido",Esto se refiere a un aumento patológico en el esfuerzo y la frecuencia de los movimientos respiratorios.,,0,0,0,0,,0
neonato,SIGNOS Y SÍNTOMAS DEL RECIÉN NACIDO,nborn_tachypnoea,Respiración rápida (taquipnea),"1, sí | 0, No | 99, Desconocido","En los recién nacidos, la taquipnea se define como una frecuencia respiratoria superior a 60 respiraciones por minuto.",,0,0,0,0,,0
neonato,SIGNOS Y SÍNTOMAS DEL RECIÉN NACIDO,nborn_nasalflar,aleteo nasal,"1, sí | 0, No | 99, Desconocido","En los recién nacidos, el aleteo nasal se refiere al ensanchamiento de las fosas nasales durante la inspiración y es un signo clínico de aumento del trabajo respiratorio.",,0,0,0,0,,0
neonato,SIGNOS Y SÍNTOMAS DEL RECIÉN NACIDO,nborn_grunt,Gruñidos,"1, sí | 0, No | 99, Desconocido","En los recién nacidos, los gruñidos se refieren a un sonido espiratorio producido por el cierre parcial de la glotis y es un signo de dificultad respiratoria.",,0,0,0,0,,0
neonato,SIGNOS Y SÍNTOMAS DEL RECIÉN NACIDO,nborn_apnoea,Apnea,"1, sí | 0, No | 99, Desconocido",Definido como una ausencia transitoria en la respiración espontánea.,,0,0,0,0,,0
neonato,SIGNOS Y SÍNTOMAS DEL RECIÉN NACIDO,nborn_nasalcongestion,Congestión nasal,"1, sí | 0, No | 99, Desconocido","Se define como una capacidad reducida para pasar aire a través de la cavidad nasal, lo que a menudo conduce a la respiración por la boca.",,0,0,0,0,,0
neonato,SIGNOS Y SÍNTOMAS DEL RECIÉN NACIDO,nborn_vomit,Vómitos,"1, sí | 0, No | 99, Desconocido",Definido como la expulsión del estómago o del intestino delgado a través de la boca.,,0,0,0,0,,0
neonato,SIGNOS Y SÍNTOMAS DEL RECIÉN NACIDO,nborn_diarrhoea,Diarrea,"1, sí | 0, No | 99, Desconocido","En los recién nacidos, la diarrea se refiere a un cambio en la frecuencia o consistencia de las deposiciones en comparación con el patrón normal del bebé.",,0,0,0,0,,0
neonato,SIGNOS Y SÍNTOMAS DEL RECIÉN NACIDO,nborn_consti,Constipación,"1, sí | 0, No | 99, Desconocido","En los recién nacidos, el estreñimiento se refiere a la evacuación de heces poco frecuente, difícil o dolorosa en comparación con el patrón intestinal habitual del recién nacido.",,0,0,0,0,,0
neonato,SIGNOS Y SÍNTOMAS DEL RECIÉN NACIDO,nborn_lowurine,Producción de orina reducida,"1, sí | 0, No | 99, Desconocido","En los recién nacidos, la producción de orina reducida se define como una producción de orina <1 ml/kg/hora.",,0,0,0,0,,0
neonato,SIGNOS Y SÍNTOMAS DEL RECIÉN NACIDO,nborn_jaund,Ictericia,"1, sí | 0, No | 99, Desconocido","Definida como una manifestación clínica de hiperbilirrubinemia, caracterizada por la coloración amarillenta de la piel, mucosas y/o esclerótica.",,0,0,0,0,,0
neonato,SIGNOS Y SÍNTOMAS DEL RECIÉN NACIDO,nborn_skinpallor,Palidez de la piel,"1, sí | 0, No | 99, Desconocido",Esto se refiere a una apariencia pálida antinatural de la piel.,,0,0,0,0,,0
neonato,SIGNOS Y SÍNTOMAS DEL RECIÉN NACIDO,nborn_ftt,No prosperar,"1, sí | 0, No | 99, Desconocido","En los recién nacidos, el retraso del crecimiento se refiere a un aumento de peso inadecuado o una pérdida de peso más allá de los límites fisiológicos esperados”.",,0,0,0,0,,0
neonato,SIGNOS Y SÍNTOMAS DEL RECIÉN NACIDO,nborn_hypotonia,Tono disminuido/hipotonía,"1, sí | 0, No | 99, Desconocido",Esto se refiere a un tono muscular reducido en comparación con lo esperado para la edad gestacional y el estado clínico del recién nacido.,,0,0,0,0,,0
neonato,SIGNOS Y SÍNTOMAS DEL RECIÉN NACIDO,nborn_bulgefont,fontanela abultada,"1, sí | 0, No | 99, Desconocido","En los recién nacidos, la fontanela abultada se refiere al abultamiento hacia afuera o a la plenitud de la fontanela anterior cuando el bebé está tranquilo y en posición erguida, y puede indicar un aumento de la presión intracraneal.",,0,0,0,0,,0
neonato,SIGNOS Y SÍNTOMAS DEL RECIÉN NACIDO,nborn_hypotherm,Hipotermia,"1, sí | 0, No | 99, Desconocido",Esto se refiere a una temperatura corporal anormalmente reducida debido a una termorregulación fallida.,,0,0,0,0,,0
neonato,SIGNOS Y SÍNTOMAS DEL RECIÉN NACIDO,nborn_feedingdiff,dificultad para alimentarse,"1, sí | 0, No | 99, Desconocido","En los recién nacidos, la dificultad para alimentarse incluye mala succión, agarre débil, fatiga durante la alimentación o incapacidad para completar la alimentación.",,0,0,0,0,,0
neonato,SIGNOS Y SÍNTOMAS DEL RECIÉN NACIDO,nborn_hepatomegally,hepatomegalia,"1, sí | 0, No | 99, Desconocido",Definido como un agrandamiento patológico del hígado.,,0,0,0,0,,0
neonato,SIGNOS Y SÍNTOMAS DEL RECIÉN NACIDO,nborn_anaemia,Anemia,"1, sí | 0, No | 99, Desconocido","Esto se refiere a una reducción en la cantidad de glóbulos rojos, la cantidad de hemoglobina y/o el volumen de concentrados de glóbulos rojos en relación con los rangos de referencia neonatales.",,0,0,0,0,,0
neonato,SIGNOS Y SÍNTOMAS DEL RECIÉN NACIDO,nborn_seizconv,Convulsiones,"1, sí | 0, No | 99, Desconocido","Definido como una anomalía intermitente de la fisiología del sistema nervioso caracterizada por una aparición transitoria de movimientos repentinos, violentos e irregulares del cuerpo, causados ​​por la contracción involuntaria de los músculos debido a una actividad neuronal anormal, excesiva o sincrónica en el cerebro.",,0,0,0,0,,0
neonato,SIGNOS Y SÍNTOMAS DEL RECIÉN NACIDO,nborn_keratitis,Queratitis,"1, sí | 0, No | 99, Desconocido",Esto se refiere a la inflamación de la córnea del ojo.,,0,0,0,0,,0
neonato,SIGNOS Y SÍNTOMAS DEL RECIÉN NACIDO,nborn_conjunctiv,Conjuntivitis,"1, sí | 0, No | 99, Desconocido",Definido como inflamación de la conjuntiva.,,0,0,0,0,,0
neonato,SIGNOS Y SÍNTOMAS DEL RECIÉN NACIDO,nborn_ocularother,Otros hallazgos oculares,"1, sí | 0, No | 99, Desconocido",Cualquier hallazgo ocular anormal más allá del diagnóstico primario.,,0,0,0,0,,0
neonato,SIGNOS Y SÍNTOMAS DEL RECIÉN NACIDO,nborn_ocularother_spec,Por favor especifique,,,,0,0,0,,,
neonato,SIGNOS Y SÍNTOMAS DEL RECIÉN NACIDO,nborn_lymph,Linfadenopatía,"1, Sí-doloroso | 2, sí, no doloroso | 0, No | 99, Desconocido",Definido como un hallazgo clínico de agrandamiento anormal de los ganglios linfáticos.,,0,0,0,0,,0
neonato,SIGNOS Y SÍNTOMAS DEL RECIÉN NACIDO,nborn_lymph_site,Especificar sitio(s) de linfadenopatía,"1, Axilar (axilas) | 2, cervical (cuello)| 3, Inguinal (ingle) | 99, Desconocido | 88, otro",Esto se refiere a la ubicación en la que se identificó la linfadenopatía.,,0,0,0,0,,0
neonato,SIGNOS Y SÍNTOMAS DEL RECIÉN NACIDO,nborn_lymph_site_oth,Especificar otros sitios de linfadenopatía,,Esto se refiere a la ubicación en la que se identificó la linfadenopatía.,,0,0,0,0,,
neonato,SIGNOS Y SÍNTOMAS DEL RECIÉN NACIDO,nborn_haemorrhag,Sangrado (hemorragia),"1, sí | 0, No | 99, Desconocido","Se define como la presencia de sangre en un lugar en el que no es fisiológicamente normal o la pérdida de sangre de la circulación, ya sea interna o externa. Esto puede incluir epistaxis (sangre de la nariz), sangrado gingival (sangre de las encías/gingiva), sangre de cualquier parte del tracto gastrointestinal (sangrado gastrointestinal) o del tracto genitourinario (vagina o uretra), incluida la hematuria.",,0,0,0,0,,0
neonato,SIGNOS Y SÍNTOMAS DEL RECIÉN NACIDO,nborn_haemorrhag_site,Especificar el(los) sitio(s) de sangrado,,Esto se refiere a la ubicación del sitio(s) de sangrado/hemorragia.,,0,0,0,0,,
neonato,SIGNOS Y SÍNTOMAS DEL RECIÉN NACIDO,nborn_haemorrhag_site_oth,Especifique otros sitios de sangrado/hemorragia,,Esto se refiere a la ubicación del sitio(s) de sangrado/hemorragia. Las petequias se refieren a pequeñas manchas rojizas o violáceas en la piel o las mucosas como resultado de una hemorragia localizada. El sangrado nasal se refiere a una hemorragia localizada en la nariz. El sangrado de las encías se refiere a una hemorragia que afecta la encía. El sangrado gastrointestinal (GI) se refiere a la hemorragia en cualquier segmento del tracto gastrointestinal desde el esófago hasta el recto. El sangrado del tracto urinario se refiere a la hemorragia que se origina en cualquier parte del sistema urinario. El sangrado vaginal se refiere a una hemorragia que se origina en la vagina y no está relacionada con la menstruación normal.,,0,0,0,0,,
neonato,SIGNOS Y SÍNTOMAS DEL RECIÉN NACIDO,nborn_other,Otros síntomas,"1, sí | 0, No | 99, Desconocido",Esto se refiere a la presencia de un signo o anomalía alternativa no mencionada anteriormente.,,0,0,0,0,,0
neonato,SIGNOS Y SÍNTOMAS DEL RECIÉN NACIDO,nborn_other_spec,"En caso afirmativo, especifique otros.",,,,0,0,0,,,
neonato,SIGNOS Y SÍNTOMAS DEL RECIÉN NACIDO,nborn_imaging,Imágenes realizadas,"1, Ultrasonido craneal | 2, resonancia magnética | 88, Otro | 0, ninguno","Cualquier estudio radiológico realizado (p. ej., ecografía, resonancia magnética, rayos X).",,0,0,0,0,,0
neonato,SIGNOS Y SÍNTOMAS DEL RECIÉN NACIDO,nborn_imaging_oth,Especificar,,,,0,0,0,,,
neonato,SIGNOS Y SÍNTOMAS DEL RECIÉN NACIDO,nborn_imaging_res,Resultados de imágenes,"1, hallazgos normales | 2, hallazgos anormales",Resumen de hallazgos.,,0,0,0,0,,0
neonato,SIGNOS Y SÍNTOMAS DEL RECIÉN NACIDO,nborn_imaging_res_det,"Si hay resultados anormales, proporcione detalles.",,Descripción de hallazgos imagenológicos anormales.,,0,0,0,0,,
neonato,SIGNOS Y SÍNTOMAS DEL RECIÉN NACIDO,nborn_conginfectyn,Infecciones adquiridas congénitamente,"1, sí | 0, No | 99, Desconocido",Se refiere a infecciones sospechadas o confirmadas en el recién nacido que se adquieren en el útero y persisten después del nacimiento.,,0,0,0,0,,0
neonato,SIGNOS Y SÍNTOMAS DEL RECIÉN NACIDO,nborn_conginfecttype,Tipo de infecciones adquiridas congénitamente,"1, CMV | 2, sífilis | 3, Toxoplasmosis | 4, VIH | 5, VHC | 6, VHB | 7, VHS-1 | 8, VHS-2 | 99, Desconocido | 88, otro",Esto se refiere a los tipos de infecciones sospechadas o confirmadas en el recién nacido que se adquieren en el útero y persisten después del nacimiento.,,0,0,0,0,,0
neonato,SIGNOS Y SÍNTOMAS DEL RECIÉN NACIDO,nborn_conginfectother,Especificar otras infecciones congénitas,,"Se refiere a otras infecciones sospechadas o confirmadas, no especificadas anteriormente, en el recién nacido que se adquieren en el útero y persisten después del nacimiento.",,0,0,0,0,,
neonato,SIGNOS Y SÍNTOMAS DEL RECIÉN NACIDO,nborn_breastfed,¿Alguna vez el bebé fue amamantado?,"1, sí | 0, No | 99, Desconocido",El lactante recibió leche materna al menos una vez después del nacimiento.,,0,0,0,0,,0
neonato,SIGNOS Y SÍNTOMAS DEL RECIÉN NACIDO,nborn_breastfed_status,Estado de lactancia,"1, actualmente amamantado | 0, Lactancia materna discontinuada","Estado actual de lactancia materna del lactante en el momento de la evaluación, independientemente de la exclusividad.",,0,0,0,0,,0
neonato,SIGNOS Y SÍNTOMAS DEL RECIÉN NACIDO,nborn_breastfed_dur,"Si se interrumpió la lactancia, ¿cuánto tiempo duró la lactancia? (en semanas)",,Número total de semanas de lactancia materna antes de la interrupción permanente.,,0,0,0,0,,
neonato,PRUEBAS DE LABORATORIO DEL RECIÉN NACIDO,nborn_labtestyn,¿Se realizó la prueba de Mpox infantil?,"1, sí | 0, No | 99, Desconocido",Se realizan pruebas de laboratorio para detectar el virus Mpox en el lactante.,,0,0,0,0,,0
neonato,PRUEBAS DE LABORATORIO DEL RECIÉN NACIDO,nborn_specimen,Tipo de muestra Mpox,"1, líquido amniótico | 2, Sangre del cordón umbilical durante el embarazo | 3, Sangre del cordón umbilical después del parto | 4, Muestra de placenta durante el embarazo | 5, muestra de placenta después del parto | 6, lesión cutánea | 7, Sangre | 8, hisopo nasofaríngeo | 9, Orina |88, Otros","Muestra biológica utilizada (p. ej., hisopo de lesión, sangre).",,0,0,0,0,,0
neonato,PRUEBAS DE LABORATORIO DEL RECIÉN NACIDO,nborn_specimenother,Especificar,,,,0,0,0,,,
neonato,PRUEBAS DE LABORATORIO DEL RECIÉN NACIDO,nborn_labmethod,Método de laboratorio Mpox,"1, PCR | 2, orto-PCR | 3, Serología | 999, otro","Técnica de diagnóstico utilizada (p. ej., PCR).",,0,0,0,0,,0
neonato,PRUEBAS DE LABORATORIO DEL RECIÉN NACIDO,nborn_pcrres,resultado de la PCR,"1, Positivo | 0, negativo",Resultado cualitativo de la PCR (positivo/negativo).,,0,0,0,0,,0
neonato,PRUEBAS DE LABORATORIO DEL RECIÉN NACIDO,nborn_pcrct,Umbral del ciclo de PCR (CT),,Número de ciclos de amplificación necesarios para detectar ADN viral; una TC más baja indica una carga viral más alta.,,0,0,0,0,,
neonato,DETALLES RECIÉN NACIDO,nborn_motherincl,¿Está incluida la madre en el estudio?,"1, sí | 0, No | 99, Desconocido",Se refiere a la inclusión de la madre en el mismo estudio.,,0,0,0,0,,0
neonato,DETALLES RECIÉN NACIDO,nborn_motherpin,especificar su PIN,,Se refiere al número de identificación de participante asignado a la madre de un recién nacido en el estudio.,,0,0,0,0,,
seguimiento,EVALUACIÓN DE SEGUIMIENTO,follow_date,Fecha del seguimiento,,Se refiere a la fecha del seguimiento del paciente.,Escriba la fecha del seguimiento. Utilice el formato DD/MM/AAAA.,0,0,0,0,0,
seguimiento,EVALUACIÓN DE SEGUIMIENTO,follow_outcome,Resultado del paciente,,Se refiere a una evaluación del resultado del paciente en el seguimiento.,Seleccione la opción más adecuada que represente el resultado del paciente.,0,0,0,0,0,
seguimiento,EVALUACIÓN DE SEGUIMIENTO,follow_outcome_date,Primera fecha en la que se produjo el resultado seleccionado,,Se refiere a la primera fecha en la que se produjo el resultado seleccionado.,Escriba la primera fecha o la fecha más temprana en la que se produjo el resultado seleccionado. Utilice el formato DD/MM/AAAA.,0,0,0,0,0,
seguimiento,EVALUACIÓN DE SEGUIMIENTO,follow_outcome_reas,Motivo del resultado,,Se refiere a la rehospitalización debido a una infección por el patógeno de interés.,Escriba la fecha de hospitalización. Utilice el formato DD/MM/AAAA.,0,0,0,0,0,
seguimiento,EVALUACIÓN DE SEGUIMIENTO,follow_skindamage,¿La piel del paciente está dañada tras la resolución de la enfermedad aguda?,"1, Sí | 0, No | 99, Desconocido","Se refiere a la presencia de cicatrices, alteraciones de la pigmentación, contracturas u otras deformidades secundarias a lesiones cutáneas resueltas.",Indique «Sí» si el paciente presenta algún daño cutáneo relacionado con la resolución de lesiones cutáneas activas.,0,0,0,0,0,0
seguimiento,EVALUACIÓN DE SEGUIMIENTO,follow_skindamage_type,Si es así: seleccione todo lo que se aplique,"1, Cicatrices atróficas | 2, Cicatrices hipertróficas | 3, Deformidades | 4, Hipopigmentación | 5, Hiperpigmentación | 6, Contracturas | 88, Otros","Esto se refiere a la presencia de cicatrices, pigmentación alterada, contracturas u otras deformidades secundarias a lesiones cutáneas resueltas. Las cicatrices atróficas se refieren a las cicatrices que forman una depresión en comparación con el nivel de la piel circundante debido al daño al colágeno, la grasa u otros tejidos debajo de la piel. La cicatriz hipertrófica se refiere a una marca permanente en la piel causada por depósitos de cantidades excesivas de colágeno durante la curación de heridas. Es elevado y no se extiende más allá de los límites originales de la herida; La elevación puede estabilizarse o regresar espontáneamente.  Las deformidades se refieren a alteraciones o desviaciones de la forma o tamaño normales que resultan en una desfiguración de las estructuras del cuerpo normales. La hipopigmentación se refiere al aligeramiento anormal de la piel debido a la disminución de la producción o deposición de melanina. La hiperpigmentación se refiere al oscurecimiento de la piel debido a la deposición excesiva de melanina. La contractura se refiere a un acortamiento prolongado del músculo u otro tejido blando alrededor de una articulación, evitando el movimiento de la articulación.",Seleccione todos los tipos de daños en la piel después de la resolución de la enfermedad aguda.,0,0,0,0,0,0
seguimiento,EVALUACIÓN DE SEGUIMIENTO,follow_skindamage_type_oth,Especifique otro tipo de daño cutáneo,,Se refiere a la presencia de cualquier otro tipo de daño cutáneo que usted considere secundario a la infección por el patógeno de interés y que sea pertinente incluir aquí.,Escriba los demás tipos de daño cutáneo tras la resolución de la enfermedad aguda.,0,0,0,0,0,
seguimiento,EVALUACIÓN DE SEGUIMIENTO,follow_seque,¿El paciente tiene secuelas?,"1, Sí | 0, No | 99, Desconocido","Esto se refiere a cualquier otra (s) complicación (s) o secalae, no especificada anteriormente.",Indique 'sí' si el paciente tiene alguna otra complicación o secueces no especificada anteriormente.,0,0,0,0,0,0
seguimiento,EVALUACIÓN DE SEGUIMIENTO,follow_seque_type,Si es así: seleccione todo lo que se aplique,,"Esto se refiere a cualquier otra (s) complicación (s) o secalae, no especificada anteriormente. La visión disminuida se refiere a la visión considerada inferior a la visión normal representada por estándares aceptados de agudeza, campo de visión o motilidad. La ceguera se refiere a la incapacidad de ver o la pérdida o ausencia de percepción de los estímulos visuales. La estenosis uretral se refiere al estrechamiento de la uretra asociada con inflamación o tejido cicatricial. La estenosis vaginal se refiere al estrechamiento de la vagina debido a la formación de cicatrices. La estenosis rectal se refiere al estrechamiento del recto secundario a la formación de cicatrices. Dyspareunia se refiere al dolor genital recurrente que ocurre durante, antes o después de las relaciones sexuales en los machos o en las mujeres. La depresión se refiere a un trastorno afectivo manifestado por un estado de ánimo disfórico o pérdida de interés o placer en las actividades habituales y la alteración del estado de ánimo es prominente y relativamente persistente.","Seleccione todas las demás complicaciones o secuelas no especificadas anteriormente. ",0,0,0,0,0,
seguimiento,PUNTAJE ÍNDICE DE BARTHEL,follow_barthel,¿Se está evaluando el índice de Barthel para este paciente con el fin de recopilar datos sobre su capacidad para realizar las actividades de la vida diaria?,"1, Sí | 0, No | 99, Desconocido",Las siguientes preguntas se utilizan para calcular la puntuación del índice de Barthel: El índice de Barthel para las actividades de la vida diaria es una escala ordinal que mide la capacidad de una persona para realizar las actividades de la vida diaria.,Indique «Sí» si esta puntuación se evalúa en la visita de seguimiento para registrar la calidad de vida.,0,0,0,0,0,0
seguimiento,PUNTAJE ÍNDICE DE BARTHEL,follow_barthel_feeding,¿Es capaz de alimentarse por sí mismo?,"1, Independiente | 2, Necesita algo de ayuda | 3, Necesita mucha ayuda | 4, Incapaz de alimentarse por sí mismo",Se refiere a la capacidad del paciente para alimentarse por sí mismo.,"Seleccione la opción más adecuada que mejor se corresponda con el nivel actual de capacidad del paciente. Registre el funcionamiento real, no el potencial.",0,0,0,0,0,0
seguimiento,PUNTAJE ÍNDICE DE BARTHEL,follow_barthel_bathing,¿Es capaz de bañarse por sí mismo?,"1, Independiente | 2, Necesita algo de ayuda | 3, Necesita mucha ayuda | 4, Incapaz de bañarse por sí mismo",Se refiere a la capacidad del paciente para bañarse por sí mismo.,"Seleccione la opción más adecuada que mejor se corresponda con el nivel actual de capacidad del paciente. Registre el funcionamiento real, no el potencial.",0,0,0,0,0,0
seguimiento,PUNTAJE ÍNDICE DE BARTHEL,follow_barthel_grooming,¿Es capaz de asearse por sí mismo?,"1, Independiente | 2, Necesita algo de ayuda | 3, Necesita mucha ayuda | 4, Incapaz de asearse por sí mismo",Se refiere a la capacidad del paciente para asearse por sí mismo.,"Seleccione la opción más adecuada que mejor se corresponda con el nivel actual de capacidad del paciente. Registre el funcionamiento real, no el potencial.",0,0,0,0,0,0
seguimiento,PUNTAJE ÍNDICE DE BARTHEL,follow_barthel_dressing,¿Es capaz de vestirse por sí mismo?,"1, Independiente | 2, Necesita algo de ayuda | 3, Necesita mucha ayuda | 4, Incapaz de vestirse",Se refiere a la capacidad del paciente para vestirse por sí mismo.,"Seleccione la opción más adecuada que mejor se corresponda con el nivel actual de capacidad del paciente. Registre el funcionamiento real, no el potencial.",0,0,0,0,0,0
seguimiento,PUNTAJE ÍNDICE DE BARTHEL,follow_barthel_bowel,¿Tiene control sobre sus intestinos?,"1, Continente | 2, Incontinencia ocasional | 3, Incontinencia frecuente | 4, Incontinencia","Se refiere al control voluntario de las deposiciones. Continente se refiere al control voluntario completo. La incontinencia ocasional se refiere a la pérdida del control voluntario una vez a la semana. La incontinencia frecuente se refiere a la pérdida del control voluntario más de una vez a la semana. Incontinencia se refiere a la falta total de control voluntario, la incapacidad de controlarse por sí mismo o la necesidad de utilizar enemas para defecar.","Seleccione la opción más adecuada que mejor se corresponda con el nivel actual de capacidad del paciente. Registre el funcionamiento real, no el potencial.",0,0,0,0,0,0
seguimiento,PUNTAJE ÍNDICE DE BARTHEL,follow_barthel_bladder,¿Tiene control sobre su vejiga?,"1, Continente | 2, Incontinencia ocasional | 3, Incontinencia frecuente | 4, Incontinencia","Se refiere al control voluntario de la evacuación intestinal. Continente se refiere al control voluntario completo. La incontinencia ocasional se refiere a la pérdida del control voluntario una vez a la semana. La incontinencia frecuente se refiere a la pérdida del control voluntario más de una vez a la semana. Incontinencia se refiere a la falta total de control voluntario, la incapacidad de controlarse por sí mismo o la necesidad de cateterización.","Seleccione la opción más adecuada que mejor se corresponda con el nivel actual de capacidad del paciente. Registre el funcionamiento real, no el potencial.",0,0,0,0,0,0
seguimiento,PUNTAJE ÍNDICE DE BARTHEL,follow_barthel_toilet,¿Es capaz de ir al baño por sí mismo?,"1, Independiente | 2, Necesita algo de ayuda | 3, Necesita mucha ayuda | 4, Incapaz de usar el baño",Se refiere a la capacidad de usar el baño de forma independiente.,"Seleccione la opción más adecuada que mejor se corresponda con el nivel actual de capacidad del paciente. Registre el funcionamiento real, no el potencial.",0,0,0,0,0,0
seguimiento,PUNTAJE ÍNDICE DE BARTHEL,follow_barthel_transfer,¿Es capaz de trasladarse de la cama a la silla y viceversa?,"1, Independiente | 2, Necesita algo de ayuda | 3, Necesita ayuda extensa | 4, Incapaz de trasladarse",Se refiere a la capacidad de trasladarse de la cama a la silla y viceversa.,"Seleccione la opción más adecuada que mejor se corresponda con el nivel actual de capacidad del paciente. Registre el funcionamiento real, no el potencial.",0,0,0,0,0,0
seguimiento,PUNTAJE ÍNDICE DE BARTHEL,follow_barthel_walking,¿Es capaz de caminar sobre una superficie plana?,"1, Independiente | 2, Necesita algo de ayuda | 3, Utiliza una silla de ruedas de forma independiente | 4, Incapaz de caminar",Se refiere a la capacidad de caminar sobre superficies planas.,"Seleccione la opción más adecuada que mejor se corresponda con el nivel actual de capacidad del paciente. Registre el funcionamiento real, no el potencial.",0,0,0,0,0,0
seguimiento,PUNTAJE ÍNDICE DE BARTHEL,follow_barthel_stairs,¿Es capaz de subir y bajar escaleras?,"1, Independiente | 2, Necesita algo de ayuda | 3, Incapaz de usar escaleras",Se refiere a la capacidad de subir y bajar un tramo de escaleras.,"Seleccione la opción más adecuada que mejor se corresponda con el nivel actual de capacidad del paciente. Registre el funcionamiento real, no el potencial.",0,0,0,0,0,0
retiro,RETIRO,withd_date,Fecha de retiro,,Se refiere a la retirada del consentimiento del paciente.,Escriba la fecha de retiro del consentimiento del paciente. Use el formato DD/MM/A yyyy.,0,0,0,0,0,
retiro,RETIRO,withd_reas,Razón de retiro,,Se refiere a la retirada del consentimiento del paciente.,"Escriba el motivo por el que se retiró el consentimiento del paciente. ",0,0,0,0,0,
retiro,RETIRO,withd_active,¿El participante se retiró de la participación activa en el estudio?,"1, Sí | 0, No | 99, Desconocido",Se refiere a la retirada del consentimiento del paciente.,Indique 'sí' si el participante se retiró de la participación activa en el estudio.,0,0,0,0,0,0
retiro,RETIRO,withd_datacoll,¿El participante retiró el consentimiento para usar los datos recopilados hasta el punto de retiro?,"1, Sí | 0, No | 99, Desconocido","Se refiere a la retirada del consentimiento del paciente. ",Indique 'sí' si el participante retiró el consentimiento para usar los datos recopilados hasta el punto de retiro.,0,0,0,0,0,0
retiro,RETIRO,withd_datasample,¿El participante retiró el consentimiento para usar muestras recolectadas hasta el punto de retiro?,"1, Sí | 0, No | 99, Desconocido","Se refiere a la retirada del consentimiento del paciente. ",Indique 'sí' si el participante retiró el consentimiento para usar muestras recolectadas hasta el punto de retiro.,0,0,0,0,0,0