Form,Section,Variable,Question,Answer Options,Definition,Completion Guideline,Form Translation Reviewers,Section Translation Reviewers,Question Translation Reviewers,Definition Translation Reviewers,Completion Guideline Translation Reviewers,Answer Options Translation Reviewers
présentation,,subjid,Numéro d'identification des participants (PIN),,Le numéro d'identification ou le PIN des participants est un numéro unique utilisé pour identifier les données du patient (participant).,Écrivez le numéro d'identification des participants (PIN).,1,,0,0,0,
présentation,CRITÈRES D'INCLUSION,inclu_disease,Infection suspectée ou confirmée,,Cela fait référence à toute infection suspectée ou confirmée.,"Si plus d'une infection est suspectée, sélectionnez la section de test des agents pathogènes et complétez la section des agents de pathogène avec confirmation de laboratoire.",1,0,0,0,0,
présentation,CRITÈRES D'INCLUSION,inclu_reason,L'infection suspectée ou confirmée est-elle la raison de l'admission à l'hôpital ?,"1, Oui | 0, Non | 99, Inconnu",Cela fait référence à l'infection suspectée ou confirmée par l'agent pathogène d'intérêt si la raison (indication) de l'admission à l'hôpital.,Indiquez «oui» si une infection suspectée ou confirmée par l'agent pathogène d'intérêt si la raison (indication) de l'admission à l'hôpital. Indiquez «non» si l'infection suspectée ou confirmée par l'agent pathogène d'intérêt n'est pas la raison (indication) de l'admission à l'hôpital.,1,0,0,0,0,0
présentation,CRITÈRES D'INCLUSION,inclu_case,Statut du cas,"1, Confirmé | 2, Probable | 3, Suspecté | 4, Écarté | 5, Erreur","Confirmé désigne un cas confirmé en laboratoire et pouvant répondre aux critères cliniques décrits dans la définition de cas. Probable désigne une maladie cliniquement compatible, épidémiologiquement liée à un cas confirmé, sans confirmation en laboratoire de l'infection par l'agent pathogène d'intérêt. Suspecté désigne une maladie cliniquement compatible, sans lien épidémiologique ni confirmation en laboratoire. Rejeté désigne un patient dont le test de laboratoire est négatif et qui ne répond pas aux critères d'un cas suspect, probable ou confirmé. ","Sélectionnez l'option la plus appropriée qui correspond à l'état du cas. ",1,0,0,0,0,0
présentation,CRITÈRES D'INCLUSION,inclu_testreason,Raison pour laquelle le patient a été testé,"1, Symptomatique | 2, Asymptomatique, contact tracé | 3, Asymptomatique, campagne de dépistage de masse | 4, Non testé",Cela fait référence à la raison pour laquelle le patient a été testé pour le pathogène d'intérêt.,Sélectionnez l'option la plus appropriée qui correspond à la raison pour laquelle le patient a été testé pour le pathogène d'intérêt.,1,0,0,0,0,0
présentation,CRITÈRES D'INCLUSION,inclu_testreason_otth,Précisez autre raison,,Il s'agit de la raison pour laquelle le patient a été testé pour l'agent pathogène d'intérêt.,Sélectionnez l'option la plus appropriée qui correspond à la raison pour laquelle le patient a été testé pour l'agent pathogène d'intérêt.,1,0,0,0,0,
présentation,CRITÈRES D'INCLUSION,inclu_consentdes,Consentement,,,,1,0,0,,,
présentation,CRITÈRES D'INCLUSION,inclu_consent,Le participant (ou leur représentant) a donné son consentement à participer à cette étude.,"1, Oui | 0, Non, le participant n'a pas accepté de participer à l'étude | 2, Non, le comité d'éthique a approuvé une dérogation au consentement | 99, Inconnu",Cela fait référence à la fourniture d'un consentement éclairé par le patient ou à leur représentant pour participer à cette étude.,Indiquez «oui» si le patient ou son représentant a donné son consentement éclairé pour la participation à cette étude.,1,0,0,0,0,0
présentation,CRITÈRES D'INCLUSION,inclu_consent_date,Date de consentement,,Cela se réfère à ce jour à laquelle un consentement éclairé a été donné pour l'inclusion des participants dans cette étude.,Écrivez la date à laquelle le consentement éclairé a été donné pour l'inclusion des participants dans cette étude. Utilisez le format DD / MM / YYYY.,1,0,0,0,0,
présentation,CRITÈRES D'INCLUSION,inclu_consent_who,Consentement fourni par,"1, Participant | 2, Parent/tuteur | 3, Personne consultée | 4, Clinicien indépendant ",Cela fait référence à qui a donné le consentement à la participation à cette étude.,Sélectionnez l'option la plus appropriée qui représente qui a donné le consentement à la participation à cette étude.,1,0,0,0,0,0
présentation,CRITÈRES D'INCLUSION,inclu_consent_whopg,Si le parent / tuteur donne son consentement: l'enfant ou le jeune donne-t-il son assentiment?,"1, Oui | 0, Non | 2, Incompétent","Cela fait référence à l'assentiment donné par un mineur ou un adulte qui n'est pas en mesure de donner son consentement en leur nom, pour participer à une étude. L'assentiment doit être accompagné du consentement d'un parent ou d'un tuteur légal pour toute participation à l'étude.",Sélectionnez l'option la plus appropriée qui représente si l'assentiment a été fourni pour participer à cette étude.,1,0,0,0,0,0
présentation,CRITÈRES D'INCLUSION,inclu_consent2des,"Utilisation secondaire des données collectées, le participant a accepté les déclarations suivantes :",,,,1,0,0,,,
présentation,CRITÈRES D'INCLUSION,inclu_consent_secrsch,"Utilisation future des données pseudonymisées dans le cadre de recherches éthiquement approuvées, y compris dans d'autres pays","1, Oui | 0, Non",Désigne le consentement à l'utilisation secondaire future de données pseudonymisées dans le cadre de recherches approuvées sur le plan éthique.,Il s'agit d'une question facultative relative au consentement. Elle n'est pas obligatoire pour remplir le reste du CRF.,1,0,0,0,0,0
présentation,CRITÈRES D'INCLUSION,inclu_consent_secprod,"Utilisation future des données pseudonymisées pour fabriquer des tests, des traitements ou d'autres produits, y compris des produits commerciaux","1, Oui | 0, Non","Désigne le consentement à l'utilisation secondaire future de données pseudonymisées pour la fabrication de tests, de traitements ou d'autres produits, y compris des produits commerciaux.",Il s'agit d'une question facultative relative au consentement. Elle n'est pas obligatoire pour remplir le reste du CRF.,1,0,0,0,0,0
présentation,CRITÈRES D'INCLUSION,inclu_consent_secgen,"Utilisation future des données génétiques pseudonymisées dans le cadre de recherches éthiquement approuvées, y compris dans d'autres pays","1, Oui | 0, Non",Désigne le consentement à l'utilisation secondaire future de données génétiques pseudonymisées dans le cadre de recherches approuvées sur le plan éthique.,Il s'agit d'une question facultative relative au consentement. Elle n'est pas obligatoire pour remplir le reste du CRF.,1,0,0,0,0,0
présentation,CRITÈRES D'INCLUSION,inclu_consentsecsamp,"Utilisation secondaire des échantillons prélevés, le participant était d'accord avec les affirmations suivantes:",,,,1,0,0,,,
présentation,CRITÈRES D'INCLUSION,inclu_consent_secsamprsch,"Utilisation future des échantillons pseudonymisés dans le cadre de recherches éthiquement approuvées, y compris dans d'autres pays","1, Oui | 0, Non","Désigne le consentement à l'utilisation secondaire future d'échantillons pseudonymisés dans le cadre de recherches éthiquement approuvées, y compris dans d'autres pays.",Il s'agit d'une question facultative relative au consentement. Elle n'est pas obligatoire pour remplir le reste du CRF.,1,0,0,0,0,0
présentation,CRITÈRES D'INCLUSION,inclu_consent_secsampprod,"Utilisation future des échantillons ou des matériaux pseudonymisés ou des données dérivées de ces échantillons pour fabriquer des tests, des traitements ou d'autres produits, y compris des produits commerciaux","1, Oui | 0, Non","Désigne le consentement à l'utilisation secondaire future d'échantillons ou de matériaux pseudonymisés ou de données dérivées de ces échantillons pour fabriquer des tests, des traitements ou d'autres produits, y compris des produits commerciaux.",Il s'agit d'une question facultative relative au consentement. Elle n'est pas obligatoire pour remplir le reste du CRF.,1,0,0,0,0,0
présentation,CRITÈRES D'INCLUSION,inclu_consent_secsampgen,"Utilisation future des échantillons génétiques pseudonymisés dans le cadre de recherches éthiquement approuvées, y compris dans d'autres pays","1, Oui | 0, Non","Désigne le consentement à l'utilisation secondaire future d'échantillons génétiques pseudonymisés dans le cadre de recherches éthiquement approuvées, y compris dans d'autres pays.",Il s'agit d'une question facultative relative au consentement. Elle n'est pas obligatoire pour remplir le reste du CRF.,1,0,0,0,0,0
présentation,CRITÈRES D'INCLUSION,inclu_consentcont,Contact,,,,1,0,0,,,
présentation,CRITÈRES D'INCLUSION,inclu_consent_contnstudy,"À contacter pour participer à des travaux futurs, y compris des études de recherche","1, Oui | 0, Non","Désigne la personne à contacter pour participer à des travaux futurs, y compris des études de recherche",Il s'agit d'une question facultative relative au consentement. Elle n'est pas obligatoire pour remplir le reste du CRF.,1,0,0,0,0,0
présentation,APPARITION ET PRÉSENTATION,pres_onsetdate,Date d'apparition du premier symptôme / du symptôme le plus ancien,,Il s'agit de la date d'apparition du premier symptôme ou du symptôme le plus précoce cliniquement lié à l'épisode actuel de la maladie.,"Indiquez la date de l'apparition du premier symptôme que vous estimez cliniquement lié à cet épisode de maladie, au format JJ/MM/AAAA.",1,0,0,0,0,
présentation,APPARITION ET PRÉSENTATION,pres_symptpres,Symptomatique lors de la présentation initiale ?,"1, Oui | 0, Non | 99, Inconnu","Il s'agit de savoir si le patient présentait des symptômes lors de la consultation initiale. ",Indiquez « Oui » si le patient présentait des symptômes lors de la consultation initiale.,1,0,0,0,0,0
présentation,APPARITION ET PRÉSENTATION,pres_firstsym,Symptôme(s) pendant les premières 24 heures de la maladie (sélectionnez toutes les réponses qui s'appliquent),,"Il s'agit du premier symptôme, ou des premiers symptômes (si plusieurs sont apparus en même temps), que vous estimez cliniquement liés à cet épisode de la maladie.",Sélectionnez tous les symptômes que le patient a présentés au cours des premières 24 heures de la maladie (sélectionnez toutes les réponses qui s'appliquent).,1,0,0,0,0,
présentation,APPARITION ET PRÉSENTATION,pres_consultdate,Date de la première consultation clinique,,Il s'agit de la date de la première consultation clinique liée à l'épisode actuel de la maladie.,Indiquez la date de la première consultation clinique liée à l'épisode actuel de la maladie au format JJ/MM/AAAA.,1,0,0,0,0,
présentation,APPARITION ET PRÉSENTATION,pres_date,Date de la dernière consultation/admission dans cet établissement,,Il s'agit de la date d'hospitalisation/d'admission du patient dans votre établissement pour la maladie actuelle.,Indiquez la date d'hospitalisation/d'admission dans votre établissement (au format JJ/MM/AAAA).,1,0,0,0,0,
présentation,APPARITION ET PRÉSENTATION,pres_adm,Admis à l'hôpital,"1, Oui | 0, Non | 99, Inconnu",Il s'agit de l'admission du patient dans votre établissement pour la maladie actuelle.,Indiquez « Oui » si ce patient a été admis dans votre établissement.,1,0,0,0,0,0
présentation,APPARITION ET PRÉSENTATION,pres_adm_reas,Motif de l'hospitalisation,,Il s'agit de la raison (indication) de l'hospitalisation.,"Si « Oui », précisez la raison (indication) de l'hospitalisation.",1,0,0,0,0,0
présentation,APPARITION ET PRÉSENTATION,pres_adm_reasoth,Précisez une autre raison,,Il s'agit de la raison (indication) de l'hospitalisation.,,1,0,0,0,,
présentation,APPARITION ET PRÉSENTATION,pres_adm_time,Heure d'admission à l'hôpital,,Il s'agit de l'admission du patient dans votre établissement pour la maladie actuelle.,Entrez l'heure d'admission dans votre établissement au format 24 heures (00:00 - 24:00 heures).,1,0,0,0,0,
présentation,APPARITION ET PRÉSENTATION,pres_enrolmentdate,Date d'inscription/début de la collecte des données,,Il s'agit de la date d'inscription/du début de la collecte des données.,Entrez la date d'inscription du patient à l'étude au format jour/mois/année (JJ/MM/AAAA).,1,0,0,0,0,
présentation,RÉADMISSION ET PIN PRÉCÉDENT,readm_prev,Le patient a-t-il déjà été admis ou transféré d'un autre établissement au cours de cet épisode de maladie ?,"1, OUI - admis précédemment dans cet établissement et sorti | 2, OUI - admis dans un autre établissement et sorti | 3, OUI - admis dans un autre établissement, puis transféré dans cet établissement | 0, Non | 99, Inconnu",Il s'agit de l'admission précédente dans un établissement de santé ou du transfert depuis un autre établissement de santé au cours de l'épisode actuel de la maladie.,Sélectionnez l'option la plus appropriée pour indiquer si le patient a déjà été admis ou transféré depuis un autre établissement au cours de cet épisode de maladie.,1,0,0,0,0,0
présentation,RÉADMISSION ET PIN PRÉCÉDENT,readm_prev_site,Nom de l'établissement de transfert,,Il s'agit du nom de l'établissement dans lequel le patient a été précédemment admis ou transféré.,Indiquez le nom de l'établissement dans lequel le patient a été admis ou transféré précédemment.,1,0,0,0,0,
présentation,RÉADMISSION ET PIN PRÉCÉDENT,readm_prev_date,Date de présentation à l'établissement précédent,,Il s'agit de la date de présentation à l'établissement dans lequel le patient a été précédemment admis ou transféré.,Indiquez la date de présentation à l'établissement dans lequel le patient a été admis ou transféré précédemment.,1,0,0,0,0,
présentation,RÉADMISSION ET PIN PRÉCÉDENT,readm_prev_reastrans,Raison du transfert,"1, Escalade des soins (p. ex. USI/Ventilation) | 2, Manque d'installations de diagnostic | 3, Proximité du domicile | 88, autre",,,1,0,0,,,0
présentation,RÉADMISSION ET PIN PRÉCÉDENT,readm_prev_reastrans_oth,Précisez autre raison,,,,1,0,0,,,
présentation,RÉADMISSION ET PIN PRÉCÉDENT,readm_prev_num,Nombre total d'admissions précédentes pour cette infection,,Il s'agit du nombre de fois (pour cette infection) où le patient a été admis dans un établissement de santé.,Indiquez le nombre de fois (pour cette infection) où le patient a été admis dans un établissement de santé.,1,0,0,0,0,
présentation,RÉADMISSION ET PIN PRÉCÉDENT,readm_firstadmdate,Date de la première admission pour cette infection,,"Il s'agit de la date de la première admission pour cette maladie. Si le patient a d'abord été « admis dans un autre établissement, puis transféré vers cet établissement », enregistrez la date à laquelle le patient a été admis dans l'autre établissement de santé.",Inscrivez la date au format JJ/MM/AAAA.,1,0,0,0,0,
présentation,RÉADMISSION ET PIN PRÉCÉDENT,readm_difpin,Les données du patient ont-elles été précédemment collectées sous un autre numéro d'identification des participants (PIN)?,"1, Oui | 0, Non | 99, Inconnu",Il s'agit de la collecte antérieure des données du patient sous un autre numéro d'identification du participant (PIN).,Indiquez «oui» si les données du patient ont été précédemment collectées sous un autre numéro d'identification des participants (PIN),1,0,0,0,0,0
présentation,RÉADMISSION ET PIN PRÉCÉDENT,readm_prevpin,Numéro d'identification précédent des participants (PIN),,Le numéro d'identification ou le PIN des participants est un numéro unique utilisé pour identifier les données du patient (participant).,Écrivez le numéro d'identification des participants (PIN).,1,0,0,0,0,
présentation,RÉADMISSION ET PIN PRÉCÉDENT,readm_reas,Le patient est-il réadmis avec ou en raison d'une infection par pathogène d'intérêt?,"1, Oui | 0, Non | 99, Inconnu",Cela fait référence à la réadmission du patient avec ou en raison d'une infection par pathogène d'intérêt.,Indiquez «oui» si le patient est réadmis avec ou en raison d'une infection par un agent pathogène d'intérêt.,1,0,0,0,0,0
présentation,DONNÉES DÉMOGRAPHIQUES,demog_birthknow,La date de naissance est-elle connue ?,"1, Oui | 0, Non",Il s'agit de la date calendaire à laquelle le patient est né.,Enregistrez la date de naissance du participant au format JJ/MM/AAAA.,1,0,0,0,0,0
présentation,DONNÉES DÉMOGRAPHIQUES,demog_birthdate,Date de naissance,,Cela fait référence à la date du calendrier à laquelle le patient est né.,Enregistrez la date de naissance des participants au format DD / mm / yyyy.,1,0,0,0,0,
présentation,DONNÉES DÉMOGRAPHIQUES,demog_age,Âge,,Cela fait référence à l'âge du patient.,"Pour les participants de plus de deux ans, veuillez signaler l'âge en années. Pour les enfants de moins d'un an, veuillez vous présenter en mois. Pour les nouveau-nés en dessous de l'âge d'un mois, veuillez vous présenter en quelques jours.",1,0,0,0,0,
présentation,DONNÉES DÉMOGRAPHIQUES,demog_age_units,Unités d'âge,"1, Années | 2, Mois | 3, Jours",Cela fait référence à l'âge du patient à la présentation au centre de santé.,Sélectionnez les unités les plus appropriées pour l'âge.,1,0,0,0,0,0
présentation,DONNÉES DÉMOGRAPHIQUES,demog_calcage_days,Âge calculé (jours),"if([demog_birthknow]='1', datediff([demog_birthdate], if([pres_date]='',""today"",[pres_date]), ""d"", ""dmy""), if([demog_age_units]='1', [demog_age]*365, if([demog_age_units]='2', round([demog_age]*365/12,0), if([demog_age_units]='3', [demog_age], ''))))",Il s'agit de l'âge du patient en jours.,"L'âge est calculé, si la date de naissance est connue, comme la différence entre la date de naissance et la date la plus récente de présentation ou d'admission dans l'établissement.",1,0,0,0,0,0
présentation,DONNÉES DÉMOGRAPHIQUES,demog_sex,Sexe à la naissance,"1, Homme | 2, Femme | 99, Non spécifié/Inconnu | 88, Autre",Cela fait référence aux caractéristiques sexuelles physiques à la naissance.,Sélectionnez l'option la plus appropriée qui représente les caractéristiques sexuelles physiques à la naissance.,1,0,0,0,0,0
présentation,DONNÉES DÉMOGRAPHIQUES,demog_sex_oth,Si autre: spécifiez le sexe à la naissance,,Cela fait référence aux caractéristiques sexuelles physiques à la naissance.,"Si «autre», spécifiez les caractéristiques sexuelles physiques à la naissance.",1,0,0,0,0,
présentation,DONNÉES DÉMOGRAPHIQUES,demog_gender,Genre,"1, Homme | 2, Femme | 3, Non binaire | 99, Inconnu | 88, Autre","Il s'agit du sentiment interne d'une personne quant à son genre, qui peut correspondre ou non au sexe génotypique ou phénotypique de l'individu. ",Sélectionnez l'option la plus appropriée qui représente l'identité de genre du patient.,1,0,0,0,0,0
présentation,DONNÉES DÉMOGRAPHIQUES,demog_gender_oth,Si autre: spécifiez le sexe,,"Il s'agit du sentiment interne d'une personne quant à son genre, qui peut correspondre ou non au sexe génotypique ou phénotypique de l'individu.",Si «d'autres» spécifient l'identité de genre du patient.,1,0,0,0,0,
présentation,DONNÉES DÉMOGRAPHIQUES,demog_country,Pays,,Il s'agit du pays d'inscription.,Indiquer le pays d'inscription,1,0,0,0,0,
présentation,DONNÉES DÉMOGRAPHIQUES,demog_outcountry,Le patient est-il né en dehors du pays déclarant ?,"1, Oui | 0, Non | 99, Inconnu",Il s'agit de la naissance du participant en dehors du pays déclarant.,Indiquez si le participant est né en dehors du pays déclarant,1,0,0,0,0,0
présentation,DONNÉES DÉMOGRAPHIQUES,demog_height,Hauteur (sélectionnez les unités),,Estimation réelle ou la plus proche de la hauteur au moment de l'admission.,,1,0,0,0,,
présentation,DONNÉES DÉMOGRAPHIQUES,demog_height_units,Hauteur (certaines unités),"1, cm | 2, dans",,,1,0,0,,,0
présentation,DONNÉES DÉMOGRAPHIQUES,demog_height_cm,Hauteur (cm),,"Il s'agit de la distance entre la semelle et la couronne de la tête avec le corps debout sur une surface plane et entièrement étendue, mesurée en centimètres. Pour les enfants de moins de 2 ans, veuillez utiliser la longueur du corps (mesuré en couchage en décubitus dorsal).","Indiquez la hauteur du patient en centimètres (cm). Pour les enfants de moins de 2 ans, veuillez utiliser la durée.",1,0,0,0,0,
présentation,DONNÉES DÉMOGRAPHIQUES,demog_height_in,Hauteur (in),,"Il s'agit de la distance entre la semelle et la couronne de la tête avec le corps debout sur une surface plane et entièrement étendue, mesurée en pouces. Pour les enfants de moins de 2 ans, veuillez utiliser la longueur du corps (mesuré en couchage en décubitus dorsal).","Indiquez la hauteur du patient en pouces (in). Pour les enfants de moins de 2 ans, veuillez utiliser la durée.",1,0,0,0,0,
présentation,DONNÉES DÉMOGRAPHIQUES,demog_weight,Poids (Sélectionnez Unités),,Estimation réelle ou la plus proche du poids au moment de l'admission.,,1,0,0,0,,
présentation,DONNÉES DÉMOGRAPHIQUES,demog_weight_units,Poids (certaines unités),"1, kg | 2, livres",,,1,0,0,,,0
présentation,DONNÉES DÉMOGRAPHIQUES,demog_weight_kg,Poids (kg),,"Cela fait référence au poids d'un sujet, exprimé en kilogrammes (kg).",Indiquez le poids du patient en kilogrammes (kg).,1,0,0,0,0,
présentation,DONNÉES DÉMOGRAPHIQUES,demog_weight_lb,Poids (LB),,"Il s'agit du poids d'un sujet, exprimé en livres (LB).",Indiquez le poids du patient en livres (LB).,1,0,0,0,0,
présentation,DONNÉES DÉMOGRAPHIQUES,demog_race,Race (sélectionnez tout ce qui s'applique),,Cela fait référence à une catégorie d'origine ancestrale géographique qui est affectée à un groupe de population basé principalement sur des caractéristiques physiques qui sont considérées comme distinctes et inhérentes.,Sélectionnez tout ce qui s'applique.,1,0,0,0,0,
présentation,DONNÉES DÉMOGRAPHIQUES,demog_healthcare,Employé comme agent de santé,"1, Oui | 0, Non | 99, Inconnu",Il s'agit d'un patient qui travaille dans le secteur des soins de santé.,Sélectionnez l'option la plus appropriée.,1,0,0,0,0,0
présentation,DONNÉES DÉMOGRAPHIQUES,demog_healthcare_ptfacing,Face au patient,"1, Oui | 0, Non | 99, Inconnu","Il s'agit d'un patient qui travaille dans le secteur des soins de santé et qui dispense des soins dans un environnement en contact avec les patients (c'est-à-dire des rôles qui impliquent une interaction directe avec les patients). ",Sélectionnez l'option la plus appropriée.,1,0,0,0,0,0
présentation,DONNÉES DÉMOGRAPHIQUES,demog_healthcare_expbiosample,Exposé à des échantillons biologiques,"1, Oui | 0, Non | 99, Inconnu","Il s'agit d'un patient qui travaille dans le secteur des soins de santé et qui dispense des soins dans des environnements non en contact avec les patients, mais qui est exposé à des échantillons biologiques (par exemple, le personnel de laboratoire, les personnes chargées du traitement des déchets médicaux).",Sélectionnez l'option la plus appropriée.,1,0,0,0,0,0
présentation,DONNÉES DÉMOGRAPHIQUES,demog_riskoccupa,Occupation du patient,,Cela fait référence à l'activité principale qu'une personne fait pour gagner sa vie.,Sélectionnez tout ce qui s'applique.,1,0,0,0,0,
présentation,DONNÉES DÉMOGRAPHIQUES,demog_occupation,Emplacement principal de l'occupation,"1, Télétravail ou sans emploi | 2, À l'intérieur - bureau/santé/éducation/hôtellerie/commerce/domicile | 3, À l'intérieur - usine | 8, À l'extérieur - contact avec des animaux (vétérinaire, éleveur, abattoir) | 4, À l'extérieur - agriculture/sylviculture/pêche | 5, À l'extérieur - construction/industrie/exploitation minière | 6, Forces armées | 7, Étudiant | 99, Inconnu | 88, Autre","Il s'agit du lieu où le patient effectue la majeure partie du travail lié à sa profession actuelle. ",Sélectionnez l'option la plus appropriée qui représente l'emplacement principal de l'occupation.,1,0,0,0,0,0
présentation,DONNÉES DÉMOGRAPHIQUES,demog_occupation_oth,Si autre: spécifiez l'emplacement principal de l'occupation,,Il s'agit du lieu où le patient effectue la majeure partie du travail lié à sa profession actuelle.,"Si «autre», spécifiez l'emplacement principal de l'occupation.",1,0,0,0,0,
présentation,DONNÉES DÉMOGRAPHIQUES,demog_residence,Ville de résidence du patient,"1, Identique à l'établissement de santé | 2, Différent de l'établissement de santé | 99, Inconnu",Il s'agit de la ville où une personne réside de manière plus que temporaire ou permanente.,"Si la ville de résidence du patient est différente de celle où se trouve l'établissement de santé, précisez la région de résidence du patient ci-dessous.",1,0,0,0,0,0
présentation,DONNÉES DÉMOGRAPHIQUES,demog_residence_oth,"Si différente de l'établissement de santé, précisez la région de résidence du patient.",,Il s'agit de la ville où une personne réside de manière plus que temporaire ou permanente.,"Si « Différent de l'établissement de santé », précisez la région de résidence du patient.",1,0,0,0,0,
présentation,EXPOSITION AU COURS DES 14 JOURS PRÉCÉDENTS,expo14_travel,Le patient a-t-il voyagé en dehors de sa région de résidence au cours des 14 derniers jours ?,"1, Oui | 0, Non | 99, Inconnu","Il s'agit des déplacements vers une autre ville ou région, une autre partie du pays ou à l'étranger dans les 14 jours précédant l'apparition des symptômes liés à la maladie actuelle.","Indiquez « Oui » si le patient s'est rendu dans une autre ville ou région, dans une autre partie du pays ou à l'étranger dans les 14 jours précédant l'apparition des symptômes liés à la maladie actuelle.",1,0,0,0,0,0
présentation,EXPOSITION AU COURS DES 14 JOURS PRÉCÉDENTS,expo14_travel_loc,Précisez toutes les villes et régions de voyage,,Il s'agit de toutes les villes ou régions où le patient s'est rendu dans les 14 jours précédant l'apparition des symptômes liés à la maladie actuelle.,"Si le patient s'est éloigné de son lieu de résidence habituel dans les 14 jours précédant l'apparition des symptômes, indiquez le ou les lieux visités.",1,0,0,0,0,
présentation,EXPOSITION AU COURS DES 14 JOURS PRÉCÉDENTS,expo14_riskarea,"Vous voyagez ou vivez dans des zones touchées par une épidémie, rurales ou à haut risque ?","1, oui | 0, Non | 99, Inconnu",,,1,0,0,,,0
présentation,EXPOSITION AU COURS DES 14 JOURS PRÉCÉDENTS,expo14_contact,Antécédents de contact avec un cas humain suspecté ou confirmé de maladie/maladie due au même agent pathogène ?,"1, oui | 0, Non | 99, Inconnu","Il s'agit d'un patient ayant des antécédents de contact avec une personne présentant des symptômes similaires ou avec un cas confirmé connu, ou avec du matériel contaminé provenant d'un cas suspecté ou confirmé (par exemple, fluides corporels, objets, literie, etc.).","Indiquez « Oui » si le patient a des antécédents de contact avec une personne présentant des symptômes similaires ou avec un cas confirmé connu, ou avec du matériel contaminé provenant d'un cas suspecté ou confirmé (par exemple, des fluides corporels, des objets, de la literie, etc.).",1,0,0,0,0,0
présentation,EXPOSITION AU COURS DES 14 JOURS PRÉCÉDENTS,expo14_contact_setting,Paramétrage des contacts,"1, Ménage | 2, communautaire/social | 3, Établissement de santé | 4, Professionnel/lieu de travail | 5, contact sexuel | 7, Voyage/vol en avion | 8, transmission verticale | 88, autre | 99, Inconnu",,,1,0,0,,,0
présentation,EXPOSITION AU COURS DES 14 JOURS PRÉCÉDENTS,expo14_contact_setting_oth,Préciser un autre type de contact,,,,1,0,0,,,
présentation,EXPOSITION AU COURS DES 14 JOURS PRÉCÉDENTS,expo14_contact_date,Date de contact avec un cas suspect ou confirmé,,"Il s'agit de la date du contact avec toute personne présentant des symptômes similaires ou avec un cas confirmé connu, ou avec du matériel contaminé provenant d'un cas suspecté ou confirmé (par exemple des fluides corporels, des objets, de la literie, etc.).",Entrez la date du contact avec un cas humain suspecté ou confirmé. (Utilisez le format JJ/MM/AAAA),1,0,0,0,0,
présentation,EXPOSITION AU COURS DES 14 JOURS PRÉCÉDENTS,expo14_ancon,"Y a-t-il eu un contact avec des animaux, des refuges pour animaux, de la viande ou d'autres produits d'origine animale au cours des 14 derniers jours ?","1, Oui | 0, Non | 99, Inconnu","Il s'agit du contact avec des animaux, des élevages, de la viande ou d'autres produits d'origine animale au cours des 14 derniers jours.","Indiquez « Oui » si le patient a été en contact avec des animaux, des refuges pour animaux, de la viande ou d'autres produits d'origine animale au cours des 14 derniers jours.",1,0,0,0,0,0
présentation,EXPOSITION AU COURS DES 14 JOURS PRÉCÉDENTS,expo14_ancon_date,Date du contact avec une source animale suspecte ou confirmée,,"Il s'agit de la date du contact avec des animaux, des élevages, de la viande ou d'autres produits d'origine animale au cours des 14 derniers jours.","Indiquez la date du contact avec des animaux, des refuges pour animaux, de la viande ou d'autres produits d'origine animale au cours des 14 derniers jours, au format JJ/MM/AAAA.",1,0,0,0,0,
présentation,EXPOSITION AU COURS DES 14 JOURS PRÉCÉDENTS,expo14_ancon_lstock,Contact avec du bétail,"1, Oui | 0, Non | 99, Inconnu","Il s'agit du contact avec des oiseaux vivants (par exemple, poulets, dindes, canards) au cours des 14 derniers jours.",Indiquez « Oui » si le patient a été exposé à ce risque au cours des 14 derniers jours.,1,0,0,0,0,0
présentation,EXPOSITION AU COURS DES 14 JOURS PRÉCÉDENTS,expo14_ancon_lstock_type,Type de bétail,"1, Volailles/oiseaux | 2, Vaches laitières/équipement | 3, Autres bovins | 4, les porcs","Il s'agit d'un contact avec des oiseaux vivants (par exemple poulets, dindes, canards) survenu au cours des 14 derniers jours.",Indiquez « Oui » si le patient a vécu cela au cours des 14 derniers jours.,1,0,0,0,0,0
présentation,EXPOSITION AU COURS DES 14 JOURS PRÉCÉDENTS,expo14_ancon_lstock_cttype,Précisez le type de contact,"1, Chasse | 2, Préparation | 3, Manipulation | 4, Consommation (non transformé / insuffisamment cuit / cru) | 5, Commerce | 6, Excréments ou nids d'animaux | 7, Animal malade ou mort | 99, Inconnu | 88, Autre","Il s'agit du ou des types de contact avec des animaux au cours des 14 derniers jours. La chasse comprend la découverte ou la mise à mort d'animaux à des fins alimentaires ou sportives. La préparation comprend le dépouillement, le dépeçage ou la découpe d'animaux destinés à la consommation. La manipulation comprend le fait de toucher, de caresser ou de partager l'espace de vie d'animaux. La consommation comprend l'ingestion de parties d'animaux non transformées, insuffisamment cuites ou crues. Le commerce comprend le contact avec des animaux dans le cadre de la vente, de l'achat ou de l'échange d'animaux. Les excréments ou nids d'animaux comprennent le contact avec les excréments, les nids ou les abris d'animaux. Les animaux malades ou morts désignent le contact avec un animal malade ou mort, mais pas la participation à une opération chirurgicale ou à une autopsie sur un animal (question distincte). ",Sélectionnez tous les types de contact avec des animaux qui ont eu lieu au cours des 14 derniers jours.,1,0,0,0,0,0
présentation,EXPOSITION AU COURS DES 14 JOURS PRÉCÉDENTS,expo14_ancon_nhprim,Contact avec des primates non humains,"1, Oui | 0, Non | 99, Inconnu","Il s'agit du contact avec des primates non humains (un groupe de mammifères composé de singes  et de grands singes  et de prosimiens, tels que les lémuriens) au cours des 14 derniers jours.",Indiquez « Oui » si le patient a été exposé à ce risque au cours des 14 derniers jours.,1,0,0,0,0,0
présentation,EXPOSITION AU COURS DES 14 JOURS PRÉCÉDENTS,expo14_ancon_nhprim_type,Type de primates non humains,"1, Singes | 2, singes",Il s'agit de contacts avec des singes survenus au cours des 14 derniers jours.,Indiquez « Oui » si le patient a vécu cela au cours des 14 derniers jours.,1,0,0,0,0,0
présentation,EXPOSITION AU COURS DES 14 JOURS PRÉCÉDENTS,expo14_ancon_nhprim_cttype,Précisez le type de contact,"1, Chasse | 2, Préparation | 3, Manipulation | 4, Consommation (non transformé / insuffisamment cuit / cru) | 5, Commerce | 6, Excréments ou nids d'animaux | 7, Animaux malades ou morts | 99, Inconnu | 88, Autre","Il s'agit du ou des types de contact avec des animaux survenu au cours des 14 derniers jours. La chasse comprend la découverte ou la mise à mort d'animaux à des fins alimentaires ou sportives. La préparation comprend le dépouillement, le dépeçage ou l'abattage d'animaux à des fins de consommation. La manipulation comprend le fait de toucher, de caresser ou de partager un espace de vie avec des animaux. La consommation comprend l'ingestion de parties d'animaux non transformées, insuffisamment cuites ou crues. Le commerce comprend le contact avec des animaux dans le cadre de la vente, de l'achat ou de l'échange d'animaux. Les excréments ou nids d'animaux comprennent le contact avec les excréments, les nids ou les habitats d'animaux. Les animaux malades ou morts désignent le contact avec un animal malade ou mort, mais pas la participation à une opération chirurgicale ou à une autopsie sur un animal (question distincte). ",Sélectionnez tous les types de contact avec des animaux qui ont eu lieu au cours des 14 derniers jours.,1,0,0,0,0,0
présentation,EXPOSITION AU COURS DES 14 JOURS PRÉCÉDENTS,expo14_ancon_rodent,Contact avec des rongeurs,"1, Oui | 0, Non | 99, Inconnu","Il s'agit du contact avec des rongeurs (par exemple, rats, souris, écureuils) au cours des 14 derniers jours.",Indiquez « Oui » si le patient a été exposé à ce risque au cours des 14 derniers jours.,1,0,0,0,0,0
présentation,EXPOSITION AU COURS DES 14 JOURS PRÉCÉDENTS,expo14_ancon_rodent_type,Type de rongeurs,"1, rats | 2, Souris | 3, les écureuils",Il s'agit d'un contact avec des rats survenu au cours des 14 derniers jours.,Indiquez « Oui » si le patient a vécu cela au cours des 14 derniers jours.,1,0,0,0,0,0
présentation,EXPOSITION AU COURS DES 14 JOURS PRÉCÉDENTS,expo14_ancon_rodent_cttype,Précisez le type de contact,"1, Chasse | 2, Préparation | 3, Manipulation | 4, Consommation (non transformé / insuffisamment cuit / cru) | 5, Commerce | 6, Excréments ou nids d'animaux | 7, Animal malade ou mort | 99, Inconnu | 88, Autre","Il s'agit du ou des types de contact avec des animaux au cours des 14 derniers jours. La chasse comprend la découverte ou la mise à mort d'animaux à des fins alimentaires ou sportives. La préparation comprend le dépouillement, le dépeçage ou la découpe d'animaux destinés à la consommation. La manipulation comprend le fait de toucher, de caresser ou de partager l'espace de vie avec des animaux. La consommation comprend l'ingestion de parties d'animaux non transformées, insuffisamment cuites ou crues. Le commerce comprend le contact avec des animaux dans le cadre de la vente, de l'achat ou de l'échange d'animaux. Les excréments ou nids d'animaux comprennent le contact avec les excréments, les nids ou les habitations d'animaux. Les animaux malades ou morts désignent le contact avec un animal malade ou mort, mais pas la participation à une opération chirurgicale ou à une autopsie sur un animal (question distincte). ",Sélectionnez tous les types de contact avec des animaux qui ont eu lieu au cours des 14 derniers jours.,1,0,0,0,0,0
présentation,EXPOSITION AU COURS DES 14 JOURS PRÉCÉDENTS,expo14_ancon_pets,Contact avec des animaux de compagnie,"1, Oui | 0, Non | 99, Inconnu",Il s'agit du contact avec des animaux domestiques (à l'exception des rongeurs) au cours des 14 derniers jours.,Indiquez « Oui » si le patient a été exposé à ce risque au cours des 14 derniers jours.,1,0,0,0,0,0
présentation,EXPOSITION AU COURS DES 14 JOURS PRÉCÉDENTS,expo14_ancon_pets_type,Type d'animaux,"1, chats | 2, chiens",Il s'agit de contacts avec des chats survenus au cours des 14 derniers jours.,Indiquez « Oui » si le patient a vécu cela au cours des 14 derniers jours.,1,0,0,0,0,0
présentation,EXPOSITION AU COURS DES 14 JOURS PRÉCÉDENTS,expo14_ancon_pets_cttype,Précisez le type de contact,"1, Chasse | 2, Préparation | 3, Manipulation | 4, Consommation (non transformé / insuffisamment cuit / cru) | 5, Commerce | 6, Excréments ou nids d'animaux | 7, Animaux malades ou morts | 99, Inconnu | 88, Autre","Il s'agit du ou des types de contact avec des animaux au cours des 14 derniers jours. La chasse comprend la découverte ou la mise à mort d'animaux à des fins alimentaires ou sportives. La préparation comprend le dépouillement, le dépeçage ou la découpe d'animaux destinés à la consommation. La manipulation comprend le fait de toucher, de caresser ou de partager l'espace de vie avec des animaux. La consommation comprend l'ingestion de parties d'animaux non transformées, insuffisamment cuites ou crues. Le commerce comprend le contact avec des animaux dans le cadre de la vente, de l'achat ou de l'échange d'animaux. Les excréments ou nids d'animaux comprennent le contact avec les excréments, les nids ou les abris d'animaux. Les animaux malades ou morts désignent le contact avec un animal malade ou mort, mais pas la participation à une opération chirurgicale ou à une autopsie sur un animal (question distincte).",Sélectionnez tous les types de contact avec des animaux qui ont eu lieu au cours des 14 derniers jours.,1,0,0,0,0,0
présentation,EXPOSITION AU COURS DES 14 JOURS PRÉCÉDENTS,expo14_ancon_wildlife,Contact avec des animaux sauvages,"1, Oui | 0, Non | 99, Inconnu",Il s'agit du contact avec des animaux considérés comme sauvages ou féraux ou non adaptés à un usage domestique au cours des 14 derniers jours.,Indiquez « Oui » si le patient a été exposé à ce risque au cours des 14 derniers jours.,1,0,0,0,0,0
présentation,EXPOSITION AU COURS DES 14 JOURS PRÉCÉDENTS,expo14_ancon_wildelife_type,Type de faune,"1, Chauves-souris |88, Autre",Il s'agit de contacts avec des chauves-souris survenus au cours des 14 derniers jours.,Indiquez « Oui » si le patient a vécu cela au cours des 14 derniers jours.,1,0,0,0,0,0
présentation,EXPOSITION AU COURS DES 14 JOURS PRÉCÉDENTS,expo14_ancon_wildelife_oth,Préciser un autre type d'animaux sauvages,,,,1,0,0,,,
présentation,EXPOSITION AU COURS DES 14 JOURS PRÉCÉDENTS,expo14_ancon_wildlife_cttype,Précisez le type de contact,"1, Chasse | 2, Préparation | 3, Manipulation | 4, Consommation (non transformé / insuffisamment cuit / cru) | 5, Commerce | 6, Excréments ou nids d'animaux | 7, Animaux malades ou morts | 99, Inconnu | 88, Autre","Il s'agit du ou des types de contact avec des animaux qui ont eu lieu au cours des 14 derniers jours. La chasse comprend la découverte ou la mise à mort d'animaux à des fins alimentaires ou sportives. La préparation comprend le dépouillement, le dépeçage ou la découpe d'animaux destinés à la consommation. La manipulation comprend le fait de toucher, de caresser ou de partager un espace de vie avec des animaux. La consommation comprend l'ingestion de parties d'animaux non transformées, insuffisamment cuites ou crues. Le commerce comprend le contact avec des animaux dans le cadre de la vente, de l'achat ou de l'échange d'animaux. Les excréments ou nids d'animaux comprennent le contact avec les excréments, les nids ou les habitats d'animaux. Les animaux malades ou morts désignent le contact avec un animal malade ou mort, mais pas la participation à une opération chirurgicale ou à une autopsie sur un animal (question distincte).",Sélectionnez tous les types de contact avec des animaux qui ont eu lieu au cours des 14 derniers jours.,1,0,0,0,0,0
présentation,EXPOSITION AU COURS DES 14 JOURS PRÉCÉDENTS,expo14_ancon_unpasteur,Contact avec ou consommation de lait non pasteurisé ou de produits laitiers crus,"1, Oui | 0, Non | 99, Inconnu",Il s'agit du contact avec ou de la consommation de lait ou de produits laitiers non pasteurisés au cours des 14 derniers jours.,Indiquez « Oui » si le patient a été exposé à ce risque au cours des 14 derniers jours.,1,0,0,0,0,0
présentation,EXPOSITION AU COURS DES 14 JOURS PRÉCÉDENTS,expo14_ancon_visitzoo,"Visite d'un marché d'animaux vivants, d'une ferme ou d'un zoo","1, Oui | 0, Non | 99, Inconnu","Il s'agit de la visite d'un marché d'animaux vivants, d'une ferme ou d'un zoo au cours des 14 derniers jours.",Indiquez « Oui » si le patient a été exposé à ce risque au cours des 14 derniers jours.,1,0,0,0,0,0
présentation,EXPOSITION AU COURS DES 14 JOURS PRÉCÉDENTS,expo14_ancon_animalsurg,Participation à une opération chirurgicale ou à une autopsie sur un animal,"1, Oui | 0, Non | 99, Inconnu",Il s'agit de la participation à une opération chirurgicale ou à une autopsie sur un animal au cours des 14 derniers jours.,Indiquez « Oui » si le patient a été exposé à ce risque au cours des 14 derniers jours.,1,0,0,0,0,0
présentation,EXPOSITION AU COURS DES 14 JOURS PRÉCÉDENTS,expo14_ancon_bite,"Toute piqûre d'insecte ou d'arthropode (par exemple moustiques, tiques)","1, oui | 0, Non | 99, Inconnu",,Indiquez « Oui » si le patient a été exposé à ce risque au cours des 14 derniers jours.,1,0,0,,0,0
présentation,EXPOSITION AU COURS DES 14 JOURS PRÉCÉDENTS,expo14_ancon_other,Autre contact avec des animaux non mentionné ci-dessus,"1, Oui | 0, Non | 99, Inconnu","Il s'agit de tout autre contact avec des animaux, non mentionné ci-dessus, au cours des 14 derniers jours.",Indiquez « Oui » si le patient a été exposé à ce risque au cours des 14 derniers jours.,1,0,0,0,0,0
présentation,EXPOSITION AU COURS DES 14 JOURS PRÉCÉDENTS,expo14_ancon_other_spec,Précisez les contacts avec des animaux non mentionnés ci-dessus,,"Il s'agit de tout autre contact avec des animaux, non mentionné ci-dessus, au cours des 14 derniers jours.","Si « Oui », précisez tout autre contact avec des animaux au cours des 14 derniers jours.",1,0,0,0,0,
présentation,EXPOSITION AU COURS DES 14 JOURS PRÉCÉDENTS,expo14_ancon_other_cttype,Précisez le type de contact,"1, Chasse | 2, Préparation | 3, Manipulation | 4, Consommation (non transformé / insuffisamment cuit / cru) | 5, Commerce | 6, Excréments ou nids d'animaux | 7, Animal malade ou mort | 99, Inconnu | 88, Autre","Il s'agit du ou des types de contact avec des animaux au cours des 14 derniers jours. La chasse comprend la découverte ou la mise à mort d'animaux à des fins alimentaires ou sportives. La préparation comprend le dépouillement, le dépeçage ou la découpe d'animaux destinés à la consommation. La manipulation comprend le fait de toucher, de caresser ou de partager l'espace de vie avec des animaux. La consommation comprend l'ingestion de parties d'animaux non transformées, insuffisamment cuites ou crues. Le commerce comprend le contact avec des animaux dans le cadre de la vente, de l'achat ou de l'échange d'animaux. Les excréments ou nids d'animaux comprennent le contact avec les excréments, les nids ou les abris d'animaux. Les animaux malades ou morts désignent le contact avec un animal malade ou mort, mais pas la participation à une opération chirurgicale ou à une autopsie sur un animal (question distincte).",Sélectionnez tous les types de contact avec des animaux qui ont eu lieu au cours des 14 derniers jours.,1,0,0,0,0,0
présentation,EXPOSITION AU COURS DES 14 JOURS PRÉCÉDENTS,expo14_house,Des membres malades du ménage dans les deux semaines précédant l'admission de l'affaire?,"1, Oui | 0, Non | 99, Inconnu","Il s'agit de tout membre du foyer du cas suspect/confirmé qui était malade au cours des deux semaines précédant l'admission du cas. ",Indiquez « Oui » si un membre du foyer du cas suspect/confirmé était malade au cours des deux semaines précédant l'admission du cas.,1,0,0,0,0,0
présentation,EXPOSITION AU COURS DES 14 JOURS PRÉCÉDENTS,expo14_house_sys,Quel(s) système(s) est (sont) affecté(s) ? (cochez toutes les cases qui s'appliquent),"1, Respiratoire | 2, Gastro-intestinal | 3, Cardiovasculaire | 4, Système nerveux central | 5, Système nerveux périphérique | 6, Muco-cutané | 7, Oculaire | 99, Inconnu | 88, Autre",Il s'agit du ou des systèmes corporels des membres de la famille malades qui ont été affectés pendant la maladie.,Sélectionnez tous les systèmes qui ont été affectés.,1,0,0,0,0,0
présentation,EXPOSITION AU COURS DES 14 JOURS PRÉCÉDENTS,expo14_house_sys_oth,Précisez les autres systèmes affectés,,Il s'agit du ou des systèmes corporels des membres de la famille malades qui ont été affectés pendant la maladie.,"Si « Autre », précisez le ou les systèmes affectés.",1,0,0,0,0,
présentation,EXPOSITION AU COURS DES 14 JOURS PRÉCÉDENTS,expo14_housecon,Les membres du ménage ont-ils eu des contacts avec un cas confirmé de la même infection?,"1, Oui | 0, Non | 99, Inconnu",Il s'agit de tout membre de la famille ayant eu un contact quelconque avec un cas confirmé de l'agent pathogène concerné.,"Indiquez « Oui » si un ou plusieurs membres du foyer ont été en contact avec un cas confirmé de l'agent pathogène concerné. ",1,0,0,0,0,0
présentation,EXPOSITION AU COURS DES 14 JOURS PRÉCÉDENTS,expo14_ferm,Consommation d'aliments/boissons fermentés ou préparés traditionnellement localement,"1, oui | 0, Non | 99, Inconnu",,Indiquez « Oui » si le patient a été exposé à ce risque au cours des 14 derniers jours.,1,0,0,,0,0
présentation,EXPOSITION AU COURS DES 14 JOURS PRÉCÉDENTS,expo14_swim,"Le patient a nagé ou s'est baigné dans des piscines, des étangs ou des rivières","1, oui | 0, Non | 99, Inconnu",,Indiquez « Oui » si le patient a été exposé à ce risque au cours des 14 derniers jours.,1,0,0,,0,0
présentation,EXPOSITION AU COURS DES 14 JOURS PRÉCÉDENTS,expo14_floodwater,"Exposition aux eaux de crue, aux plans d’eau stagnants ou à l’eau contaminée","1, oui | 0, Non | 99, Inconnu",,Indiquez « Oui » si le patient a été exposé à ce risque au cours des 14 derniers jours.,1,0,0,,0,0
présentation,EXPOSITION AU COURS DES 14 JOURS PRÉCÉDENTS,expo14_closeliving,Vit à proximité,"1, oui | 0, Non | 99, Inconnu",,Indiquez « Oui » si le patient a été exposé à ce risque au cours des 14 derniers jours.,1,0,0,,0,0
présentation,COMORBIDITÉS ET FACTEURS DE RISQUE : Présents avant la maladie actuelle et persistants,comor_cns,Comorbidités neurologiques,,Il s'agit des comorbidités liées au système nerveux.,,1,0,0,0,,
présentation,COMORBIDITÉS ET FACTEURS DE RISQUE : Présents avant la maladie actuelle et persistants,comor_chrneurolo,Trouble neurologique chronique,"1, Oui | 0, Non | 99, Inconnu","Comprend les troubles du cerveau, la moelle épinière, les nerfs crâniens, les nerfs périphériques, les racines nerveuses, le système nerveux autonome, la jonction neuromusculaire et le muscle. Cela peut inclure n'importe quelle paralysie cérébrale, la sclérose en plaques, la maladie des motoneurones, la dystrophie musculaire, la myasthénie grave, la maladie de Parkinson, les accidents vasculaires cérébraux et les difficultés d'apprentissage sévères.","Indiquez «oui», si cette condition existait avant l'admission avec cette maladie actuelle et reste une condition médicale active.",1,0,0,0,0,0
présentation,COMORBIDITÉS ET FACTEURS DE RISQUE : Présents avant la maladie actuelle et persistants,comor_epilepsy,Épilepsie,"1, Oui | 0, Non | 99, Inconnu",Il s'agit d'un trouble provoquant des crises récurrentes non provoquées.,"Indiquez « Oui » si le patient a présenté cette affection à tout moment entre l'apparition de la maladie et la consultation. ",1,0,0,0,0,0
présentation,COMORBIDITÉS ET FACTEURS DE RISQUE : Présents avant la maladie actuelle et persistants,comor_dementia,Démence,"1, Oui | 0, Non | 99, Inconnu","Défini comme des preuves de l'histoire de l'histoire et de l'état mental qui indique une altération majeure de l'apprentissage et de la mémoire ainsi que de la déficience dans au moins l'une des éléments suivants: gérer les tâches complexes; capacité de raisonnement; capacité spatiale et orientation; langue. Les symptômes cognitifs doivent interférer de manière significative avec la performance du travail de l'individu, les activités sociales habituelles ou les relations avec d'autres personnes. Cela doit représenter une baisse significative d'un niveau de fonctionnement précédent. Les perturbations ne se produisent pas exclusivement au cours du délire, et les perturbations ne sont pas mieux expliquées par un diagnostic psychiatrique majeur. Le déficit cognitif chronique est inclus.","Indiquez «oui», si cette condition existait avant l'admission avec cette maladie actuelle et reste une condition médicale active.",1,0,0,0,0,0
présentation,COMORBIDITÉS ET FACTEURS DE RISQUE : Présents avant la maladie actuelle et persistants,comor_strokecva,AVC / accident cérébrovasculaire,"1, Oui | 0, Non | 99, Inconnu","Défini comme une perte soudaine de fonction neurologique secondaire à l'hémorragie ou à l'ischémie dans le parenchyme cérébral en raison d'un événement vasculaire. L'AVC peut être un diagnostic clinique, avec ou sans résultats radiologiques de soutien.",Indiquez « Oui » si cette affection existait avant l'admission pour la maladie actuelle et reste une affection médicale active.,1,0,0,0,0,0
présentation,COMORBIDITÉS ET FACTEURS DE RISQUE : Présents avant la maladie actuelle et persistants,comor_hemipleg,Hémiplégie,"1, Oui | 0, Non | 99, Inconnu","Il s'agit d'une perte grave ou complète de la fonction motrice d'un côté du corps, souvent causée par des maladies cérébrales localisées dans l'hémisphère cérébral opposé au côté affecté ; moins fréquemment, des lésions du tronc cérébral, des maladies de la moelle épinière cervicale, des maladies du système nerveux périphérique et d'autres affections peuvent se manifester sous forme d'hémiplégie.","Indiquez «oui», si cette condition existait avant l'admission avec cette maladie actuelle et reste une condition médicale active.",1,0,0,0,0,0
présentation,COMORBIDITÉS ET FACTEURS DE RISQUE : Présents avant la maladie actuelle et persistants,comor_parapleg,Paraplégie,"1, Oui | 0, Non | 99, Inconnu","Cela fait référence à une paralysie complète de la moitié inférieure du corps, y compris les deux jambes, souvent causée par des dommages à la moelle épinière.","Indiquez «oui», si cette condition existait avant l'admission avec cette maladie actuelle et reste une condition médicale active.",1,0,0,0,0,0
présentation,COMORBIDITÉS ET FACTEURS DE RISQUE : Présents avant la maladie actuelle et persistants,comor_cvs,Comorbidités cardiovasculaires,,Il s'agit de comorbidités liées au système cardiovasculaire.,,1,0,0,0,,
présentation,COMORBIDITÉS ET FACTEURS DE RISQUE : Présents avant la maladie actuelle et persistants,comor_chrcardiac,Maladie cardiaque chronique (pas hypertension),"1, Oui | 0, Non | 99, Inconnu",Défini comme une maladie qui provoque progressivement la détérioration du cœur et de son fonctionnement.,"Indiquez « Oui » si cette affection existait avant l'admission pour la maladie actuelle et reste une affection médicale active. ",1,0,0,0,0,0
présentation,COMORBIDITÉS ET FACTEURS DE RISQUE : Présents avant la maladie actuelle et persistants,comor_chrcardiac_mi,Infarctus du myocarde,"1, Oui | 0, Non | 99, Inconnu","Défini comme une nécrose brute du myocarde, à la suite de l'interruption de l'approvisionnement en sang à la zone, comme dans la thrombose coronaire. Cela inclut l'infarctus du myocarde (historique de) précédent.","Indiquez « Oui » si cette affection existait avant l'admission pour la maladie actuelle et reste une affection médicale active. ",1,0,0,0,0,0
présentation,COMORBIDITÉS ET FACTEURS DE RISQUE : Présents avant la maladie actuelle et persistants,comor_chrcardiac_chf,Insuffisance cardiaque congestive,"1, Oui | 0, Non | 99, Inconnu","Dangé comme l'échec du cœur à pomper une quantité suffisante de sang pour répondre aux besoins des tissus corporels, entraînant une congestion des tissus et un œdème.",Indiquez « Oui » si cette affection existait avant l'admission pour la maladie actuelle et reste une affection médicale active.,1,0,0,0,0,0
présentation,COMORBIDITÉS ET FACTEURS DE RISQUE : Présents avant la maladie actuelle et persistants,comor_hypertensi,Hypertension (médecin diagnostiqué),"1, Oui | 0, Non | 99, Inconnu","Défini comme une pression artérielle élevée diagnostiquée cliniquement (pression artérielle systolique> 140 mmhg de pression artérielle systolique et / ou diastolique> 90 mmhg), ou pour laquelle un patient est prescrit un anti-hypertensif.",Indiquez « Oui » si cette affection existait avant l'admission pour la maladie actuelle et reste une affection médicale active.,1,0,0,0,0,0
présentation,COMORBIDITÉS ET FACTEURS DE RISQUE : Présents avant la maladie actuelle et persistants,comor_perivascdis,Maladie vasculaire périphérique,"1, Oui | 0, Non | 99, Inconnu",Il s'agit d'une déviation ou d'une interruption de la structure ou du fonctionnement normal des vaisseaux sanguins en dehors du cœur ; maladies de la circulation périphérique par opposition à la circulation cardiaque.,"Indiquez «oui», si cette condition existait avant l'admission avec cette maladie actuelle et reste une condition médicale active.",1,0,0,0,0,0
présentation,COMORBIDITÉS ET FACTEURS DE RISQUE : Présents avant la maladie actuelle et persistants,comor_resp,Comorbidités respiratoires,,Il s'agit de comorbidités liées au système respiratoire.,,1,0,0,0,,
présentation,COMORBIDITÉS ET FACTEURS DE RISQUE : Présents avant la maladie actuelle et persistants,comor_chrpulmona,Maladie pulmonaire chronique (pas asthme),"1, Oui | 0, Non | 99, Inconnu","Défini comme toute condition pulmonaire autre que l'asthme, c'est une maladie ou un trouble de progression lente et de longue durée qui provoque des périodes continues ou épisodiques de maladie et / ou d'incapacité.","Indiquez « Oui » si cette affection existait avant l'admission pour la maladie actuelle et reste une affection médicale active. ",1,0,0,0,0,0
présentation,COMORBIDITÉS ET FACTEURS DE RISQUE : Présents avant la maladie actuelle et persistants,comor_asthma,Asthme (médecin diagnostiqué),"1, Oui | 0, Non | 99, Inconnu","Ceci est défini comme l'asthme diagnostiqué par les cliniciens, un trouble chronique des voies respiratoires caractérisée par des symptômes variables et récurrents de l'obstruction du débit d'air, de l'hyper-réponse bronchique et / ou de l'inflammation sous-jacente. L'intervention pharmaceutique actuelle - pour la prévention ou le traitement des symptômes - n'est pas un pré-requis pour l'inclusion de ce diagnostic.","Indiquez « Oui » si cette affection existait avant l'admission pour la maladie actuelle et reste une affection médicale active. ",1,0,0,0,0,0
présentation,COMORBIDITÉS ET FACTEURS DE RISQUE : Présents avant la maladie actuelle et persistants,comor_git,Comorbidités gastro-intestinales,,Il s'agit de comorbidités liées au système gastro-intestinal.,,1,0,0,0,,
présentation,COMORBIDITÉS ET FACTEURS DE RISQUE : Présents avant la maladie actuelle et persistants,comor_peptulcdis,Maladie de l'ulcère gadin,"1, Oui | 0, Non | 99, Inconnu","Cela fait référence aux lésions peptiques acides du tube digestif, entraînant une rupture muqueuse atteignant la sous-muqueuse. Les ulcères peptiques sont généralement situés dans l'estomac ou le duodénum proximal, mais ils peuvent également être trouvés dans l'œsophage ou le diverticule de Meckel.","Indiquez «oui», si cette condition existait avant l'admission avec cette maladie actuelle et reste une condition médicale active.",1,0,0,0,0,0
présentation,COMORBIDITÉS ET FACTEURS DE RISQUE : Présents avant la maladie actuelle et persistants,comor_liverdisease,Maladie du foie,"1, Oui | 0, Non | 99, Inconnu","Défini comme tout trouble du système hépatobiliaire. Les manifestations peuvent inclure des signes et symptômes de cholestase, d'hypertension portale et/ou d'anomalies des tests de la fonction hépatique.","Indiquez «oui», si cette condition existait avant l'admission et est en cours.",1,0,0,0,0,0
présentation,COMORBIDITÉS ET FACTEURS DE RISQUE : Présents avant la maladie actuelle et persistants,comor_liverdisease_type,Type de maladie du foie,"1, Léger | 2, Modéré ou grave | 99, Inconnu","Défini comme une hépatite ou une cirrhose chronique légère sans hypertension portale, et une cirrhose modérée ou sévère avec hypertension portale, avec ou sans saignement ou des antécédents de saignement variqueux.","Indiquer le type de maladie du foie. Loux: hépatite chronique ou cirrhose sans hypertension portale. Modéré ou sévère: cirrhose avec hypertension portale, avec ou sans saignement ou des antécédents de saignement variqueux.",1,0,0,0,0,0
présentation,COMORBIDITÉS ET FACTEURS DE RISQUE : Présents avant la maladie actuelle et persistants,comor_renalgut,Comorbidités rénales / génito-urinaires,,Il s'agit de comorbidités liées au système rénal/génito-urinaire.,Indiquez « Oui » si cette affection existait avant l'admission pour la maladie actuelle et reste une affection médicale active.,1,0,0,0,0,
présentation,COMORBIDITÉS ET FACTEURS DE RISQUE : Présents avant la maladie actuelle et persistants,comor_chrkidney,Maladie rénale chronique,"1, Oui | 0, Non | 99, Inconnu","Ceci est défini comme une maladie rénale chronique diagnostiquée par les cliniciens (CKD, également connue sous le nom d'insuffisance rénale chronique). La définition de la KDIGO et du KDOQI de la maladie rénale chronique est des lésions rénales pendant 3 mois, telles que définies par des anomalies structurelles ou fonctionnelles du rein, avec ou sans diminution du taux de filtration glomérulaire (DFG), qui peut entraîner une diminution du GFR, manifeste par: pathologique anomalies; ou marqueurs des lésions rénales, y compris des anomalies dans la composition du sang ou de l'urine, ou des anomalies dans les tests d'imagerie; ou GFR <60 ml / min / 1,73 m ^ 2 pendant 3 mois, avec ou sans dommages rénaux.","Indiquez « Oui » si cette affection existait avant l'admission pour la maladie actuelle et reste une affection médicale active. ",1,0,0,0,0,0
présentation,COMORBIDITÉS ET FACTEURS DE RISQUE : Présents avant la maladie actuelle et persistants,comor_chrkidney_type,Stade de la maladie rénale chronique,"1, Stade 1 | 2, Stade 2 | 3, Stade 3a | 4, Stade 3b | 5, Stade 4 | 6, Stade 5 | 99, Inconnu","Il s'agit du stade de la maladie rénale chronique (MRC) basé sur le débit de filtration glomérulaire estimé (DFGe). Stades de l'IRC : 1 - Lésions rénales, DRG normal (90 ml/min) ; 2 - Lésions rénales, légère diminution du DRG (60-89 ml/min) ; 3a - Diminution modérée du DRG (45-59 ml/min) ; 3b - Diminution modérée à sévère du DRG (30-44 ml/min) ; 4 - Diminution sévère du DFG (15-29 ml/min) ; 5 - Insuffisance rénale (<15 ml/min ou sous dialyse).",Sélectionnez l'option la plus appropriée qui correspond au stade de l'IRC sur la base de l'eGFR.,1,0,0,0,0,0
présentation,COMORBIDITÉS ET FACTEURS DE RISQUE : Présents avant la maladie actuelle et persistants,comor_inf,Comorbidités infectieuses,,Il s'agit des comorbidités liées à une infection.,,1,0,0,0,,
présentation,COMORBIDITÉS ET FACTEURS DE RISQUE : Présents avant la maladie actuelle et persistants,comor_aids,VIH,"1, Oui | 0, Non | 99, Inconnu","Défini comme une personne vivant avec une infection par le virus de l'immunodéficience humaine confirmée en laboratoire (VIH) 1 ou 2, ou un patient atteint d'un syndrome de carence en immunité acquise (AID) définissant la maladie. Ceci est indépendamment du nombre / pourcentage de lymphocytes CD4 ou de la charge virale du VIH dans le sang. L'ART fait référence au traitement antirétroviral et est distinct de la prophylaxie pré-exposition (PREP) ou de la prophylaxie post-exposition (PEP).",Indiquez l'option la plus appropriée qui reflète le statut VIH / SIDA du patient et s'ils suivent un traitement antirétroviral (ART).,1,0,0,0,0,0
présentation,COMORBIDITÉS ET FACTEURS DE RISQUE : Présents avant la maladie actuelle et persistants,comor_aids_art,Si le VIH positif: le patient en thérapie antirétrovirale (ART) est-il?,"1, Oui | 0, Non | 99, Inconnu","La thérapie antirétrovirale (ART) fait référence à la thérapie médicamenteuse, pour les patients infectés par le VIH, qui cible la fonction de rétrovirus par plusieurs mécanismes pour supprimer agressivement la réplication du VIH. Il est distinct de la prophylaxie pré-exposition (PREP) ou de la prophylaxie post-exposition (PEP).",Indiquez l'option la plus appropriée qui reflète le statut VIH / SIDA du patient et s'ils suivent un traitement antirétroviral (ART).,1,0,0,0,0,0
présentation,COMORBIDITÉS ET FACTEURS DE RISQUE : Présents avant la maladie actuelle et persistants,comor_aids_arttype,Si oui: spécifiez l'art,,"Cela fait référence à la thérapie antirétrovirale (ART) utilisée dans le traitement des infections à VIH par des médicaments qui ciblent directement le virus, limitant la capacité des cellules infectées à produire de nouvelles particules de virus. Il est distinct de la prophylaxie pré-exposition (PREP) ou de la prophylaxie post-exposition (PEP).",Écrivez les médicaments de thérapie antirétrovirale (ART) utilisés dans le traitement du VIH.,1,0,0,0,0,
présentation,COMORBIDITÉS ET FACTEURS DE RISQUE : Présents avant la maladie actuelle et persistants,comor_aids_cd4date,Si le VIH positif: Date de compte CD4,,Il s'agit de la date du plus récent nombre de cellules CD4 basées sur le laboratoire disponibles.,Écrivez la date au format DD / mm / Yyyy.,1,0,0,0,0,
présentation,COMORBIDITÉS ET FACTEURS DE RISQUE : Présents avant la maladie actuelle et persistants,comor_aids_cd4count,Si séropositif : dernier comptage des CD4 (cellules/uL),,Il s'agit de la date de la dernière numération des cellules CD4 effectuée en laboratoire.,Indiquez la date au format JJ/MM/AAAA.,1,0,0,0,0,
présentation,COMORBIDITÉS ET FACTEURS DE RISQUE : Présents avant la maladie actuelle et persistants,comor_aids_vrl,Si le VIH positif: la charge virale du VIH est-elle détectable,"1, Oui | 0, Non | 99, Inconnu",Détectable comprend généralement supprimé (détecté mais <= 1000 exemplaires / ml) et non étouffé (> 1000 exemplaires / ml). Indétectable fait référence à la charge virale non détectée par test utilisé.,Indiquez «oui» si détectable (inclut; supprimé (détecté mais <= 1000 copies / ml) et non soutenu (> 1000 copies / ml)). Indiquez «non» si indétectable (charge virale non détectée par test utilisé).,1,0,0,0,0,0
présentation,COMORBIDITÉS ET FACTEURS DE RISQUE : Présents avant la maladie actuelle et persistants,comor_aids_vrlno,Si le VIH positif: charge virale du VIH la plus récente (copies / ml),,Défini comme la charge virale VIH la plus récente en laboratoire disponible exprimée en copies / ml.,Indiquez la charge virale VIH la plus récente en laboratoire disponible exprimée en copies / ml.,1,0,0,0,0,
présentation,COMORBIDITÉS ET FACTEURS DE RISQUE : Présents avant la maladie actuelle et persistants,comor_aids_vrlnodate,Date de la charge virale VIH,,Il s'agit de la date de la dernière numération des cellules CD4 effectuée en laboratoire.,Inscrivez la date au format JJ/MM/AAAA.,1,0,0,0,0,
présentation,COMORBIDITÉS ET FACTEURS DE RISQUE : Présents avant la maladie actuelle et persistants,comor_tuberculos,Tuberculose,"1, Oui | 0, Non | 99, Inconnu","Défini comme des patients recevant actuellement un traitement pour la tuberculose, une infection causée par la bactérie Mycobacterium tuberculosis. La tuberculose latente ne doit pas être incluse ici. Les patients qui ont été guéries de la tuberculose ne doivent pas être inclus ici. Ceux qui ont des séquelles pulmonaires chroniques après leur tuberculose devraient être incluses comme maladie pulmonaire chronique.","Indiquez «oui», si cette condition existait avant l'admission avec cette maladie actuelle et reste une condition médicale active.",1,0,0,0,0,0
présentation,COMORBIDITÉS ET FACTEURS DE RISQUE : Présents avant la maladie actuelle et persistants,comor_tuberculos_type,Précisez le type de tuberculose,"1, Pulmonaire active | 4, Extra-pulmonaire active | 3, Latente | 99, Inconnu","Il s’agit du type d’infection à Mycobacterium tuberculosis. La tuberculose pulmonaire active fait référence à une infection bactérienne qui affecte les poumons et est causée par Mycobacterium tuberculosis, avec des signes et symptômes comprenant une toux chronique avec des crachats teintés de sang, des sueurs nocturnes, de la fièvre, de la fatigue et une perte de poids. La tuberculose extra-pulmonaire active fait référence à une infection à Mycobacterium tuberculosis touchant des organes autres que les poumons (par exemple, la plèvre, les ganglions lymphatiques, l'abdomen, les voies génito-urinaires, la peau, les articulations et les os ou les méninges). La tuberculose latente fait référence à la présence asymptomatique de Mycobacterium tuberculosis dans le corps, qui est déterminée par un résultat positif à un test cutané à la tuberculine ou à un test de libération d'interféron gamma.",Sélectionnez la ou les options les plus appropriées qui correspondent au type d'infection à Mycobacterium tuberculosis.,1,0,0,0,0,0
présentation,COMORBIDITÉS ET FACTEURS DE RISQUE : Présents avant la maladie actuelle et persistants,comor_tuberculos_latent,Tuberculose latente,"1, oui | 0, Non | 99, Inconnu","Il s'agit de la présence asymptomatique de Mycobacterium tuberculosis dans l'organisme, qui est déterminée par un résultat positif à un test cutané à la tuberculine ou à un test de libération d'interféron gamma.",Indiquez « Oui » si cette affection existait avant l'admission pour la maladie actuelle et reste une affection médicale active.,1,0,0,0,0,0
présentation,COMORBIDITÉS ET FACTEURS DE RISQUE : Présents avant la maladie actuelle et persistants,comor_tuberculos_previous,Tuberculose antérieure,"1, oui | 0, Non | 99, Inconnu","Il s’agit d’antécédents d’infection tuberculeuse active, quel que soit le statut du traitement et l’évolution de la maladie d’une infection antérieure.",Indiquez « Oui » si cette condition existait avant l'admission avec cette maladie actuelle.,1,0,0,0,0,0
présentation,COMORBIDITÉS ET FACTEURS DE RISQUE : Présents avant la maladie actuelle et persistants,comor_hepbc,Infection chronique à l'hépatite B / C,"1, Oui | 0, Non | 99, Inconnu",Défini comme une hépatite chronique due à une infection par l'hépatite B (HBV) ou le virus de l'hépatite C (VHC). N'incluez pas ceux qui ont un remède documenté d'hépatite C.,"Indiquez «oui», si cette condition existait avant l'admission avec cette maladie actuelle et reste une condition médicale active.",1,0,0,0,0,0
présentation,COMORBIDITÉS ET FACTEURS DE RISQUE : Présents avant la maladie actuelle et persistants,comor_heme,Comorbidités hématologiques,,Il s'agit des comorbidités liées au système hématologique.,,1,0,0,0,,
présentation,COMORBIDITÉS ET FACTEURS DE RISQUE : Présents avant la maladie actuelle et persistants,comor_chrhematol,Maladie hématologique chronique,"1, Oui | 0, Non | 99, Inconnu","Il s'agit de troubles chroniques du sang et des tissus hématopoïétiques. Exemples : polycythémie vraie, syndromes myélodysplasiques (SMD). Ne comprend pas la leucémie, le lymphome ou le myélome, qui doivent être enregistrés sous la rubrique « malignité ». Ne comprend pas l'anémie ferriprive due à l'alimentation ou à une perte sanguine chronique.","Indiquez «oui», si cette condition existait avant l'admission avec cette maladie actuelle et reste une condition médicale active.",1,0,0,0,0,0
présentation,COMORBIDITÉS ET FACTEURS DE RISQUE : Présents avant la maladie actuelle et persistants,comor_recentblood,Transfusion sanguine au cours du dernier mois,"1, Oui | 0, Non | 99, Inconnu",Il s'agit d'antécédents de transfusion sanguine au cours du mois précédent d'une année civile.,"Indiquez « Oui » si cette affection existait avant l'admission pour la maladie actuelle et reste une affection médicale active. ",1,0,0,0,0,0
présentation,COMORBIDITÉS ET FACTEURS DE RISQUE : Présents avant la maladie actuelle et persistants,comor_sickle,Drépanocytose,"1, Oui | 0, Non | 99, Inconnu",Il s'agit d'une maladie génétique du sang caractérisée par l'apparition de globules rouges en forme de faucille et une anémie.,"Indiquez « Oui » si cette affection existait avant l'admission pour la maladie actuelle et reste une affection médicale active. ",1,0,0,0,0,0
présentation,COMORBIDITÉS ET FACTEURS DE RISQUE : Présents avant la maladie actuelle et persistants,comor_sys,Comorbidités systémiques/générales,,Il s'agit de comorbidités systémiques/générales.,,1,0,0,0,,
présentation,COMORBIDITÉS ET FACTEURS DE RISQUE : Présents avant la maladie actuelle et persistants,comor_rheumatolo,Trouble rhumatologique,"1, Oui | 0, Non | 99, Inconnu","Défini comme un trouble du tissu conjonctif, en particulier les articulations et les structures apparentées caractérisées par une inflammation, une dégénérescence ou un dérangement métabolique. Il comprend des arthropathies chroniques et de l'arthrite, des troubles du tissu conjonctif et des vasculitides.","Indiquez «oui», si cette condition existait avant l'admission avec cette maladie actuelle et reste une condition médicale active.",1,0,0,0,0,0
présentation,COMORBIDITÉS ET FACTEURS DE RISQUE : Présents avant la maladie actuelle et persistants,comor_rheumatolo_type,Préciser Trouble rhumatologique,"1, Arthrose| 2, polyarthrite rhumatoïde | 3, Lupus érythémateux systémique | 4, Spondylarthrite ankylosante | 5, arthrite psoriasique",,,1,0,0,,,0
présentation,COMORBIDITÉS ET FACTEURS DE RISQUE : Présents avant la maladie actuelle et persistants,comor_rheumatolo_type_oth,Spécifiez autre trouble rhumatologique,,,,1,0,0,,,
présentation,COMORBIDITÉS ET FACTEURS DE RISQUE : Présents avant la maladie actuelle et persistants,comor_asplenia,Asplenia,"1, Oui | 0, Non | 99, Inconnu","Défini comme l'absence anatomique de la rate ou l'asplénie fonctionnelle secondaire à divers états pathologiques. Cela peut inclure l'absence congénitale (naissance sans rate) ou l'absence acquise, par exemple à la suite d'une ablation chirurgicale. ","Indiquez «oui», si cette condition existait avant l'admission avec cette maladie actuelle et reste une condition médicale active.",1,0,0,0,0,0
présentation,COMORBIDITÉS ET FACTEURS DE RISQUE : Présents avant la maladie actuelle et persistants,comor_benignn,Néoplasme bénin,"1, Oui | 0, Non | 99, Inconnu","Cela fait référence à un néoplasme caractérisé par l'absence de caractéristiques cytologiques et architecturales atypiques ou malignes, et l'absence de caractéristiques invasives ou de potentiel métastatique.","Indiquez «oui», si cette condition existait avant l'admission avec cette maladie actuelle et reste une condition médicale active.",1,0,0,0,0,0
présentation,COMORBIDITÉS ET FACTEURS DE RISQUE : Présents avant la maladie actuelle et persistants,comor_malignantn,Néoplasme malin,"1, Oui | 0, Non | 99, Inconnu","Défini comme une tumeur composée de cellules néoplasiques atypiques, souvent pléomorphes qui envahissent d'autres tissus. Comprend des tumeurs malignes hématologiques, qui sont considérées comme biologiquement actives. Les néoplasmes malins les plus courants sont les carcinomes (adénocarcinomes ou carcinomes épidermoïdes), les lymphomes hodgkiniens et non hodgkiniens, les leukaemias, les mélanomes et les sarcomes. Il n'inclut spécifiquement pas les tumeurs malignes qui ont été guéries ou lorsqu'il n'y a aucune preuve d'une maladie en cours relative à cette tumeinte après le traitement.","Indiquez « Oui » si cette affection existait avant l'admission pour la maladie actuelle et reste une affection médicale active. ",1,0,0,0,0,0
présentation,COMORBIDITÉS ET FACTEURS DE RISQUE : Présents avant la maladie actuelle et persistants,comor_malignantn_sol,Néoplasme solide malin,"1, Oui | 0, Non | 99, Inconnu",Défini comme un néoplasme malin provenant de tissus qui n'incluent pas les zones fluides. Les exemples représentatifs comprennent des carcinomes (adénocarcinomes ou carcinomes épidermoïdes) et des sarcomes. Les tumeurs malignes des tissus hématopoïétiques et lymphoïdes ne sont pas considérées comme des néoplasmes solides.,Indiquez « Oui » si cette affection existait avant l'admission pour la maladie actuelle et reste une affection médicale active.,1,0,0,0,0,0
présentation,COMORBIDITÉS ET FACTEURS DE RISQUE : Présents avant la maladie actuelle et persistants,comor_malignantn_leuk,Leucémie,"1, Oui | 0, Non | 99, Inconnu","Défini comme une maladie progressive et maligne des organes du sang, caractérisée par une prolifération déformée et le développement de leucocytes et de leurs précurseurs dans le sang et la moelle osseuse. Les leucémies ont été initialement appelées aiguës ou chroniques en fonction de l'espérance de vie, mais sont maintenant classées selon la maturité cellulaire.",Indiquez « Oui » si cette affection existait avant l'admission pour la maladie actuelle et reste une affection médicale active.,1,0,0,0,0,0
présentation,COMORBIDITÉS ET FACTEURS DE RISQUE : Présents avant la maladie actuelle et persistants,comor_malignantn_lymp,Lymphome,"1, Oui | 0, Non | 99, Inconnu","Défini comme une prolifération maligne (clonale) de lymphocytes b ou de lymphocytes T qui impliquent les ganglions lymphatiques, la moelle osseuse et / ou les sites extranodaux. Cette catégorie comprend des lymphomes non hodgkiniens et des lymphomes hodgkiniens.","Indiquez « Oui » si cette affection existait avant l'admission pour la maladie actuelle et reste une affection médicale active. ",1,0,0,0,0,0
présentation,COMORBIDITÉS ET FACTEURS DE RISQUE : Présents avant la maladie actuelle et persistants,comor_obesity,Obésité,"1, Oui | 0, Non | 99, Inconnu",Se réfère au poids corporel largement au-dessus de la norme recommandée. IMC> = 30 kg / m2 ou d'autres coupes d'IMC appropriées localement peuvent être utilisées pour définir l'obésité.,Indiquez « Oui » si cette affection existait avant l'admission pour la maladie actuelle et reste une affection médicale active.,1,0,0,0,0,0
présentation,COMORBIDITÉS ET FACTEURS DE RISQUE : Présents avant la maladie actuelle et persistants,comor_malnutriti,Malnutrition,"1, Oui | 0, Non | 99, Inconnu","Cela fait référence à toute carence en apport cliniquement identifiée, soit en énergie totale, soit en nutriments spécifiques, qui ont conduit à une intervention diététique ou à une référence avant cette admission.","Indiquez «oui», si cette condition existait avant l'admission avec cette maladie actuelle et reste une condition médicale active.",1,0,0,0,0,0
présentation,COMORBIDITÉS ET FACTEURS DE RISQUE : Présents avant la maladie actuelle et persistants,comor_diabetes,Diabète sucré,"1, Oui | 0, Non | 99, Inconnu","Défini comme un trouble métabolique caractérisé par une glycémie anormalement élevée en raison d'une diminution de la production de résistance ou de désensibilisation à l'insuline ou à l'insuline. Cela comprend le diabète sucré de type 1, le diabète sucré de type 2 ou le diabète gestationnel nécessitant un traitement oral ou sous-cutané.","Indiquez «oui», si cette condition existait avant l'admission avec cette maladie actuelle et reste une condition médicale active.",1,0,0,0,0,0
présentation,COMORBIDITÉS ET FACTEURS DE RISQUE : Présents avant la maladie actuelle et persistants,comor_diabetes_type,Type de diabète sucré,"1, Type 1 | 2, Type 2 | 3, Diabète gestationnel | 99, Inconnu","Désigne un sous-type de diabète sucré caractérisé par une déficience en insuline ; il se manifeste par l'apparition soudaine d'une hyperglycémie sévère, une progression rapide vers une acidocétose diabétique et la mort en l'absence de traitement par insuline ; la maladie peut survenir à tout âge, mais elle est plus fréquente chez les enfants et les adolescents.",Indiquez « Oui » si cette affection existait avant l'admission pour la maladie actuelle et reste une affection médicale active.,1,0,0,0,0,0
présentation,COMORBIDITÉS ET FACTEURS DE RISQUE : Présents avant la maladie actuelle et persistants,comor_diabetes_endorg,Endommage des organes du diabète,"1, Oui | 0, Non | 99, Inconnu","Fait référence à des dommages irréparables à plusieurs organes / systèmes, ce qui est le résultat de complications chroniques du diabète. Les organes / systèmes affectés comprennent le système cardiovasculaire, les reins, les yeux, le système nerveux, les articulations et les pieds.","Indiquez «oui», si cette condition existait avant l'admission avec cette maladie actuelle et reste une condition médicale active.",1,0,0,0,0,0
présentation,COMORBIDITÉS ET FACTEURS DE RISQUE : Présents avant la maladie actuelle et persistants,comor_hba1c,Résultat de l'HbA1c au cours des 6 derniers mois (sélectifs unités),,"L'hémoglobine A1C (HbA1c) est un test sanguin qui mesure le taux de glycémie moyen au cours des trois mois précédant le résultat du test. Il peut être rapporté dans différentes unités (mmol / mol, mmol / l ou%).","Sélectionnez l'option qui correspond le mieux au résultat. S'il n'y a aucun résultat pour le patient au cours des six derniers mois, passez à la question suivante.",1,0,0,0,0,
présentation,COMORBIDITÉS ET FACTEURS DE RISQUE : Présents avant la maladie actuelle et persistants,comor_hba1c_units,Résultat HbA1C au cours des 6 derniers mois (certaines unités),"1, mmol/mole | 2, %",,,1,0,0,,,0
présentation,COMORBIDITÉS ET FACTEURS DE RISQUE : Présents avant la maladie actuelle et persistants,comor_hba1c_mmolmol,Résultat de l'HbA1c au cours des 6 derniers mois (mmol / mol),,"L'hémoglobine A1C (HbA1c) est un test sanguin qui mesure le taux de glycémie moyen au cours des trois mois précédant le résultat du test. Il peut être rapporté dans différentes unités (mmol / mol, mmol / l ou%).",Entrez la valeur numérique pour le niveau d'HbA1c exprimé dans MMOL / MOL.,1,0,0,0,0,
présentation,COMORBIDITÉS ET FACTEURS DE RISQUE : Présents avant la maladie actuelle et persistants,comor_hba1c_pcnt,Résultats HbA1C au cours des 6 derniers mois (%),,"L'hémoglobine A1C (HbA1C) est un test sanguin qui mesure le taux moyen de glucose dans le sang au cours des trois mois précédant le résultat du test. Elle peut être exprimée en différentes unités (mmol/mol, mmol/L ou %).",Indiquez la valeur numérique du taux d'HbA1C exprimée en pourcentage %.,1,0,0,0,0,
présentation,COMORBIDITÉS ET FACTEURS DE RISQUE : Présents avant la maladie actuelle et persistants,comor_smoking,Toujours fumé,"1, Oui | 0, Non | 99, Inconnu","Il s'agit de la consommation de cigarettes, cigares, pipes ou équivalents. Une personne qui n'a jamais fumé est définie comme une personne qui n'a jamais fumé au moment de l'évaluation ou qui a fumé moins de 100 des produits susmentionnés au cours de sa vie. N'incluez pas les produits du tabac sans fumée tels que le tabac à chiquer ou les dispositifs électroniques de délivrance de nicotine.","Indiquez «oui», si cette condition existait avant l'admission avec cette maladie actuelle et reste une condition médicale active. Indiquez «non» si le patient n'a jamais fumé (défini comme une personne qui n'a jamais fumé au moment de l'évaluation ou qui a fumé moins de 100 des éléments ci-dessus de sa vie).",1,0,0,0,0,0
présentation,COMORBIDITÉS ET FACTEURS DE RISQUE : Présents avant la maladie actuelle et persistants,comor_smoking_type,Statut tabagique,"1, Fumeur actuel | 2, Ancien fumeur","Il s'agit de la consommation de cigarettes, cigares, pipes ou équivalents. Une personne n'ayant jamais fumé est définie comme une personne qui n'a jamais fumé au moment de l'évaluation ou qui a fumé moins de 100 des produits susmentionnés au cours de sa vie. N'incluez pas les produits du tabac sans fumée tels que le tabac à chiquer ou les dispositifs électroniques de délivrance de nicotine. ",Indiquez « Oui » si cette affection existait avant l'admission pour la maladie actuelle et reste une affection médicale active. Indiquez « Non » si le patient n'a jamais fumé (défini comme une personne qui n'a jamais fumé au moment de l'évaluation ou qui a fumé moins de 100 des articles ci-dessus au cours de sa vie).,1,0,0,0,0,0
présentation,COMORBIDITÉS ET FACTEURS DE RISQUE : Présents avant la maladie actuelle et persistants,comor_smoking_passive,Tabagisme passif (vit dans le même foyer qu'un fumeur),"1, Oui | 0, Non | 99, Inconnu",Il s'agit du risque accru d'exposition à la fumée de tabac chez les personnes qui ne fument pas. Cela peut résulter du fait de partager un espace avec un fumeur ou du transfert placentaire de la mère au fœtus.,"Indiquez « Oui » si cette affection existait avant l'admission pour la maladie actuelle et reste une affection médicale active. ",1,0,0,0,0,0
présentation,COMORBIDITÉS ET FACTEURS DE RISQUE : Présents avant la maladie actuelle et persistants,comor_alcohol,Dépendance à l'alcool,"1, oui | 0, Non | 99, Inconnu",,Indiquez « Oui » si cette affection existait avant l'admission pour la maladie actuelle et reste une affection médicale active.,1,0,0,,0,0
présentation,COMORBIDITÉS ET FACTEURS DE RISQUE : Présents avant la maladie actuelle et persistants,comor_intrdrug,Usager de drogues intraveineuses,"1, oui | 0, Non | 99, Inconnu",Il s'agit d'un trouble provoquant des crises récurrentes non provoquées.,Indiquez « Oui » si cette affection existait avant l'admission pour la maladie actuelle et reste une affection médicale active.,1,0,0,0,0,0
présentation,COMORBIDITÉS ET FACTEURS DE RISQUE : Présents avant la maladie actuelle et persistants,comor_orgtrans,Greffe,"1, Oui | 0, Non | 99, Inconnu","Cela fait référence à un individu recevant (ou a reçu) des tissus ou des organes transférés d'un autre individu de la même espèce ou des différentes espèces, ou à l'intérieur du même individu.",Indiquez « Oui » si cette affection existait avant l'admission pour la maladie actuelle et reste une affection médicale active.,1,0,0,0,0,0
présentation,COMORBIDITÉS ET FACTEURS DE RISQUE : Présents avant la maladie actuelle et persistants,comor_orgtrans_organ,Si oui: spécifiez des organes transplantés (s),"1, Poumon | 2, Cœur | 3, Rein | 4, Foie | 5, Os  | 6, Cellule souche hématopoïétique","Il s'agit des tissus ou organes spécifiques transférés d'un autre individu de la même espèce ou d'une espèce différente, ou provenant du même individu.",Sélectionnez tout ce qui s'applique.,1,0,0,0,0,0
présentation,COMORBIDITÉS ET FACTEURS DE RISQUE : Présents avant la maladie actuelle et persistants,comor_primaryimmuno,Déficience immunitaire primaire,"1, Oui | 0, Non | 99, Inconnu","Il s'agit d'une maladie immunodéficitaire qui survient indépendamment d'un autre processus pathologique, d'une autre maladie ou d'une autre lésion.",Indiquez « Oui » si cette affection existait avant l'admission pour la maladie actuelle et reste une affection médicale active.,1,0,0,0,0,0
présentation,COMORBIDITÉS ET FACTEURS DE RISQUE : Présents avant la maladie actuelle et persistants,comor_chemotherapy,Chimiothérapie,"1, Oui | 0, Non | 99, Inconnu","Il s'agit d'un traitement qui utilise des médicaments pour arrêter la croissance des cellules cancéreuses, soit en les tuant, soit en les empêchant de se diviser.","Indiquez « Oui » si cette affection existait avant l'admission pour la maladie actuelle et reste une affection médicale active. ",1,0,0,0,0,0
présentation,COMORBIDITÉS ET FACTEURS DE RISQUE : Présents avant la maladie actuelle et persistants,comor_radiotherapy,Radiothérapie,"1, Oui | 0, Non | 99, Inconnu","Il s'agit de l'utilisation de rayonnements à haute énergie provenant de rayons X, de rayons gamma, de neutrons, de protons et d'autres sources pour tuer les cellules cancéreuses et réduire les tumeurs.",Indiquez « Oui » si cette affection existait avant l'admission pour la maladie actuelle et reste une affection médicale active.,1,0,0,0,0,0
présentation,COMORBIDITÉS ET FACTEURS DE RISQUE : Présents avant la maladie actuelle et persistants,comor_steroidtherapy,Traitement corticostéroïde à long terme ou à forte dose,"1, Oui | 0, Non | 99, Inconnu",Il s'agit de l'utilisation de corticostéroïdes exogènes à fortes doses ou pendant de longues périodes (généralement plus de 4 semaines) pour le traitement de toute maladie ou trouble.,Indiquez « Oui » si cette affection existait avant l'admission pour la maladie actuelle et reste une affection médicale active.,1,0,0,0,0,0
présentation,COMORBIDITÉS ET FACTEURS DE RISQUE : Présents avant la maladie actuelle et persistants,comor_skincon,Affections cutanées pertinentes (dermatite atopique ou affections cutanées exfoliantes actives),"1, Oui | 0, Non | 99, Inconnu",Il s'agit de toute anomalie de la structure ou du fonctionnement normal de la peau ou des tissus sous-cutanés qui se manifeste par un ensemble caractéristique de symptômes et de signes.,Indiquez « Oui » si cette affection existait avant l'admission pour la maladie actuelle et reste une affection médicale active.,1,0,0,0,0,0
présentation,COMORBIDITÉS ET FACTEURS DE RISQUE : Présents avant la maladie actuelle et persistants,comor_skincondesc,Décrire les affections cutanées,,Il s'agit de toute anomalie de la structure ou du fonctionnement normal de la peau ou des tissus sous-cutanés qui se manifeste par un ensemble caractéristique de symptômes et de signes.,"Si « Oui », veuillez décrire l'affection cutanée.",1,0,0,0,0,
présentation,COMORBIDITÉS ET FACTEURS DE RISQUE : Présents avant la maladie actuelle et persistants,comor_malnut,Malnutrition,"1, oui | 0, Non | 99, Inconnu","Il s'agit de toute carence cliniquement identifiée en apport énergétique total ou en nutriments spécifiques, ayant conduit à une intervention diététique ou à une orientation avant l'admission.",Indiquez « Oui » si cette affection existait avant l'admission pour la maladie actuelle et reste une affection médicale active.,1,0,0,0,0,0
présentation,COMORBIDITÉS ET FACTEURS DE RISQUE : Présents avant la maladie actuelle et persistants,comor_malnut_muac,Circonférence mi-haute du bras,,,,1,0,0,,,
présentation,COMORBIDITÉS ET FACTEURS DE RISQUE : Présents avant la maladie actuelle et persistants,comor_paed,Comorbidités spécifiques à l'enfant,,,,1,0,0,,,
présentation,COMORBIDITÉS ET FACTEURS DE RISQUE : Présents avant la maladie actuelle et persistants,comor_premature,Prématurité (<37 semaines),"1, oui | 0, Non | 99, Inconnu",Il s'agit d'une naissance lorsque le fœtus a moins de 37 semaines et 0 jour d'âge gestationnel.,Indiquez « Oui » si cette affection existait avant l'admission pour la maladie actuelle et reste une affection médicale active.,1,0,0,0,0,0
présentation,COMORBIDITÉS ET FACTEURS DE RISQUE : Présents avant la maladie actuelle et persistants,comor_conginmu,Immunodéficience congénitale,"1, oui | 0, Non | 99, Inconnu",,Indiquez « Oui » si cette affection existait avant l'admission pour la maladie actuelle et reste une affection médicale active.,1,0,0,,0,0
présentation,COMORBIDITÉS ET FACTEURS DE RISQUE : Présents avant la maladie actuelle et persistants,comor_otherdesc,Autres comorbidités,,,,1,0,0,,,
présentation,COMORBIDITÉS ET FACTEURS DE RISQUE : Présents avant la maladie actuelle et persistants,comor_unlisted,Autres comorbidité pertinente (s),"1, Oui | 0, Non | 99, Inconnu",Il s'agit d'une ou plusieurs affections comorbides non mentionnées ci-dessus.,Indiquez « Oui » si cette affection existait avant l'admission pour la maladie actuelle et reste une affection médicale active.,1,0,0,0,0,0
présentation,COMORBIDITÉS ET FACTEURS DE RISQUE : Présents avant la maladie actuelle et persistants,comor_mhdesc,Conditions aiguës actuelles,,,,1,0,0,,,
présentation,COMORBIDITÉS ET FACTEURS DE RISQUE : Présents avant la maladie actuelle et persistants,medic_cpox,Variole de poulet active,"1, Oui | 0, Non | 99, Inconnu","Cela fait référence à une infection active de la varicelle provoquée par le virus varicelle-zona. Les manifestations cliniques sont la fièvre et les éruptions cutanées vésiculaires pruritiques survenant de dix à vingt et un jours après l'exposition. N'incluez pas ceux qui ont réactivé le virus de la varicelle zona (VZV), c'est-à-dire les bardeaux.","Indiquez «oui», si cette condition existait avant l'admission avec cette maladie actuelle et reste une condition médicale active.",1,0,0,0,0,0
présentation,COMORBIDITÉS ET FACTEURS DE RISQUE : Présents avant la maladie actuelle et persistants,medic_meas,Rougeole active,"1, oui | 0, Non | 99, Inconnu",,Indiquez « Oui » si cette condition existait avant l'admission avec cette maladie actuelle et demeure une condition médicale active.,1,0,0,,0,0
présentation,COMORBIDITÉS ET FACTEURS DE RISQUE : Présents avant la maladie actuelle et persistants,medic_actshingles,Bardons actifs (Herpès Zoster),"1, Oui | 0, Non | 99, Inconnu",Il s'agit d'un cas actif de zona ou d'herpès zoster dû à la réactivation du virus varicelle-zona qui est resté latent après l'exposition initiale du patient au virus sous forme de varicelle.,"Indiquez «oui», si le patient a actuellement des bardeaux (herpès zoster), une réactivation du virus varicelle-zona. Indiquez «non» si le patient n'a eu que la varicelle dans le passé, ou si le patient n'a pas d'antécédents de cette condition.",1,0,0,0,0,0
présentation,COMORBIDITÉS ET FACTEURS DE RISQUE : Présents avant la maladie actuelle et persistants,medic_acthcv,Hépatite C active,"1, Oui | 0, Non | 99, Inconnu",Il s'agit d'un cas actif d'infection par le virus de l'hépatite C.,Indiquez « Oui » si le patient présente actuellement une infection active par l'hépatite C.,1,0,0,0,0,0
présentation,COMORBIDITÉS ET FACTEURS DE RISQUE : Présents avant la maladie actuelle et persistants,medic_acthbv,"Hépatite B active ","1, Oui | 0, Non | 99, Inconnu",Il s'agit d'un cas actif d'infection par le virus de l'hépatite B.,Indiquez « Oui » si le patient est actuellement atteint d'une infection active par l'hépatite B.,1,0,0,0,0,0
présentation,COMORBIDITÉS ET FACTEURS DE RISQUE : Présents avant la maladie actuelle et persistants,medic_mumps,Oreillons actifs,"1, oui | 0, Non | 99, Inconnu",,,1,0,0,,,0
présentation,COMORBIDITÉS ET FACTEURS DE RISQUE : Présents avant la maladie actuelle et persistants,medic_zika,Zika actif,"1, oui | 0, Non | 99, Inconnu",,,1,0,0,,,0
présentation,COMORBIDITÉS ET FACTEURS DE RISQUE : Présents avant la maladie actuelle et persistants,medic_dengue,Dengue active,"1, oui | 0, Non | 99, Inconnu",Il s'agit d'un cas actif de dengue,,1,0,0,0,,0
présentation,COMORBIDITÉS ET FACTEURS DE RISQUE : Présents avant la maladie actuelle et persistants,medic_enterovirus,Entérovirus actif,"1, oui | 0, Non | 99, Inconnu",,,1,0,0,,,0
présentation,COMORBIDITÉS ET FACTEURS DE RISQUE : Présents avant la maladie actuelle et persistants,medic_polio,Polio active,"1, oui | 0, Non | 99, Inconnu",,,1,0,0,,,0
présentation,COMORBIDITÉS ET FACTEURS DE RISQUE : Présents avant la maladie actuelle et persistants,medic_rickettsial,Infections à rickettsies,"1, oui | 0, Non | 99, Inconnu",,,1,0,0,,,0
présentation,COMORBIDITÉS ET FACTEURS DE RISQUE : Présents avant la maladie actuelle et persistants,medic_sti,Infection active sexuellement transmissible,"1, Oui | 0, Non | 99, Inconnu","Défini comme des infections dues ou propagées par un contact sexuel, notamment la chlamydia, l'herpès / les verrues génitales, la gonorrhée, le VPH, les poux publics, la syphilis, la trichomoniase, le lymphogranulome vénéreum. N'incluez pas le VIH / SIDA et l'hépatite chronique, comme spécifié dans des questions distinctes.","Indiquez «oui», si cette condition existait avant l'admission avec cette maladie actuelle et reste une condition médicale active.",1,0,0,0,0,0
présentation,COMORBIDITÉS ET FACTEURS DE RISQUE : Présents avant la maladie actuelle et persistants,medic_sti_type,Spécifiez STI actif,"1, virus de l'herpès simplex (HSV) | 2, papillomavirus humain (HPV) | 3, chlamydia | 4, gonorrhée | 5, syphilis | 6, mycoplasma genitalium | 99, inconnu | 88, autre","Défini comme des infections dues ou propagées par un contact sexuel, notamment la chlamydia, l'herpès / les verrues génitales, la gonorrhée, le VPH, les poux publics, la syphilis, la trichomoniase, le lymphogranulome vénéreum. N'incluez pas le VIH / SIDA et l'hépatite chronique, comme spécifié dans des questions distinctes.",Sélectionnez tout ce qui s'applique.,1,0,0,0,0,0
présentation,COMORBIDITÉS ET FACTEURS DE RISQUE : Présents avant la maladie actuelle et persistants,medic_sti_oth,Précisez les autres IST actives,,"Défini comme des infections dues ou propagées par le contact sexuel, y compris, non énumérée ci-dessus. N'incluez pas le VIH / SIDA et l'hépatite chronique, comme spécifié dans des questions distinctes.","Si « Autre », précisez l'autre IST active.",1,0,0,0,0,
présentation,COMORBIDITÉS ET FACTEURS DE RISQUE : Présents avant la maladie actuelle et persistants,medic_malaria,Paludisme actif,"1, oui | 0, Non | 99, Inconnu",Il s'agit d'un cas actif de paludisme.,,1,0,0,0,,0
présentation,COMORBIDITÉS ET FACTEURS DE RISQUE : Présents avant la maladie actuelle et persistants,medic_headinf,Infection de la tête et du cou,"1, oui | 0, Non | 99, Inconnu",,Indiquez « Oui » si cette affection existait avant l'admission pour la maladie actuelle et reste une affection médicale active.,1,0,0,,0,0
présentation,COMORBIDITÉS ET FACTEURS DE RISQUE : Présents avant la maladie actuelle et persistants,medic_headinf_type,Type d'infection de la tête et du cou,"1, otite moyenne chronique suppurée | 2, sinusite | 3, mastoïdite | 4, infection orbitale | 5, Infection dentaire | 6, Complication intracrânienne (par exemple thrombose des sinus veineux cérébraux) | 88, autre",,,1,0,0,,,0
présentation,COMORBIDITÉS ET FACTEURS DE RISQUE : Présents avant la maladie actuelle et persistants,medic_headinf_type_oth,Spécifiez un autre type,,,,1,0,0,,,
présentation,COMORBIDITÉS ET FACTEURS DE RISQUE : Présents avant la maladie actuelle et persistants,medic_headinj,Antécédents de traumatisme crânien récent (dans les 3 mois),"1, oui | 0, Non | 99, Inconnu",,Indiquez « Oui » si cette affection existait avant l'admission pour la maladie actuelle et reste une affection médicale active.,1,0,0,,0,0
présentation,ANTÉCÉDENTS MÉDICAUX,medic_neuroproc,"Intervention/chirurgie neurochirurgicale récente (par exemple, shunt VP, MVE) dans les 30 jours","1, oui | 0, Non | 99, Inconnu",,Indiquez « Oui » si cette affection existait avant l'admission pour la maladie actuelle et reste une affection médicale active.,1,0,0,,0,0
présentation,ANTÉCÉDENTS MÉDICAUX,medic_neuroproc_date,Date de l'intervention neurochirurgicale,,,,1,0,0,,,
présentation,ANTÉCÉDENTS MÉDICAUX,medic_previnf,Le patient est-il connu pour avoir des infections antérieures avec ce pathogène?,"1, Oui | 0, Non | 99, Inconnu",Défini comme un diagnostic précédent avec le même pathogène dans un épisode clinique distinct de cette présentation ou de cette admission.,"Indiquez «oui», si le patient a déjà été infecté par le même pathogène.",1,0,0,0,0,0
présentation,ANTÉCÉDENTS MÉDICAUX,medic_firstadm,Si oui: le patient a-t-il jamais été hospitalisé dans un épisode précédent de la même infection?,"1, Oui - admis à l'hôpital ou en soins intensifs | 0, Non | 99, Inconnu",Cela fait référence aux antécédents des antécédents d'infection par le patient avec le même pathogène et si le patient a été admis à l'hôpital ou aux soins intensifs.,Indiquez «oui» si le patient a été admis à l'hôpital ou aux soins intensifs pour une infection par le même agent pathogène.,1,0,0,0,0,0
présentation,ANTÉCÉDENTS MÉDICAUX,medic_infstartdate,Quand cet épisode antérieur a-t-il commencé ?,,"Il s'agit de la date exacte (ou approximative, si elle n'est pas connue) à laquelle l'épisode d'infection précédent par le même agent pathogène a commencé.","Indiquez la date exacte au format JJ/MM/AAAA, ou si elle n'est pas connue, indiquez une date approximative, à laquelle l'infection précédente par le même agent pathogène a commencé.",1,0,0,0,0,
présentation,ANTÉCÉDENTS MÉDICAUX,medic_infenddate,Quand cet épisode antérieur s'est-il terminé ?,,"Il s'agit de la date exacte (ou approximative, si elle n'est pas connue) à laquelle l'épisode d'infection précédent par le même agent pathogène a pris fin.","Indiquez la date exacte au format JJ/MM/AAAA, ou si elle n'est pas connue, indiquez une date approximative, à laquelle l'infection précédente par le même agent pathogène a pris fin.",1,0,0,0,0,
présentation,ANTÉCÉDENTS MÉDICAUX,medic_labtest,L'épisode précédent a-t-il été confirmé par des tests en laboratoire?,"1, Oui | 0, Non | 99, Inconnu",Cela fait référence à la confirmation de l'épisode d'infection précédent par un test de laboratoire.,"Indiquez «oui», si l'épisode précédent a été confirmé par des tests de laboratoire.",1,0,0,0,0,0
présentation,ANTÉCÉDENTS MÉDICAUX,medic_previnf2,Le patient est-il connu pour avoir eu une infection avant le dernier signalé avec cet agent pathogène?,"1, Oui | 0, Non | 99, Inconnu",Défini comme un diagnostic précédent avec le même pathogène dans un épisode clinique avant la dernière infection signalée.,"Indiquez «oui», si le patient a déjà eu une infection par le même pathogène dans un épisode clinique avant la dernière infection signalée.",1,0,0,0,0,0
présentation,ANTÉCÉDENTS MÉDICAUX,medic_previnf2_adm,Si oui: le patient a-t-il jamais été hospitalisé dans cet épisode précédent de la même infection?,"1, Oui - admis à l'hôpital ou en soins intensifs | 0, Non | 99, Inconnu",Cela fait référence aux antécédents d'infection du patient par le même pathogène et si le patient a jamais été admis à l'hôpital ou aux soins intensifs.,Indiquez «oui» si le patient a été admis à l'hôpital ou aux soins intensifs pour une infection par le même pathogène dans un épisode clinique avant la dernière infection signalée.,1,0,0,0,0,0
présentation,ANTÉCÉDENTS MÉDICAUX,medic_previnf2_startdate,Quand cet épisode précédent a-t-il commencé ?,,"Il s'agit de la date exacte (ou approximative, si elle n'est pas connue) à laquelle l'épisode d'infection précédent par le même agent pathogène a commencé.","Indiquez la date exacte au format JJ/MM/AAAA, ou si elle n'est pas connue, indiquez une date approximative, à laquelle l'infection précédente par le même agent pathogène a commencé.",1,0,0,0,0,
présentation,ANTÉCÉDENTS MÉDICAUX,medic_previnf2_enddate,Quand cet épisode précédent s'est-il terminé ?,,"Il s'agit de la date exacte (ou approximative, si elle n'est pas connue) à laquelle l'épisode d'infection précédent par le même agent pathogène a pris fin.","Indiquez la date exacte au format JJ/MM/AAAA, ou si elle n'est pas connue, indiquez une date approximative, à laquelle l'infection précédente par le même agent pathogène a pris fin.",1,0,0,0,0,
présentation,ANTÉCÉDENTS MÉDICAUX,medic_previnf3,Le patient est-il connu pour avoir eu une infection avant le dernier signalé avec cet agent pathogène?,"1, Oui | 0, Non | 99, Inconnu",Défini comme un diagnostic précédent avec le même pathogène dans un épisode clinique avant la dernière infection signalée.,"Indiquez «oui», si le patient a déjà eu une infection par le même pathogène dans un épisode clinique avant la dernière infection signalée.",1,0,0,0,0,0
présentation,ANTÉCÉDENTS MÉDICAUX,medic_previnf3_adm,Si oui: le patient a-t-il jamais été hospitalisé dans cet épisode précédent de la même infection?,"1, Oui - admis à l'hôpital ou en soins intensifs | 0, Non | 99, Inconnu",Cela fait référence aux antécédents d'infection du patient par le même pathogène et si le patient a jamais été admis à l'hôpital ou aux soins intensifs.,Indiquez «oui» si le patient a été admis à l'hôpital ou aux soins intensifs pour une infection par le même pathogène dans un épisode clinique avant la dernière infection signalée.,1,0,0,0,0,0
présentation,ANTÉCÉDENTS MÉDICAUX,medic_previnf3_startdate,Quand cet épisode précédent a-t-il commencé ?,,"Il s'agit de la date exacte (ou approximative, si elle n'est pas connue) à laquelle l'épisode d'infection précédent par le même agent pathogène a commencé.","Indiquez la date exacte au format JJ/MM/AAAA, ou si elle n'est pas connue, indiquez une date approximative, à laquelle l'infection précédente par le même agent pathogène a commencé.",1,0,0,0,0,
présentation,ANTÉCÉDENTS MÉDICAUX,medic_previnf3_enddate,Quand cet épisode précédent s'est-il terminé ?,,"Il s'agit de la date exacte (ou approximative, si elle n'est pas connue) à laquelle l'épisode d'infection précédent par le même agent pathogène a pris fin.","Indiquez la date exacte au format JJ/MM/AAAA, ou si elle n'est pas connue, indiquez une date approximative, à laquelle l'infection précédente par le même agent pathogène a pris fin.",1,0,0,0,0,
présentation,ANTÉCÉDENTS MÉDICAUX,medic_cpoxpast,Connu pour avoir une infection précédente de la varicelle?,"1, Oui | 0, Non | 99, Inconnu","Cela fait référence à une infection précédente de la varicelle. Il n'inclut pas d'histoires de virus de varicelle réactivé (VZV), c'est-à-dire des bardeaux.","Indiquez «oui», si cette condition existait avant l'admission avec cette maladie actuelle et reste une condition médicale active.",1,0,0,0,0,0
présentation,ANTÉCÉDENTS MÉDICAUX,medi_shingpast,Connu pour avoir déjà eu une ou plusieurs infections par le zona (herpès zoster) ?,"1, oui | 0, Non | 99, Inconnu",,Indiquez « Oui » si cette affection existait avant l'admission pour la maladie actuelle et reste une affection médicale active.,1,0,0,,0,0
présentation,ANTÉCÉDENTS MÉDICAUX,medic_mengpast,Épisode antérieur de méningite/encéphalite,"1, oui | 0, Non | 99, Inconnu",,Indiquez « Oui » si cette affection existait avant l'admission pour la maladie actuelle et reste une affection médicale active.,1,0,0,,0,0
présentation,ANTÉCÉDENTS MÉDICAUX,medic_mengpast_type,Type d'épisode précédent,"1, infectieux | 2, non infectieux | 99, Inconnu",,,1,0,0,,,0
présentation,ANTÉCÉDENTS MÉDICAUX,medic_mengpast_when,Quand s’est produit l’épisode précédent ?,"1, Au cours des 3 derniers mois | il y a 2, 3 à 12 mois | il y a 3, 1 à 5 ans | 4, il y a plus de 5 ans | 99, Inconnu",,,1,0,0,,,0
présentation,ANTÉCÉDENTS MÉDICAUX,drug14_antiviral,Antiviral,"1, oui | 0, non | 99, inconnu","Un agent antiviral désigne tout agent prescrit pour traiter ou prévenir les infections virales en interférant avec le cycle de réplication virale. Parmi les exemples d'inhibiteurs de la neuraminidase, on peut citer l'oseltamivir, la ribavirine, l'acyclovir et le lopinavir/ritonavir. Les préparations topiques ne sont pas incluses.",Indiquez « Oui » si le patient a pris un antiviral au cours des 14 jours précédant cette dernière admission/présentation.,1,0,0,0,0,0
présentation,ANTÉCÉDENTS MÉDICAUX,drug14_antiviral_type,Antiviral,,"Un agent antiviral fait référence à tout (s) agent (s) prescrit pour traiter ou prévenir les infections virales en interférant avec le cycle de réplication virale. Des exemples d'inhibiteurs de neuraminidase comprennent l'oseltamivir, la ribavirine, l'acyclovir et le lopinavir / ritonavir. Les préparations topiques ne sont pas incluses.","Indiquez «oui», si le patient a pris un antiviral dans les 14 jours précédant cette dernière entrée / présentation",1,0,0,0,0,
présentation,ANTÉCÉDENTS MÉDICAUX,drug14_antiviral_route,Voie d'administration antivirale,"1, Oral | 2, Inhalé | 3, IV | 4, Topique | 99, Inconnu","Cela fait référence à la partie du corps à travers laquelle ou dans laquelle, ou la manière dont le médicament (médicament) est introduit. Oral fait référence à l'administration par la bouche. Inhalé fait référence à l'administration par la route respiratoire (insufflation dans les voies respiratoires). IV (intraveineux) fait référence à l'administration dans la circulation sanguine par injection dans une veine. Le topique fait référence à l'administration par application des préparations de médicaments aux surfaces du corps, en particulier la peau ou les muqueuses.",Indiquez la voie d'administration pour l'agent antiviral.,1,0,0,0,0,0
présentation,ANTÉCÉDENTS MÉDICAUX,drug14_antiviraldate,Date de début du traitement antiviral,,Il s'agit de la date à laquelle le traitement a été commencé / la première dose a été administrée.,Entrez la date au format JJ/MM/AAAA.,1,0,0,0,0,
présentation,ANTÉCÉDENTS MÉDICAUX,drug14_antiviralday,Nombre de jours antiviraux pris,,Comprend tous les jours civils au cours desquels une dose a été reçue ou a demandé de prendre en charge la prescription de décharge.,Entrez le nombre total de jours pour lesquels une dose a été reçue ou a demandé de prendre la prescription de décharge.,1,0,0,0,0,
présentation,ANTÉCÉDENTS MÉDICAUX,drug14_steroid,Corticostéroïde,"1, Oui | 0, Non | 99, Inconnu","Les corticostéroïdes (communément appelés «stéroïdes») se réfèrent à tous les types de corticostéroïdes thérapeutiques, fabriqués dans le cortex surrénal (la partie extérieure de la glande surrénale). Ils sont également fabriqués en laboratoire. Les exemples comprennent: la prednisolone, la prednisone, la méthyl-prédnisolone, la dexaméthasone, l'hydrocortisone, la fluticasone, la bétamétasone. Les préparations topiques ne sont pas incluses, mais des préparations inhalées sont incluses.","Indiquez «oui», si le patient a pris un «stéroïde» dans les 14 jours précédant cette dernière admission / présentation",1,0,0,0,0,0
présentation,ANTÉCÉDENTS MÉDICAUX,drug14_steroid_type,Corticostéroïde,,"Les corticostéroïdes (communément appelés «stéroïdes») se réfèrent à tous les types de corticostéroïdes thérapeutiques, fabriqués dans le cortex surrénal (la partie extérieure de la glande surrénale). Ils sont également fabriqués en laboratoire. Les exemples comprennent: la prednisolone, la prednisone, la méthyl-prédnisolone, la dexaméthasone, l'hydrocortisone, la fluticasone, la bétamétasone. Les préparations topiques ne sont pas incluses, mais des préparations inhalées sont incluses.","Indiquez «oui», si le patient a pris un «stéroïde» dans les 14 jours précédant cette dernière admission / présentation",1,0,0,0,0,
présentation,ANTÉCÉDENTS MÉDICAUX,drug14_steroid_route,Voie d'administration des corticostéroïdes,"1, Oral | 2, Inhalé | 3, IV | 99, Inconnu","Il s'agit de la partie du corps par laquelle ou dans laquelle le médicament (médicament) est introduit, ou de la manière dont il est introduit. Par voie orale, on entend l'administration par la bouche. Par inhalation, on entend l'administration par voie respiratoire (insufflation dans les voies respiratoires). IV (intraveineux) désigne l'administration dans la circulation sanguine par injection dans une veine. Par voie topique, on entend l'administration par application de préparations médicamenteuses sur la surface du corps, en particulier la peau ou les muqueuses.",Indiquez la voie d'administration du corticostéroïde.,1,0,0,0,0,0
présentation,ANTÉCÉDENTS MÉDICAUX,drug14_steroid_date,Date de début des corticostéroïdes,,Il s'agit de la date à laquelle le traitement a été commencé / la première dose a été administrée.,Entrez la date au format JJ/MM/AAAA.,1,0,0,0,0,
présentation,ANTÉCÉDENTS MÉDICAUX,drug14_steroid_day,Nombre de jours de prise de corticostéroïdes,,Cela comprend tous les jours civils au cours desquels une dose a été reçue ou prescrite à la sortie de l'hôpital.,Entrez le nombre total de jours pendant lesquels une dose a été reçue ou prescrite à la sortie.,1,0,0,0,0,
présentation,ANTÉCÉDENTS MÉDICAUX,drug14_steroid_dose,Dose de corticostéroïdes,,Il s'agit de la dose de corticostéroïde.,Indiquez la dose du corticostéroïde.,1,0,0,0,0,
présentation,ANTÉCÉDENTS MÉDICAUX,drug14_steroid_dose_unit,Unités,,,,1,0,0,,,
présentation,ANTÉCÉDENTS MÉDICAUX,drug14_immunusupp,Agents immunosuppresseurs (pas corticostéroïdes),"1, Oui | 0, Non | 99, Inconnu",Cela fait référence à un patient connu pour avoir pris des médicaments prescrits qui sont connus pour avoir un effet immunosuppress (à l'exclusion des stéroïdes / corticostéroïdes). Les préparations topiques ne doivent pas être enregistrées.,"Indiquez «oui», si le patient a pris un agent immunosuppresseur dans les 14 jours précédant cette dernière entrée / présentation",1,0,0,0,0,0
présentation,ANTÉCÉDENTS MÉDICAUX,drug14_immunusupp_type,Agents immunosuppresseurs (pas corticostéroïdes),,Cela fait référence à un patient connu pour avoir pris des médicaments prescrits qui sont connus pour avoir un effet immunosuppress (à l'exclusion des stéroïdes / corticostéroïdes). Les préparations topiques ne doivent pas être enregistrées.,"Indiquez «oui», si le patient a pris un agent immunosuppresseur dans les 14 jours précédant cette dernière entrée / présentation",1,0,0,0,0,
présentation,ANTÉCÉDENTS MÉDICAUX,drug14_immunusupp_days,Nombre de jours de prise d'agents immunosuppresseurs,,,,1,0,0,,,
présentation,ANTÉCÉDENTS MÉDICAUX,drug14_antibiotic,Antibiotiques,"1, Oui | 0, Non | 99, Inconnu",Les antibiotiques se réfèrent à tout (s) agent (s) qui cible sélectivement les bactéries.  Les préparations topiques ne doivent pas être enregistrées.,"Indiquez «oui», si le patient a pris un antibiotique dans les 14 jours précédant cette dernière entrée / présentation",1,0,0,0,0,0
présentation,ANTÉCÉDENTS MÉDICAUX,drug14_antibiotic_type,Antibiotiques,,Les antibiotiques se réfèrent à tout (s) agent (s) qui cible sélectivement les bactéries.  Les préparations topiques ne doivent pas être enregistrées.,"Indiquez «oui», si le patient a pris un antibiotique dans les 14 jours précédant cette dernière entrée / présentation",1,0,0,0,0,
présentation,ANTÉCÉDENTS MÉDICAUX,drug14_nsaid,AINS,"1, Oui | 0, Non | 99, Inconnu","Les anti-inflammatoires non stéroïdiens ou les AINS se réfèrent à tout agent qui n'est pas un corticostéroïde et qui a des activités potentielles anti-inflammatoires, analgésiques, antipyrétiques et anti-plaquettes. La plupart des anti-inflammatoires non stéroïdiens (AINS) agissent en inhibant la conversion de l'acide arachidonique en précurseurs de la prostaglandine et du thromboxane par les enzymes de la cyclooxygénase. Les préparations topiques ne doivent pas être enregistrées.","Indiquez «oui», si le patient a pris un AINS dans les 14 jours précédant cette dernière admission / présentation",1,0,0,0,0,0
présentation,ANTÉCÉDENTS MÉDICAUX,drug14_nsaid_type,AINS,,"Les anti-inflammatoires non stéroïdiens ou les AINS se réfèrent à tout agent qui n'est pas un corticostéroïde et qui a des activités potentielles anti-inflammatoires, analgésiques, antipyrétiques et anti-plaquettes. La plupart des anti-inflammatoires non stéroïdiens (AINS) agissent en inhibant la conversion de l'acide arachidonique en précurseurs de la prostaglandine et du thromboxane par les enzymes de la cyclooxygénase. Les préparations topiques ne doivent pas être enregistrées.","Indiquez «oui», si le patient a pris un AINS dans les 14 jours précédant cette dernière admission / présentation",1,0,0,0,0,
présentation,ANTÉCÉDENTS MÉDICAUX,drug14_nsaid_dose,dose totale d'AINS mg/jour,,,,1,0,0,,,
présentation,ANTÉCÉDENTS MÉDICAUX,drug14_nsaid_dur,Durée d'utilisation des AINS,,,,1,0,0,,,
présentation,ANTÉCÉDENTS MÉDICAUX,drug14_analg,Analgésiques/antipyrétiques (non AINS),"1, oui | 0, Non | 99, Inconnu",,,1,0,0,,,0
présentation,ANTÉCÉDENTS MÉDICAUX,drug14_analg_type,Sélectionnez des analgésiques/antipyrétiques (non AINS),"1, Paracétamol (Acétaminophène) | 2, métamizole (dipyrone) |  88, autre",,,1,0,0,,,0
présentation,ANTÉCÉDENTS MÉDICAUX,drug14_analg_type_oth,Préciser les autres analgésiques/antipyrétiques (non AINS),,,,1,0,0,,,
présentation,ANTÉCÉDENTS MÉDICAUX,drug14_opio,Opioïdes,"1, oui | 0, Non | 99, Inconnu",,,1,0,0,,,0
présentation,ANTÉCÉDENTS MÉDICAUX,drug14_dmard,Médicaments antirhumatismaux modificateurs de la maladie (DMARD),"1, oui | 0, Non | 99, Inconnu",,,1,0,0,,,0
présentation,ANTÉCÉDENTS MÉDICAUX,drug14_dmard_type,Médicaments antirhumatismaux modificateurs de la maladie (DMARD),"1, méthotrexate | 2, sulfasalazine | 3, Hydroxychloroquine | 4, Léflunomide | 5, azathioprine | 6, inhibiteurs du TNF (par ex. adalimumab, infliximab, étanercept) | 7, inhibiteurs de l'IL-6 (par ex. tocilizumab) | 8, inhibiteurs des lymphocytes B (par exemple, rituximab) | 9, inhibiteurs de la co-stimulation des lymphocytes T (par exemple, abatacept) | 88, autre",,,1,0,0,,,0
présentation,ANTÉCÉDENTS MÉDICAUX,drug14_anticoagul,Anticoagulants,"1, Oui | 0, Non | 99, Inconnu","Un anticoagulant désigne tout agent capable de prévenir la formation de caillots sanguins ou l'agrégation plaquettaire. Cela comprend des agents tels que l'héparine, la warfarine, l'aspirine, le clopidogrel et les anticoagulants administrés par voie sous-cutanée, parmi beaucoup d'autres. Les préparations topiques ne sont pas incluses.",Indiquez « Oui » si le patient a pris un anticoagulant au cours des 7 jours précédant cette dernière admission/présentation.,1,0,0,0,0,0
présentation,ANTÉCÉDENTS MÉDICAUX,drug14_anticoagul_type,Anticoagulants,,"Un anticoagulant désigne tout agent capable de prévenir la formation de caillots sanguins ou l'agrégation plaquettaire. Cela comprend des agents tels que l'héparine, la warfarine, l'aspirine, le clopidogrel et les anticoagulants administrés par voie sous-cutanée, parmi beaucoup d'autres. Les préparations topiques ne sont pas incluses.",Sélectionnez le ou les analgésiques prescrits ou pris par le patient au cours des 14 jours précédant cette dernière admission/présentation.,1,0,0,0,0,
présentation,ANTÉCÉDENTS MÉDICAUX,drug14_ivfluid,Liquides intraveineux (parentéraux),"1, Oui | 0, Non | 99, Inconnu","Les liquides intraveineux (IV) ou parentéraux sont prescrits en remplacement des liquides, des électrolytes, des calories, des vitamines et d'autres substances nutritives. Les liquides intraveineux peuvent être utilisés pour la réhydratation, le maintien des besoins ou la réanimation.",Indiquez « Oui » si le patient a reçu des liquides par voie intraveineuse au cours des 7 jours précédant cette dernière admission/présentation.,1,0,0,0,0,0
présentation,ANTÉCÉDENTS MÉDICAUX,drug14_ivfluid_type,Type de liquide intraveineux,,"Il s'agit du type de liquide parentéral ou intraveineux (IV) prescrit en remplacement des liquides, des électrolytes, des calories, des vitamines et d'autres substances nutritives. Les liquides intraveineux peuvent être des cristalloïdes (comprenant généralement du chlorure de sodium à 0,9 % (solution saline normale), du Ringer lactate (USP), du chlorure de sodium à 0,45 % (solution saline demi-normale), du chlorure de sodium à 0,45 % + 4 % de glucose (solution saline demi-normale avec dextrose), du chlorure de sodium à 0,18 %-0, 3 % de chlorure de sodium + 4 % de glucose (solution saline hypotonique avec dextrose), 5 % de glucose (dextrose à 5 % dans l'eau), acétate de Ringer ou Plasmalyte) ou des colloïdes (généralement des gélatines, des amidons ou de l'albumine). ",Sélectionnez le ou les liquides intraveineux prescrits ou pris par le patient au cours des 14 jours précédant cette dernière admission/présentation,1,0,0,0,0,
présentation,ANTÉCÉDENTS MÉDICAUX,drug14_ivfluid_vol,Volume total de liquide intraveineux administré au cours des dernières 24 heures (mL),,"Les liquides parentéraux ou intraveineux (IV) sont prescrits pour remplacer les liquides, les électrolytes, les calories, les vitamines et autres substances nutritives. Les liquides intraveineux (cristalloïdes et colloïdes) peuvent être utilisés pour la réhydratation, le maintien des besoins ou la réanimation.",Précisez le volume total de liquides intraveineux (cristalloïdes et colloïdes) reçus par le patient au cours des dernières 24 heures. Enregistrez le volume en millilitres (mL).,1,0,0,0,0,
présentation,ANTÉCÉDENTS MÉDICAUX,drug14_ivfluid_reas,Indication / raison,"1, Choc | 2, Hématocrite élevé/en augmentation | 3, Anorexie | 4, Vomissements persistants | 88, Autre","Ceci fait référence à l'indication des liquides intraveineux. Le choc désigne une défaillance circulatoire entraînant un apport insuffisant en oxygène pour répondre aux besoins métaboliques des cellules. Il se caractérise par deux des symptômes suivants : signes d'hypoperfusion (par exemple, remplissage capillaire lent, peau froide et pouls rapide et faible), pression différentielle faible (inférieure ou égale à 20 mmHg), hypotension pour l'âge et tachycardie.",Indiquez l'indication des liquides intraveineux.,1,0,0,0,0,0
présentation,ANTÉCÉDENTS MÉDICAUX,drug14_ivfluid_reas_oth,Précisez autre raison,,"Ceci fait référence à l'indication des liquides intraveineux. Le choc désigne une défaillance circulatoire entraînant un apport insuffisant en oxygène pour répondre aux besoins métaboliques des cellules. Il se caractérise par deux des symptômes suivants : signes d'hypoperfusion (par exemple, remplissage capillaire lent, peau froide et pouls rapide et faible), pression différentielle faible (inférieure ou égale à 20 mmHg), hypotension pour l'âge et tachycardie.","Si « Autre », précisez l'indication des liquides intraveineux.",1,0,0,0,0,
présentation,ANTÉCÉDENTS MÉDICAUX,drug14_fluid_oral,Réhydratation orale,"1, oui | 0, Non | 99, Inconnu","Il s'agit des liquides de réhydratation orale (entérale), à ​​l'exclusion de ceux que le patient consomme de manière diététique non prescrite.",Indiquez « Oui » si le patient a reçu des liquides de réhydratation orale dans les 24 heures précédant cette admission/présentation.,1,0,0,0,0,0
présentation,ANTÉCÉDENTS MÉDICAUX,drug14_fluid_oralvol,Volume de réhydratation orale (mL/24 heures),,"Il s'agit des liquides de réhydratation orale (entérale), à ​​l'exclusion de ceux que le patient consomme de manière diététique non prescrite.","Si « Oui », enregistrez la quantité de liquides de réhydratation orale administrée dans les 24 heures précédant cette admission/présentation.",1,0,0,0,0,
présentation,ANTÉCÉDENTS MÉDICAUX,drug14_blood,Transfusion de sang/produits sanguins,"1, oui | 0, Non | 99, Inconnu","Cela fait référence à une transfusion de sang total ou de produits sanguins tels qu'un concentré de globules rouges, de plaquettes, de plasma fraîchement congelé, de cryoprécipité, de concentré de fibrinogène, de granulocytes, etc. Exclut la transfusion d'immunoglobuline intraveineuse humaine.",Indiquez « Oui » si le patient a reçu une transfusion de produits sanguins dans les 24 heures précédant cette admission/présentation.,1,0,0,0,0,0
présentation,ANTÉCÉDENTS MÉDICAUX,drug14_blood_type,Sélectionnez tous les produits sanguins administrés.,"1, plaquettes | 2, cryoprécipité | 3, Sang total | 4, plasma frais congelé | 5, concentré de fibrinogène | 6, Packed RBC (concentré de globules rouges)","Les plaquettes font référence au transfert de plaquettes sanguines d'un donneur à un receveur ou à une réinfusion au donneur. Le cryoprécipité fait référence à un produit sanguin congelé préparé à partir de plasma congelé qui contient du fibrinogène (facteur I), du facteur antihémophilique (facteur VIII), du facteur XIII, du facteur von Willebrand (vWF) et de la fibronectine. Le sang total fait référence à l’administration intraveineuse de sang total (sang contenant du plasma et des globules rouges) à un individu. Les globules rouges concentrés font référence aux globules rouges provenant d'une unité de sang total après élimination de la majeure partie du plasma, laissant une unité avec un hématocrite d'environ 6 %. Le plasma frais congelé fait référence au plasma qui est séparé du sang total et congelé rapidement après un don de sang afin d'être utilisé pour des transfusions sanguines. Le concentré de fibrinogène est un agent hémostatique utilisé pour le traitement des épisodes hémorragiques aigus chez les patients présentant un déficit congénital en fibrinogène, notamment l'afibrinogénémie et l'hypofibrinogénémie.",Sélectionnez la ou les options les plus appropriées correspondant au(x) produit(s) sanguin(s) qui ont été administrés dans les 24 heures précédant cette admission/présentation.,1,0,0,0,0,0
présentation,ANTÉCÉDENTS MÉDICAUX,drug14_blood_plate,Plaquettes (unités/24 heures),,Les plaquettes font référence au transfert de plaquettes sanguines d'un donneur à un receveur ou à une réinfusion au donneur.,Enregistrez le nombre d'unités que le patient a reçues dans les 24 heures précédant cette admission/présentation en millilitres (mL).,1,0,0,0,0,
présentation,ANTÉCÉDENTS MÉDICAUX,drug14_blood_cryo,Cryoprécipité (unités/24 heures),,"Le cryoprécipité fait référence à un produit sanguin congelé préparé à partir de plasma congelé contenant du fibrinogène (facteur I), du facteur antihémophilique (facteur VIII), du facteur XIII, du facteur von Willebrand (vWF) et de la fibronectine.",Enregistrez le nombre d'unités que le patient a reçues dans les 24 heures précédant cette admission/présentation en millilitres (mL).,1,0,0,0,0,
présentation,ANTÉCÉDENTS MÉDICAUX,drug14_blood_whole,Volume de sang total (unités/24 heures),,Le sang total fait référence à l’administration intraveineuse de sang total (sang contenant du plasma et des globules rouges) à un individu.,Enregistrez le nombre d'unités que le patient a reçues dans les 24 heures précédant cette admission/présentation en millilitres (mL).,1,0,0,0,0,
présentation,ANTÉCÉDENTS MÉDICAUX,drug14_blood_plasma,Plasma frais congelé (unités/24 heures),,Le plasma frais congelé fait référence au plasma qui est séparé du sang total et congelé rapidement après un don de sang afin d'être utilisé pour des transfusions sanguines.,Enregistrez le nombre d'unités que le patient a reçues dans les 24 heures précédant cette admission/présentation en millilitres (mL).,1,0,0,0,0,
présentation,ANTÉCÉDENTS MÉDICAUX,drug14_blood_fibrin,Concentré de fibrinogène (unités/24 heures),,"Le concentré de fibrinogène est un agent hémostatique utilisé pour le traitement des épisodes hémorragiques aigus chez les patients présentant un déficit congénital en fibrinogène, notamment l'afibrinogénémie et l'hypofibrinogénémie.",Enregistrez le nombre d'unités que le patient a reçues dans les 24 heures précédant cette admission/présentation en millilitres (mL).,1,0,0,0,0,
présentation,ANTÉCÉDENTS MÉDICAUX,drug14_blood_rcc,Concentré de globules rouges (concentré de globules rouges) (unités/24 heures),,"Les globules rouges concentrés font référence aux globules rouges provenant d'une unité de sang total après élimination de la majeure partie du plasma, laissant une unité avec un hématocrite d'environ 6 %.",Enregistrez le nombre d'unités que le patient a reçues dans les 24 heures précédant cette admission/présentation en millilitres (mL).,1,0,0,0,0,
présentation,ANTÉCÉDENTS MÉDICAUX,drug14_antihypertensive,Antihypertenseurs,"1, Oui | 0, Non | 99, Inconnu","Il s'agit de toute substance utilisée dans le traitement de l'hypertension aiguë ou chronique, quel que soit son mécanisme pharmacologique. Exemples : inhibiteurs de l'ECA (lisinopril (Zestril), énalapril (Vasotec), ramipril (Altace), captopril) ; antagonistes des récepteurs de l'angiotensine (losartan (Cozaar), valsartan (Diovan), irbésartan (Avapro), olmésartan (Benicar)) ; bêta-bloquants (métoprolol (Lopressor), carvédilol (Coreg), bisoprolol, aténolol) ; inhibiteurs calciques (amlodipine (Norvasc), diltiazem (Cardizem), vérapamil) ; diurétiques (furosémide (Lasix), spironolactone (Aldactone), hydrochlorothiazide (HCTZ)).",Indiquez « Oui » si le patient a pris ce médicament au cours des 14 jours précédant cette dernière admission/présentation.,1,0,0,0,0,0
présentation,ANTÉCÉDENTS MÉDICAUX,drug14_antidiabetic,Médicaments antidiabétiques,"1, Oui | 0, Non | 99, Inconnu","Il s'agit de toute substance utilisée pour réduire l'hyperglycémie ou traiter les troubles associés au diabète. Exemples : metformine (Glucophage) ; inhibiteurs du SGLT2 (empagliflozine (Jardiance), dapagliflozine (Farxiga), canagliflozine (Invokana)) ; inhibiteurs de la DPP-4 (sitagliptine (Januvia), linagliptine (Tradjenta), Saxagliptine (Onglyza)) ; agonistes du récepteur du GLP-1 (liraglutide (Victoza), semaglutide (Ozempic), dulaglutide (Trulicity)) ; insulines (glargine (Lantus), aspart (NovoLog), lispro (Humalog), détémir (Levemir))",Indiquez « Oui » si le patient a pris ce médicament au cours des 14 jours précédant cette dernière admission/présentation.,1,0,0,0,0,0
présentation,ANTÉCÉDENTS MÉDICAUX,drug14_lipidlowering,Médicaments hypolipidémiants,"1, Oui | 0, Non | 99, Inconnu","Il s'agit de toute substance utilisée pour réduire le taux de certains lipides dans le sang dans le cadre du traitement de l'hyperlipidémie. Exemples : statines (atorvastatine (Lipitor), rosuvastatine (Crestor), simvastatine (Zocor), pravastatine (Pravachol)) ; ézétimibe (Zetia)",Indiquez « Oui » si le patient a pris ce médicament au cours des 14 jours précédant cette dernière admission/présentation.,1,0,0,0,0,0
présentation,ANTÉCÉDENTS MÉDICAUX,drug14_antireflux,Médicaments anti-reflux ou autres médicaments gastro-intestinaux,"1, Oui | 0, Non | 99, Inconnu","Il s'agit de toute substance utilisée dans le traitement du reflux gastrique en empêchant le reflux du contenu acide de l'estomac dans l'œsophage, ou d'autres médicaments pris pour traiter des affections du système gastro-intestinal. Exemples : Inhibiteurs de la pompe à protons (oméprazole (Prilosec), pantoprazole (Protonix), ésoméprazole (Nexium), lansoprazole (Prevacid)) ; antagonistes des récepteurs H2 (ranitidine (Zantac), famotidine (Pepcid))",Indiquez « Oui » si le patient a pris ce médicament au cours des 14 jours précédant cette dernière admission/présentation.,1,0,0,0,0,0
présentation,ANTÉCÉDENTS MÉDICAUX,drug14_antidepress,Antidépresseurs et anxiolytiques,"1, Oui | 0, Non | 99, Inconnu","Les antidépresseurs sont des médicaments stimulants utilisés principalement dans le traitement des troubles affectifs et des troubles associés. Les anxiolytiques sont des médicaments utilisés pour traiter les troubles anxieux. Exemples : Inhibiteurs sélectifs de la recapture de la sérotonine (sertraline (Zoloft), citalopram (Celexa), fluoxétine (Prozac), escitalopram (Lexapro)) ; les inhibiteurs de la recapture de la sérotonine et de la noradrénaline (venlafaxine (Effexor), duloxétine (Cymbalta)) ; les benzodiazépines (lorazépam (Ativan), diazépam (Valium), alprazolam (Xanax))",Indiquez « Oui » si le patient a pris ce médicament au cours des 14 jours précédant cette dernière admission/présentation.,1,0,0,0,0,0
présentation,ANTÉCÉDENTS MÉDICAUX,drug14_antiepileptic,Antiépileptiques,"1, Oui | 0, Non | 99, Inconnu","Il s'agit de toute substance utilisée pour arrêter, prévenir ou contrôler les crises (convulsions). Exemples : lévétiracétam (Keppra), valproate (Depakote), carbamazépine (Tegretol), lamotrigine (Lamictal).",Indiquez « Oui » si le patient a pris ce médicament au cours des 14 jours précédant cette dernière admission/présentation.,1,0,0,0,0,0
présentation,ANTÉCÉDENTS MÉDICAUX,drug14_herb,Traitement à base de plantes ou traditionnel,"1, Oui | 0, Non | 99, Inconnu","Le traitement à base de plantes ou traditionnel fait référence aux herbes, à des matériaux à base de plantes, à des préparations à base de plantes et à des produits à base de plantes finis, qui contiennent des ingrédients actifs des parties des plantes, et d'autres connaissances, compétences et pratiques basées sur les théories, les croyances et les expériences indigènes à différentes cultures qui sont utilisé pour traiter la maladie physique ou mentale.","Indiquez «oui», si le patient a suivi un «traitement à base de plantes ou traditionnel dans les 14 jours précédant cette dernière entrée / présentation",1,0,0,0,0,0
présentation,ANTÉCÉDENTS MÉDICAUX,drug14_herbreas,Si oui: spécifiez l'ingrédient actif dans un traitement à base de plantes ou traditionnel,,Cela fait référence à la ou aux composants pharmaceutiquement actifs d'une préparation de médicaments à base de plantes ou traditionnels.,"Si «oui», spécifiez la ou les composants pharmaceutiquement actifs d'une préparation de médicaments à base de plantes ou traditionnels.",1,0,0,0,0,
présentation,ANTÉCÉDENTS MÉDICAUX,drug14_hivprep,Préparation du VIH / PEP,"1, Oui | 0, Non | 99, Inconnu",Cela fait référence à la prophylaxie pré-exposition (PREP) et à la prophylaxie post-exposition (PEP) pour prévenir le VIH.,"Indiquez «oui», si le patient a reçu une thérapie antirétrovirale, aux fins de la préparation et du PEP pour prévenir le VIH, dans les 14 jours précédant cette dernière admission / présentation.",1,0,0,0,0,0
présentation,ANTÉCÉDENTS MÉDICAUX,drug14_antimalarial,Médicaments antipaludiques,"1, oui | 0, Non | 99, Inconnu",Cela fait référence aux médicaments utilisés pour traiter le paludisme.,Indiquez « Oui » si le patient a pris un médicament antipaludique dans les 14 jours précédant cette admission/présentation la plus récente.,1,0,0,0,0,0
présentation,ANTÉCÉDENTS MÉDICAUX,drug14_antimalarial_type,Sélectionnez des médicaments antipaludiques,"1, Artéméther-Luméfantrine (Coartem, Riamet) | 2, chloroquine (Aralen, Resochin) | 3, Hydroxychloroquine (Plaquénil) | 4, Quinine (Qualaquin) | 5, Primaquine | 6, sulfadoxine | 7, Pyriméthamine (Fansidar) | 8, artésunate | 88, autre",Cela fait référence aux médicaments utilisés pour traiter le paludisme.,Sélectionnez le ou les antipaludiques prescrits ou pris par le patient dans les 14 jours précédant cette admission/présentation la plus récente (sélectionnez toutes les réponses applicables).,1,0,0,0,0,0
présentation,ANTÉCÉDENTS MÉDICAUX,drug14_antimalarial_type_oth,Préciser les autres médicaments antipaludiques,,Cela fait référence aux médicaments utilisés pour traiter le paludisme.,"Si « Autre », précisez les autres médicaments antipaludiques, non répertoriés ci-dessus, qui ont été prescrits ou pris par le patient dans les 14 jours précédant cette admission/présentation la plus récente.",1,0,0,0,0,
présentation,ANTÉCÉDENTS MÉDICAUX,drug14_chemo,Chimiothérapie anticancéreuse,"1, Oui | 0, Non | 99, Inconnu",Il s'agit d'antécédents d'exposition à une chimiothérapie anticancéreuse au cours des 14 jours précédant cette dernière admission/présentation.,Indiquez « Oui » si le patient a des antécédents d'exposition à une chimiothérapie anticancéreuse au cours des 14 jours précédant cette dernière admission/présentation.,1,0,0,0,0,0
présentation,ANTÉCÉDENTS MÉDICAUX,drug14_unlisted,Autres médicaments ciblés pathogènes,"1, Oui | 0, Non | 99, Inconnu","Cela fait référence à d'autres médicaments ciblés par des agents pathogènes, non répertoriés ci-dessus.","Indiquez «oui», si des médicaments ciblés par des agents pathogènes (autres que ceux spécifiés ci-dessus) ont été pris dans les 14 jours précédant cette dernière entrée / présentation.",1,0,0,0,0,0
présentation,ANTÉCÉDENTS MÉDICAUX,drug14_unlisted_type,Si oui: spécifiez d'autres médicaments ciblés par des agents pathogènes,,"Cela fait référence à d'autres médicaments ciblés par des agents pathogènes, non répertoriés ci-dessus.","Indiquez «oui», si des médicaments ciblés par des agents pathogènes (autres que ceux spécifiés ci-dessus) ont été pris dans les 14 jours précédant cette dernière entrée / présentation.",1,0,0,0,0,
présentation,MÉDICAMENTS PRIS AVANT CETTE HOSPITALISATION,vacci_covid19,COVID 19,"1, Oui | 0, Non | 99, Inconnu","Avez-vous déjà reçu un vaccin contre le SARS-Cov-2 ? Exemples : Spikevax (Moderna), Comirnaty (Pfizer/BioNTech), Nuvaxovid (Novavax), Vaxzevria (AstraZeneca/Oxford), Janssen COVID-19 Vaccine (Johnson & Johnson), Valneva (Valneva).",Indiquez « Oui » si le patient a déjà reçu un vaccin ciblant le SARS-Cov-2.,1,0,0,0,0,0
présentation,MÉDICAMENTS PRIS AVANT CETTE HOSPITALISATION,vacci_covid19_date1,Date du premier vaccin Covid-19,,"Il s'agit de la date à laquelle la première dose du vaccin contre la COVID-19 a été administrée, au format JJ/MM/AAAA. Si la date exacte n'est pas connue, donnez une estimation.","Indiquez la date de la première vaccination contre la COVID-19 au format JJ/MM/AAAA. Si la date exacte est inconnue, estimez-la.",1,0,0,0,0,
présentation,MÉDICAMENTS PRIS AVANT CETTE HOSPITALISATION,vacci_covid19_type1,Type de premier vaccin Covid-19,"1, Pfizer/BioNTech | 2, AstraZeneca/Université d'Oxford (Covishield en Inde) | 3, Moderna | 4, Novavax |5, Janssen (Johnson & Johnson) | 6, Sinopharm | 7, Sinovac | 8, Sputnik V | 9, Covaxin | 10, CanSinoBIO | 99, Inconnu | 0, Autre, à préciser",Fait référence au type du premier vaccin Covid-19 que le patient a reçu.,Sélectionnez le type de premier vaccin Covid-19.,1,0,0,0,0,0
présentation,MÉDICAMENTS PRIS AVANT CETTE HOSPITALISATION,vacci_covid19_type1_oth,Précisez les autres types de vaccins contre la COVID-19,,Il s'agit du type du premier vaccin contre la COVID-19 que le patient a reçu.,"Si « Autre », précisez le type de vaccin contre la COVID-19.",1,0,0,0,0,
présentation,MÉDICAMENTS PRIS AVANT CETTE HOSPITALISATION,vacci_covid19_date2,Date du deuxième vaccin Covid-19,,"Il s'agit de la date à laquelle la deuxième dose du vaccin contre la COVID-19 a été administrée, au format JJ/MM/AAAA. Si la date exacte est inconnue, faites une estimation.","Indiquez la date de la deuxième vaccination contre la COVID-19 au format JJ/MM/AAAA. Si la date exacte est inconnue, estimez-la.",1,0,0,0,0,
présentation,MÉDICAMENTS PRIS AVANT CETTE HOSPITALISATION,vacci_covid19_type2,Type de deuxième vaccin contre Covid-19,"1, Pfizer/BioNTech | 2, AstraZeneca/Université d'Oxford (Covishield en Inde) | 3, Moderna | 4, Novavax |5, Janssen (Johnson & Johnson) | 6, Sinopharm | 7, Sinovac | 8, Sputnik V | 9, Covaxin | 10, CanSinoBIO | 99, Inconnu | 0, Autre, veuillez préciser",Fait référence au type du deuxième vaccin Covid-19 que le patient a reçu.,Sélectionnez le type de deuxième vaccin Covid-19.,1,0,0,0,0,0
présentation,MÉDICAMENTS PRIS AVANT CETTE HOSPITALISATION,vacci_covid19_type2_oth,Précisez les autres types de vaccins contre la COVID-19,,Il s'agit du type de deuxième vaccin contre la COVID-19 reçu par le patient.,"Si « Autre », précisez le type de vaccin contre la COVID-19.",1,0,0,0,0,
présentation,MÉDICAMENTS PRIS AVANT CETTE HOSPITALISATION,vacci_covid19_date3,Date du troisième vaccin Covid-19,,"Désigne la date à laquelle la troisième dose du vaccin contre la COVID-19 a été reçue, au format JJ/MM/AAAA. Si la date exacte n'est pas connue, estimez-la.","Indiquez la date du troisième vaccin contre la COVID-19 au format JJ/MM/AAAA. Si la date exacte n'est pas connue, estimez-la.",1,0,0,0,0,
présentation,MÉDICAMENTS PRIS AVANT CETTE HOSPITALISATION,vacci_covid19_type3,Type de troisième vaccin Covid-19,"1, Pfizer/BioNTech | 2, AstraZeneca/Université d'Oxford (Covishield en Inde) | 3, Moderna | 4, Novavax |5, Janssen (Johnson & Johnson) | 6, Sinopharm | 7, Sinovac | 8, Sputnik V | 9, Covaxin | 10, CanSinoBIO | 99, Inconnu | 0, Autre, veuillez préciser",Fait référence au type du troisième vaccin Covid-19 que le patient a reçu.,Sélectionnez le type de troisième vaccin Covid-19.,1,0,0,0,0,0
présentation,MÉDICAMENTS PRIS AVANT CETTE HOSPITALISATION,vacci_covid19_type3_oth,Précisez les autres types de vaccins contre la COVID-19,,Désigne le type du troisième vaccin contre la COVID-19 reçu par le patient.,"Si « Autre », précisez le type de vaccin contre la COVID-19.",1,0,0,0,0,
présentation,MÉDICAMENTS PRIS AVANT CETTE HOSPITALISATION,vacci_covid19_lastdate,Date du dernier vaccin contre la COVID-19,,"Il s'agit de la date à laquelle le dernier vaccin contre la COVID-19 a été administré, au format JJ/MM/AAAA. Si la date exacte est inconnue, faites une estimation.","Indiquez la date du dernier vaccin contre la COVID-19 au format JJ/MM/AAAA. Si la date exacte est inconnue, faites une estimation.",1,0,0,0,0,
présentation,MÉDICAMENTS PRIS AVANT CETTE HOSPITALISATION,vacci_covid19_lasttype,Type du dernier vaccin contre la COVID-19,"1, Pfizer/BioNTech | 2, AstraZeneca/Université d'Oxford (Covishield en Inde) | 3, Moderna | 4, Novavax |5, Janssen (Johnson & Johnson) | 6, Sinopharm | 7, Sinovac | 8, Sputnik V | 9, Covaxin | 10, CanSinoBIO | 99, Inconnu | 88, Autre",Il s'agit du type de vaccin contre la COVID-19 le plus récemment administré au patient.,Sélectionnez le type de vaccin contre la COVID-19 le plus récent.,1,0,0,0,0,0
présentation,MÉDICAMENTS PRIS AVANT CETTE HOSPITALISATION,vacci_covid19_lasttype_oth,Précisez les autres types de vaccins contre la COVID-19,,Il s'agit du type de vaccin contre la COVID-19 le plus récemment administré au patient.,"Si « Autre », précisez le type de vaccin contre la COVID-19.",1,0,0,0,0,
présentation,MÉDICAMENTS PRIS AVANT CETTE HOSPITALISATION,vacci_influenza,Vacciné contre la grippe saisonnière (jamais),"1, Oui | 0, Non | 99, Inconnu",A déjà reçu un vaccin contre la grippe saisonnière.,Indiquez « Oui » si le patient a déjà reçu un vaccin contre la grippe saisonnière.,1,0,0,0,0,0
présentation,MÉDICAMENTS PRIS AVANT CETTE HOSPITALISATION,vacci_influenza_date,Si oui: date du dernier vaccin contre la grippe saisonnière,,Cela fait référence à la date du dernier vaccin contre la grippe saisonnière,"Inscrivez la date du vaccin contre la grippe saisonnière le plus récent au format JJ/MM/AAAA. Si la date exacte est inconnue, faites une estimation.  ",1,0,0,0,0,
présentation,MÉDICAMENTS PRIS AVANT CETTE HOSPITALISATION,vacci_influenza_type,Type du dernier vaccin contre la grippe,"1, Vaccin antigrippal inactivé (IIV) | 2, Vaccin antigrippal vivant atténué (LAIV) | 3, Vaccin antigrippal recombinant (RIV) | 4, Vaccin antigrippal à base de cellules (ccIIV) | 5, Vaccin antigrippal à base d'œufs | 6, Vaccins antigrippaux à ARNm (technologie émergente) | 99, Inconnu | 88, Autre",Il s'agit du type du dernier vaccin contre la grippe saisonnière,Sélectionnez l'option la plus appropriée qui correspond au type de vaccin contre la grippe saisonnière le plus récent.,1,0,0,0,0,0
présentation,MÉDICAMENTS PRIS AVANT CETTE HOSPITALISATION,vacci_influenza_type_oth,Précisez le type de vaccin contre la grippe,,Il s'agit du type du dernier vaccin contre la grippe saisonnière,"Si « Autre », précisez le type de vaccin contre la grippe saisonnière le plus récent.",1,0,0,0,0,
présentation,MÉDICAMENTS PRIS AVANT CETTE HOSPITALISATION,vacci_aviinflu,Vacciné contre la grippe aviaire,"1, Oui | 0, Non | 99, Inconnu",A déjà reçu un vaccin contre la grippe aviaire.,Indiquez « Oui » si le patient a déjà reçu un vaccin contre la grippe aviaire.,1,0,0,0,0,0
présentation,MÉDICAMENTS PRIS AVANT CETTE HOSPITALISATION,vacci_aviinflu_date,Date du dernier vaccin contre la grippe aviaire,,Il s'agit de la date du dernier vaccin contre la grippe aviaire,"Inscrivez la date du vaccin contre la grippe aviaire le plus récent au format JJ/MM/AAAA. Si la date exacte est inconnue, estimez-la.  ",1,0,0,0,0,
présentation,MÉDICAMENTS PRIS AVANT CETTE HOSPITALISATION,vacci_aviinflu_type,Type du dernier vaccin contre la grippe aviaire,"1, Quadrivalent, recombinant | 2, Quadrivalent, inactivé avec adjuvant | 3, Quadrivalent, à forte dose | 4, Quadrivalent, à base de cellules | 5, Influenza Tetra MYL | 6, Trivalent, recombinant | 7, Trivalent, dose élevée | 8, trivalent, inactivé avec adjuvant | 9, trivalent, intranasal | 10, H5N1 (Audenz, Aflunov) | 99, inconnu | 88, autre",Il s'agit du type du dernier vaccin contre la grippe aviaire,Sélectionnez l'option la plus appropriée qui correspond au type de vaccin contre la grippe aviaire le plus récent.,1,0,0,0,0,0
présentation,MÉDICAMENTS PRIS AVANT CETTE HOSPITALISATION,vacci_aviinflu_type_oth,Précisez le type de vaccin contre la grippe aviaire,,Il s'agit du type du dernier vaccin contre la grippe aviaire,"Si « Autre », précisez le type de vaccin contre la grippe aviaire le plus récent.",1,0,0,0,0,
présentation,MÉDICAMENTS PRIS AVANT CETTE HOSPITALISATION,vacci_rsv,Vacciné contre le virus respiratoire syncytial (VRS),"1, oui | 0, non | 99, inconnu",A déjà reçu un vaccin contre la grippe aviaire.,Indiquez « Oui » si le patient a déjà reçu un vaccin contre le VRS.,1,0,0,0,0,0
présentation,MÉDICAMENTS PRIS AVANT CETTE HOSPITALISATION,vacci_rsv_date,Date du dernier vaccin contre le virus respiratoire syncytial (VRS),,Il s'agit de la date du dernier vaccin contre la grippe aviaire,"Inscrivez la date du vaccin contre le VRS le plus récent au format JJ/MM/AAAA. Si la date exacte est inconnue, estimez-la.  ",1,0,0,0,0,
présentation,MÉDICAMENTS PRIS AVANT CETTE HOSPITALISATION,vacci_rsv_type,Type du dernier vaccin contre le virus respiratoire syncytial (VRS),"1,  Abrysvo (Pfizer) | 2,  Arexvy (GlaxoSmithKline) | 3, mResvia (Moderna)  | 99, Inconnu | 88, Autre",Il s'agit du type du dernier vaccin contre le virus respiratoire syncytial (VRS).,Sélectionnez l'option la plus appropriée qui correspond au type de vaccin contre le virus respiratoire syncytial (VRS) le plus récent.,1,0,0,0,0,0
présentation,MÉDICAMENTS PRIS AVANT CETTE HOSPITALISATION,vacci_rsv_type_oth,Précisez le type de vaccin contre le virus respiratoire syncytial (VRS),,Il s'agit du type du dernier vaccin contre le virus respiratoire syncytial (VRS).,"Si « Autre », précisez le type de vaccin contre le virus respiratoire syncytial (VRS) le plus récent.",1,0,0,0,0,
présentation,MÉDICAMENTS PRIS AVANT CETTE HOSPITALISATION,vacci_pneumococo,Vacciné contre la pneumococcie,"1, Oui | 0, Non | 99, Inconnu",A déjà reçu un vaccin contre le pneumocoque (Streptococcus pneumoniae).,Indiquez « Oui » si le patient a déjà reçu un vaccin contre le pneumocoque.,1,0,0,0,0,0
présentation,MÉDICAMENTS PRIS AVANT CETTE HOSPITALISATION,vacci_pneumococo_date,Date du dernier vaccin contre la pneumococcie,,Il s'agit de la date du dernier vaccin contre le pneumocoque.,"Indiquez la date du dernier vaccin antipneumococcique au format JJ/MM/AAAA. Si la date exacte est inconnue, estimez-la.",1,0,0,0,0,
présentation,MÉDICAMENTS PRIS AVANT CETTE HOSPITALISATION,vacci_dengue,Dengue,"1, OUI-une fois | 2, OUI-deux fois | 3, OUI-trois fois | 0, Non | 99, Inconnu",Ce groupe de questions concerne les précédentes vaccinations de dengue.,Sélectionnez l'option la plus appropriée indiquant si le patient a déjà reçu le vaccin contre la dengue avant cet épisode de maladie et le nombre de vaccins contre la dengue reçus précédemment.,1,0,0,0,0,0
présentation,MÉDICAMENTS PRIS AVANT CETTE HOSPITALISATION,vacci_dengue_date1,Date du premier vaccin contre la dengue,,"Cela indique la date à laquelle la première dose du vaccin contre la dengue a été reçue, au format JJ/MM/AAAA. Si la date exacte est inconnue, estimez-la.","Indiquez la date à laquelle la première dose de vaccin a été administrée au format JJ/MM/AAAA. Si la date exacte est inconnue, estimez-la.  ",1,0,0,0,0,
présentation,MÉDICAMENTS PRIS AVANT CETTE HOSPITALISATION,vacci_dengue_type1,Type de premier vaccin de dengue,"1, CYD-TVD (Dengvaxia) | 2, TAK-003 (QDENGA)",Fait référence au type du premier vaccin de dengue que le patient a reçu.,Sélectionnez l'option la plus appropriée qui représente le type du premier vaccin contre la dengue reçue par le patient.,1,0,0,0,0,0
présentation,MÉDICAMENTS PRIS AVANT CETTE HOSPITALISATION,vacci_dengue_date2,Date du deuxième vaccin contre la dengue,,"Il s'agit de la date à laquelle la deuxième dose du vaccin contre la dengue a été administrée, au format JJ/MM/AAAA. Si la date exacte n'est pas connue, estimez-la.","Indiquez la date à laquelle la deuxième dose de vaccin a été administrée au format JJ/MM/AAAA. Si la date exacte est inconnue, estimez-la.",1,0,0,0,0,
présentation,MÉDICAMENTS PRIS AVANT CETTE HOSPITALISATION,vacci_dengue_type2,Type de deuxième dengue vaccin,"1, CYD-TVD (Dengvaxia) | 2, TAK-003 (QDENGA)",Fait référence au type du deuxième vaccin de dengue que le patient a reçu.,Sélectionnez l'option la plus appropriée qui représente le type du deuxième vaccin contre la dengue reçue par le patient.,1,0,0,0,0,0
présentation,MÉDICAMENTS PRIS AVANT CETTE HOSPITALISATION,vacci_dengue_date3,Date du troisième vaccin contre la dengue,,"Il s'agit de la date à laquelle la troisième dose du vaccin contre la dengue a été administrée, au format JJ/MM/AAAA. Si la date exacte n'est pas connue, estimez-la.","Indiquez la date à laquelle la troisième dose de vaccin a été administrée au format JJ/MM/AAAA. Si la date exacte est inconnue, estimez-la.  ",1,0,0,0,0,
présentation,MÉDICAMENTS PRIS AVANT CETTE HOSPITALISATION,vacci_dengue_date,Date du dernier vaccin contre la dengue,,,,1,0,0,,,
présentation,MÉDICAMENTS PRIS AVANT CETTE HOSPITALISATION,vacci_chick,Vacciné contre le chikungunya (déjà),"1, oui | 0, Non | 99, Inconnu",,,1,0,0,,,0
présentation,MÉDICAMENTS PRIS AVANT CETTE HOSPITALISATION,vacci_chick_type,Type de vaccin CHIKV,"1, IXCHIQ | 2, VIMKUNYA| 88, autre",,,1,0,0,,,0
présentation,MÉDICAMENTS PRIS AVANT CETTE HOSPITALISATION,vacci_chick_type_oth,Préciser un autre type de vaccin CHIKV,,,,1,0,0,,,
présentation,MÉDICAMENTS PRIS AVANT CETTE HOSPITALISATION,vacci_chick_date,Date du vaccin CHIKV,,,,1,0,0,,,
présentation,MÉDICAMENTS PRIS AVANT CETTE HOSPITALISATION,vacci_dengue_type3,Type de troisième vaccin contre la dengue,"1, CYD-TVD (Dengvaxia) | 2, TAK-003 (QDENGA)",Fait référence au type du troisième vaccin de dengue que le patient a reçu.,Sélectionnez l'option la plus appropriée qui représente le type du troisième vaccin contre la dengue reçue par le patient.,1,0,0,0,0,0
présentation,MÉDICAMENTS PRIS AVANT CETTE HOSPITALISATION,vacci_spox80,Avez-vous reçu le vaccin contre la variole avant 1980 ?,"1, Oui | 0, Non | 99, Inconnu","Il s'agit de la vaccination contre la variole avant 1980, qui n'a donc aucun rapport avec l'événement actuel.",Indiquez « Oui » si le patient a reçu un vaccin contre la variole avant 1980.,1,0,0,0,0,0
présentation,MÉDICAMENTS PRIS AVANT CETTE HOSPITALISATION,vacci_spox80_year,Année de vaccination (estimation si incertaine),,"Il s'agit de la vaccination contre la variole avant 1980, qui n'a donc aucun rapport avec l'événement actuel.",Inscrivez l'année au cours de laquelle le patient a reçu le vaccin contre la variole. Faites une estimation si vous n'êtes pas certain. Notez que cette date ne doit pas être antérieure à 1980. Laissez cette réponse vide si l'année est inconnue.,1,0,0,0,0,
présentation,MÉDICAMENTS PRIS AVANT CETTE HOSPITALISATION,vacci_spox80_scar,Une cicatrice de vaccination contre la variole est-elle visible (généralement sur le haut du bras) ?,"1, Oui | 0, Non | 99, Inconnu","Il s'agit d'une cicatrice au site de vaccination contre la variole (généralement sur le haut du bras, si présente), qui est généralement ronde, peut avoir des bords irréguliers et apparaître plus basse que la peau environnante.",Indiquez « Oui » si le patient présente une cicatrice visible du vaccin contre la variole.,1,0,0,0,0,0
présentation,MÉDICAMENTS PRIS AVANT CETTE HOSPITALISATION,vacci_mpox,Mpox,"1, Oui | 0, Non | 99, Inconnu",Il s'agit de toute vaccination contre la variole ou la variole du singe après 1980.,Indiquez « Oui » si le patient a reçu le vaccin contre la variole après 1980.,1,0,0,0,0,0
présentation,MÉDICAMENTS PRIS AVANT CETTE HOSPITALISATION,vacci_mpox_number,Si oui: le nombre de vaccins MPOX ou Sallpox reçus,,Cela fait référence au nombre de vaccins MPOX ou de variole reçus.,Écrivez le nombre de vaccins MPOX ou Sallpox reçus.,1,0,0,0,0,
présentation,MÉDICAMENTS PRIS AVANT CETTE HOSPITALISATION,vacci_mpox_type,Si oui: type de vaccin MPOX ou variole,"1, Imvanex/Imvamune/Jyneos (MVA-BN) | 2, ACAM2000 | 3, LC16m8 | 99, Inconnu | 88, Autre",Il s'agit du type de vaccin MPOX ou de variole.,"Sélectionnez la ou les options correspondant aux vaccins reçus. Si «autre», spécifiez les autres vaccins ci-dessous.",1,0,0,0,0,0
présentation,MÉDICAMENTS PRIS AVANT CETTE HOSPITALISATION,vacci_mpox_type_oth,Nom d'un autre vaccin contre la variole ou la variole du singe,,Il s'agit du type de vaccin contre la variole du singe ou la variole.,"Si « Autre », inscrivez le ou les noms des autres vaccins contre la variole/mpox.",1,0,0,0,0,
présentation,MÉDICAMENTS PRIS AVANT CETTE HOSPITALISATION,vacci_mpox_date1,Date du premier vaccin contre la variole ou la variole du singe,,Il s'agit du premier vaccin contre la variole ou la variole.,Indiquez la date exacte du premier vaccin si elle est connue (au format JJ/MM/AAAA).,1,0,0,0,0,
présentation,MÉDICAMENTS PRIS AVANT CETTE HOSPITALISATION,vacci_mpox_route1,Voie d'administration du premier vaccin mpox ou variole,"1, intramusculaire | 2, sous-cutané | 3, intradermique | 99, Inconnu | 88, autre",,,1,0,0,,,0
présentation,MÉDICAMENTS PRIS AVANT CETTE HOSPITALISATION,vacci_mpox_route1_oth,Veuillez préciser un autre itinéraire,,,,1,0,0,,,
présentation,MÉDICAMENTS PRIS AVANT CETTE HOSPITALISATION,vacci_mpox_date2,Date du deuxième vaccin contre la variole ou la variole,,Il s'agit du deuxième vaccin contre la variole ou la variole.,Indiquez la date exacte du deuxième vaccin si elle est connue (au format JJ/MM/AAAA).,1,0,0,0,0,
présentation,MÉDICAMENTS PRIS AVANT CETTE HOSPITALISATION,vacci_mpox_route2,Voie d'administration du deuxième vaccin mpox ou antivariolique,"1, intramusculaire | 2, sous-cutané | 3, intradermique | 99, Inconnu | 88, autre",,,1,0,0,,,0
présentation,MÉDICAMENTS PRIS AVANT CETTE HOSPITALISATION,vacci_mpox_route2_oth,Veuillez préciser un autre itinéraire,,,,1,0,0,,,
présentation,MÉDICAMENTS PRIS AVANT CETTE HOSPITALISATION,vacci_mpox_date3,Date du troisième vaccin contre la variole ou la variole,,Il s'agit du troisième vaccin contre la variole ou la variole.,"Indiquez la date exacte du troisième vaccin, si elle est connue (au format JJ/MM/AAAA).",1,0,0,0,0,
présentation,MÉDICAMENTS PRIS AVANT CETTE HOSPITALISATION,vacci_mpox_route3,Voie d'administration du troisième vaccin mpox ou antivariolique,"1, intramusculaire | 2, sous-cutané | 3, intradermique | 99, Inconnu | 88, autre",,,1,0,0,,,0
présentation,MÉDICAMENTS PRIS AVANT CETTE HOSPITALISATION,vacci_mpox_route3_oth,Veuillez préciser un autre itinéraire,,,,1,0,0,,,
présentation,MÉDICAMENTS PRIS AVANT CETTE HOSPITALISATION,vacci_mpox_date4,Date du quatrième vaccin contre la variole ou la variole,,Il s'agit du quatrième vaccin contre la variole ou la variole.,"Indiquez la date exacte du quatrième vaccin, si elle est connue (au format JJ/MM/AAAA).",1,0,0,0,0,
présentation,MÉDICAMENTS PRIS AVANT CETTE HOSPITALISATION,vacci_mpox_route4,Voie d'administration du quatrième vaccin mpox ou variole,"1, intramusculaire | 2, sous-cutané | 3, intradermique | 99, Inconnu | 88, autre",,,1,0,0,,,0
présentation,MÉDICAMENTS PRIS AVANT CETTE HOSPITALISATION,vacci_mpox_route4_oth,Veuillez préciser un autre itinéraire,,,,1,0,0,,,
présentation,MÉDICAMENTS PRIS AVANT CETTE HOSPITALISATION,vacci_yellowfever,Vacciné contre la fièvre jaune,"1, Oui | 0, Non | 99, Inconnu",A déjà reçu un vaccin contre le virus de la fièvre jaune.,Indiquez « Oui » si le patient a déjà reçu un  vaccin contre la fièvre jaune.,1,0,0,0,0,0
présentation,MÉDICAMENTS PRIS AVANT CETTE HOSPITALISATION,vacci_yellowfever_date,Date de la dernière vaccination contre la fièvre jaune,,Il s'agit de la date du dernier vaccin contre la fièvre jaune.,"Inscrivez la date du dernier  vaccin contre la fièvre jaune au format JJ/MM/AAAA. Si la date exacte est inconnue, estimez-la.  ",1,0,0,0,0,
présentation,MÉDICAMENTS PRIS AVANT CETTE HOSPITALISATION,vacci_hepatitisb,Vacciné contre l'hépatite B,"1, Oui | 0, Non | 99, Inconnu",A déjà reçu un vaccin contre le virus de l'hépatite B.,Indiquez « Oui » si le patient a déjà reçu un vaccin contre l'hépatite B.,1,0,0,0,0,0
présentation,MÉDICAMENTS PRIS AVANT CETTE HOSPITALISATION,vacci_hepatitisb_date,Date de la dernière vaccination contre l'hépatite B,,Il s'agit de la date du dernier vaccin contre le virus de l'hépatite B.,"Inscrivez la date du dernier vaccin contre l'hépatite B au format JJ/MM/AAAA. Si la date exacte est inconnue, estimez-la.  ",1,0,0,0,0,
présentation,MÉDICAMENTS PRIS AVANT CETTE HOSPITALISATION,vacci_chickenpox,Vacciné contre la varicelle,"1, Oui | 0, Non | 99, Inconnu",Avez-vous déjà reçu un vaccin contre le virus varicelle-zona ?,Indiquez « Oui » si le patient a déjà reçu un vaccin contre la varicelle.,1,0,0,0,0,0
présentation,MÉDICAMENTS PRIS AVANT CETTE HOSPITALISATION,vacci_chickenpox_date,Date de la dernière vaccination contre la varicelle,,Il s'agit de la date du dernier vaccin contre le virus varicelle-zona.,"Indiquez la date du dernier vaccin contre la varicelle au format JJ/MM/AAAA. Si vous ne connaissez pas la date exacte, estimez-la.  ",1,0,0,0,0,
présentation,MÉDICAMENTS PRIS AVANT CETTE HOSPITALISATION,vacci_polio,Vacciné contre la polio (oral),"1, oui | 0, Non | 99, Inconnu",,,1,0,0,,,0
présentation,MÉDICAMENTS PRIS AVANT CETTE HOSPITALISATION,vacci_hib,Vacciné contre Haemophilus influenzae de type b (Hib),"1, oui | 0, Non | 99, Inconnu",,,1,0,0,,,0
présentation,MÉDICAMENTS PRIS AVANT CETTE HOSPITALISATION,vacci_pcv,Vacciné contre le pneumocoque conjugué (PCV),"1, oui | 0, Non | 99, Inconnu",,,1,0,0,,,0
présentation,MÉDICAMENTS PRIS AVANT CETTE HOSPITALISATION,vacci_mmr,"Vacciné contre la rougeole, les oreillons et la rubéole (ROR)","1, oui | 0, Non | 99, Inconnu",,,1,0,0,,,0
présentation,MÉDICAMENTS PRIS AVANT CETTE HOSPITALISATION,vacci_je,Vacciné contre l'encéphalite japonaise,"1, oui | 0, Non | 99, Inconnu",,,1,0,0,,,0
présentation,MÉDICAMENTS PRIS AVANT CETTE HOSPITALISATION,vacci_je_date,Date du dernier vaccin contre l'encéphalite japonaise,,,,1,0,0,,,
présentation,MÉDICAMENTS PRIS AVANT CETTE HOSPITALISATION,vacci_tickenc,Vacciné contre l'encéphalite à tiques,"1, oui | 0, Non | 99, Inconnu",,,1,0,0,,,0
présentation,MÉDICAMENTS PRIS AVANT CETTE HOSPITALISATION,vacci_tickenc_date,Date du dernier vaccin contre l'encéphalite à tiques,,,,1,0,0,,,
présentation,MÉDICAMENTS PRIS AVANT CETTE HOSPITALISATION,vacci_rabies,Vacciné contre la rage,"1, oui | 0, Non | 99, Inconnu",,,1,0,0,,,0
présentation,MÉDICAMENTS PRIS AVANT CETTE HOSPITALISATION,vacci_rabies_date,Date du vaccin antirabique le plus récent,,,,1,0,0,,,
présentation,MÉDICAMENTS PRIS AVANT CETTE HOSPITALISATION,vacci_marburg,Vacciné contre la maladie à virus de Marburg,"1, oui | 0, Non | 99, Inconnu",Avez-vous déjà reçu un vaccin ciblant le virus de Marburg.,Indiquez « Oui » si le patient a déjà reçu un vaccin contre la varicelle jaune.,1,0,0,0,0,0
présentation,MÉDICAMENTS PRIS AVANT CETTE HOSPITALISATION,vacci_marburg_date,Date de vaccination la plus récente contre la maladie à virus de Marburg,,Il s'agit de la date du vaccin contre le virus de Marburg le plus récent.,"Entrez la date du dernier vaccin contre la varicelle. Si la date précise est inconnue, entrez une estimation. (Utilisez le format JJ/MM/AAAA)",1,0,0,0,0,
présentation,MÉDICAMENTS PRIS AVANT CETTE HOSPITALISATION,vacci_marburg_type,Type de vaccin contre le virus de Marburg,,Il s’agit du type de vaccin ciblant le virus de Lassa.,Indiquez le(s) type(s) de vaccin(s) reçu(s) (sélectionnez toutes les réponses applicables).,1,0,0,0,0,
présentation,MÉDICAMENTS PRIS AVANT CETTE HOSPITALISATION,vacci_marburg_doses,Nombre de doses du vaccin contre le virus de Marburg,,"Il s’agit du nombre de doses de vaccin jamais reçues contre le virus de Lassa, non répertoriées ci-dessus.",Indiquez le nombre de doses jamais reçues pour ce vaccin.,1,0,0,0,0,
présentation,MÉDICAMENTS PRIS AVANT CETTE HOSPITALISATION,vacci_ebola,Vacciné contre la maladie à virus Ebola,"1, oui | 0, Non | 99, Inconnu",Avez-vous déjà reçu un vaccin ciblant le virus Ebola.,Indiquez « Oui » si le patient a déjà reçu un vaccin contre la varicelle jaune.,1,0,0,0,0,0
présentation,MÉDICAMENTS PRIS AVANT CETTE HOSPITALISATION,vacci_ebola_date,Date de vaccination la plus récente contre la maladie à virus Ebola,,Il s'agit de la date du vaccin contre le virus Ebola le plus récent.,"Entrez la date du dernier vaccin contre la varicelle. Si la date précise est inconnue, entrez une estimation. (Utilisez le format JJ/MM/AAAA)",1,0,0,0,0,
présentation,MÉDICAMENTS PRIS AVANT CETTE HOSPITALISATION,vacci_ebola_type,Type de vaccin contre le virus Ebola,"1, rVSV-ZEBOV (Ervébo) | 2, Ad26.ZEBOV (Zabdeno) | 3, MVA-BN-Filo (Mvabea) | 99, Inconnu | 88, autre","Il s’agit du type de vaccin ciblant le virus Ebola. MVA-BN-filo est un vaccin pan-filo, pas seulement contre le virus Ebola.",Sélectionnez la ou les options les plus appropriées représentant le(s) type(s) de vaccin revécu (sélectionnez toutes les réponses applicables).,1,0,0,0,0,0
présentation,MÉDICAMENTS PRIS AVANT CETTE HOSPITALISATION,vacci_ebola_doses,Nombre de doses du vaccin contre le virus Ebola,,"Il s’agit du nombre de doses de vaccin jamais reçues contre le virus Ebola, non répertoriées ci-dessus.",Indiquez le nombre de doses jamais reçues pour ce vaccin.,1,0,0,0,0,
présentation,MÉDICAMENTS PRIS AVANT CETTE HOSPITALISATION,vacci_lassa,Vacciné contre la fièvre de Lassa,"1, oui | 0, Non | 99, Inconnu",Avez-vous déjà reçu un vaccin ciblant le virus de la fièvre de Lassa.,Indiquez « Oui » si le patient a déjà reçu un vaccin contre la varicelle jaune.,1,0,0,0,0,0
présentation,MÉDICAMENTS PRIS AVANT CETTE HOSPITALISATION,vacci_lassa_date,Date la plus récente de vaccination contre la fièvre de Lassa,,Il s'agit de la date du vaccin le plus récent contre le virus de la fièvre de Lassa.,"Entrez la date du dernier vaccin contre la varicelle. Si la date précise est inconnue, entrez une estimation. (Utilisez le format JJ/MM/AAAA)",1,0,0,0,0,
présentation,MÉDICAMENTS PRIS AVANT CETTE HOSPITALISATION,vacci_lassa_type,Type de vaccin contre le virus de Lassa,,Il s’agit du type de vaccin ciblant le virus de Lassa.,Indiquez le(s) type(s) de vaccin(s) reçu(s) (sélectionnez toutes les réponses applicables).,1,0,0,0,0,
présentation,MÉDICAMENTS PRIS AVANT CETTE HOSPITALISATION,vacci_lassa_doses,Nombre de doses du vaccin contre le virus de Lassa,,"Il s’agit du nombre de doses de vaccin jamais reçues contre le virus de Lassa, non répertoriées ci-dessus.",Indiquez le nombre de doses jamais reçues pour ce vaccin.,1,0,0,0,0,
présentation,MÉDICAMENTS PRIS AVANT CETTE HOSPITALISATION,vacci_crimean,Vacciné contre la fièvre hémorragique de Crimée-Congo,"1, oui | 0, Non | 99, Inconnu",A déjà reçu un vaccin ciblant le virus de la fièvre hémorragique de Crimée-Congo.,Indiquez « Oui » si le patient a déjà reçu un vaccin contre la varicelle jaune.,1,0,0,0,0,0
présentation,MÉDICAMENTS PRIS AVANT CETTE HOSPITALISATION,vacci_crimean_date,Date la plus récente de vaccination contre la fièvre hémorragique de Crimée-Congo,,Il s'agit de la date du vaccin le plus récent contre le virus de la fièvre hémorragique de Crimée-Congo.,"Entrez la date du dernier vaccin contre la varicelle. Si la date précise est inconnue, entrez une estimation. (Utilisez le format JJ/MM/AAAA)",1,0,0,0,0,
présentation,MÉDICAMENTS PRIS AVANT CETTE HOSPITALISATION,vacci_crimean_type,Type de vaccin contre le virus Crimée-Congo,,Il s’agit du type de vaccin ciblant le virus de la fièvre hémorragique de Crimée-Congo.,Indiquez le(s) type(s) de vaccin(s) reçu(s) (sélectionnez toutes les réponses applicables).,1,0,0,0,0,
présentation,MÉDICAMENTS PRIS AVANT CETTE HOSPITALISATION,vacci_crimean_doses,Nombre de doses du vaccin contre le virus Crimée-Congo,,"Il s’agit du nombre de doses de vaccin jamais reçues contre le virus Crimée-Congo, non répertoriées ci-dessus.",Indiquez le nombre de doses jamais reçues pour ce vaccin.,1,0,0,0,0,
présentation,MÉDICAMENTS PRIS AVANT CETTE HOSPITALISATION,vacci_vhf,Vacciné contre une autre fièvre hémorragique virale,"1, oui | 0, Non | 99, Inconnu",Avez-vous déjà reçu un vaccin ciblant un virus de la fièvre hémorragique virale (différent de celui ci-dessus).,Indiquez « Oui » si le patient a déjà reçu un vaccin contre la varicelle jaune.,1,0,0,0,0,0
présentation,MÉDICAMENTS PRIS AVANT CETTE HOSPITALISATION,vacci_vhf_spec,Préciser Autre vaccin contre la fièvre hémorragique virale,,Préciser le virus de la fièvre hémorragique virale.,Indiquez « Oui » si le patient a déjà reçu un vaccin contre la varicelle jaune.,1,0,0,0,0,
présentation,MÉDICAMENTS PRIS AVANT CETTE HOSPITALISATION,vacci_vhf_doses,Nombre de doses d'autres vaccins contre la fièvre hémorragique virale,,"Il s’agit du nombre de doses de vaccin jamais reçues contre la ou les fièvres hémorragiques virales, non répertoriées ci-dessus.",Indiquez le nombre de doses jamais reçues pour ce vaccin.,1,0,0,0,0,
présentation,MÉDICAMENTS PRIS AVANT CETTE HOSPITALISATION,vacci_vhf_date,Date de vaccination la plus récente contre une autre fièvre hémorragique virale,,Il s'agit de la date du vaccin contre le virus de la fièvre hémorragique virale le plus récent.,"Entrez la date du dernier vaccin contre la varicelle. Si la date précise est inconnue, entrez une estimation. (Utilisez le format JJ/MM/AAAA)",1,0,0,0,0,
présentation,SYMPTÔMES À L'ADMISSION : Indiquez si vous avez présenté ces symptômes à tout moment entre le début de la maladie et le jour de la consultation.,adsym_sys,Symptômes systémiques / généraux,,Il s'agit de signes et symptômes systémiques / généraux / non spécifiques.,Indiquez « Oui » si le patient a présenté ce symptôme à tout moment entre le début de la maladie et la consultation.,1,0,0,0,0,
présentation,SYMPTÔMES À L'ADMISSION : Indiquez si vous avez présenté ces symptômes à tout moment entre le début de la maladie et le jour de la consultation.,adsym_fever,Fièvre,"1, oui | 0, non | 99, inconnue","Définis comme la sensation d'une température corporelle élevée sans mesure formelle, ou une température corporelle mesurée supérieure ou égale à 38 degrés Celsius (38 °C) ou 100,4 degrés Fahrenheit (100,4 °F).","Indiquez «oui», si le patient a vécu cela à tout moment à la date de l'évaluation.",1,0,0,0,0,0
présentation,SYMPTÔMES À L'ADMISSION : Indiquez si vous avez présenté ces symptômes à tout moment entre le début de la maladie et le jour de la consultation.,adsym_fever_days,Nombre de jours avant la présentation à l'hôpital :,,,,1,0,0,,,
présentation,SYMPTÔMES À L'ADMISSION : Indiquez si vous avez présenté ces symptômes à tout moment entre le début de la maladie et le jour de la consultation.,adsym_fever_resol,Résolution de la fièvre (si résolue) quelques jours avant la présentation :,,,,1,0,0,,,
présentation,SYMPTÔMES À L'ADMISSION : Indiquez si vous avez présenté ces symptômes à tout moment entre le début de la maladie et le jour de la consultation.,adsym_rigchill,Frissons ou rigide,"1, oui | 0, non | 99, inconnue","Définis comme des frissons violents accompagnés de tremblements violents. Une rigidité est un épisode de tremblements ou de frissons exagérés qui peut survenir en cas de forte fièvre. ",Indiquez « Oui » si le patient a présenté ce symptôme à tout moment entre le début de la maladie et la consultation.,1,0,0,0,0,0
présentation,SYMPTÔMES À L'ADMISSION : Indiquez si vous avez présenté ces symptômes à tout moment entre le début de la maladie et le jour de la consultation.,adsym_nightsweat,Sueurs nocturnes,"1, oui | 0, non | 99, inconnue",Il s'agit de la transpiration nocturne qui n'est pas liée à la température ambiante.,Indiquez « Oui » si le patient a présenté ce symptôme à tout moment au cours de la date d'évaluation.,1,0,0,0,0,0
présentation,SYMPTÔMES À L'ADMISSION : Indiquez si vous avez présenté ces symptômes à tout moment entre le début de la maladie et le jour de la consultation.,adsym_coldsweat,Sueurs froides,"1, oui | 0, non | 99, inconnue","Il s'agit de sueurs accompagnées d'une sensation de froid, différentes des sueurs causées par la chaleur ou l'effort.",Indiquez « Oui » si le patient a présenté ce symptôme à tout moment au cours de la date d'évaluation.,1,0,0,0,0,0
présentation,SYMPTÔMES À L'ADMISSION : Indiquez si vous avez présenté ces symptômes à tout moment entre le début de la maladie et le jour de la consultation.,adsym_excesssweat,Transpiration excessive (hyperhidrose),"1, Oui | 0, Non | 99, Inconnu",Il s'agit d'une transpiration excessive qui n'est pas toujours liée à la chaleur ou à l'exercice physique.,Indiquez « Oui » si le patient a présenté ce symptôme à tout moment au cours de la date d'évaluation.,1,0,0,0,0,0
présentation,SYMPTÔMES À L'ADMISSION : Indiquez si vous avez présenté ces symptômes à tout moment entre le début de la maladie et le jour de la consultation.,adsym_restlessne,Agitation,"1, Oui | 0, Non | 99, Inconnu","Défini comme l'incapacité de se reposer, de se détendre ou d'être immobile. Un état de malaise caractérisé par une activité motrice diffuse ou un mouvement soumis à un contrôle limité, un comportement non productif ou désorganisé et une détresse subjective.","Indiquez «oui», si le patient a vécu cela à tout moment à la date de l'évaluation.",1,0,0,0,0,0
présentation,SYMPTÔMES À L'ADMISSION : Indiquez si vous avez présenté ces symptômes à tout moment entre le début de la maladie et le jour de la consultation.,adsym_fatigue,Fatigue / malaise / léthargie,"1, Oui | 0, Non | 99, Inconnu","Défini comme la constellation de sensations non spécifiques: le sentiment de fatigue caractérisé par un manque d'énergie ou de motivation; inconfort général ou malaise; Le désintéressement, l'aplétabilité et l'indifférence, entraînant des difficultés à effectuer des tâches simples ou à se concentrer.",Indiquez « Oui » si le patient a présenté ce symptôme à un moment quelconque entre le début de la maladie et la présentation.,1,0,0,0,0,0
présentation,SYMPTÔMES À L'ADMISSION : Indiquez si vous avez présenté ces symptômes à tout moment entre le début de la maladie et le jour de la consultation.,adsym_weak,Faiblesse,"1, oui | 0, Non | 99, Inconnu",Cela fait référence à une diminution de la force musculaire.,Indiquez « Oui » si le patient a vécu cela à un moment donné depuis le début de cette maladie jusqu'à sa présentation.,1,0,0,0,0,0
présentation,SYMPTÔMES À L'ADMISSION : Indiquez si vous avez présenté ces symptômes à tout moment entre le début de la maladie et le jour de la consultation.,adsym_weight,Perte de poids,"1, Oui | 0, Non | 99, Inconnu","Défini comme la réduction du poids corporel total qui s'est produit depuis le début de cette maladie et n'a pas été involontaire ou non attribuable à un régime actif, à l'exercice ou à des interventions de perte de poids basées sur des médicaments dédiés. Cela peut inclure une perte de poids déclarée par le patient avec ou sans mesures objectives de poids.",Indiquez « Oui » si le patient a présenté ce symptôme à un moment quelconque entre le début de la maladie et la présentation.,1,0,0,0,0,0
présentation,SYMPTÔMES À L'ADMISSION : Indiquez si vous avez présenté ces symptômes à tout moment entre le début de la maladie et le jour de la consultation.,adsym_anosmia,Perte d'odeur / anosmie,"1, Oui | 0, Non | 99, Inconnu",Cela fait référence à l'incapacité du patient signalée et / ou diagnostiquée du clinicien à percevoir des odeurs,"Indiquez «oui», si le patient a vécu cela à tout moment à la date de l'évaluation.",1,0,0,0,0,0
présentation,SYMPTÔMES À L'ADMISSION : Indiquez si vous avez présenté ces symptômes à tout moment entre le début de la maladie et le jour de la consultation.,adsym_ageusia,Perte de goût / Ageusia,"1, Oui | 0, Non | 99, Inconnu",Cela fait référence à la perte de goût du patient et / ou diagnostiquée par les cliniciens de la langue.,"Indiquez «oui», si le patient a vécu cela à tout moment à la date de l'évaluation.",1,0,0,0,0,0
présentation,SYMPTÔMES À L'ADMISSION : Indiquez si vous avez présenté ces symptômes à tout moment entre le début de la maladie et le jour de la consultation.,adsym_dizzy,Se sentir étourdi / léger,"1, Oui | 0, Non | 99, Inconnu","Cela fait référence à la sensation subjective de la lumière de la lumière ou des étourdissements qui peuvent précéder un épisode de syncope ou une sensation de l'instabilité, de la rotation ou du balancement.",Indiquez « Oui » si le patient a présenté ce symptôme à un moment quelconque entre le début de la maladie et la consultation.,1,0,0,0,0,0
présentation,SYMPTÔMES À L'ADMISSION : Indiquez si vous avez présenté ces symptômes à tout moment entre le début de la maladie et le jour de la consultation.,adsym_myalgia,Douleurs musculaires / myalgie,"1, Oui | 0, Non | 99, Inconnu",Défini comme une douleur localisée dans un muscle ou un groupe de muscles.,Indiquez « Oui » si le patient a présenté ce symptôme à un moment quelconque entre le début de la maladie et la consultation.,1,0,0,0,0,0
présentation,SYMPTÔMES À L'ADMISSION : Indiquez si vous avez présenté ces symptômes à tout moment entre le début de la maladie et le jour de la consultation.,adsym_myalgia_scal,Intensité de la myalgie (échelle NRS),,,,1,0,0,,,
présentation,SYMPTÔMES À L'ADMISSION : Indiquez si vous avez présenté ces symptômes à tout moment entre le début de la maladie et le jour de la consultation.,adsym_arthralgia,Douleurs articulaires / arthralgie,"1, Oui | 0, Non | 99, Inconnu","Défini comme une sensation d'inconfort ou de douleur marquée localisée dans une ou plusieurs articulations, y compris les petites et grandes articulations.","Indiquez « Oui » si le patient a présenté ce symptôme à un moment quelconque entre le début de la maladie et la consultation. ",1,0,0,0,0,0
présentation,SYMPTÔMES À L'ADMISSION : Indiquez si vous avez présenté ces symptômes à tout moment entre le début de la maladie et le jour de la consultation.,adsym_arthralgia_scal,Intensité de l'artralgie (échelle NRS),,,,1,0,0,,,
présentation,SYMPTÔMES À L'ADMISSION : Indiquez si vous avez présenté ces symptômes à tout moment entre le début de la maladie et le jour de la consultation.,adsym_arthralgia_site,Site où les douleurs articulaires sont survenues,"1, épaule | 2, coude | 3, poignet | 4, Petites articulations de la main | 5, genou | 6, Cheville |7, Petites articulations du pied | 88, autre",,,1,0,0,,,0
présentation,SYMPTÔMES À L'ADMISSION : Indiquez si vous avez présenté ces symptômes à tout moment entre le début de la maladie et le jour de la consultation.,adsym_arthralgia_site_shoulder,Combien d'articulations de l'épaule sont touchées ?,"1, 1 | 2, 2 | 99, Inconnu",,,1,0,0,,,0
présentation,SYMPTÔMES À L'ADMISSION : Indiquez si vous avez présenté ces symptômes à tout moment entre le début de la maladie et le jour de la consultation.,adsym_arthralgia_site_elbow,Combien d'articulations du coude sont touchées ?,"1, 1 | 2, 2 | 99, Inconnu",,,1,0,0,,,0
présentation,SYMPTÔMES À L'ADMISSION : Indiquez si vous avez présenté ces symptômes à tout moment entre le début de la maladie et le jour de la consultation.,adsym_arthralgia_site_wrist,Combien d'articulations du poignet sont touchées ?,"1, 1 | 2, 2 | 99, Inconnu",,,1,0,0,,,0
présentation,SYMPTÔMES À L'ADMISSION : Indiquez si vous avez présenté ces symptômes à tout moment entre le début de la maladie et le jour de la consultation.,adsym_arthralgia_site_knee,Combien d'articulations du genou sont touchées ?,"1, 1 | 2, 2 | 99, Inconnu",,,1,0,0,,,0
présentation,SYMPTÔMES À L'ADMISSION : Indiquez si vous avez présenté ces symptômes à tout moment entre le début de la maladie et le jour de la consultation.,adsym_arthralgia_site_ankle,Combien d'articulations de la cheville sont touchées ?,"1, 1 | 2, 2 | 99, Inconnu",,,1,0,0,,,0
présentation,SYMPTÔMES À L'ADMISSION : Indiquez si vous avez présenté ces symptômes à tout moment entre le début de la maladie et le jour de la consultation.,adsym_arthralgia_site_foot,Combien de petites articulations du pied sont touchées ?,,,,1,0,0,,,
présentation,SYMPTÔMES À L'ADMISSION : Indiquez si vous avez présenté ces symptômes à tout moment entre le début de la maladie et le jour de la consultation.,adsym_arthralgia_hand,Petites articulations de la main,"1, articulation MCP (métacarpophalangienne) | 2, articulation PIP (interphalangienne proximale) | 3, articulation DIP (interphalangienne distale) | 99, Inconnu",,,1,0,0,,,0
présentation,SYMPTÔMES À L'ADMISSION : Indiquez si vous avez présenté ces symptômes à tout moment entre le début de la maladie et le jour de la consultation.,adsym_arthralgia_hand_num,Combien d’articulations sont concernées ?,,,,1,0,0,,,
présentation,SYMPTÔMES À L'ADMISSION : Indiquez si vous avez présenté ces symptômes à tout moment entre le début de la maladie et le jour de la consultation.,adsym_arthralgia_add,Indiquer les autres articulations touchées,"1, ATM | 2, sternoclaviculaire (SC) |  3, acromio-claviculaire (AC) |  4, sacro-iliaque (SI) | 5, hanche | 6, sous-talaire | 7, colonne thoracique | 8, colonne lombaire | 88, Autre (préciser)",,,1,0,0,,,0
présentation,SYMPTÔMES À L'ADMISSION : Indiquez si vous avez présenté ces symptômes à tout moment entre le début de la maladie et le jour de la consultation.,adsym_arthralgia_add_oth,Préciser les autres joints,,,,1,0,0,,,
présentation,SYMPTÔMES À L'ADMISSION : Indiquez si vous avez présenté ces symptômes à tout moment entre le début de la maladie et le jour de la consultation.,adsym_jointswell,Gonflement des articulations,"1, oui | 0, Non | 99, Inconnu",Défini comme l’accumulation de liquide dans les tissus mous AUTOUR de l’articulation ou dans l’articulation elle-même.,Indiquez « Oui » si le patient a vécu cela à un moment donné depuis le début de cette maladie jusqu'à sa présentation.,1,0,0,0,0,0
présentation,SYMPTÔMES À L'ADMISSION : Indiquez si vous avez présenté ces symptômes à tout moment entre le début de la maladie et le jour de la consultation.,adsym_jointswell_site,Site où le gonflement de l'articulation s'est produit,"1, épaule | 2, coude | 3, poignet | 4, Petites articulations de la main | 5, genou | 6, Cheville |7, Petites articulations du pied | 88, autre",,,1,0,0,,,0
présentation,SYMPTÔMES À L'ADMISSION : Indiquez si vous avez présenté ces symptômes à tout moment entre le début de la maladie et le jour de la consultation.,adsym_jointswell_site_shoulder,Combien d'articulations de l'épaule sont touchées ?,"1, 1 | 2, 2 | 99, Inconnu",,,1,0,0,,,0
présentation,SYMPTÔMES À L'ADMISSION : Indiquez si vous avez présenté ces symptômes à tout moment entre le début de la maladie et le jour de la consultation.,adsym_jointswell_site_elbow,Combien d'articulations du coude sont touchées ?,"1, 1 | 2, 2 | 99, Inconnu",,,1,0,0,,,0
présentation,SYMPTÔMES À L'ADMISSION : Indiquez si vous avez présenté ces symptômes à tout moment entre le début de la maladie et le jour de la consultation.,adsym_jointswell_site_wrist,Combien d'articulations du poignet sont touchées ?,"1, 1 | 2, 2 | 99, Inconnu",,,1,0,0,,,0
présentation,SYMPTÔMES À L'ADMISSION : Indiquez si vous avez présenté ces symptômes à tout moment entre le début de la maladie et le jour de la consultation.,adsym_jointswell_site_knee,Combien d'articulations du genou sont touchées ?,"1, 1 | 2, 2 | 99, Inconnu",,,1,0,0,,,0
présentation,SYMPTÔMES À L'ADMISSION : Indiquez si vous avez présenté ces symptômes à tout moment entre le début de la maladie et le jour de la consultation.,adsym_jointswell_site_ankle,Combien d'articulations de la cheville sont touchées ?,"1, 1 | 2, 2 | 99, Inconnu",,,1,0,0,,,0
présentation,SYMPTÔMES À L'ADMISSION : Indiquez si vous avez présenté ces symptômes à tout moment entre le début de la maladie et le jour de la consultation.,adsym_jointswell_site_foot,Combien de petites articulations du pied sont touchées ?,,,,1,0,0,,,
présentation,SYMPTÔMES À L'ADMISSION : Indiquez si vous avez présenté ces symptômes à tout moment entre le début de la maladie et le jour de la consultation.,adsym_jointswell_hand,Petites articulations de la main,"1, articulation MCP (métacarpophalangienne) | 2, articulation PIP (interphalangienne proximale) | 3, articulation DIP (interphalangienne distale) | 99, Inconnu",,,1,0,0,,,0
présentation,SYMPTÔMES À L'ADMISSION : Indiquez si vous avez présenté ces symptômes à tout moment entre le début de la maladie et le jour de la consultation.,adsym_jointswell_hand_num,Combien d’articulations sont concernées ?,,,,1,0,0,,,
présentation,SYMPTÔMES À L'ADMISSION : Indiquez si vous avez présenté ces symptômes à tout moment entre le début de la maladie et le jour de la consultation.,adsym_jointswell_add,Indiquer les autres articulations touchées,"1, ATM | 2, sternoclaviculaire (SC) |  3, acromio-claviculaire (AC) |  4, sacro-iliaque (SI) | 5, hanche | 6, sous-talaire | 7, colonne thoracique | 8, colonne lombaire | 88, Autre (préciser)",,,1,0,0,,,0
présentation,SYMPTÔMES À L'ADMISSION : Indiquez si vous avez présenté ces symptômes à tout moment entre le début de la maladie et le jour de la consultation.,adsym_jointswell_add_oth,Préciser les autres joints,,,,1,0,0,,,
présentation,SYMPTÔMES À L'ADMISSION : Indiquez si vous avez présenté ces symptômes à tout moment entre le début de la maladie et le jour de la consultation.,adsym_jointstiff,Raideur articulaire,"1, oui | 0, Non | 99, Inconnu",,,1,0,0,,,0
présentation,SYMPTÔMES À L'ADMISSION : Indiquez si vous avez présenté ces symptômes à tout moment entre le début de la maladie et le jour de la consultation.,adsym_jointstiff_scal,NOTE DE RIGIDITÉ,,,,1,0,0,,,
présentation,SYMPTÔMES À L'ADMISSION : Indiquez si vous avez présenté ces symptômes à tout moment entre le début de la maladie et le jour de la consultation.,adsym_jointstiff_dur,Durée de la raideur matinale (min),,,,1,0,0,,,
présentation,SYMPTÔMES À L'ADMISSION : Indiquez si vous avez présenté ces symptômes à tout moment entre le début de la maladie et le jour de la consultation.,adsym_jointtender,Tendresse articulaire,"1, oui | 0, Non | 99, Inconnu","Défini comme une douleur et un inconfort dans une articulation, souvent accompagnés d'une sensibilité au toucher",Indiquez « Oui » si le patient a vécu cela à un moment donné depuis le début de cette maladie jusqu'à sa présentation.,1,0,0,0,0,0
présentation,SYMPTÔMES À L'ADMISSION : Indiquez si vous avez présenté ces symptômes à tout moment entre le début de la maladie et le jour de la consultation.,adsym_jointtender_site,Site où une sensibilité articulaire s'est produite,"1, doigts | 2, Poignets | 3, épaules | 4, coude | 5, Hanches | 8, genoux | 9, chevilles | 10, orteils | 99, Inconnu | 88, autre",Il s'agit de l'endroit où la sensibilité articulaire s'est produite pour la première fois.,,1,0,0,0,,0
présentation,SYMPTÔMES À L'ADMISSION : Indiquez si vous avez présenté ces symptômes à tout moment entre le début de la maladie et le jour de la consultation.,adsym_jointtender_site_oth,Préciser l'autre premier emplacement de sensibilité articulaire,,Il s'agit de l'endroit où la sensibilité articulaire s'est produite pour la première fois.,,1,0,0,0,,
présentation,SYMPTÔMES À L'ADMISSION : Indiquez si vous avez présenté ces symptômes à tout moment entre le début de la maladie et le jour de la consultation.,adsym_stissueswell,Petit gonflement des tissus,"1, oui | 0, Non | 99, Inconnu","Défini comme un gonflement douloureux du tissu interphalangien, entraînant des tensions et des douleurs lors de la flexion des doigts.",Indiquez « Oui » si le patient a vécu cela à un moment donné depuis le début de cette maladie jusqu'à sa présentation.,1,0,0,0,0,0
présentation,SYMPTÔMES À L'ADMISSION : Indiquez si vous avez présenté ces symptômes à tout moment entre le début de la maladie et le jour de la consultation.,adsym_backpain,Maux de dos,"1, oui | 0, Non | 99, Inconnu",,,1,0,0,,,0
présentation,SYMPTÔMES À L'ADMISSION : Indiquez si vous avez présenté ces symptômes à tout moment entre le début de la maladie et le jour de la consultation.,adsym_neckpain,Douleur au cou,"1, oui | 0, Non | 99, Inconnu",,,1,0,0,,,0
présentation,SYMPTÔMES À L'ADMISSION : Indiquez si vous avez présenté ces symptômes à tout moment entre le début de la maladie et le jour de la consultation.,adsym_skinrash,Éruption cutanée,"1, Oui | 0, Non | 99, Inconnu","Défini comme tout changement de la peau qui affecte son apparence ou sa texture. Une éruption cutanée peut être localisée dans une partie du corps ou affecter toute la peau. Les éruptions cutanées peuvent faire changer la couleur, les démangeaisons, les démangeaisons, devenir chaudes, cahoteuses, sèches, fissurées ou boursouflées, gonflées et peuvent être douloureuses.",Indiquez « Oui » si le patient a présenté ce symptôme à tout moment entre le début de la maladie et la consultation.,1,0,0,0,0,0
présentation,SYMPTÔMES À L'ADMISSION : Indiquez si vous avez présenté ces symptômes à tout moment entre le début de la maladie et le jour de la consultation.,adsym_skinrash_site,Lieu où l'éruption cutanée est apparue pour la première fois,"1, Peau, génitale | 2, Peau, non génitale | 3, Muqueuse, génitale | 4, Muqueuse, non génitale | 5, Bouche | 6, Peau périanale | 7, Rectum | 99, Inconnu | 88, Autre",Il s'agit de l'endroit où l'éruption cutanée est apparue pour la première fois.,Sélectionnez la ou les options les plus appropriées correspondant à l'endroit où l'éruption cutanée est apparue pour la première fois.,1,0,0,0,0,0
présentation,SYMPTÔMES À L'ADMISSION : Indiquez si vous avez présenté ces symptômes à tout moment entre le début de la maladie et le jour de la consultation.,adsym_skinrash_site_oth,Précisez l'autre lieu où l'éruption cutanée est apparue pour la première fois,,"Il s'agit de l'endroit où l'éruption cutanée est apparue pour la première fois. ","Si « Autre », précisez le premier endroit où une éruption cutanée pertinente est apparue.",1,0,0,0,0,
présentation,SYMPTÔMES À L'ADMISSION : Indiquez si vous avez présenté ces symptômes à tout moment entre le début de la maladie et le jour de la consultation.,adsym_skinrash_date,Date d'abord éruption cutanée a été observée par le patient,,Il s'agit de la date à laquelle le patient a signalé avoir remarqué l'éruption cutanée pour la première fois.,Écrivez la date à laquelle les rapports du patient ont d'abord identifié l'éruption cutanée (utilisez le format dd / mm / yyyy).,1,0,0,0,0,
présentation,SYMPTÔMES À L'ADMISSION : Indiquez si vous avez présenté ces symptômes à tout moment entre le début de la maladie et le jour de la consultation.,adsym_paresthesia,Paresthésie cutanée,"1, Oui | 0, Non | 99, Inconnu","Il s'agit des sensations cutanées perçues (par exemple, froid, chaleur, picotements, pression, etc.) qui apparaissent spontanément en l'absence de stimulation.",Indiquez « Oui » si le patient a présenté ce symptôme à tout moment entre le début de la maladie et la consultation.,1,0,0,0,0,0
présentation,SYMPTÔMES À L'ADMISSION : Indiquez si vous avez présenté ces symptômes à tout moment entre le début de la maladie et le jour de la consultation.,adsym_skinchange,Modifications de la texture de la peau,"1, Oui | 0, Non | 99, Inconnu","Il s'agit des modifications de l'aspect et du toucher de la peau, telles que la rugosité, l'irrégularité ou la présence de bosses.",Indiquez « Oui » si le patient a présenté ce symptôme à tout moment entre le début de la maladie et la consultation.,1,0,0,0,0,0
présentation,SYMPTÔMES À L'ADMISSION : Indiquez si vous avez présenté ces symptômes à tout moment entre le début de la maladie et le jour de la consultation.,adsym_skinpallor,Pâleur de la peau,"1, Oui | 0, Non | 99, Inconnu",Il s'agit d'une pâleur anormale de la peau.,Indiquez « Oui » si le patient a présenté ce symptôme à tout moment entre le début de la maladie et la consultation.,1,0,0,0,0,0
présentation,SYMPTÔMES À L'ADMISSION : Indiquez si vous avez présenté ces symptômes à tout moment entre le début de la maladie et le jour de la consultation.,adsym_pruritus,Démangeaisons / prurit,"1, Oui | 0, Non | 99, Inconnu",Défini comme une sensation de démangeaisons désagréables ou intenses qui produit l'envie de frotter ou de gratter la peau pour obtenir un soulagement. Les démangeaisons sont une sensation irritante qui vous donne envie de vous gratter la peau.,"Indiquez « Oui » si le patient a présenté ce symptôme à tout moment entre le début de la maladie et la consultation. ",1,0,0,0,0,0
présentation,SYMPTÔMES À L'ADMISSION : Indiquez si vous avez présenté ces symptômes à tout moment entre le début de la maladie et le jour de la consultation.,adsym_mobilchg,Changement de mobilité par rapport,"1, Oui | 0, Non | 99, Inconnu",Il s'agit de la capacité du patient à marcher ou à se déplacer.,Indiquez « Oui » si le patient a présenté ce symptôme à tout moment entre le début de la maladie et la consultation.,1,0,0,0,0,0
présentation,SYMPTÔMES À L'ADMISSION : Indiquez si vous avez présenté ces symptômes à tout moment entre le début de la maladie et le jour de la consultation.,adsym_mobile,Statut de mobilité,"1, Entièrement ambulatoire | 2, Ambulatoire, mais avec une aide | 3, Alité","Il s'agit de la capacité du patient à marcher ou à se déplacer. ",Indiquez l'état de mobilité du patient au moment de la consultation.,1,0,0,0,0,0
présentation,SYMPTÔMES À L'ADMISSION : Indiquez si vous avez présenté ces symptômes à tout moment entre le début de la maladie et le jour de la consultation.,adsym_sleepmore,Sommeil plus long que d'habitude / léthargie / apathie / indolence,"1, Oui | 0, Non | 99, Inconnu","Il s'agit d'une somnolence excessive pendant la journée, caractérisée par une fatigue et un manque inhabituel d'énergie et de vivacité mentale, ou d'un nourrisson qui a peu d'énergie, est somnolent ou dort plus que d'habitude.","Indiquez « Oui » si le patient a présenté ce symptôme à tout moment entre le début de la maladie et la consultation. ",1,0,0,0,0,0
présentation,SYMPTÔMES À L'ADMISSION : Indiquez si vous avez présenté ces symptômes à tout moment entre le début de la maladie et le jour de la consultation.,adsym_polydipsia,Soif accrue (polydipsie),"1, Oui | 0, Non | 99, Inconnu",Il s'agit d'une soif excessive.,Indiquez « Oui » si le patient a présenté ce symptôme à tout moment entre le début de la maladie et la consultation.,1,0,0,0,0,0
présentation,SYMPTÔMES À L'ADMISSION : Indiquez si vous avez présenté ces symptômes à tout moment entre le début de la maladie et le jour de la consultation.,adsym_irregmenstruation,Modifications des règles (règles irrégulières),"1, Oui | 0, Non | 99, Inconnu","Il s'agit de tout écart par rapport au processus normal, par exemple des saignements retardés, difficiles, abondants, peu abondants, inhabituels, etc.",Indiquez « Oui » si le patient a présenté ce symptôme à tout moment entre le début de la maladie et la consultation.,1,0,0,0,0,0
présentation,SYMPTÔMES À L'ADMISSION : Indiquez si vous avez présenté ces symptômes à tout moment entre le début de la maladie et le jour de la consultation.,adsym_resp,Symptômes respiratoires,,Il s'agit des signes et symptômes liés au système respiratoire.,Indiquez « Oui » si le patient a présenté ce symptôme à tout moment entre le début de la maladie et la consultation.,1,0,0,0,0,
présentation,SYMPTÔMES À L'ADMISSION : Indiquez si vous avez présenté ces symptômes à tout moment entre le début de la maladie et le jour de la consultation.,adsym_cough,Toux,"1, Oui | 0, Non | 99, Inconnu","Cela fait référence à la présence d'une toux et à ses caractéristiques. Une toux productive fait référence à une toux accompagnée de sécrétions expectorées (flegme ou mucus), tandis qu'une toux non productive se réfère à une toux qui n'est pas accompagnée de sécrétions expectorées. L'hémoptysie fait référence à la présence de sang ou de crachats de sang provenant des voies respiratoires.","Indiquez « Oui » si le patient a présenté ce symptôme à tout moment entre le début de la maladie et la consultation. ",1,0,0,0,0,0
présentation,SYMPTÔMES À L'ADMISSION : Indiquez si vous avez présenté ces symptômes à tout moment entre le début de la maladie et le jour de la consultation.,adsym_cough_type,Type de toux,"1, Non productif  | 2, Productif |3, Hémoptysie |99, Inconnu",Ceci fait référence au type de toux. Une toux productive désigne une toux accompagnée de sécrétions expectorées (flegme ou mucus).,Indiquez « Oui » si le patient a présenté ce symptôme à tout moment entre le début de la maladie et la consultation.,1,0,0,0,0,0
présentation,SYMPTÔMES À L'ADMISSION : Indiquez si vous avez présenté ces symptômes à tout moment entre le début de la maladie et le jour de la consultation.,adsym_coryza,Coryza,"1, oui | 0, Non | 99, Inconnu",,"Indiquez « Oui » si le patient a présenté cette affection à tout moment entre l'apparition de la maladie et la consultation. ",1,0,0,,0,0
présentation,SYMPTÔMES À L'ADMISSION : Indiquez si vous avez présenté ces symptômes à tout moment entre le début de la maladie et le jour de la consultation.,adsym_sorethroat,Mal de gorge,"1, Oui | 0, Non | 99, Inconnu","Défini comme une sensation désagréable caractérisée par une inconfort physique (comme la piqûre, le palpitation ou la douleur) et perçue comme provenant de la gorge.",Indiquez « Oui » si le patient a présenté ce symptôme à tout moment entre le début de la maladie et la consultation.,1,0,0,0,0,0
présentation,SYMPTÔMES À L'ADMISSION : Indiquez si vous avez présenté ces symptômes à tout moment entre le début de la maladie et le jour de la consultation.,adsym_rhinorrhoe,Nez qui coule / rhinorrhée,"1, Oui | 0, Non | 99, Inconnu",Défini comme une augmentation de la décharge muqueuse du nez.,Indiquez « Oui » si le patient a présenté ce symptôme à tout moment entre le début de la maladie et la consultation.,1,0,0,0,0,0
présentation,SYMPTÔMES À L'ADMISSION : Indiquez si vous avez présenté ces symptômes à tout moment entre le début de la maladie et le jour de la consultation.,adsym_wheezing,Respiration sifflante,"1, Oui | 0, Non | 99, Inconnu",Défini comme un son de la respiration aigus résultant d'un rétrécissement ou d'une obstruction des petites voies respiratoires.,"Indiquez « Oui » si le patient a présenté ce symptôme à tout moment entre le début de la maladie et la consultation. ",1,0,0,0,0,0
présentation,SYMPTÔMES À L'ADMISSION : Indiquez si vous avez présenté ces symptômes à tout moment entre le début de la maladie et le jour de la consultation.,adsym_shortbreat,Essoufflement,"1, Oui | 0, Non | 99, Inconnu",Défini comme la sensation inconfortable de respiration difficile ou laborieuse qui est hors de proportion du niveau d'activité physique du patient.,Indiquez « Oui » si le patient a présenté ce symptôme à tout moment entre le début de la maladie et la consultation.,1,0,0,0,0,0
présentation,SYMPTÔMES À L'ADMISSION : Indiquez si vous avez présenté ces symptômes à tout moment entre le début de la maladie et le jour de la consultation.,adsym_nasalcongestion,Congestion nasale,"1, Oui | 0, Non | 99, Inconnu","Définie comme une diminution de la capacité à faire passer l'air par les voies nasales, entraînant souvent une respiration par la bouche.",Indiquez « Oui » si le patient a présenté ce symptôme à tout moment entre le début de la maladie et la consultation.,1,0,0,0,0,0
présentation,SYMPTÔMES À L'ADMISSION : Indiquez si vous avez présenté ces symptômes à tout moment entre le début de la maladie et le jour de la consultation.,adsym_chestpain,Douleur thoracique,"1, Oui | 0, Non | 99, Inconnu","Défini comme la sensation désagréable, inconfortable ou douloureuse caractérisée par une inconfort physique localisée dans la poitrine.",Indiquez « Oui » si le patient a présenté ce symptôme à tout moment entre le début de la maladie et la consultation.,1,0,0,0,0,0
présentation,SYMPTÔMES À L'ADMISSION : Indiquez si vous avez présenté ces symptômes à tout moment entre le début de la maladie et le jour de la consultation.,adsym_sneez,Éternuements,"1, Oui | 0, Non | 99, Inconnu","Il s'agit d'une expiration soudaine, violente, spasmodique et audible par le nez et la bouche.","Indiquez « Oui » si le patient a présenté ce symptôme à un moment quelconque entre le début de la maladie et la consultation. ",1,0,0,0,0,0
présentation,SYMPTÔMES À L'ADMISSION : Indiquez si vous avez présenté ces symptômes à tout moment entre le début de la maladie et le jour de la consultation.,adsym_hiccups,Le hoquet,"1, oui | 0, Non | 99, Inconnu",,"Indiquez « Oui » si le patient a présenté cette affection à tout moment entre l'apparition de la maladie et la consultation. ",1,0,0,,0,0
présentation,SYMPTÔMES À L'ADMISSION : Indiquez si vous avez présenté ces symptômes à tout moment entre le début de la maladie et le jour de la consultation.,adsym_cvs,Symptômes cardiovasculaires,,Ce terme désigne les signes et symptômes liés au système cardiovasculaire.,"Indiquez « Oui » si le patient a présenté ce symptôme à tout moment entre le début de la maladie et la consultation. ",1,0,0,0,0,
présentation,SYMPTÔMES À L'ADMISSION : Indiquez si vous avez présenté ces symptômes à tout moment entre le début de la maladie et le jour de la consultation.,adsym_palpitations,Palpitations,"1, Oui | 0, Non | 99, Inconnu",Fait référence à la conscience désagréable de son propre battement de cœur.,Indiquez « Oui » si le patient a présenté ce symptôme à tout moment entre le début de la maladie et la consultation.,1,0,0,0,0,0
présentation,SYMPTÔMES À L'ADMISSION : Indiquez si vous avez présenté ces symptômes à tout moment entre le début de la maladie et le jour de la consultation.,adsym_git,Symptômes gastro-intestinaux,,Il s'agit des signes et symptômes liés au système gastro-intestinal.,Indiquez « Oui » si le patient a présenté ce symptôme à tout moment entre le début de la maladie et la consultation.,1,0,0,0,0,
présentation,SYMPTÔMES À L'ADMISSION : Indiquez si vous avez présenté ces symptômes à tout moment entre le début de la maladie et le jour de la consultation.,adsym_abdpain,Douleurs abdominales,"1, Oui | 0, Non | 99, Inconnu","Défini comme une sensation désagréable d'inconfort, de détresse ou d'agonie dans la région abdominale.",Indiquez « Oui » si le patient a présenté ce symptôme à tout moment entre le début de la maladie et la consultation.,1,0,0,0,0,0
présentation,SYMPTÔMES À L'ADMISSION : Indiquez si vous avez présenté ces symptômes à tout moment entre le début de la maladie et le jour de la consultation.,adsym_diarrhoea,Diarrhée,"1, Oui | 0, Non | 99, Inconnu",Défini comme une fréquence anormalement accrue (généralement définie comme trois ou plus) selle des intestinales lâches ou liquides par jour (ou plus fréquemment que c'est normal pour l'individu).,"Indiquez « Oui » si le patient a présenté ce symptôme à tout moment entre le début de la maladie et la consultation. ",1,0,0,0,0,0
présentation,SYMPTÔMES À L'ADMISSION : Indiquez si vous avez présenté ces symptômes à tout moment entre le début de la maladie et le jour de la consultation.,adsym_diarrhoea_num,Nombre d'épisodes de diarrhée au cours des dernières 24 heures,,Fait référence au nombre d'épisodes diarrhéiques survenus au cours des dernières 24 heures.,Indiquez le nombre d'épisodes diarrhéiques survenus au cours des dernières 24 heures.,1,0,0,0,0,
présentation,SYMPTÔMES À L'ADMISSION : Indiquez si vous avez présenté ces symptômes à tout moment entre le début de la maladie et le jour de la consultation.,adsym_consti,Constipation,"1, Oui | 0, Non | 99, Inconnu",Défini comme une évacuation irrégulière et peu fréquente ou difficile des intestins.,Indiquez « Oui » si le patient a présenté ce symptôme à tout moment entre le début de la maladie et la consultation.,1,0,0,0,0,0
présentation,SYMPTÔMES À L'ADMISSION : Indiquez si vous avez présenté ces symptômes à tout moment entre le début de la maladie et le jour de la consultation.,adsym_vomit,Vomissement,"1, Oui | 0, Non | 99, Inconnu",Défini comme l'expulsion de l'estomac ou des intestins de petite taille par la bouche.,Indiquez « Oui » si le patient a présenté ce symptôme à tout moment entre le début de la maladie et la consultation.,1,0,0,0,0,0
présentation,SYMPTÔMES À L'ADMISSION : Indiquez si vous avez présenté ces symptômes à tout moment entre le début de la maladie et le jour de la consultation.,adsym_vomit2d,Vomissements persistants? (> = 2 / jour),"1, Oui | 0, Non | 99, Inconnu",Les vomissements persistants sont définis ici comme des vomissements deux fois ou plus par jour.,Indiquez « Oui » si le patient a présenté ce symptôme à tout moment entre le début de la maladie et la consultation.,1,0,0,0,0,0
présentation,SYMPTÔMES À L'ADMISSION : Indiquez si vous avez présenté ces symptômes à tout moment entre le début de la maladie et le jour de la consultation.,adsym_vomitbld,Hématémèse (vomissements de sang),"1, Oui | 0, Non | 99, Inconnu",Désigne le vomissement de sang.,"Indiquez « Oui » si le patient a présenté ce symptôme à tout moment entre le début de la maladie et la consultation. ",1,0,0,0,0,0
présentation,SYMPTÔMES À L'ADMISSION : Indiquez si vous avez présenté ces symptômes à tout moment entre le début de la maladie et le jour de la consultation.,adsym_nausea,Nausée,"1, Oui | 0, Non | 99, Inconnu",Défini comme le sentiment subjectif indolore désagréable que l'on vomira imminemment.,Indiquez « Oui » si le patient a présenté ce symptôme à tout moment entre le début de la maladie et la consultation.,1,0,0,0,0,0
présentation,SYMPTÔMES À L'ADMISSION : Indiquez si vous avez présenté ces symptômes à tout moment entre le début de la maladie et le jour de la consultation.,adsym_anorexia,Anorexie,"1, Oui | 0, Non | 99, Inconnu",Défini comme le manque ou la perte d'appétit.,Indiquez « Oui » si le patient a présenté ce symptôme à tout moment entre le début de la maladie et la consultation.,1,0,0,0,0,0
présentation,SYMPTÔMES À L'ADMISSION : Indiquez si vous avez présenté ces symptômes à tout moment entre le début de la maladie et le jour de la consultation.,adsym_exsal,Salivation excessive,"1, Oui | 0, Non | 99, Inconnu","Défini comme une salivation excessive ou une sialorrhée, est un symptôme mieux évalué par le patient.",Indiquez « Oui » si le patient a présenté ce symptôme à tout moment entre le début de la maladie et la consultation.,1,0,0,0,0,0
présentation,SYMPTÔMES À L'ADMISSION : Indiquez si vous avez présenté ces symptômes à tout moment entre le début de la maladie et le jour de la consultation.,adsym_diffswallow,Difficulté à avaler / dysphagie,"1, Oui | 0, Non | 99, Inconnu","Défini comme difficulté à avaler des aliments, des liquides ou de la salive.","Indiquez « Oui » si le patient a présenté ce symptôme à tout moment entre le début de la maladie et la consultation. ",1,0,0,0,0,0
présentation,SYMPTÔMES À L'ADMISSION : Indiquez si vous avez présenté ces symptômes à tout moment entre le début de la maladie et le jour de la consultation.,adsym_faecalincont,Incontinence fécale,"1, Oui | 0, Non | 99, Inconnu","Définie comme l'incapacité à contrôler volontairement les sphincters anaux, avec passage involontaire de selles et de flatulences.",Indiquez « Oui » si le patient a présenté ce symptôme à tout moment entre le début de la maladie et la consultation.,1,0,0,0,0,0
présentation,SYMPTÔMES À L'ADMISSION : Indiquez si vous avez présenté ces symptômes à tout moment entre le début de la maladie et le jour de la consultation.,adsym_renalgut,Symptômes rénaux / génito-urinaires,,Il s'agit des signes et symptômes liés au système rénal/génito-urinaire.,Indiquez « Oui » si le patient a présenté ce symptôme à tout moment entre le début de la maladie et la consultation.,1,0,0,0,0,
présentation,SYMPTÔMES À L'ADMISSION : Indiquez si vous avez présenté ces symptômes à tout moment entre le début de la maladie et le jour de la consultation.,adsym_urine,Rétention urinaire,"1, Oui | 0, Non | 99, Inconnu",Défini comme l'accumulation d'urine dans la vessie en raison de l'incapacité d'uriner.,"Indiquez « Oui » si le patient a présenté ce symptôme à tout moment entre le début de la maladie et la consultation. ",1,0,0,0,0,0
présentation,SYMPTÔMES À L'ADMISSION : Indiquez si vous avez présenté ces symptômes à tout moment entre le début de la maladie et le jour de la consultation.,adsym_urineincont,Incontinence urinaire,"1, Oui | 0, Non | 99, Inconnu",Il s'agit de la perte du contrôle de la vessie ou de l'incapacité de contrôler la miction.,Indiquez « Oui » si le patient a présenté ce symptôme à tout moment entre le début de la maladie et la consultation.,1,0,0,0,0,0
présentation,SYMPTÔMES À L'ADMISSION : Indiquez si vous avez présenté ces symptômes à tout moment entre le début de la maladie et le jour de la consultation.,adsym_polyuria,Augmentation de la miction (polyurie),"1, Oui | 0, Non | 99, Inconnu",Il s'agit d'une miction excessive ou fréquente.,Indiquez « Oui » si le patient a présenté ce symptôme à tout moment entre le début de la maladie et la consultation.,1,0,0,0,0,0
présentation,SYMPTÔMES À L'ADMISSION : Indiquez si vous avez présenté ces symptômes à tout moment entre le début de la maladie et le jour de la consultation.,adsym_dysuria,Douleur pendant la miction (dysurie),"1, Oui | 0, Non | 99, Inconnu",Il s'agit d'une miction douloureuse ou difficile.,Indiquez « Oui » si le patient a présenté ce symptôme à tout moment entre le début de la maladie et la consultation.,1,0,0,0,0,0
présentation,SYMPTÔMES À L'ADMISSION : Indiquez si vous avez présenté ces symptômes à tout moment entre le début de la maladie et le jour de la consultation.,adsym_dyspareunia,Rapports / dyspareunia douloureux,"1, Oui | 0, Non | 99, Inconnu",Défini comme une douleur génitale récurrente ou persistante associée aux rapports sexuels.,"Indiquez « Oui » si le patient a présenté ce symptôme à tout moment entre le début de la maladie et la consultation. ",1,0,0,0,0,0
présentation,SYMPTÔMES À L'ADMISSION : Indiquez si vous avez présenté ces symptômes à tout moment entre le début de la maladie et le jour de la consultation.,adsym_heme,Symptômes hématologiques,,Il s'agit des signes et symptômes liés au système hématologique.,Indiquez « Oui » si le patient a présenté ce symptôme à tout moment entre le début de la maladie et la consultation.,1,0,0,0,0,
présentation,SYMPTÔMES À L'ADMISSION : Indiquez si vous avez présenté ces symptômes à tout moment entre le début de la maladie et le jour de la consultation.,adsym_haemorrhag,Saignement / hémorragie,"1, Oui | 0, Non | 99, Inconnu","Définie comme la présence de sang à un endroit où il n'est pas physiologiquement normal ou la perte de sang de la circulation, que ce soit de manière interne ou externe. Cela peut inclure l'épistaxis (saignement du nez), le saignement gingival (saignement des gencives), le saignement de toute partie du tractus gastro-intestinal (saignement gastro-intestinal) ou des voies génito-urinaires (vagin ou urètre), y compris l'hématurie. ",Indiquez « Oui » si le patient a présenté ce symptôme à tout moment entre le début de la maladie et la consultation.,1,0,0,0,0,0
présentation,SYMPTÔMES À L'ADMISSION : Indiquez si vous avez présenté ces symptômes à tout moment entre le début de la maladie et le jour de la consultation.,adsym_haemorrhag_sev,Saignement sévère / hémorragie (nécessite une intervention),"1, Oui | 0, Non | 99, Inconnu",Défini comme le saignement / hémorragie sévère nécessitant une intervention médicale pour l'hémostase et / ou le soutien hémodynamique.,Indiquez « Oui » si le patient a présenté ce symptôme à tout moment entre le début de la maladie et la consultation.,1,0,0,0,0,0
présentation,SYMPTÔMES À L'ADMISSION : Indiquez si vous avez présenté ces symptômes à tout moment entre le début de la maladie et le jour de la consultation.,adsym_haemorrhag_site,Si oui: spécifiez le site de saignement / hémorragie (s),"1, Peau | 7, Pétéchies | 2, Nez | 3, Gencives | 4, Tractus gastro-intestinal | 5, Tractus urinaire | 6, Vagin | 99, Inconnu | 88, Autre(s)","Cela fait référence à l'emplacement du site de saignement / hémorragie. Les petechiae se réfèrent à de petites taches rougeâtre ou violacées dans la peau ou la muqueuse en raison d'une hémorragie localisée. Le saignement du nez fait référence à l'hémorragie localisée dans le nez. Les saignements des gencives se réfèrent à l'hémorragie affectant le Gingiva. Les saignements gastro-intestinaux (GI) se réfèrent à l'hémorragie dans tout segment du tractus gastro-intestinal de l'œsophage au rectum. Les saignements des voies urinaires se réfèrent à une hémorragie provenant de toute partie du système urinaire. Les saignements vaginaux se réfèrent à une hémorragie provenant du vagin, sans rapport avec les menstruations normales.",Sélectionnez les options (s) les plus appropriées correspondant à l'emplacement du site de saignement / hémorragie.,1,0,0,0,0,0
présentation,SYMPTÔMES À L'ADMISSION : Indiquez si vous avez présenté ces symptômes à tout moment entre le début de la maladie et le jour de la consultation.,adsym_haemorrhag_site_oth,Précisez tout autre site de saignement / d'hémorragie,,Ce terme fait référence à la localisation du ou des sites de saignement/hémorragie.,"Si « Autre », indiquez l'autre emplacement du ou des sites où le patient a présenté des saignements/hémorragies à tout moment entre le début de la maladie et la présentation ou l'admission.",1,0,0,0,0,
présentation,SYMPTÔMES À L'ADMISSION : Indiquez si vous avez présenté ces symptômes à tout moment entre le début de la maladie et le jour de la consultation.,adsym_cns,Symptômes neurologiques,,Ce terme fait référence aux signes et symptômes liés au système neurologique.,Indiquez « Oui » si le patient a présenté ce symptôme à tout moment entre le début de la maladie et la présentation.,1,0,0,0,0,
présentation,SYMPTÔMES À L'ADMISSION : Indiquez si vous avez présenté ces symptômes à tout moment entre le début de la maladie et le jour de la consultation.,adsym_headache,Mal de tête,"1, Oui | 0, Non | 99, Inconnu",Défini comme l'expérience de la douleur dans diverses parties de la tête.,"Indiquez « Oui » si le patient a présenté ce symptôme à tout moment entre le début de la maladie et la présentation. ",1,0,0,0,0,0
présentation,SYMPTÔMES À L'ADMISSION : Indiquez si vous avez présenté ces symptômes à tout moment entre le début de la maladie et le jour de la consultation.,adsym_headache_days,Nombre de jours avant la présentation :,,,,1,0,0,,,
présentation,SYMPTÔMES À L'ADMISSION : Indiquez si vous avez présenté ces symptômes à tout moment entre le début de la maladie et le jour de la consultation.,adsym_photoph,Photophobie,"1, Oui | 0, Non | 99, Inconnu",Fait référence à une sensibilité accrue des yeux à la lumière.,Indiquez « Oui » si le patient a présenté ce symptôme à tout moment entre le début de la maladie et la présentation.,1,0,0,0,0,0
présentation,SYMPTÔMES À L'ADMISSION : Indiquez si vous avez présenté ces symptômes à tout moment entre le début de la maladie et le jour de la consultation.,adsym_seizconv,Convulsions / convulsions,"1, Oui | 0, Non | 99, Inconnu","Défini comme une anomalie intermittente de la physiologie du système nerveux caractérisé par une occurrence transitoire d'un mouvement soudain, violent et irrégulier du corps, provoqué par une contraction involontaire des muscles en raison d'une activité neuronale excessive ou synchrone anormale dans le cerveau.",Indiquez « Oui » si le patient a présenté ce symptôme à tout moment entre le début de la maladie et la présentation.,1,0,0,0,0,0
présentation,SYMPTÔMES À L'ADMISSION : Indiquez si vous avez présenté ces symptômes à tout moment entre le début de la maladie et le jour de la consultation.,adsym_confusion,Conscience / confusion altérée,"1, Oui | 0, Non | 99, Inconnu",Défini comme un niveau de conscience ou d'excitation autre que la ligne de base normale du patient.,Indiquez « Oui » si le patient a présenté ce symptôme à tout moment entre le début de la maladie et la présentation.,1,0,0,0,0,0
présentation,SYMPTÔMES À L'ADMISSION : Indiquez si vous avez présenté ces symptômes à tout moment entre le début de la maladie et le jour de la consultation.,adsym_focweak,Faiblesse focale,"1, oui | 0, Non | 99, Inconnu",,"Indiquez « Oui » si le patient a présenté cette affection à tout moment entre l'apparition de la maladie et la consultation. ",1,0,0,,0,0
présentation,SYMPTÔMES À L'ADMISSION : Indiquez si vous avez présenté ces symptômes à tout moment entre le début de la maladie et le jour de la consultation.,adsym_paralysis,Paralysie,"1, Oui | 0, Non | 99, Inconnu",Désigne l'incapacité de bouger ou de contrôler ses mouvements.,"Indiquez « Oui » si le patient a présenté ce symptôme à tout moment entre le début de la maladie et la présentation. ",1,0,0,0,0,0
présentation,SYMPTÔMES À L'ADMISSION : Indiquez si vous avez présenté ces symptômes à tout moment entre le début de la maladie et le jour de la consultation.,adsym_irritable,Irritabilité,"1, Oui | 0, Non | 99, Inconnu","Désigne une excitabilité anormale ou excessive qui se traduit par une colère, une irritation ou une impatience facilement déclenchées.",Indiquez « Oui » si le patient a présenté ce symptôme à tout moment entre le début de la maladie et la consultation.,1,0,0,0,0,0
présentation,SYMPTÔMES À L'ADMISSION : Indiquez si vous avez présenté ces symptômes à tout moment entre le début de la maladie et le jour de la consultation.,adsym_tremor,Tremblement,"1, Oui | 0, Non | 99, Inconnu",Fait référence à un mouvement musculaire involontaire et oscillant à propos d'un axe articulaire.,Indiquez « Oui » si le patient a présenté ce symptôme à tout moment entre le début de la maladie et la consultation.,1,0,0,0,0,0
présentation,SYMPTÔMES À L'ADMISSION : Indiquez si vous avez présenté ces symptômes à tout moment entre le début de la maladie et le jour de la consultation.,adsym_diffwalk,Difficultés à marcher,"1, Oui | 0, Non | 99, Inconnu",Il s'agit de tout problème persistant lié à la marche.,"Indiquez « Oui » si le patient a présenté ce symptôme à un moment quelconque entre le début de la maladie et la consultation. ",1,0,0,0,0,0
présentation,SYMPTÔMES À L'ADMISSION : Indiquez si vous avez présenté ces symptômes à tout moment entre le début de la maladie et le jour de la consultation.,adsym_personality,"Changements de personnalité (incluant agitation, psychose, somnolence, insomnie, catatonie, labilité de l'humeur, altération des habitudes de sommeil et chez les enfants, nouvelle apparition d'énurésie ou d'irritabilité)","1, oui | 0, Non | 99, Inconnu",,"Indiquez « Oui » si le patient a présenté cette affection à tout moment entre l'apparition de la maladie et la consultation. ",1,0,0,,0,0
présentation,SYMPTÔMES À L'ADMISSION : Indiquez si vous avez présenté ces symptômes à tout moment entre le début de la maladie et le jour de la consultation.,adsym_abnmov,Mouvement anormal,"1, oui | 0, Non | 99, Inconnu",,"Indiquez « Oui » si le patient a présenté cette affection à tout moment entre l'apparition de la maladie et la consultation. ",1,0,0,,0,0
présentation,SYMPTÔMES À L'ADMISSION : Indiquez si vous avez présenté ces symptômes à tout moment entre le début de la maladie et le jour de la consultation.,adsym_abnmov_type,Spécifier:,"1, Chorée | 2, Athétose | 3, Dystonie | 4, hémiballisme | 5, Stéréotypes | 6, Dyskinésie oro-linguale | 7, tic",,,1,0,0,,,0
présentation,SYMPTÔMES À L'ADMISSION : Indiquez si vous avez présenté ces symptômes à tout moment entre le début de la maladie et le jour de la consultation.,adsym_neurologic,Autres anomalies neurologiques,"1, Oui | 0, Non | 99, Inconnu",Cela fait référence à la présence d'une anomalie neurologique alternative non énumérée ci-dessus.,"Indiquez «oui», si le patient a une autre anomalie neurologique non répertoriée ci-dessus.",1,0,0,0,0,0
présentation,SYMPTÔMES À L'ADMISSION : Indiquez si vous avez présenté ces symptômes à tout moment entre le début de la maladie et le jour de la consultation.,adsym_neurologic_spec,Précisez les autres symptômes neurologiques,,Désigne la présence d'une autre anomalie neurologique non répertoriée ci-dessus.,"Si « Autre », précisez l'anomalie neurologique.",1,0,0,0,0,
présentation,SYMPTÔMES À L'ADMISSION : Indiquez si vous avez présenté ces symptômes à tout moment entre le début de la maladie et le jour de la consultation.,adsym_eye,Symptômes ophtalmologiques,,Désigne les signes et symptômes liés à l'œil.,Indiquez « Oui » si le patient a présenté ce symptôme à tout moment entre le début de la maladie et la consultation.,1,0,0,0,0,
présentation,SYMPTÔMES À L'ADMISSION : Indiquez si vous avez présenté ces symptômes à tout moment entre le début de la maladie et le jour de la consultation.,adsym_itchyeye,Démangeaisons de l'œil,"1, Oui | 0, Non | 99, Inconnu",Défini comme des démangeaisons d'un ou des deux yeux.,Indiquez « Oui » si le patient a présenté ce symptôme à tout moment entre le début de la maladie et la consultation.,1,0,0,0,0,0
présentation,SYMPTÔMES À L'ADMISSION : Indiquez si vous avez présenté ces symptômes à tout moment entre le début de la maladie et le jour de la consultation.,adsym_redeye,Œil rouge / rose,"1, Oui | 0, Non | 99, Inconnu","Défini comme une inflammation ou une infection de la conjonctive, caractérisée par des rougeurs dans un ou deux yeux.",Indiquez « Oui » si le patient a présenté ce symptôme à tout moment entre le début de la maladie et la consultation.,1,0,0,0,0,0
présentation,SYMPTÔMES À L'ADMISSION : Indiquez si vous avez présenté ces symptômes à tout moment entre le début de la maladie et le jour de la consultation.,adsym_paineyes,Douleur à l'œil,"1, Oui | 0, Non | 99, Inconnu",Défini comme un inconfort ou une douche localisée à l'intérieur ou autour de la zone des yeux.,"Indiquez « Oui » si le patient a présenté ce symptôme à tout moment entre le début de la maladie et la consultation. ",1,0,0,0,0,0
présentation,SYMPTÔMES À L'ADMISSION : Indiquez si vous avez présenté ces symptômes à tout moment entre le début de la maladie et le jour de la consultation.,adsym_eyelidedema,Œdème des paupières,"1, Oui | 0, Non | 99, Inconnu",Défini comme un gonflement en raison de l'accumulation de liquide dans les tissus de la paupière.,Indiquez « Oui » si le patient a présenté ce symptôme à un moment quelconque entre le début de la maladie et la consultation.,1,0,0,0,0,0
présentation,SYMPTÔMES À L'ADMISSION : Indiquez si vous avez présenté ces symptômes à tout moment entre le début de la maladie et le jour de la consultation.,adsym_eyedischarg,Décharge de l'œil,"1, Oui | 0, Non | 99, Inconnu","Défini comme la libération de fluides allant du clair à PUS comme l'œil, indiquant souvent une infection ou une irritation.",Indiquez « Oui » si le patient a présenté ce symptôme à un moment quelconque entre le début de la maladie et la consultation.,1,0,0,0,0,0
présentation,SYMPTÔMES À L'ADMISSION : Indiquez si vous avez présenté ces symptômes à tout moment entre le début de la maladie et le jour de la consultation.,adsym_hazyvision,Vision brumeuse / floue,"1, Oui | 0, Non | 99, Inconnu","Défini comme une perte d'acuité visuelle, résultant en une vue peu claire ou déformée.",Indiquez « Oui » si le patient a présenté ce symptôme à un moment quelconque entre le début de la maladie et la consultation.,1,0,0,0,0,0
présentation,SYMPTÔMES À L'ADMISSION : Indiquez si vous avez présenté ces symptômes à tout moment entre le début de la maladie et le jour de la consultation.,adsym_eyelightsensi,Sensibilité de l'œil à la lumière,"1, Oui | 0, Non | 99, Inconnu","Défini comme une intolérance anormale à la lumière, provoquant une gêne ou une douleur dans les yeux lorsqu'il est exposé à une lumière vive.","Indiquez « Oui » si le patient a présenté ce symptôme à un moment quelconque entre le début de la maladie et la consultation. ",1,0,0,0,0,0
présentation,SYMPTÔMES À L'ADMISSION : Indiquez si vous avez présenté ces symptômes à tout moment entre le début de la maladie et le jour de la consultation.,adsym_visdist,Troubles visuels,"1, Oui | 0, Non | 99, Inconnu",Désigne une perturbation de la vision normale sans nécessairement affecter l'acuité visuelle.,Indiquez « Oui » si le patient a présenté ce symptôme à tout moment entre le début de la maladie et la consultation.,1,0,0,0,0,0
présentation,SYMPTÔMES À L'ADMISSION : Indiquez si vous avez présenté ces symptômes à tout moment entre le début de la maladie et le jour de la consultation.,adsym_ocularoth,Si autre: spécifiez les plaintes oculaires (s) oculaires,"1, Oui | 0, Non | 99, Inconnu",Cela fait référence à d'autres plaintes oculaires non spécifiées ci-dessus.,"Si «autre», écrivez les autres plaintes oculaires, le patient a connu à tout moment de l'apparition de cette maladie et de cette présentation ou de cette admission.",1,0,0,0,0,0
présentation,SYMPTÔMES À L'ADMISSION : Indiquez si vous avez présenté ces symptômes à tout moment entre le début de la maladie et le jour de la consultation.,adsym_ocularoth_spec,Précisez les autres symptômes ophtalmologiques,,"Désigne d'autres signes et symptômes liés à l'œil, non spécifiés ci-dessus.","Si « Oui », précisez les autres signes et symptômes ophtalmologiques. ",1,0,0,0,0,
présentation,SYMPTÔMES À L'ADMISSION : Indiquez si vous avez présenté ces symptômes à tout moment entre le début de la maladie et le jour de la consultation.,adsym_ent,Symptômes au niveau des oreilles/du nez/de la gorge,"1, Oui | 0, Non | 99, Inconnu","Désigne des signes et symptômes liés à l'oreille, au nez et à la gorge.",Indiquez « Oui » si le patient a présenté ce symptôme à tout moment entre le début de la maladie et la consultation.,1,0,0,0,0,0
présentation,SYMPTÔMES À L'ADMISSION : Indiquez si vous avez présenté ces symptômes à tout moment entre le début de la maladie et le jour de la consultation.,adsym_earpain,Douleur à l'oreille,"1, Oui | 0, Non | 99, Inconnu",Désigne une sensation douloureuse dans l'oreille.,Indiquez « Oui » si le patient a présenté ce symptôme à tout moment entre le début de la maladie et la consultation.,1,0,0,0,0,0
présentation,SYMPTÔMES À L'ADMISSION : Indiquez si vous avez présenté ces symptômes à tout moment entre le début de la maladie et le jour de la consultation.,adsym_tinnitus,Acouphènes,"1, Oui | 0, Non | 99, Inconnu",Il s'agit d'une perception anormale des sons par une personne en l'absence de stimulation auditive.,Indiquez « Oui » si le patient a présenté ce symptôme à tout moment entre le début de la maladie et la consultation.,1,0,0,0,0,0
présentation,SYMPTÔMES À L'ADMISSION : Indiquez si vous avez présenté ces symptômes à tout moment entre le début de la maladie et le jour de la consultation.,adsym_parot,Parotidite,"1, Oui | 0, Non | 99, Inconnu",Il s'agit d'une inflammation des glandes parotides.,"Indiquez « Oui » si le patient a présenté ce symptôme à un moment quelconque entre le début de la maladie et la consultation. ",1,0,0,0,0,0
présentation,SYMPTÔMES À L'ADMISSION : Indiquez si vous avez présenté ces symptômes à tout moment entre le début de la maladie et le jour de la consultation.,adsym_paed,Symptômes spécifiques à l'enfant,,,,1,0,0,,,
présentation,SYMPTÔMES À L'ADMISSION : Indiquez si vous avez présenté ces symptômes à tout moment entre le début de la maladie et le jour de la consultation.,adsym_contcry,Pleurs continus,"1, oui | 0, Non | 99, Inconnu","Il s'agit de pleurs inconsolables et excessifs chez un nouveau-né ou un nourrisson, généralement définis comme des pleurs pendant plus de trois heures par jour, au moins trois jours par semaine, pendant plus de trois semaines.","Indiquez « Oui » si le patient a présenté cette affection à tout moment entre l'apparition de la maladie et la consultation. ",1,0,0,0,0,0
présentation,SYMPTÔMES À L'ADMISSION : Indiquez si vous avez présenté ces symptômes à tout moment entre le début de la maladie et le jour de la consultation.,adsym_feedingdiff,Difficultés d'alimentation,"1, oui | 0, Non | 99, Inconnu","Définie comme une altération de la capacité à manger liée à des problèmes pour rassembler les aliments et se préparer à les sucer, les mâcher ou les avaler.","Indiquez « Oui » si le patient a présenté cette affection à tout moment entre l'apparition de la maladie et la consultation. ",1,0,0,0,0,0
présentation,SYMPTÔMES À L'ADMISSION : Indiquez si vous avez présenté ces symptômes à tout moment entre le début de la maladie et le jour de la consultation.,adsym_otherdesc,Autres  symptômes,,,,1,0,0,,,
présentation,SYMPTÔMES À L'ADMISSION : Indiquez si vous avez présenté ces symptômes à tout moment entre le début de la maladie et le jour de la consultation.,adsym_unlisted,Autres signes ou symptômes (s),"1, Oui | 0, Non | 99, Inconnu",Il s'agit de la présence d'un signe alternatif ou d'une anomalie non énumérée ci-dessus.,"Indiquez « Oui » si le patient a présenté ce symptôme à tout moment entre le début de la maladie et la consultation. ",1,0,0,0,0,0
présentation,SIGNES À L'ADMISSION : Indiquez si ces signes ont été observés à tout moment entre le début de la maladie et le jour de la consultation.,adsign_sys,Signes systémiques / généraux,,Il s'agit de signes et symptômes systémiques / généraux / non spécifiques.,"Indiquez « Oui » si le patient a présenté ce symptôme à un moment quelconque entre le début de la maladie et la consultation. ",1,0,0,0,0,
présentation,SIGNES À L'ADMISSION : Indiquez si ces signes ont été observés à tout moment entre le début de la maladie et le jour de la consultation.,adsign_hypotherm,Hypothermie,"1, Oui | 0, Non | 99, Inconnu",Il s'agit d'une baisse anormale de la température corporelle due à un dysfonctionnement de la thermorégulation.,"Indiquez « Oui » si le patient a présenté ce symptôme à un moment quelconque entre le début de la maladie et la consultation. ",1,0,0,0,0,0
présentation,SIGNES À L'ADMISSION : Indiquez si ces signes ont été observés à tout moment entre le début de la maladie et le jour de la consultation.,adsign_coldperiph,Extrémités froides / moites,"1, Oui | 0, Non | 99, Inconnu","Il s'agit d'une peau froide et humide au toucher, souvent associée à une insuffisance circulatoire et à des symptômes tels que l'agitation et l'hypotension.","Indiquez « Oui » si le patient a présenté ce symptôme à un moment quelconque entre le début de la maladie et la consultation. ",1,0,0,0,0,0
présentation,SIGNES À L'ADMISSION : Indiquez si ces signes ont été observés à tout moment entre le début de la maladie et le jour de la consultation.,adsign_dehyrdation,Déshydratation,"1, Oui | 0, Non | 99, Inconnu",Il s'agit d'une perte excessive d'eau par l'organisme.,"Indiquez « Oui » si le patient a présenté ce symptôme à un moment quelconque entre le début de la maladie et la consultation. ",1,0,0,0,0,0
présentation,SIGNES À L'ADMISSION : Indiquez si ces signes ont été observés à tout moment entre le début de la maladie et le jour de la consultation.,adsign_dehyrdation_type,État de déshydratation,"1, doux | 2, modéré| 3, sévère",Cela fait référence à une perte excessive d’eau du corps.,Indiquez « Oui » si le patient a vécu cela à un moment donné depuis le début de cette maladie jusqu'à sa présentation.,1,0,0,0,0,0
présentation,SIGNES À L'ADMISSION : Indiquez si ces signes ont été observés à tout moment entre le début de la maladie et le jour de la consultation.,adsign_oedema,Œdème,"1, Oui | 0, Non | 99, Inconnu",Il s'agit d'une accumulation excessive de liquide dans les cellules ou les tissus intercellulaires.,"Indiquez « Oui » si le patient a présenté ce symptôme à un moment quelconque entre le début de la maladie et la consultation. ",1,0,0,0,0,0
présentation,SIGNES À L'ADMISSION : Indiquez si ces signes ont été observés à tout moment entre le début de la maladie et le jour de la consultation.,adsign_oedema_site,Site(s) de l'œdème,"1, Pieds | 2, Cheville | 3, Jambes (sous le genou) | 4, Jambes (au-dessus du genou)  | 5, Scrotum/Lèvres | 6, Sacrum | 7, Abdomen | 8, Cou | 9, Visage | 99, Inconnu | 88, Autre",Cela fait référence à l'emplacement de l'œdème.,"Si « Oui », précisez la localisation de l'œdème. Sélectionnez toutes les réponses qui s'appliquent.",1,0,0,0,0,0
présentation,SIGNES À L'ADMISSION : Indiquez si ces signes ont été observés à tout moment entre le début de la maladie et le jour de la consultation.,adsign_oedema_site_oth,Préciser les autres sites de l'œdème,,Cela fait référence à l'emplacement de l'œdème.,"Si « Autre », précisez la localisation de l'œdème.",1,0,0,0,0,
présentation,SIGNES À L'ADMISSION : Indiquez si ces signes ont été observés à tout moment entre le début de la maladie et le jour de la consultation.,adsign_lymph,Lymphadénopathie,"1, Oui - douloureux | 2, Oui - non douloureux | 0, Non | 99, Inconnu","Défini comme un résultat clinique d'un élargissement anormal des ganglions lymphatiques. ","Indiquez « Oui » si le patient a présenté ce symptôme à un moment quelconque entre le début de la maladie et la consultation. ",1,0,0,0,0,0
présentation,SIGNES À L'ADMISSION : Indiquez si ces signes ont été observés à tout moment entre le début de la maladie et le jour de la consultation.,adsign_lymph_site,Préciser le(s) site(s) de la lymphadénopathie,"1, Axillaire (aisselles) | 2, Cervical (cou) | 3, Inguinal (aine) | 99, Inconnu | 88, Autre",Cela fait référence à l'emplacement où la lymphadénopathie a été identifiée.,"Sélectionnez la ou les options les plus appropriées correspondant à la localisation de la lymphadénopathie. ",1,0,0,0,0,0
présentation,SIGNES À L'ADMISSION : Indiquez si ces signes ont été observés à tout moment entre le début de la maladie et le jour de la consultation.,adsign_lymph_site_oth,Préciser les autres sites de la lymphadénopathie,,Cela fait référence à l'emplacement où la lymphadénopathie a été identifiée.,"Si « Autre », indiquez l'emplacement où la lymphadénopathie a été identifiée.",1,0,0,0,0,
présentation,SIGNES À L'ADMISSION : Indiquez si ces signes ont été observés à tout moment entre le début de la maladie et le jour de la consultation.,adsign_bruise,Hématomes,"1, Oui | 0, Non | 99, Inconnu","Cela fait référence à l'extravasation spontanée de sang dans l'espace sous-cutané, également appelée ecchymoses spontanées.","Indiquez « Oui » si le patient a présenté ce symptôme à un moment quelconque entre le début de la maladie et la consultation. ",1,0,0,0,0,0
présentation,SIGNES À L'ADMISSION : Indiquez si ces signes ont été observés à tout moment entre le début de la maladie et le jour de la consultation.,adsign_presinj,Lésion de pression sur la peau,"1, oui | 0, Non | 99, Inconnu",,"Indiquez « Oui » si le patient a présenté cette affection à tout moment entre l'apparition de la maladie et la consultation. ",1,0,0,,0,0
présentation,SIGNES À L'ADMISSION : Indiquez si ces signes ont été observés à tout moment entre le début de la maladie et le jour de la consultation.,adsign_alopecia,Alopécie,"1, Oui | 0, Non | 99, Inconnu",Désigne l'absence de poils (perte de poils sans cicatrices) dans des zones où ils sont normalement présents.,"Indiquez « Oui » si le patient a présenté ce symptôme à un moment quelconque entre le début de la maladie et la consultation. ",1,0,0,0,0,0
présentation,SIGNES À L'ADMISSION : Indiquez si ces signes ont été observés à tout moment entre le début de la maladie et le jour de la consultation.,adsign_dryskin,Peau sèche,"1, Oui | 0, Non | 99, Inconnu","Désigne une peau caractérisée par un manque d'hydratation naturelle ou normale résultant d'une insuffisance d'hydrolipides dans la peau, également appelée xérose cutanée.","Indiquez « Oui » si le patient a présenté ce symptôme à un moment quelconque entre le début de la maladie et la consultation. ",1,0,0,0,0,0
présentation,SIGNES À L'ADMISSION : Indiquez si ces signes ont été observés à tout moment entre le début de la maladie et le jour de la consultation.,adsign_oralulcer,Ulcères buccaux,"1, Oui | 0, Non | 99, Inconnu","Désigne des épisodes récurrents d'ulcération de la muqueuse buccale (aphtes buccaux récurrents), se présentant généralement sous la forme de lésions muqueuses douloureuses, nettement circonscrites et recouvertes de fibrine, avec une h","Indiquez « Oui » si le patient a présenté ce symptôme à un moment quelconque entre le début de la maladie et la consultation. ",1,0,0,0,0,0
présentation,SIGNES À L'ADMISSION : Indiquez si ces signes ont été observés à tout moment entre le début de la maladie et le jour de la consultation.,adsign_mastitis,Mastite,"1, Oui | 0, Non | 99, Inconnu","Défini comme une inflammation du sein, accompagnée ou non d'une infection.","Indiquez « Oui » si le patient a présenté ce symptôme à un moment quelconque entre le début de la maladie et la consultation. ",1,0,0,0,0,0
présentation,SIGNES À L'ADMISSION : Indiquez si ces signes ont été observés à tout moment entre le début de la maladie et le jour de la consultation.,adsign_bacsi,Surinfection bactérienne,"1, Oui | 0, Non | 99, Inconnu","Défini comme une infection bactérienne secondaire diagnostiquée par un médecin qui survient pendant une plaie existante, une infection ou immédiatement après une infection antérieure.","Indiquez « Oui » si le patient a présenté ce symptôme à un moment quelconque entre le début de la maladie et la consultation. ",1,0,0,0,0,0
présentation,SIGNES À L'ADMISSION : Indiquez si ces signes ont été observés à tout moment entre le début de la maladie et le jour de la consultation.,adsign_bacsi_spec,Préciser la surinfection bactérienne.,"7, Abcès des tissus profonds | 1, Folliculite / cellulite | 2, Pneumonie | 3, Gastro-entérite | 4, SNC | 5, Bactériémie | 6, Voies urinaires | 88, Autre",Il s'agit du type ou de la localisation de la surinfection bactérienne.,"Sélectionnez la ou les options les plus appropriées représentant le type ou la localisation de la surinfection bactérienne. ",1,0,0,0,0,0
présentation,SIGNES À L'ADMISSION : Indiquez si ces signes ont été observés à tout moment entre le début de la maladie et le jour de la consultation.,adsign_bacsi_oth,Préciser autre surinfection bactérienne,,"Il s'agit des autres types ou localisations de la surinfection bactérienne, non spécifiés ci-dessus.","Si « Autre », indiquez le type ou la localisation de la surinfection bactérienne. ",1,0,0,0,0,
présentation,SIGNES À L'ADMISSION : Indiquez si ces signes ont été observés à tout moment entre le début de la maladie et le jour de la consultation.,adsign_resp,Signes respiratoires,,Il s'agit des signes et symptômes liés au système respiratoire.,"Indiquez « Oui » si le patient a présenté ce symptôme à un moment quelconque entre le début de la maladie et la consultation. ",1,0,0,0,0,
présentation,SIGNES À L'ADMISSION : Indiquez si ces signes ont été observés à tout moment entre le début de la maladie et le jour de la consultation.,adsign_respdistress,Détresse respiratoire,"1, Oui | 0, Non | 99, Inconnu",Il s'agit d'une augmentation pathologique de l'effort et de la fréquence des mouvements respiratoires.,"Indiquez « Oui » si le patient a présenté ce symptôme à un moment quelconque entre le début de la maladie et la consultation. ",1,0,0,0,0,0
présentation,SIGNES À L'ADMISSION : Indiquez si ces signes ont été observés à tout moment entre le début de la maladie et le jour de la consultation.,adsign_chestindrw,Retrait de la partie inférieure de la cage thoracique,"1, Oui | 0, Non | 99, Inconnu","Définie comme un signe clinique de détresse respiratoire, caractérisé par un mouvement anormal vers l'intérieur de la partie inférieure de la cage thoracique pendant l'inspiration. Si seuls les tissus mous entre les côtes ou au-dessus de la clavicule se creusent lorsque le patient respire, il ne s'agit pas d'un enfoncement de la partie inférieure de la cage thoracique.","Indiquez « Oui » si le patient a présenté ce symptôme à un moment quelconque entre l'apparition de la maladie et la consultation. ",1,0,0,0,0,0
présentation,SIGNES À L'ADMISSION : Indiquez si ces signes ont été observés à tout moment entre le début de la maladie et le jour de la consultation.,adsign_tachypnoea,Respiration rapide (tachypnée),"1, Oui | 0, Non | 99, Inconnu",Définie comme une augmentation anormale de la fréquence respiratoire.,"Indiquez « Oui » si le patient a présenté ce symptôme à un moment quelconque entre l'apparition de la maladie et la consultation. ",1,0,0,0,0,0
présentation,SIGNES À L'ADMISSION : Indiquez si ces signes ont été observés à tout moment entre le début de la maladie et le jour de la consultation.,adsign_apnoea,Apnée,"1, Oui | 0, Non | 99, Inconnu",Défini comme une absence transitoire de respiration spontanée.,"Indiquez « Oui » si le patient a présenté ce symptôme à un moment quelconque entre l'apparition de la maladie et la consultation. ",1,0,0,0,0,0
présentation,SIGNES À L'ADMISSION : Indiquez si ces signes ont été observés à tout moment entre le début de la maladie et le jour de la consultation.,adsign_rhinitis,Rhinite,"1, Oui | 0, Non | 99, Inconnu","Défini comme une inflammation de la muqueuse qui tapisse le nez, généralement associée à un écoulement nasal.","Indiquez « Oui » si le patient a présenté ce symptôme à un moment quelconque entre l'apparition de la maladie et la consultation. ",1,0,0,0,0,0
présentation,SIGNES À L'ADMISSION : Indiquez si ces signes ont été observés à tout moment entre le début de la maladie et le jour de la consultation.,adsign_phary,"Pharyngite ","1, Oui | 0, Non | 99, Inconnu",Il s'agit de la présence d'une inflammation de la gorge.,"Indiquez « Oui » si le patient a présenté ce symptôme à un moment quelconque entre le début de la maladie et la consultation. ",1,0,0,0,0,0
présentation,SIGNES À L'ADMISSION : Indiquez si ces signes ont été observés à tout moment entre le début de la maladie et le jour de la consultation.,adsign_pharery,Érythème pharyngé,"1, oui | 0, Non | 99, Inconnu",,Indiquez « Oui » si le patient a vécu cela à un moment donné depuis le début de cette maladie jusqu'à sa présentation.,1,0,0,,0,0
présentation,SIGNES À L'ADMISSION : Indiquez si ces signes ont été observés à tout moment entre le début de la maladie et le jour de la consultation.,adsign_pharexu,Exsudat pharyngé,"1, oui | 0, Non | 99, Inconnu",,Indiquez « Oui » si le patient a vécu cela à un moment donné depuis le début de cette maladie jusqu'à sa présentation.,1,0,0,,0,0
présentation,SIGNES À L'ADMISSION : Indiquez si ces signes ont été observés à tout moment entre le début de la maladie et le jour de la consultation.,adsign_tonsil,Amygdalite,"1, Oui | 0, Non | 99, Inconnu",Il s'agit de la présence d'une inflammation des amygdales.,"Indiquez « Oui » si le patient a présenté ce symptôme à un moment quelconque entre le début de la maladie et la consultation. ",1,0,0,0,0,0
présentation,SIGNES À L'ADMISSION : Indiquez si ces signes ont été observés à tout moment entre le début de la maladie et le jour de la consultation.,adsign_plueeff,Épanchement pleural,"1, Oui | 0, Non | 99, Inconnu",Il s'agit de la présence de liquide dans la cavité pleurale résultant d'une transsudation ou d'une exsudation excessive des surfaces pleurales.,"Indiquez « Oui » si le patient a présenté ce symptôme à un moment quelconque entre le début de la maladie et la consultation. ",1,0,0,0,0,0
présentation,SIGNES À L'ADMISSION : Indiquez si ces signes ont été observés à tout moment entre le début de la maladie et le jour de la consultation.,adsign_cvs,Signes cardiovasculaires,,Ce terme désigne les signes et symptômes liés au système cardiovasculaire.,"Indiquez « Oui » si le patient a présenté ce symptôme à un moment quelconque entre le début de la maladie et la consultation. ",1,0,0,0,0,
présentation,SIGNES À L'ADMISSION : Indiquez si ces signes ont été observés à tout moment entre le début de la maladie et le jour de la consultation.,adsign_tachycardia,"Accélération du rythme cardiaque (tachycardie) ","1, Oui | 0, Non | 99, Inconnu","Désigne une fréquence cardiaque anormalement rapide (généralement > 100 bpm pour les adultes), qui dépasse la plage de fréquence cardiaque au repos normale pour l'âge. ","Indiquez « Oui » si le patient a présenté ce symptôme à un moment quelconque entre le début de la maladie et la consultation. ",1,0,0,0,0,0
présentation,SIGNES À L'ADMISSION : Indiquez si ces signes ont été observés à tout moment entre le début de la maladie et le jour de la consultation.,adsign_arrhythmia,Arythmie cardiaque,"1, Oui | 0, Non | 99, Inconnu","Désigne une anomalie du rythme cardiaque, notamment en termes de fréquence, de régularité et/ou de séquence d'activation.","Indiquez « Oui » si le patient a présenté ce symptôme à un moment quelconque entre le début de la maladie et la consultation. ",1,0,0,0,0,0
présentation,SIGNES À L'ADMISSION : Indiquez si ces signes ont été observés à tout moment entre le début de la maladie et le jour de la consultation.,adsign_cyan,Cyanose périphérique,"1, Oui | 0, Non | 99, Inconnu",,"Indiquez « Oui » si le patient a présenté cette affection à tout moment entre l'apparition de la maladie et la consultation. ",1,0,0,,0,0
présentation,SIGNES À L'ADMISSION : Indiquez si ces signes ont été observés à tout moment entre le début de la maladie et le jour de la consultation.,adsign_git,Signes gastro-intestinaux,,Il s'agit des signes et symptômes liés au système gastro-intestinal.,"Indiquez « Oui » si le patient a présenté ce symptôme à un moment quelconque entre le début de la maladie et la consultation. ",1,0,0,0,0,
présentation,SIGNES À L'ADMISSION : Indiquez si ces signes ont été observés à tout moment entre le début de la maladie et le jour de la consultation.,adsign_ascites,Ascite,"1, Oui | 0, Non | 99, Inconnu",Défini comme une accumulation ou une rétention excessive de liquide libre dans la cavité péritonéale.,"Indiquez « Oui » si le patient a présenté ce symptôme à un moment quelconque entre le début de la maladie et la consultation. ",1,0,0,0,0,0
présentation,SIGNES À L'ADMISSION : Indiquez si ces signes ont été observés à tout moment entre le début de la maladie et le jour de la consultation.,adsign_hepatomegally,Hépatomégalie,"1, Oui | 0, Non | 99, Inconnu",Défini comme une hypertrophie pathologique du foie.,"Indiquez « Oui » si le patient a présenté ce symptôme à un moment quelconque entre le début de la maladie et la consultation. ",1,0,0,0,0,0
présentation,SIGNES À L'ADMISSION : Indiquez si ces signes ont été observés à tout moment entre le début de la maladie et le jour de la consultation.,adsign_splenomegaly,Rate palpable/splénomégalie,"1, oui | 0, Non | 99, Inconnu",,Indiquez « Oui » si le patient a vécu cela à un moment donné depuis le début de cette maladie jusqu'à sa présentation.,1,0,0,,0,0
présentation,SIGNES À L'ADMISSION : Indiquez si ces signes ont été observés à tout moment entre le début de la maladie et le jour de la consultation.,adsign_tenabd,Ventre tendre,"1, oui | 0, Non | 99, Inconnu",,Indiquez « Oui » si le patient a vécu cela à un moment donné depuis le début de cette maladie jusqu'à sa présentation.,1,0,0,,0,0
présentation,SIGNES À L'ADMISSION : Indiquez si ces signes ont été observés à tout moment entre le début de la maladie et le jour de la consultation.,adsign_jaund,Jaunisse,"1, Oui | 0, Non | 99, Inconnu","Défini comme une manifestation clinique d'hyperbilirubinémie, caractérisée par une coloration jaunâtre de la peau, des muqueuses et/ou de la sclère. ","Indiquez « Oui » si le patient a présenté ce symptôme à un moment quelconque entre le début de la maladie et la consultation. ",1,0,0,0,0,0
présentation,SIGNES À L'ADMISSION : Indiquez si ces signes ont été observés à tout moment entre le début de la maladie et le jour de la consultation.,adsign_feed,Alimentation,"1, oui | 0, Non | 99, Inconnu",Il s'agit de savoir si le patient se nourrit ou non.,Indiquez « Oui » si le patient est capable de se nourrir,1,0,0,0,0,0
présentation,SIGNES À L'ADMISSION : Indiquez si ces signes ont été observés à tout moment entre le début de la maladie et le jour de la consultation.,adsign_feed_route,"Si oui, précisez l’itinéraire d’alimentation","1, orale | 2, sonde d'alimentation | 3, Allaitement | 99, Inconnu","En cas d'alimentation, cela fait référence à la voie d'alimentation",Sélectionnez l'option la plus appropriée qui correspond à la voie d'alimentation,1,0,0,0,0,0
présentation,SIGNES À L'ADMISSION : Indiquez si ces signes ont été observés à tout moment entre le début de la maladie et le jour de la consultation.,adsign_feed_npo,"Si non, zéro par ordonnance orale (NPO) ?","1, oui | 0, Non | 99, Inconnu","Il s’agit d’ordres cliniques indiquant que rien (par exemple, médicaments, nourriture) ne doit être pris par voie orale.",Indiquez « Oui » si le patient reçoit l'ordre clinique de ne rien consommer par voie orale.,1,0,0,0,0,0
présentation,SIGNES À L'ADMISSION : Indiquez si ces signes ont été observés à tout moment entre le début de la maladie et le jour de la consultation.,adsign_melaena,Sang noir/goudronneux dans les selles (méléna),"1, Oui | 0, Non | 99, Inconnu","Il s'agit de selles anormalement foncées et goudronneuses contenant du sang, généralement provenant d'un saignement gastro-intestinal.","Indiquez « Oui » si le patient a présenté ce symptôme à un moment quelconque entre le début de la maladie et la consultation. ",1,0,0,0,0,0
présentation,SIGNES À L'ADMISSION : Indiquez si ces signes ont été observés à tout moment entre le début de la maladie et le jour de la consultation.,adsign_haematochezia,Sang frais dans les selles (hématochézie),"1, Oui | 0, Non | 99, Inconnu",Il s'agit de la présence de sang dans les selles. Il résulte d'une hémorragie gastro-intestinale et peut être facilement observé dans les selles ou identifié au microscope.,"Indiquez « Oui » si le patient a présenté ce symptôme à un moment quelconque entre le début de la maladie et la consultation. ",1,0,0,0,0,0
présentation,SIGNES À L'ADMISSION : Indiquez si ces signes ont été observés à tout moment entre le début de la maladie et le jour de la consultation.,adsign_rectalbleed,Saignement rectal,"1, Oui | 0, Non | 99, Inconnu",Il s'agit d'un saignement provenant de la paroi rectale et s'écoulant par l'anus.,"Indiquez « Oui » si le patient a présenté ce symptôme à un moment quelconque entre le début de la maladie et la consultation. ",1,0,0,0,0,0
présentation,SIGNES À L'ADMISSION : Indiquez si ces signes ont été observés à tout moment entre le début de la maladie et le jour de la consultation.,adsign_lowurine,Diminution du débit urinaire,"1, Oui | 0, Non | 99, Inconnu",Il s'agit d'un résultat indiquant que la production d'urine est inférieure à 500 millilitres sur une période de 24 heures.,"Indiquez « Oui » si le patient a présenté ce symptôme à un moment quelconque entre le début de la maladie et la consultation. ",1,0,0,0,0,0
présentation,SIGNES À L'ADMISSION : Indiquez si ces signes ont été observés à tout moment entre le début de la maladie et le jour de la consultation.,adsign_heme,Signes hématologiques,,Il s'agit des signes et symptômes liés au système hématologique.,"Indiquez « Oui » si le patient a présenté ce symptôme à un moment quelconque entre le début de la maladie et la consultation. ",1,0,0,0,0,
présentation,SIGNES À L'ADMISSION : Indiquez si ces signes ont été observés à tout moment entre le début de la maladie et le jour de la consultation.,adsign_anaemia,Anémie,"1, Oui | 0, Non | 99, Inconnu","Il s'agit d'une réduction du nombre de globules rouges, de la quantité d'hémoglobine et/ou du volume de globules rouges concentrés. Les manifestations courantes comprennent la pâleur, la fatigue, les vertiges, l'essoufflement et la tachycardie.","Indiquez « Oui » si le patient a présenté ce symptôme à un moment quelconque entre le début de la maladie et la consultation. ",1,0,0,0,0,0
présentation,SIGNES À L'ADMISSION : Indiquez si ces signes ont été observés à tout moment entre le début de la maladie et le jour de la consultation.,adsign_cns,Signes neurologiques,,Ce terme fait référence aux signes et symptômes liés au système neurologique.,"Indiquez « Oui » si le patient a présenté ce symptôme à un moment quelconque entre le début de la maladie et la consultation. ",1,0,0,0,0,
présentation,SIGNES À L'ADMISSION : Indiquez si ces signes ont été observés à tout moment entre le début de la maladie et le jour de la consultation.,adsign_neckstiff,Raideur de la nuque,"1, Oui | 0, Non | 99, Inconnu","Définie comme une sensation de raideur dans le cou lorsque l'on tente de le bouger, en particulier après une période d'inactivité. La raideur de la nuque s'accompagne souvent de douleurs et de difficultés à bouger le cou, en particulier lorsque l'on essaie de tourner la tête sur le côté.","Indiquez « Oui » si le patient a présenté ce symptôme à un moment quelconque entre le début de la maladie et la consultation. ",1,0,0,0,0,0
présentation,SIGNES À L'ADMISSION : Indiquez si ces signes ont été observés à tout moment entre le début de la maladie et le jour de la consultation.,adsign_hemiplegia,Hémiplégie,"1, Oui | 0, Non | 99, Inconnu","Il s'agit d'une perte grave ou totale de la fonction motrice d'un côté du corps, souvent causée par des maladies cérébrales localisées dans l'hémisphère cérébral opposé au côté affecté ; moins fréquemment, des lésions du tronc cérébral, des maladies de la moelle épinière cervicale, des maladies du système nerveux périphérique et d'autres affections peuvent se manifester sous forme d'hémiplégie. ","Indiquez « Oui » si le patient a présenté ce symptôme à un moment quelconque entre le début de la maladie et la consultation. ",1,0,0,0,0,0
présentation,SIGNES À L'ADMISSION : Indiquez si ces signes ont été observés à tout moment entre le début de la maladie et le jour de la consultation.,adsign_cogimpair,Déficience cognitive,"1, Oui | 0, Non | 99, Inconnu","Il s'agit d'une diminution ou d'une altération des fonctions mentales et/ou intellectuelles. ","Indiquez « Oui » si le patient a présenté ce symptôme à un moment quelconque entre le début de la maladie et la consultation. ",1,0,0,0,0,0
présentation,SIGNES À L'ADMISSION : Indiquez si ces signes ont été observés à tout moment entre le début de la maladie et le jour de la consultation.,adsign_neurodist,Troubles psychologiques,"1, Oui | 0, Non | 99, Inconnu","Il s'agit de la présence de signes ou de symptômes qui affectent les pensées, les émotions, les comportements ou le bien-être mental d'une personne. La présence de troubles psychologiques doit être identifiée au moyen d'un examen de l'état mental (EEM) ou d'un outil équivalent.","Indiquez « Oui » si le patient a présenté ce symptôme à un moment quelconque entre le début de la maladie et la consultation. ",1,0,0,0,0,0
présentation,SIGNES À L'ADMISSION : Indiquez si ces signes ont été observés à tout moment entre le début de la maladie et le jour de la consultation.,adsign_speechdist,Troubles de la parole,"1, Oui | 0, Non | 99, Inconnu",Il s'agit de difficultés d'élocution et de communication pouvant résulter de pathologies cérébrales.,"Indiquez « Oui » si le patient a présenté ce symptôme à un moment quelconque entre le début de la maladie et la consultation. ",1,0,0,0,0,0
présentation,SIGNES À L'ADMISSION : Indiquez si ces signes ont été observés à tout moment entre le début de la maladie et le jour de la consultation.,adsign_agitation,Agitation,"1, Oui | 0, Non | 99, Inconnu",Il s'agit d'un état d'activité motrice excessive associé à une détresse mentale ou à un sentiment de malaise important ou de tension intérieure. Elle se distingue de l'agitation par un niveau accru de détresse émotionnelle et une intensité négative de l'expérience. L'agitation s'accompagne d'un niveau important d'activité physique qui constitue généralement une menace pour soi-même ou pour autrui.,"Indiquez « Oui » si le patient a présenté ce symptôme à un moment quelconque entre le début de la maladie et la consultation. ",1,0,0,0,0,0
présentation,SIGNES À L'ADMISSION : Indiquez si ces signes ont été observés à tout moment entre le début de la maladie et le jour de la consultation.,adsign_cerebesig,Signes cérébelleux,"1, Oui | 0, Non | 99, Inconnu","Désigne la présence d'un ensemble de signes neurologiques indiquant généralement un dysfonctionnement cérébelleux. Ces signes comprennent la dysdiadochokinésie, la dysmétrie, l'ataxie, le nystagmus, le tremblement intentionnel, l'élocution indistincte ou saccadée et l'hypotonie.","Indiquez « Oui » si le patient a présenté ce symptôme à un moment quelconque entre le début de la maladie et la consultation. ",1,0,0,0,0,0
présentation,SIGNES À L'ADMISSION : Indiquez si ces signes ont été observés à tout moment entre le début de la maladie et le jour de la consultation.,adsign_neurologic,Autre anomalie neurologique,"1, Oui | 0, Non | 99, Inconnu",Désigne la présence d'une anomalie neurologique alternative non répertoriée ci-dessus.,"Indiquez « Oui » si le patient a présenté ce symptôme à un moment quelconque entre le début de la maladie et la consultation. ",1,0,0,0,0,0
présentation,SIGNES À L'ADMISSION : Indiquez si ces signes ont été observés à tout moment entre le début de la maladie et le jour de la consultation.,adsign_neurologic_spec,Préciser l'autre anomalie neurologique,,Désigne la présence d'une autre anomalie neurologique non répertoriée ci-dessus.,"Si « Autre », précisez l'anomalie neurologique.",1,0,0,0,0,
présentation,SIGNES À L'ADMISSION : Indiquez si ces signes ont été observés à tout moment entre le début de la maladie et le jour de la consultation.,adsign_eye,Signes ophtalmologiques,,Désigne les signes et symptômes liés à l'œil.,Indiquez « Oui » si le patient a présenté ce symptôme entre 00 h 00 et 24 h 00 le jour de l'évaluation.,1,0,0,0,0,
présentation,SIGNES À L'ADMISSION : Indiquez si ces signes ont été observés à tout moment entre le début de la maladie et le jour de la consultation.,adsign_retroorbit,Douleur rétro-orbitale,"1, Oui | 0, Non | 99, Inconnu",Défini comme une douleur dans la région rétro-orbitale (derrière les yeux).,"Indiquez « Oui » si le patient a présenté ce symptôme à tout moment entre le début de la maladie et la consultation. ",1,0,0,0,0,0
présentation,SIGNES À L'ADMISSION : Indiquez si ces signes ont été observés à tout moment entre le début de la maladie et le jour de la consultation.,adsign_conjunhemor,Hémorragie sous-conjonctivale,"1, Oui | 0, Non | 99, Inconnu","Défini comme une accumulation de sang sous la conjonctive, se présentant sous la forme d'une tache rouge vif ou sombre dans l'œil.","Indiquez « Oui » si le patient a présenté ce symptôme à tout moment entre le début de la maladie et la consultation. ",1,0,0,0,0,0
présentation,SIGNES À L'ADMISSION : Indiquez si ces signes ont été observés à tout moment entre le début de la maladie et le jour de la consultation.,adsign_conjunctiv,Conjonctivite,"1, Oui | 0, Non | 99, Inconnu",Défini comme une inflammation de la conjonctive.,"Indiquez « Oui » si le patient a présenté ce symptôme à tout moment entre le début de la maladie et la consultation. ",1,0,0,0,0,0
présentation,SIGNES À L'ADMISSION : Indiquez si ces signes ont été observés à tout moment entre le début de la maladie et le jour de la consultation.,adsign_keratitis,Kératite,"1, Oui | 0, Non | 99, Inconnu",Défini comme une inflammation de la cornée de l'œil.,"Indiquez « Oui » si le patient a présenté ce symptôme à tout moment entre le début de la maladie et la consultation. ",1,0,0,0,0,0
présentation,SIGNES À L'ADMISSION : Indiquez si ces signes ont été observés à tout moment entre le début de la maladie et le jour de la consultation.,adsign_newvision,Nouvelle diminution de l'acuité visuelle,"1, Oui | 0, Non | 99, Inconnu",Défini comme une diminution de la clarté ou de la netteté de la vision.,"Indiquez « Oui » si le patient a présenté ce symptôme à tout moment entre le début de la maladie et la consultation. ",1,0,0,0,0,0
présentation,SIGNES À L'ADMISSION : Indiquez si ces signes ont été observés à tout moment entre le début de la maladie et le jour de la consultation.,adsign_sunkeyes,Yeux enfoncés,"1, oui | 0, Non | 99, Inconnu",,Indiquez « Oui » si le patient a vécu cela à un moment donné depuis le début de cette maladie jusqu'à sa présentation.,1,0,0,,0,0
présentation,SIGNES À L'ADMISSION : Indiquez si ces signes ont été observés à tout moment entre le début de la maladie et le jour de la consultation.,adsign_ocularoth,Autres signes ophtalmologiques,"1, Oui | 0, Non | 99, Inconnu","Désigne d'autres signes et symptômes liés à l'œil, non spécifiés ci-dessus.","Indiquez « Oui » si le patient a présenté ce symptôme à tout moment entre le début de la maladie et la consultation. ",1,0,0,0,0,0
présentation,SIGNES À L'ADMISSION : Indiquez si ces signes ont été observés à tout moment entre le début de la maladie et le jour de la consultation.,adsign_ocularoth_spec,Préciser les autres signes ophtalmologiques,,"Désigne d'autres signes et symptômes liés à l'œil, non spécifiés ci-dessus.","Si « Oui », précisez les autres signes et symptômes ophtalmologiques. ",1,0,0,0,0,
présentation,SIGNES À L'ADMISSION : Indiquez si ces signes ont été observés à tout moment entre le début de la maladie et le jour de la consultation.,adsign_paed,Signes spécifiques à l'enfant,,,,1,0,0,,,
présentation,SIGNES À L'ADMISSION : Indiquez si ces signes ont été observés à tout moment entre le début de la maladie et le jour de la consultation.,adsign_nasalflar,Flasque nasal,"1, oui | 0, Non | 99, Inconnu",,"Indiquez « Oui » si le patient a présenté cette affection à tout moment entre l'apparition de la maladie et la consultation. ",1,0,0,,0,0
présentation,SIGNES À L'ADMISSION : Indiquez si ces signes ont été observés à tout moment entre le début de la maladie et le jour de la consultation.,adsign_grunt,Grognement,"1, oui | 0, Non | 99, Inconnu",,"Indiquez « Oui » si le patient a présenté cette affection à tout moment entre l'apparition de la maladie et la consultation. ",1,0,0,,0,0
présentation,SIGNES À L'ADMISSION : Indiquez si ces signes ont été observés à tout moment entre le début de la maladie et le jour de la consultation.,adsign_ftt,Incapacité de prospérer,"1, oui | 0, Non | 99, Inconnu",,"Indiquez « Oui » si le patient a présenté cette affection à tout moment entre l'apparition de la maladie et la consultation. ",1,0,0,,0,0
présentation,SIGNES À L'ADMISSION : Indiquez si ces signes ont été observés à tout moment entre le début de la maladie et le jour de la consultation.,adsign_hypotonia,Diminution du tonus / hypotonie,"1, oui | 0, Non | 99, Inconnu",,"Indiquez « Oui » si le patient a présenté cette affection à tout moment entre l'apparition de la maladie et la consultation. ",1,0,0,,0,0
présentation,SIGNES À L'ADMISSION : Indiquez si ces signes ont été observés à tout moment entre le début de la maladie et le jour de la consultation.,adsign_bulgefont,Fontanelle bombée,"1, oui | 0, Non | 99, Inconnu",,"Indiquez « Oui » si le patient a présenté cette affection à tout moment entre l'apparition de la maladie et la consultation. ",1,0,0,,0,0
présentation,SIGNES À L'ADMISSION : Indiquez si ces signes ont été observés à tout moment entre le début de la maladie et le jour de la consultation.,adsign_otherdesc,Autres signes,,,,1,0,0,,,
présentation,SIGNES À L'ADMISSION : Indiquez si ces signes ont été observés à tout moment entre le début de la maladie et le jour de la consultation.,adsign_unlisted,Autre(s) signe(s),"1, Oui | 0, Non | 99, Inconnu","Défini comme d'autres signes et symptômes, non spécifiés ci-dessus.","Indiquez les autres signes et symptômes, non précisés ci-dessus, que le patient a ressentis à tout moment entre le début de la maladie et la consultation. ",1,0,0,0,0,0
présentation,DÉTAILS DE LA GROSSESSE,preg_pregnant,Enceinte,"1, Oui | 0, Non | 99, Inconnu","Il s'agit des femmes qui déclarent être enceintes lors de leur présentation et/ou qui ont eu un test de grossesse positif dans les jours précédant leur présentation. ","Indiquez « Oui » si la patiente est enceinte au moment de la consultation. Si la patiente est en âge de procréer et que le test de grossesse est négatif, sélectionnez « Inconnu ».",1,0,0,0,0,0
présentation,DÉTAILS DE LA GROSSESSE,preg_postpartum,Post-partum (dans les 6 semaines suivant la livraison),"1, Oui | 0, Non | 99, Inconnu",Cela fait référence à la période temporelle relative à la mère de l'achèvement du travail jusqu'à six semaines après la livraison.,"Indiquez «oui», si le patient est en période post-partum (dans les 6 semaines suivant l'accouchement).",1,0,0,0,0,0
présentation,DÉTAILS DE LA GROSSESSE,preg_formdesc,Veuillez remplir le formulaire de grossesse avec les informations relatives à la grossesse la plus récente.,,,,1,0,0,,,
présentation,DÉTAILS DE LA GROSSESSE,preg_geswek,Évaluation des semaines gestationnelles,,Cela fait référence à l'âge gestationnel du fœtus (écrit en semaines). Il peut être calculé à partir de la dernière période menstruelle de la femme (LMP) ou calculé en utilisant la meilleure date d'échéance estimée obstétricale (EDD) sur la base de la formule suivante: âge gestationnel = (280 - (EDD - Date de référence)). La date de référence est la date à laquelle vous essayez de déterminer l'âge gestationnel.,Indiquez l'âge gestationnel estimé du fœtus (en semaines).,1,0,0,0,0,
présentation,DÉTAILS DE LA GROSSESSE,preg_recent1,La patiente était-elle enceinte dans les <= 21 jours précédant l'apparition des symptômes ?,"1, Oui | 0, Non | 99, Inconnu","Si la patiente n'est pas enceinte actuellement, il s'agit de savoir si elle était enceinte dans les 21 jours précédant l'apparition des symptômes.",Indiquez « Oui » si la patiente était enceinte dans les 21 jours précédant l'apparition des symptômes.,1,0,0,0,0,0
présentation,DÉTAILS DE LA GROSSESSE,preg_delvdate,Date de l'accouchement,,Il s'agit de la date réelle de l'accouchement.,Entrez la date de l'accouchement au format JJ/MM/AAAA.,1,0,0,0,0,
présentation,DÉTAILS DE LA GROSSESSE,preg_bboutc,Résultat de la grossesse,"1, Naissance vivante | 2, Mort-né | 4, Fausse couche | 3, Interruption de grossesse | 5, Mort néonatale | 99, Inconnu | 88, Autre",Cela fait référence aux résultats de la conception précédente et de la grossesse qui a suivi.,Indiquez le résultat de la grossesse précédente.,1,0,0,0,0,0
présentation,DÉTAILS DE LA GROSSESSE,preg_bboutc_gesweek,Semaines de gestation à l'issue de la grossesse,,Il s'agit de l'âge gestationnel du fœtus (écrit en semaines) au moment de l'issue de la grossesse. Il peut être calculé à partir des dernières règles (LMP) de la femme ou calculé en utilisant la meilleure date d'accouchement obstétricale estimée (EDD) basée sur la formule suivante : Âge gestationnel = (280 - (EDD - Date de référence)). La date de référence est la date à laquelle vous essayez de déterminer l'âge gestationnel.,Indiquez l'âge gestationnel estimé du fœtus (en semaines).,1,0,0,0,0,
présentation,DÉTAILS DE LA GROSSESSE,preg_brefed,Allaitement maternel,"1, Oui, j'allaite actuellement | 2, Oui-allaitement interrompu | 0, Non | 99, Inconnu","Fourniture de lait maternel au nourrisson, soit directement au sein, soit exprimé, quelle que soit l'exclusivité.",,1,0,0,0,,0
présentation,DÉTAILS DE LA GROSSESSE,preg_brefedduration,Combien de temps a duré l'allaitement ? (semaines),,"Durée totale depuis le début de l'allaitement jusqu'à son arrêt complet, enregistrée en semaines révolues.",,1,0,0,0,,
présentation,DÉTAILS DE LA GROSSESSE,pregdet_labour,La patiente est-elle en travail au moment de la présentation ?,"1, oui | 0, Non | 99, Inconnu",RH,,1,0,0,0,,0
présentation,DÉTAILS DE LA GROSSESSE,preg_bbtest,Baby a testé l'infection d'intérêt de la mère,"1, Oui | 0, Non | 99, Inconnu",Cela fait référence au test du bébé pour l'infection de l'intérêt de la mère.,Indiquez «oui» si le bébé a été testé pour l'infection d'intérêt de la mère.,1,0,0,0,0,0
présentation,DÉTAILS DE LA GROSSESSE,preg_bbresl,Si oui: spécifiez le résultat du test de l'infection d'intérêt de la mère,"1, Positif | 0, Négatif | 99, Inconnu",Cela fait référence au résultat du test du bébé pour l'infection par la mère d'intérêt.,Indiquez le résultat du test.,1,0,0,0,0,0
présentation,NOUVEAU-NÉ : MOINS DE 12 MOIS,infa_neonate,Le patient est un nouveau-né. N'oubliez pas de remplir le formulaire spécifique au nouveau-né.,,,,1,0,0,,,
présentation,NOUVEAU-NÉ : MOINS DE 12 MOIS,infa_brtwei,Poids à la naissance (unités sélectionnées),,,,1,0,0,,,
présentation,NOUVEAU-NÉ : MOINS DE 12 MOIS,infa_brtwei_units,Poids à la naissance (certaines unités),"1, g | 2, livres",,,1,0,0,,,0
présentation,NOUVEAU-NÉ : MOINS DE 12 MOIS,infa_brtwei_g,Poids à la naissance (g),,Il s'agit du premier poids d'un nouveau-né obtenu après la naissance en kilogrammes (kg).,Indiquez le poids à la naissance en kilogrammes (kg).,1,0,0,0,0,
présentation,NOUVEAU-NÉ : MOINS DE 12 MOIS,infa_brtwei_lb,Poids à la naissance (LB),,Cela fait référence au premier poids d'un nouveau-né obtenu après la naissance en livres (LB).,Indiquez le poids à la naissance en livres (LB).,1,0,0,0,0,
présentation,NOUVEAU-NÉ : MOINS DE 12 MOIS,infa_outcome,Résultat gestationnel,"1, Naissance à terme (>=37 semaines d'âge gestationnel) | 2, Naissance prématurée (< 37 semaines d'âge gestationnel) | 99, Inconnu","Cela fait référence à l'âge gestationnel (GA) du nourrisson à l'accouchement. Le pré-terme fait référence à un nourrisson né avant 37 semaines et 0 jours, âge gestationnel.",Indiquez « Naissance à terme » si l'âge gestationnel (AG) à l'accouchement est >= 37 semaines et « Naissance prématurée » si l'AG à l'accouchement est < 37 semaines.,1,0,0,0,0,0
présentation,NOUVEAU-NÉ : MOINS DE 12 MOIS,infa_brefed,Allaité,"1, Oui - allaitement en cours | 2, Oui - allaitement interrompu | 0, Non | 99, Inconnu",Il s'agit du régime d'allaitement actuel du nourrisson.,Indiquez le statut d'allaitement du nourrisson.,1,0,0,0,0,0
présentation,NOUVEAU-NÉ : MOINS DE 12 MOIS,infa_brefedduration,Combien de temps a duré l'allaitement ? (semaines),,"Il s'agit de la durée de l'allaitement maternel, en semaines, si celui-ci a été interrompu.","Indiquez la durée de l'allaitement, en semaines, si l'allaitement a été interrompu.",1,0,0,0,0,
présentation,NOUVEAU-NÉ : MOINS DE 12 MOIS,infa_aprvac,Vaccinations appropriées pour l'âge / le pays,"1, Oui | 0, Non | 99, Inconnu",Cela fait référence au statut de vaccination en fonction de l'âge des recommandations spécifiques au nourrisson et au pays.,"Indiquez «oui», si le nourrisson est vacciné de manière appropriée pour l'âge par rapport aux recommandations spécifiques au pays.",1,0,0,0,0,0
quotidien,ÉVALUATION QUOTIDIENNE,daily_date,DATE DE L'ÉVALUATION,,Indique le jour de la collecte des données et de l'échantillonnage (peut ne pas correspondre à la date d'achèvement). Il peut s'agir d'informations rétrospectives au moment de la sortie (transfert vers un autre hôpital ou décès à l'hôpital).,Entrez la date. Utilisez le format JJ/MM/AAAA.,0,0,0,0,0,
quotidien,ÉVALUATION QUOTIDIENNE,asses_lvlcare,Niveau de soins actuel,"1, En ambulatoire | 2, Admis en service normal pour isolation uniquement | 3, Admis en service normal pour soins cliniques | 4, Haute dépendance |  5, Admission en soins intensifs",Fait référence au niveau de soins à la date de l'évaluation.,Sélectionnez le plus haut niveau de soins à la date de l'évaluation.,0,0,0,0,0,0
quotidien,SIGNES VITAUX ET ÉVALUATIONS : Enregistrez la valeur la plus éloignée de la plage normale entre 00 h 00 et 24 h 00 le jour de l'évaluation.,vital_dailydata,Saisir les données relatives aux signes vitaux pour cette date ?,"1, Oui | 0, Non",Fait référence aux données relatives aux signes vitaux enregistrées pour cette date.,"Indiquez « Oui » si vous souhaitez enregistrer les données relatives aux signes vitaux pour ce jour d'évaluation. Si « Oui », pour les questions suivantes, sauf indication contraire, enregistrez la valeur la plus éloignée de la plage physiologique normale enregistrée entre 00h00 et 24h00 le jour de l'évaluation. Les résultats qui ont été rejetés par l'équipe clinique ne doivent pas être inclus.",0,0,0,0,0,0
quotidien,SIGNES VITAUX ET ÉVALUATIONS : Enregistrez la valeur la plus éloignée de la plage normale entre 00 h 00 et 24 h 00 le jour de l'évaluation.,vital_highesttem,Température la plus élevée (unités sélectionnées),,Fait référence à la température corporelle périphérique la plus élevée (rectal si <3 mois) entre 00h00 et 24h00 le jour de l'évaluation.,Sélectionnez les unités les plus appropriées pour la température.,0,0,0,0,0,
quotidien,SIGNES VITAUX ET ÉVALUATIONS : Enregistrez la valeur la plus éloignée de la plage normale entre 00 h 00 et 24 h 00 le jour de l'évaluation.,vital_highesttem_units,Température la plus élevée (certaines unités),"1, °C | 2, °F",,,0,0,0,,,0
quotidien,SIGNES VITAUX ET ÉVALUATIONS : Enregistrez la valeur la plus éloignée de la plage normale entre 00 h 00 et 24 h 00 le jour de l'évaluation.,vital_highesttem_c,Température la plus élevée (° C),,Fait référence à la température corporelle périphérique la plus élevée (rectal si <3 mois) en degrés Celsius (° C) entre 00h00 et 24h00 le jour de l'évaluation.,Entrez la température corporelle périphérique la plus élevée (° C) enregistrée entre 00h00 et 24h00 le jour de l'évaluation.,0,0,0,0,0,
quotidien,SIGNES VITAUX ET ÉVALUATIONS : Enregistrez la valeur la plus éloignée de la plage normale entre 00 h 00 et 24 h 00 le jour de l'évaluation.,vital_highesttem_f,Température la plus élevée (° F),,Fait référence à la température corporelle périphérique la plus élevée (rectal si <3 mois) en degrés Fahrenheit (° F) entre 00h00 et 24h00 le jour de l'évaluation.,Entrez la température corporelle périphérique la plus élevée (° F) enregistrée entre 00h00 et 24h00 le jour de l'évaluation.,0,0,0,0,0,
quotidien,SIGNES VITAUX ET ÉVALUATIONS : Enregistrez la valeur la plus éloignée de la plage normale entre 00 h 00 et 24 h 00 le jour de l'évaluation.,vital_hr,FC (battements/minute),,Fait référence à la fréquence cardiaque mesurée par des battements par minute. Cela peut être mesuré manuellement ou par surveillance électronique.,Entrez le rythme cardiaque mesuré en battements par minute. Enregistrez la valeur la plus éloignée de la plage normale entre 00h00 et 24h00 le jour de l'évaluation.,0,0,0,0,0,
quotidien,SIGNES VITAUX ET ÉVALUATIONS : Enregistrez la valeur la plus éloignée de la plage normale entre 00 h 00 et 24 h 00 le jour de l'évaluation.,vital_rr,FR (bpm),,"Fait référence à la fréquence respiratoire en respirations par minute. La mesure manuelle plutôt que électronique est préférée dans la mesure du possible (celle-ci est réalisée en comptant le nombre de respirations pendant une minute, en comptant combien de fois la poitrine augmente dans cette période).  Si à la fois un taux anormal bas et élevé observé, enregistrez le taux anormalement élevé.","Entrez la fréquence respiratoire mesurée en respirations par minute. Enregistrez la valeur la plus éloignée de la plage normale entre 00h00 et 24h00 le jour de l'évaluation. Si à la fois un taux anormal bas et élevé observé, enregistrez le taux anormalement élevé.",0,0,0,0,0,
quotidien,SIGNES VITAUX ET ÉVALUATIONS : Enregistrez la valeur la plus éloignée de la plage normale entre 00 h 00 et 24 h 00 le jour de l'évaluation.,vital_systolicbp,BP systolique (MMHG),,"Cela fait référence à la pression artérielle systolique de l'observation avec la pression artérielle moyenne la plus basse (si la pression artérielle moyenne n'a pas été calculée, signalez la mesure avec la pression artérielle systolique la plus basse).  Par exemple, si la pression artérielle est de 120/85 mmHg, entrez 120 dans la section marquée «BP systolique».","Entrez dans la pression artérielle systolique mesurée en millimètres de mercure (MMHg). Enregistrez la pression artérielle systolique de l'observation avec la pression artérielle moyenne la plus basse (MAP) (si la pression artérielle moyenne n'a pas été calculée, signalez la mesure avec la pression artérielle systolique la plus basse) qui s'est produite entre 00h00 et 24h00 le jour de l'évaluation .",0,0,0,0,0,
quotidien,SIGNES VITAUX ET ÉVALUATIONS : Enregistrez la valeur la plus éloignée de la plage normale entre 00 h 00 et 24 h 00 le jour de l'évaluation.,vital_diastolicbp,BP diastolique (MMHG),,"Cela fait référence à la pression artérielle diastolique de l'observation avec la pression artérielle moyenne la plus basse (si la pression artérielle moyenne n'a pas été calculée, signalez la mesure avec la pression artérielle systolique la plus basse). Par exemple, si la pression artérielle est de 120/85 mmHg, entrez 85 dans la section marquée «BP diastolique».","Entrez dans la pression artérielle diastolique mesurée en millimètres de mercure (MMHg). Enregistrez la pression artérielle diastolique de l'observation avec la pression artérielle moyenne la plus basse (MAP) (si la pression artérielle moyenne n'a pas été calculée, signalez la mesure avec la pression artérielle systolique la plus faible) qui s'est produite entre 00h00 et 24h00 le jour de l'évaluation .",0,0,0,0,0,
quotidien,SIGNES VITAUX ET ÉVALUATIONS : Enregistrez la valeur la plus éloignée de la plage normale entre 00 h 00 et 24 h 00 le jour de l'évaluation.,vital_meanbp,Pression artérielle moyenne (MMHG),,"La pression artérielle moyenne (MAP) peut être directement mesurée (via le cathéter intra-artériel) ou être approximée sans procédure invasive en utilisant la formule suivante: Pression diastolique plus 1/3 de la pression du pouls, où la pression d'impulsion est la pression systolique - pression diastolique .",Entrez la carte enregistrée la plus basse qui s'est produite entre 00h00 et 24h00 le jour de l'évaluation.,0,0,0,0,0,
quotidien,SIGNES VITAUX ET ÉVALUATIONS : Enregistrez la valeur la plus éloignée de la plage normale entre 00 h 00 et 24 h 00 le jour de l'évaluation.,vital_spo2room,Saturation en oxygène à l'air ambiant (sans apport d'oxygène) (%),,"Il s'agit de la mesure du rapport entre l'hémoglobine oxygénée et l'hémoglobine totale dans le sang, mesurée à température ambiante sans apport d'oxygène.",Indiquez la mesure de la saturation en oxygène à l'air ambiant sans apport d'oxygène.,0,0,0,0,0,
quotidien,SIGNES VITAUX ET ÉVALUATIONS : Enregistrez la valeur la plus éloignée de la plage normale entre 00 h 00 et 24 h 00 le jour de l'évaluation.,vital_spo2roomhow,Comment la saturation en oxygène à l'air ambiant a-t-elle été mesurée ?,"1, Oxymétrie de pouls | 2, Gazométrie artérielle | 88, Autre | 99, Inconnu",Il s'agit de la méthode de mesure de la saturation en oxygène.,Sélectionnez l'option la plus appropriée qui représente la méthode de mesure de la saturation en oxygène.,0,0,0,0,0,0
quotidien,SIGNES VITAUX ET ÉVALUATIONS : Enregistrez la valeur la plus éloignée de la plage normale entre 00 h 00 et 24 h 00 le jour de l'évaluation.,vital_o2supp,Apport supplémentaire en oxygène ?,"1, Oui | 0, Non | 99, Inconnu",Il s'agit de l'administration d'oxygène supplémentaire au moment de l'enregistrement de la SpO2 (%) la plus basse ci-dessus.,Indiquez « Oui » si la FiO2 a été mesurée en même temps que la saturation en oxygène la plus basse (SpO2) indiquée ci-dessus.,0,0,0,0,0,0
quotidien,SIGNES VITAUX ET ÉVALUATIONS : Enregistrez la valeur la plus éloignée de la plage normale entre 00 h 00 et 24 h 00 le jour de l'évaluation.,vital_o2supp_type,Oxygène supplémentaire au point de SPO2 mesuré,"1, Canules nasales | 2, Masque facial | 3, Oxygène nasal à haut débit | 4, Ventilation non invasive | 5, Ventilation invasive | 6, ECMO / ECLS | 99, Inconnu",Cela fait référence à la fraction mesurée de l'oxygène inspiré (FIO2) livré au moment de l'enregistrement de Spo2 (%) le plus bas (%) le plus bas.,"Indiquez «oui», si la FIO2 a été mesurée le long de la saturation en oxygène la plus faible (SPO2) signalée ci-dessus.",0,0,0,0,0,0
quotidien,SIGNES VITAUX ET ÉVALUATIONS : Enregistrez la valeur la plus éloignée de la plage normale entre 00 h 00 et 24 h 00 le jour de l'évaluation.,vital_o2supp_spo2,Saturation en oxygène avec apport supplémentaire en oxygène (%),,"Il s'agit de la saturation en oxygène, qui peut être mesurée par oxymétrie de pouls ou par analyse des gaz artériels. Elle est indépendante de la ventilation ou du besoin en oxygène supplémentaire.",Entrez le pourcentage de saturation en oxygène. Enregistrez la valeur la plus éloignée de la plage normale entre 00h00 et 24h00 le jour de l'évaluation.,0,0,0,0,0,
quotidien,SIGNES VITAUX ET ÉVALUATIONS : Enregistrez la valeur la plus éloignée de la plage normale entre 00 h 00 et 24 h 00 le jour de l'évaluation.,vital_o2supp_spo2how,Comment la saturation en oxygène avec apport supplémentaire en oxygène a-t-elle été mesurée ?,"1, Oxymétrie de pouls | 2, Mesure des gaz artériels | 88, Autre | 99, Inconnu",Il s'agit de la méthode de mesure de la saturation en oxygène.,Sélectionnez l'option la plus appropriée qui représente la méthode de mesure de la saturation en oxygène.,0,0,0,0,0,0
quotidien,SIGNES VITAUX ET ÉVALUATIONS : Enregistrez la valeur la plus éloignée de la plage normale entre 00 h 00 et 24 h 00 le jour de l'évaluation.,vital_fio2spo2,FIO2 au moment de la plus basse Spo2 (unités sélectionnées),,"FIO2 peut être signalé comme une fraction ou un pourcentage. Notez que 0,21 et 21% sont équivalents à la FIO2 de l'aire d'air.",Sélectionnez les unités les plus appropriées pour FIO2.,0,0,0,0,0,
quotidien,SIGNES VITAUX ET ÉVALUATIONS : Enregistrez la valeur la plus éloignée de la plage normale entre 00 h 00 et 24 h 00 le jour de l'évaluation.,vital_fio2spo2_units,FiO2 au moment de la SpO2 la plus basse (certaines unités),"1, fraction, 0,21-1,0 | 2, %, 21-100 | 3, L/min le plus élevé",,,0,0,0,,,0
quotidien,SIGNES VITAUX ET ÉVALUATIONS : Enregistrez la valeur la plus éloignée de la plage normale entre 00 h 00 et 24 h 00 le jour de l'évaluation.,vital_fio2spo2_02110,"FIO2 au temps du plus bas Spo2 (fraction, 0,21-1,0)",,Cela fait référence à la fraction mesurée de l'oxygène inspiré (FIO2) livré au moment de l'enregistrement de Spo2 (%) le plus bas (%) le plus bas.,"Entrez le FIO2 (0,21-1.0) qui a été mesuré le long de la saturation en oxygène la plus faible (SPO2) rapportée ci-dessus.",0,0,0,0,0,
quotidien,SIGNES VITAUX ET ÉVALUATIONS : Enregistrez la valeur la plus éloignée de la plage normale entre 00 h 00 et 24 h 00 le jour de l'évaluation.,vital_fio2spo2_pcnt,"FIO2 au moment du SPO2 le plus bas (%, 21-100)",,Cela fait référence à la fraction mesurée de l'oxygène inspiré (FIO2) livré au moment de l'enregistrement de Spo2 (%) le plus bas (%) le plus bas.,Entrez dans la FIO2 (21-100%) qui a été mesurée le long de la saturation en oxygène la plus faible (SPO2) signalée ci-dessus.,0,0,0,0,0,
quotidien,SIGNES VITAUX ET ÉVALUATIONS : Enregistrez la valeur la plus éloignée de la plage normale entre 00 h 00 et 24 h 00 le jour de l'évaluation.,vital_fio2spo2_ltr,Fio2 au moment du plus bas Spo2 (L / min le plus élevé),,Cela fait référence à la fraction mesurée de l'oxygène inspiré (FIO2) livré au moment de l'enregistrement de Spo2 (%) le plus bas (%) le plus bas.,Entrez le FIO2 (l / min) qui a été mesuré le long de la saturation en oxygène la plus faible (SPO2) signalé ci-dessus.,0,0,0,0,0,
quotidien,SIGNES VITAUX ET ÉVALUATIONS : Enregistrez la valeur la plus éloignée de la plage normale entre 00 h 00 et 24 h 00 le jour de l'évaluation.,vital_capillaryr,Temps de recharge capillaire> 2 secondes,"1, Oui | 0, Non | 99, Inconnu","Le temps de remplissage capillaire est mesuré en appuyant sur le sternum pendant cinq secondes avec un doigt ou le pouce jusqu'à ce que la peau sous-jacente devienne blanche, puis en notant le temps en secondes nécessaire pour que la couleur revienne une fois la pression relâchée. ","Indiquez «oui», si le temps de recharge capillaire était supérieur à 2 secondes à tout moment entre 00h00 et 24h00 le jour de l'évaluation.",0,0,0,0,0,0
quotidien,SIGNES VITAUX ET ÉVALUATIONS : Enregistrez la valeur la plus éloignée de la plage normale entre 00 h 00 et 24 h 00 le jour de l'évaluation.,vital_avpu,Acvpu,"1, Alerte | 5, Confusion | 2, Verbale | 3, Douleur | 4, Ne réagit pas",Fait référence au système de notation pour la conscience: alerte; confus (nouvel apparition ou aggravation); répondre à la voix; répondre à la douleur; insensible.,"Sélectionnez l'option unique correspondant à la condition la moins réactive du patient entre 00h00 et 24h00 le jour de l'évaluation. Si le patient est sous sédation le jour de l'évaluation, enregistrez la valeur avant la sédation.",0,0,0,0,0,0
quotidien,SIGNES VITAUX ET ÉVALUATIONS : Enregistrez la valeur la plus éloignée de la plage normale entre 00 h 00 et 24 h 00 le jour de l'évaluation.,vital_gcs,Glasgow Coma Score (GCS / 15),,L'échelle du coma de Glasgow est un système de notation pour la conscience. Il est noté sur 15 et nécessite une évaluation de la réactivité au stimulus. Score de coma de Glasgow: https://www.glasgowcorascale.org/downloads/gcs-esssment-aid-english.pdf?v=3,"Entrez les GC les plus bas enregistrés entre 00h00 et 24h00 le jour de l'évaluation. Pour les patients intubés et les patients atteints d'une trachéotomie non fenestrée, donnez 1 point pour la composante vocale et calculez le total comme d'habitude. Des suffixes tels que «t» pour la trachéotomie ne peuvent pas être entrés dans la base de données. Si le patient est sous sédation le jour de l'évaluation, ces paramètres doivent correspondre aux valeurs observées avant la sédation.",0,0,0,0,0,
quotidien,SIGNES VITAUX ET ÉVALUATIONS : Enregistrez la valeur la plus éloignée de la plage normale entre 00 h 00 et 24 h 00 le jour de l'évaluation.,vital_gcse,GCS Ouverture des yeux €,"1, Pas de réponse | 2, À la douleur | 3, À la parole | 4, spontané",,,0,0,0,,,0
quotidien,SIGNES VITAUX ET ÉVALUATIONS : Enregistrez la valeur la plus éloignée de la plage normale entre 00 h 00 et 24 h 00 le jour de l'évaluation.,vital_gcsv,GCS Réponse verbale (V),"1, Pas de réponse | 2, Des sons incompréhensibles | 3, Mots inappropriés | 4, Confus | 5, orienté",,,0,0,0,,,0
quotidien,SIGNES VITAUX ET ÉVALUATIONS : Enregistrez la valeur la plus éloignée de la plage normale entre 00 h 00 et 24 h 00 le jour de l'évaluation.,vital_gcsm,Réponse du moteur GCS (M),"1, Pas de réponse | 2, Extension à la douleur | 3, Flexion à la douleur | 4, Se retire de la douleur | 5, Localise la douleur | 6, obéit aux commandes",,,0,0,0,,,0
quotidien,SIGNES VITAUX ET ÉVALUATIONS : Enregistrez la valeur la plus éloignée de la plage normale entre 00 h 00 et 24 h 00 le jour de l'évaluation.,vital_calcgcs,SCG total (/15),[vital_gcse]+[vital_gcsv]+[vital_gcsm],,,0,0,0,,,0
quotidien,SIGNES VITAUX ET ÉVALUATIONS : Enregistrez la valeur la plus éloignée de la plage normale entre 00 h 00 et 24 h 00 le jour de l'évaluation.,vital_rass,Échelle d'agitation de Richmond (RASS),,"L'échelle de Richmond pour l'agitation et la sédation (RASS) est une échelle médicale utilisée pour mesurer le niveau d'agitation ou de sédation d'une personne. Elle va de -5 à +4, où 0 correspond à un patient « alerte et calme » qui prête spontanément attention. ","En cas de réalisation, entrez la valeur la plus basse (entre -5 et +4) entre 00h00 et 24h00 le jour de l'évaluation.",0,0,0,0,0,
quotidien,SIGNES VITAUX ET ÉVALUATIONS : Enregistrez la valeur la plus éloignée de la plage normale entre 00 h 00 et 24 h 00 le jour de l'évaluation.,vital_urineflow,Débit d'urine (ml / 24 heures),,"Cela fait référence à la quantité d'urine que le patient a produite sur une période de 24 heures, en particulier à la date d'évaluation. Cela peut être mesuré, par exemple via l'utilisation d'un cathéter urinaire ou estimé.",Enregistrez le débit urinaire du patient (en ML / 24 heures) pendant le jour de l'évaluation,0,0,0,0,0,
quotidien,SYMPTÔMES : Indiquez si vous avez ressenti ces symptômes entre 00 h 00 et 24 h 00 le jour de l'évaluation.,sympt_dailydata,Saisir les symptômes rapportés par le patient pour cette date ?,"1, Oui | 0, Non",Il s'agit des signes et symptômes enregistrés à cette date.,Indiquez « Oui » si vous souhaitez enregistrer les données relatives aux signes et symptômes pour ce jour d'évaluation.,0,0,0,0,0,0
quotidien,SYMPTÔMES : Indiquez si vous avez ressenti ces symptômes entre 00 h 00 et 24 h 00 le jour de l'évaluation.,sympt_sys,Symptômes systémiques / généraux,,Il s'agit de signes et symptômes systémiques / généraux / non spécifiques.,Indiquez « Oui » si le patient a présenté ce symptôme entre 00 h 00 et 24 h 00 le jour de l'évaluation.,0,0,0,0,0,
quotidien,SYMPTÔMES : Indiquez si vous avez ressenti ces symptômes entre 00 h 00 et 24 h 00 le jour de l'évaluation.,sympt_fever,Fièvre,"1, Oui | 0, Non | 99, Inconnu","Défini comme la sensation d'une température corporelle élevée sans mesure formelle, ou une température corporelle mesurée supérieure ou égale à 38 degrés Celsius (38 °C) ou 100,4 degrés Fahrenheit (100,4 °F). ","Indiquez «oui», si le patient a vécu cela entre 00h00 et 24h00 le jour de l'évaluation.",0,0,0,0,0,0
quotidien,SYMPTÔMES : Indiquez si vous avez ressenti ces symptômes entre 00 h 00 et 24 h 00 le jour de l'évaluation.,sympt_rigchill,Frissons ou rigide,"1, Oui | 0, Non | 99, Inconnu","Défini comme des frissons sévères accompagnés de tremblements violents. Une rigidité est un épisode de tremblements ou de frissons exagérés qui peut survenir en cas de forte fièvre. ",Indiquez « Oui » si le patient a présenté ce symptôme entre 00 h 00 et 24 h 00 le jour de l'évaluation.,0,0,0,0,0,0
quotidien,SYMPTÔMES : Indiquez si vous avez ressenti ces symptômes entre 00 h 00 et 24 h 00 le jour de l'évaluation.,sympt_nightsweat,Sueurs nocturnes,"1, Oui | 0, Non | 99, Inconnu",Il s'agit de la transpiration nocturne qui n'est pas liée à la température ambiante.,Indiquez « Oui » si le patient a présenté ce symptôme entre 00 h 00 et 24 h 00 le jour de l'évaluation.,0,0,0,0,0,0
quotidien,SYMPTÔMES : Indiquez si vous avez ressenti ces symptômes entre 00 h 00 et 24 h 00 le jour de l'évaluation.,sympt_coldtsweat,Sueurs froides,"1, Oui | 0, Non | 99, Inconnu","Il s'agit de sueurs accompagnées d'une sensation de froid, différentes des sueurs causées par la chaleur ou l'effort.",Indiquez « Oui » si le patient a présenté ce symptôme entre 00 h 00 et 24 h 00 le jour de l'évaluation.,0,0,0,0,0,0
quotidien,SYMPTÔMES : Indiquez si vous avez ressenti ces symptômes entre 00 h 00 et 24 h 00 le jour de l'évaluation.,sympt_excesssweat,Transpiration excessive (hyperhidrose),"1, Oui | 0, Non | 99, Inconnu",Il s'agit d'une transpiration excessive qui n'est pas toujours liée à la chaleur ou à l'exercice physique.,Indiquez « Oui » si le patient a présenté ce symptôme entre 00 h 00 et 24 h 00 le jour de l'évaluation.,0,0,0,0,0,0
quotidien,SYMPTÔMES : Indiquez si vous avez ressenti ces symptômes entre 00 h 00 et 24 h 00 le jour de l'évaluation.,sympt_fatigue,Fatigue / malaise / léthargie,"1, Oui | 0, Non | 99, Inconnu","Défini comme la constellation de sensations non spécifiques: le sentiment de fatigue caractérisé par un manque d'énergie ou de motivation; inconfort général ou malaise; Le désintéressement, l'aplétabilité et l'indifférence, entraînant des difficultés à effectuer des tâches simples ou à se concentrer.","Indiquez «oui», si le patient a vécu cela entre 00h00 et 24h00 le jour de l'évaluation.",0,0,0,0,0,0
quotidien,SYMPTÔMES : Indiquez si vous avez ressenti ces symptômes entre 00 h 00 et 24 h 00 le jour de l'évaluation.,sympt_restlessne,Agitation,"1, Oui | 0, Non | 99, Inconnu","Défini comme l'incapacité de se reposer, de se détendre ou d'être immobile. Un état de malaise caractérisé par une activité motrice diffuse ou un mouvement soumis à un contrôle limité, un comportement non productif ou désorganisé et une détresse subjective.","Indiquez «oui», si le patient a vécu cela entre 00h00 et 24h00 le jour de l'évaluation.",0,0,0,0,0,0
quotidien,SYMPTÔMES : Indiquez si vous avez ressenti ces symptômes entre 00 h 00 et 24 h 00 le jour de l'évaluation.,sympt_weak,Faiblesse,"1, oui | 0, Non | 99, Inconnu",Cela fait référence à une diminution de la force musculaire.,Indiquez « Oui » si le patient a vécu cela entre minuit et minuit le jour de l'évaluation.,0,0,0,0,0,0
quotidien,SYMPTÔMES : Indiquez si vous avez ressenti ces symptômes entre 00 h 00 et 24 h 00 le jour de l'évaluation.,sympt_weight,Perte de poids,"1, Oui | 0, Non | 99, Inconnu","Défini comme la réduction du poids corporel total qui s'est produit depuis le début de cette maladie et n'a pas été involontaire ou non attribuable à un régime actif, à l'exercice ou à des interventions de perte de poids basées sur les médicaments dédiés. Cela peut inclure une perte de poids déclarée par le patient avec ou sans mesures objectives de poids.","Indiquez «oui», si le patient a vécu cela entre 00h00 et 24h00 le jour de l'évaluation.",0,0,0,0,0,0
quotidien,SYMPTÔMES : Indiquez si vous avez ressenti ces symptômes entre 00 h 00 et 24 h 00 le jour de l'évaluation.,sympt_anosmia,Perte d'odeur / anosmie,"1, Oui | 0, Non | 99, Inconnu",Cela fait référence à l'incapacité du patient signalée et / ou diagnostiquée du clinicien à percevoir des odeurs,"Indiquez «oui», si le patient a vécu cela entre 00h00 et 24h00 le jour de l'évaluation.",0,0,0,0,0,0
quotidien,SYMPTÔMES : Indiquez si vous avez ressenti ces symptômes entre 00 h 00 et 24 h 00 le jour de l'évaluation.,sympt_ageusia,Perte de goût / Ageusia,"1, Oui | 0, Non | 99, Inconnu",Cela fait référence à la perte de goût du patient et / ou diagnostiquée par les cliniciens de la langue.,"Indiquez «oui», si le patient a vécu cela entre 00h00 et 24h00 le jour de l'évaluation.",0,0,0,0,0,0
quotidien,SYMPTÔMES : Indiquez si vous avez ressenti ces symptômes entre 00 h 00 et 24 h 00 le jour de l'évaluation.,sympt_dizzy,Se sentir étourdi / léger,"1, Oui | 0, Non | 99, Inconnu","Cela fait référence à la sensation subjective de la lumière de la lumière ou des étourdissements qui peuvent précéder un épisode de syncope ou une sensation de l'instabilité, de la rotation ou du balancement.","Indiquez «oui», si le patient a vécu cela à tout moment à la date de l'évaluation.",0,0,0,0,0,0
quotidien,SYMPTÔMES : Indiquez si vous avez ressenti ces symptômes entre 00 h 00 et 24 h 00 le jour de l'évaluation.,sympt_myalgia,Douleurs musculaires / myalgie,"1, Oui | 0, Non | 99, Inconnu",Défini comme une douleur localisée dans un muscle ou un groupe de muscles.,"Indiquez «oui», si le patient a vécu cela à tout moment à la date de l'évaluation.",0,0,0,0,0,0
quotidien,SYMPTÔMES : Indiquez si vous avez ressenti ces symptômes entre 00 h 00 et 24 h 00 le jour de l'évaluation.,sympt_myalgia_scal,Échelle visuelle analogique pour évaluer la myalgie,,,,0,0,0,,,
quotidien,SYMPTÔMES : Indiquez si vous avez ressenti ces symptômes entre 00 h 00 et 24 h 00 le jour de l'évaluation.,sympt_jointswell,Gonflement des articulations,"1, oui | 0, Non | 99, Inconnu",Défini comme l’accumulation de liquide dans les tissus mous AUTOUR de l’articulation ou dans l’articulation elle-même.,Indiquez « Oui » si le patient a vécu cela à un moment donné depuis le début de cette maladie jusqu'à sa présentation.,0,0,0,0,0,0
quotidien,SYMPTÔMES : Indiquez si vous avez ressenti ces symptômes entre 00 h 00 et 24 h 00 le jour de l'évaluation.,sympt_jointswell_site,Site où le gonflement de l'articulation s'est produit,"1, épaule | 2, coude | 3, poignet | 4, Petites articulations de la main | 5, genou | 6, Cheville |7, Petites articulations du pied | 88, autre",,,0,0,0,,,0
quotidien,SYMPTÔMES : Indiquez si vous avez ressenti ces symptômes entre 00 h 00 et 24 h 00 le jour de l'évaluation.,sympt_jointswell_site_shoulder,Combien d'articulations de l'épaule sont touchées ?,"1, 1 | 2, 2 | 99, Inconnu",,,0,0,0,,,0
quotidien,SYMPTÔMES : Indiquez si vous avez ressenti ces symptômes entre 00 h 00 et 24 h 00 le jour de l'évaluation.,sympt_jointswell_site_elbow,Combien d'articulations du coude sont touchées ?,"1, 1 | 2, 2 | 99, Inconnu",,,0,0,0,,,0
quotidien,SYMPTÔMES : Indiquez si vous avez ressenti ces symptômes entre 00 h 00 et 24 h 00 le jour de l'évaluation.,sympt_jointswell_site_wrist,Combien d'articulations du poignet sont touchées ?,"1, 1 | 2, 2 | 99, Inconnu",,,0,0,0,,,0
quotidien,SYMPTÔMES : Indiquez si vous avez ressenti ces symptômes entre 00 h 00 et 24 h 00 le jour de l'évaluation.,sympt_jointswell_site_knee,Combien d'articulations du genou sont touchées ?,"1, 1 | 2, 2 | 99, Inconnu",,,0,0,0,,,0
quotidien,SYMPTÔMES : Indiquez si vous avez ressenti ces symptômes entre 00 h 00 et 24 h 00 le jour de l'évaluation.,sympt_jointswell_site_ankle,Combien d'articulations de la cheville sont touchées ?,"1, 1 | 2, 2 | 99, Inconnu",,,0,0,0,,,0
quotidien,SYMPTÔMES : Indiquez si vous avez ressenti ces symptômes entre 00 h 00 et 24 h 00 le jour de l'évaluation.,sympt_jointswell_site_foot,Combien de petites articulations du pied sont touchées ?,,,,0,0,0,,,
quotidien,SYMPTÔMES : Indiquez si vous avez ressenti ces symptômes entre 00 h 00 et 24 h 00 le jour de l'évaluation.,sympt_jointswell_hand,Petites articulations de la main,"1, articulation MCP (métacarpophalangienne) | 2, articulation PIP (interphalangienne proximale) | 3, articulation DIP (interphalangienne distale) | 99, Inconnu",,,0,0,0,,,0
quotidien,SYMPTÔMES : Indiquez si vous avez ressenti ces symptômes entre 00 h 00 et 24 h 00 le jour de l'évaluation.,sympt_jointswell_hand_num,Combien d’articulations sont concernées ?,,,,0,0,0,,,
quotidien,SYMPTÔMES : Indiquez si vous avez ressenti ces symptômes entre 00 h 00 et 24 h 00 le jour de l'évaluation.,sympt_jointswell_add,Indiquer les autres articulations touchées,"1, ATM | 2, sternoclaviculaire (SC) |  3, acromio-claviculaire (AC) |  4, sacro-iliaque (SI) | 5, hanche | 6, sous-talaire | 7, colonne thoracique | 8, colonne lombaire | 88, Autre (préciser)",,,0,0,0,,,0
quotidien,SYMPTÔMES : Indiquez si vous avez ressenti ces symptômes entre 00 h 00 et 24 h 00 le jour de l'évaluation.,sympt_jointswell_add_oth,Préciser les autres joints,,,,0,0,0,,,
quotidien,SYMPTÔMES : Indiquez si vous avez ressenti ces symptômes entre 00 h 00 et 24 h 00 le jour de l'évaluation.,sympt_jointtender,Tendresse articulaire,"1, oui | 0, Non | 99, Inconnu","Défini comme une douleur et un inconfort dans une articulation, souvent accompagnés d'une sensibilité au toucher",Indiquez « Oui » si le patient a vécu cela à un moment donné depuis le début de cette maladie jusqu'à sa présentation.,0,0,0,0,0,0
quotidien,SYMPTÔMES : Indiquez si vous avez ressenti ces symptômes entre 00 h 00 et 24 h 00 le jour de l'évaluation.,sympt_jointtender_site,Indiquer les articulations touchées,"1, épaule | 2, coude | 3, poignet | 4, Petites articulations de la main | 5, genou | 6, Cheville |7, Petites articulations du pied | 88, autre",,,0,0,0,,,0
quotidien,SYMPTÔMES : Indiquez si vous avez ressenti ces symptômes entre 00 h 00 et 24 h 00 le jour de l'évaluation.,sympt_jointtender_site_shoulder,Combien d'articulations de l'épaule sont touchées ?,"1, 1 | 2, 2 | 99, Inconnu",,,0,0,0,,,0
quotidien,SYMPTÔMES : Indiquez si vous avez ressenti ces symptômes entre 00 h 00 et 24 h 00 le jour de l'évaluation.,sympt_jointtender_site_elbow,Combien d'articulations du coude sont touchées ?,"1, 1 | 2, 2 | 99, Inconnu",,,0,0,0,,,0
quotidien,SYMPTÔMES : Indiquez si vous avez ressenti ces symptômes entre 00 h 00 et 24 h 00 le jour de l'évaluation.,sympt_jointtender_site_wrist,Combien d'articulations du poignet sont touchées ?,"1, 1 | 2, 2 | 99, Inconnu",,,0,0,0,,,0
quotidien,SYMPTÔMES : Indiquez si vous avez ressenti ces symptômes entre 00 h 00 et 24 h 00 le jour de l'évaluation.,sympt_jointtender_site_knee,Combien d'articulations du genou sont touchées ?,"1, 1 | 2, 2 | 99, Inconnu",,,0,0,0,,,0
quotidien,SYMPTÔMES : Indiquez si vous avez ressenti ces symptômes entre 00 h 00 et 24 h 00 le jour de l'évaluation.,sympt_jointtender_site_ankle,Combien d'articulations de la cheville sont touchées ?,"1, 1 | 2, 2 | 99, Inconnu",,,0,0,0,,,0
quotidien,SYMPTÔMES : Indiquez si vous avez ressenti ces symptômes entre 00 h 00 et 24 h 00 le jour de l'évaluation.,sympt_jointtender_site_foot,Combien de petites articulations du pied sont touchées ?,,,,0,0,0,,,
quotidien,SYMPTÔMES : Indiquez si vous avez ressenti ces symptômes entre 00 h 00 et 24 h 00 le jour de l'évaluation.,sympt_jointtender_hand,Petites articulations de la main,"1, articulation MCP (métacarpophalangienne) | 2, articulation PIP (interphalangienne proximale) | 3, articulation DIP (interphalangienne distale) | 99, Inconnu",,,0,0,0,,,0
quotidien,SYMPTÔMES : Indiquez si vous avez ressenti ces symptômes entre 00 h 00 et 24 h 00 le jour de l'évaluation.,sympt_jointtender_hand_num,Combien d’articulations sont concernées ?,,,,0,0,0,,,
quotidien,SYMPTÔMES : Indiquez si vous avez ressenti ces symptômes entre 00 h 00 et 24 h 00 le jour de l'évaluation.,sympt_jointtender_add,Indiquer les autres articulations touchées,"1, ATM | 2, sternoclaviculaire (SC) |  3, acromio-claviculaire (AC) |  4, sacro-iliaque (SI) | 5, hanche | 6, sous-talaire | 7, colonne thoracique | 8, colonne lombaire | 88, Autre (préciser)",,,0,0,0,,,0
quotidien,SYMPTÔMES : Indiquez si vous avez ressenti ces symptômes entre 00 h 00 et 24 h 00 le jour de l'évaluation.,sympt_jointtender_add_oth,Préciser les autres joints,,,,0,0,0,,,
quotidien,SYMPTÔMES : Indiquez si vous avez ressenti ces symptômes entre 00 h 00 et 24 h 00 le jour de l'évaluation.,sympt_stissueswell,Petit gonflement des tissus,"1, oui | 0, Non | 99, Inconnu","Défini comme un gonflement douloureux du tissu interphalangien, entraînant des tensions et des douleurs lors de la flexion des doigts.",Indiquez « Oui » si le patient a vécu cela à un moment donné depuis le début de cette maladie jusqu'à sa présentation.,0,0,0,0,0,0
quotidien,SYMPTÔMES : Indiquez si vous avez ressenti ces symptômes entre 00 h 00 et 24 h 00 le jour de l'évaluation.,sympt_arthralgia,Douleurs articulaires / arthralgie,"1, Oui | 0, Non | 99, Inconnu",Défini comme une sensation d'inconfort marqué dans une articulation.,"Indiquez «oui», si le patient a vécu cela entre 00h00 et 24h00 le jour de l'évaluation.",0,0,0,0,0,0
quotidien,SYMPTÔMES : Indiquez si vous avez ressenti ces symptômes entre 00 h 00 et 24 h 00 le jour de l'évaluation.,sympt_arthralgia_scal,Intensité de l'artralgie (échelle NRS),,,,0,0,0,,,
quotidien,SYMPTÔMES : Indiquez si vous avez ressenti ces symptômes entre 00 h 00 et 24 h 00 le jour de l'évaluation.,sympt_neurpain,Douleur neuropathique,"1, oui | 0, Non | 99, Inconnu",,Indiquez « Oui » si le patient a présenté ce symptôme entre 00 h 00 et 24 h 00 le jour de l'évaluation.,0,0,0,,0,0
quotidien,SYMPTÔMES : Indiquez si vous avez ressenti ces symptômes entre 00 h 00 et 24 h 00 le jour de l'évaluation.,sympt_neurpain_scal,Échelle de douleur neuropathique DN4,,,,0,0,0,,,
quotidien,SYMPTÔMES : Indiquez si vous avez ressenti ces symptômes entre 00 h 00 et 24 h 00 le jour de l'évaluation.,sympt_dn4,DN4 — Douleur Neuropathique 4 Questions (Dépistage de la douleur neuropathique),,,,0,0,0,,,
quotidien,SYMPTÔMES : Indiquez si vous avez ressenti ces symptômes entre 00 h 00 et 24 h 00 le jour de l'évaluation.,sympt_dn4_pain,Le patient ressent-il des douleurs au moment de l’évaluation ?,"1, oui | 0, Non | 99, Inconnu",,,0,0,0,,,0
quotidien,SYMPTÔMES : Indiquez si vous avez ressenti ces symptômes entre 00 h 00 et 24 h 00 le jour de l'évaluation.,sympt_dn4_q1,QUESTION 1 — La douleur présente-t-elle une ou plusieurs des caractéristiques suivantes ?,,,,0,0,0,,,
quotidien,SYMPTÔMES : Indiquez si vous avez ressenti ces symptômes entre 00 h 00 et 24 h 00 le jour de l'évaluation.,sympt_dn4_q1_burning,1. Brûler,"1, oui | 0, non",,Indiquez « Oui » si le patient a présenté ce symptôme entre 00 h 00 et 24 h 00 le jour de l'évaluation.,0,0,0,,0,0
quotidien,SYMPTÔMES : Indiquez si vous avez ressenti ces symptômes entre 00 h 00 et 24 h 00 le jour de l'évaluation.,sympt_dn4_q1_cold,2. Un rhume douloureux,"1, oui | 0, non",,Indiquez « Oui » si le patient a présenté ce symptôme entre 00 h 00 et 24 h 00 le jour de l'évaluation.,0,0,0,,0,0
quotidien,SYMPTÔMES : Indiquez si vous avez ressenti ces symptômes entre 00 h 00 et 24 h 00 le jour de l'évaluation.,sympt_dn4_q1_shock,3. Chocs électriques,"1, oui | 0, non",,Indiquez « Oui » si le patient a présenté ce symptôme entre 00 h 00 et 24 h 00 le jour de l'évaluation.,0,0,0,,0,0
quotidien,SYMPTÔMES : Indiquez si vous avez ressenti ces symptômes entre 00 h 00 et 24 h 00 le jour de l'évaluation.,sympt_dn4_q2,QUESTION 2 — La douleur est-elle associée à un ou plusieurs des symptômes suivants dans la même zone ?,,,,0,0,0,,,
quotidien,SYMPTÔMES : Indiquez si vous avez ressenti ces symptômes entre 00 h 00 et 24 h 00 le jour de l'évaluation.,sympt_dn4_q2_tingling,4. Des picotements,"1, oui | 0, non",,Indiquez « Oui » si le patient a présenté ce symptôme entre 00 h 00 et 24 h 00 le jour de l'évaluation.,0,0,0,,0,0
quotidien,SYMPTÔMES : Indiquez si vous avez ressenti ces symptômes entre 00 h 00 et 24 h 00 le jour de l'évaluation.,sympt_dn4_q2_pins,5. Épingles et aiguilles,"1, oui | 0, non",,Indiquez « Oui » si le patient a présenté ce symptôme entre 00 h 00 et 24 h 00 le jour de l'évaluation.,0,0,0,,0,0
quotidien,SYMPTÔMES : Indiquez si vous avez ressenti ces symptômes entre 00 h 00 et 24 h 00 le jour de l'évaluation.,sympt_dn4_q2_numb,6. Engourdissement,"1, oui | 0, non",,Indiquez « Oui » si le patient a présenté ce symptôme entre 00 h 00 et 24 h 00 le jour de l'évaluation.,0,0,0,,0,0
quotidien,SYMPTÔMES : Indiquez si vous avez ressenti ces symptômes entre 00 h 00 et 24 h 00 le jour de l'évaluation.,sympt_dn4_q2_itch,7. Démangeaisons,"1, oui | 0, non",,Indiquez « Oui » si le patient a présenté ce symptôme entre 00 h 00 et 24 h 00 le jour de l'évaluation.,0,0,0,,0,0
quotidien,SYMPTÔMES : Indiquez si vous avez ressenti ces symptômes entre 00 h 00 et 24 h 00 le jour de l'évaluation.,sympt_dn4_q3,QUESTION 3 — La douleur est-elle localisée dans une zone où l'examen physique révèle un ou plusieurs des éléments suivants ? (examen clinicien),,,,0,0,0,,,
quotidien,SYMPTÔMES : Indiquez si vous avez ressenti ces symptômes entre 00 h 00 et 24 h 00 le jour de l'évaluation.,sympt_dn4_q3_touch,8. Hypoesthésie au toucher,"1, oui | 0, non",,Indiquez « Oui » si le patient a présenté ce symptôme entre 00 h 00 et 24 h 00 le jour de l'évaluation.,0,0,0,,0,0
quotidien,SYMPTÔMES : Indiquez si vous avez ressenti ces symptômes entre 00 h 00 et 24 h 00 le jour de l'évaluation.,sympt_dn4_q3_pin,9. Hypoesthésie par piqûre d’épingle,"1, oui | 0, non",,Indiquez « Oui » si le patient a présenté ce symptôme entre 00 h 00 et 24 h 00 le jour de l'évaluation.,0,0,0,,0,0
quotidien,SYMPTÔMES : Indiquez si vous avez ressenti ces symptômes entre 00 h 00 et 24 h 00 le jour de l'évaluation.,sympt_dn4_q4,QUESTION 4 — La douleur est-elle provoquée ou augmentée par un ou plusieurs des éléments suivants ? (examen clinicien),,,,0,0,0,,,
quotidien,SYMPTÔMES : Indiquez si vous avez ressenti ces symptômes entre 00 h 00 et 24 h 00 le jour de l'évaluation.,sympt_dn4_q4_brush,10. Brossage,"1, oui | 0, non",,Indiquez « Oui » si le patient a présenté ce symptôme entre 00 h 00 et 24 h 00 le jour de l'évaluation.,0,0,0,,0,0
quotidien,SYMPTÔMES : Indiquez si vous avez ressenti ces symptômes entre 00 h 00 et 24 h 00 le jour de l'évaluation.,sympt_dn4_score,Score total DN4 (0-10),"if([sympt_dn4_q1_burning]='1',1,0) + if([sympt_dn4_q1_cold]='1',1,0) + if([sympt_dn4_q1_shock]='1',1,0) + if([sympt_dn4_q2_tingling]='1',1,0) + if([sympt_dn4_q2_pins]='1',1,0) + if([sympt_dn4_q2_numb]='1',1,0) + if([sympt_dn4_q2_itch]='1',1,0) + if([sympt_dn4_q3_touch]='1',1,0) + si([sympt_dn4_q3_pin]='1',1,0) + si([sympt_dn4_q4_brush]='1',1,0)",,,0,0,0,,,0
quotidien,SYMPTÔMES : Indiquez si vous avez ressenti ces symptômes entre 00 h 00 et 24 h 00 le jour de l'évaluation.,sympt_dn4_result,Résultat DN4,"if([sympt_dn4_score]>=4,'1',if([sympt_dn4_score]<4 et [sympt_dn4_score]>=0,'0',''))",,,0,0,0,,,0
quotidien,SYMPTÔMES : Indiquez si vous avez ressenti ces symptômes entre 00 h 00 et 24 h 00 le jour de l'évaluation.,sympt_dn4_notes,Notes cliniques (facultatif),,,,0,0,0,,,
quotidien,SYMPTÔMES : Indiquez si vous avez ressenti ces symptômes entre 00 h 00 et 24 h 00 le jour de l'évaluation.,sympt_cramps,Crampes musculaires,"1, oui | 0, Non | 99, Inconnu","contractions soudaines, involontaires et douloureuses d'un ou de plusieurs muscles, temporaires et se résorbant généralement spontanément après quelques secondes ou quelques minutes.",,0,0,0,0,,0
quotidien,SYMPTÔMES : Indiquez si vous avez ressenti ces symptômes entre 00 h 00 et 24 h 00 le jour de l'évaluation.,sympt_skinrash,Éruption cutanée,"1, Oui | 0, Non | 99, Inconnu","Défini comme tout changement de la peau qui affecte son apparence ou sa texture. Une éruption cutanée peut être localisée dans une partie du corps ou affecter toute la peau. Les éruptions cutanées peuvent faire changer la couleur, les démangeaisons, les démangeaisons, devenir chaudes, cahoteuses, sèches, fissurées ou boursouflées, gonflées et peuvent être douloureuses.","Indiquez «oui», si le patient a vécu cela entre 00h00 et 24h00 le jour de l'évaluation.",0,0,0,0,0,0
quotidien,SYMPTÔMES : Indiquez si vous avez ressenti ces symptômes entre 00 h 00 et 24 h 00 le jour de l'évaluation.,sympt_paresthesia,Paresthésie cutanée,"1, Oui | 0, Non | 99, Inconnu","Il s'agit des sensations cutanées perçues (par exemple, froid, chaleur, picotements, pression, etc.) qui apparaissent spontanément en l'absence de stimulation.",Indiquez « Oui » si le patient a présenté ce symptôme entre 00 h 00 et 24 h 00 le jour de l'évaluation.,0,0,0,0,0,0
quotidien,SYMPTÔMES : Indiquez si vous avez ressenti ces symptômes entre 00 h 00 et 24 h 00 le jour de l'évaluation.,sympt_skinchange,Modifications de la texture de la peau,"1, Oui | 0, Non | 99, Inconnu","Il s'agit des modifications de l'aspect et du toucher de la peau, telles que la rugosité, l'irrégularité ou la présence de bosses.",Indiquez « Oui » si le patient a présenté ce symptôme entre 00 h 00 et 24 h 00 le jour de l'évaluation.,0,0,0,0,0,0
quotidien,SYMPTÔMES : Indiquez si vous avez ressenti ces symptômes entre 00 h 00 et 24 h 00 le jour de l'évaluation.,sympt_skinpallor,Pâleur de la peau,"1, Oui | 0, Non | 99, Inconnu",Il s'agit d'une pâleur anormale de la peau.,Indiquez « Oui » si le patient a présenté ce symptôme entre 00 h 00 et 24 h 00 le jour de l'évaluation.,0,0,0,0,0,0
quotidien,SYMPTÔMES : Indiquez si vous avez ressenti ces symptômes entre 00 h 00 et 24 h 00 le jour de l'évaluation.,sympt_pruritus,Démangeaisons / prurit,"1, Oui | 0, Non | 99, Inconnu",Défini comme une sensation de démangeaisons désagréables ou intenses qui produit l'envie de frotter ou de gratter la peau pour obtenir un soulagement.,"Indiquez «oui», si le patient a vécu cela entre 00h00 et 24h00 le jour de l'évaluation.",0,0,0,0,0,0
quotidien,SYMPTÔMES : Indiquez si vous avez ressenti ces symptômes entre 00 h 00 et 24 h 00 le jour de l'évaluation.,sympt_mobilchg,Changement de mobilité par rapport,"1, Oui | 0, Non | 99, Inconnu",Il s'agit de la capacité du patient à marcher ou à se déplacer.,"Indiquez «oui», si le patient a vécu cela entre 00h00 et 24h00 le jour de l'évaluation.",0,0,0,0,0,0
quotidien,SYMPTÔMES : Indiquez si vous avez ressenti ces symptômes entre 00 h 00 et 24 h 00 le jour de l'évaluation.,sympt_mobile,Statut de mobilité,"1, Entièrement ambulatoire | 2, Ambulatoire, mais avec une aide | 3, Alité","Il s'agit de la capacité du patient à marcher ou à se déplacer. ",Sélectionnez la ou les options les plus appropriées représentent le statut de mobilité du patient.,0,0,0,0,0,0
quotidien,SYMPTÔMES : Indiquez si vous avez ressenti ces symptômes entre 00 h 00 et 24 h 00 le jour de l'évaluation.,sympt_sleepmore,Sommeil plus long que d'habitude / léthargie / apathie / indolence,"1, Oui | 0, Non | 99, Inconnu","Il s'agit d'une somnolence excessive pendant la journée, caractérisée par une fatigue et un manque inhabituel d'énergie et de vivacité mentale, ou d'un nourrisson qui a peu d'énergie, est somnolent ou dort plus que d'habitude.",Indiquez « Oui » si le patient a présenté ce symptôme entre 00 h 00 et 24 h 00 le jour de l'évaluation.,0,0,0,0,0,0
quotidien,SYMPTÔMES : Indiquez si vous avez ressenti ces symptômes entre 00 h 00 et 24 h 00 le jour de l'évaluation.,sympt_polydipsia,Soif accrue (polydipsie),"1, Oui | 0, Non | 99, Inconnu",Il s'agit d'une soif excessive.,Indiquez « Oui » si le patient a présenté ce symptôme entre 00 h 00 et 24 h 00 le jour de l'évaluation.,0,0,0,0,0,0
quotidien,SYMPTÔMES : Indiquez si vous avez ressenti ces symptômes entre 00 h 00 et 24 h 00 le jour de l'évaluation.,sympt_irregmenstruation,Modifications des règles (règles irrégulières),"1, Oui | 0, Non | 99, Inconnu","Il s'agit de tout écart par rapport au processus normal, par exemple des saignements retardés, difficiles, abondants, peu abondants, inhabituels, etc.",Indiquez « Oui » si le patient a présenté ce symptôme entre 00 h 00 et 24 h 00 le jour de l'évaluation.,0,0,0,0,0,0
quotidien,SYMPTÔMES : Indiquez si vous avez ressenti ces symptômes entre 00 h 00 et 24 h 00 le jour de l'évaluation.,sympt_backpain,Maux de dos,"1, oui | 0, Non | 99, Inconnu",,Indiquez « Oui » si le patient a présenté ce symptôme entre 00 h 00 et 24 h 00 le jour de l'évaluation.,0,0,0,,0,0
quotidien,SYMPTÔMES : Indiquez si vous avez ressenti ces symptômes entre 00 h 00 et 24 h 00 le jour de l'évaluation.,sympt_neckpain,Douleur au cou,"1, oui | 0, Non | 99, Inconnu",,Indiquez « Oui » si le patient a présenté ce symptôme entre 00 h 00 et 24 h 00 le jour de l'évaluation.,0,0,0,,0,0
quotidien,SYMPTÔMES : Indiquez si vous avez ressenti ces symptômes entre 00 h 00 et 24 h 00 le jour de l'évaluation.,sympt_resp,Symptômes respiratoires,,Il s'agit des signes et symptômes liés au système respiratoire.,Indiquez « Oui » si le patient a présenté ce symptôme entre 00 h 00 et 24 h 00 le jour de l'évaluation.,0,0,0,0,0,
quotidien,SYMPTÔMES : Indiquez si vous avez ressenti ces symptômes entre 00 h 00 et 24 h 00 le jour de l'évaluation.,sympt_cough,Toux,"1, Oui | 0, Non | 99, Inconnu","Cela fait référence à la présence d'une toux et à ses caractéristiques. Une toux productive fait référence à une toux accompagnée de sécrétions expectorées (flegme ou mucus), tandis qu'une toux non productive se réfère à une toux qui n'est pas accompagnée de sécrétions expectorées. L'hémoptysie fait référence à la présence de sang ou de crachats de sang provenant des voies respiratoires.","Indiquez «oui», si le patient a vécu cela entre 00h00 et 24h00 le jour de l'évaluation.",0,0,0,0,0,0
quotidien,SYMPTÔMES : Indiquez si vous avez ressenti ces symptômes entre 00 h 00 et 24 h 00 le jour de l'évaluation.,sympt_cough_type,Type de toux,"1, Non productive  | 2, Productive |3, Hémoptysie |99, Inconnu",Ceci fait référence au type de toux. Une toux productive désigne une toux accompagnée de sécrétions expectorées (flegme ou mucus).,Indiquez « Oui » si le patient a présenté ce symptôme entre 00 h 00 et 24 h 00 le jour de l'évaluation.,0,0,0,0,0,0
quotidien,SYMPTÔMES : Indiquez si vous avez ressenti ces symptômes entre 00 h 00 et 24 h 00 le jour de l'évaluation.,sympt_coryza,Coryza,"1, oui | 0, Non | 99, Inconnu",,Indiquez « Oui » si le patient a présenté ce symptôme entre 00 h 00 et 24 h 00 le jour de l'évaluation.,0,0,0,,0,0
quotidien,SYMPTÔMES : Indiquez si vous avez ressenti ces symptômes entre 00 h 00 et 24 h 00 le jour de l'évaluation.,sympt_sorethroat,Mal de gorge,"1, Oui | 0, Non | 99, Inconnu","Défini comme une sensation désagréable caractérisée par une inconfort physique (comme la piqûre, le palpitation ou la douleur) et perçue comme provenant de la gorge.","Indiquez «oui», si le patient a vécu cela entre 00h00 et 24h00 le jour de l'évaluation.",0,0,0,0,0,0
quotidien,SYMPTÔMES : Indiquez si vous avez ressenti ces symptômes entre 00 h 00 et 24 h 00 le jour de l'évaluation.,sympt_rhinorrhoe,Nez qui coule / rhinorrhée,"1, Oui | 0, Non | 99, Inconnu",Défini comme une augmentation de la décharge muqueuse du nez.,"Indiquez «oui», si le patient a vécu cela entre 00h00 et 24h00 le jour de l'évaluation.",0,0,0,0,0,0
quotidien,SYMPTÔMES : Indiquez si vous avez ressenti ces symptômes entre 00 h 00 et 24 h 00 le jour de l'évaluation.,sympt_wheezing,Respiration sifflante,"1, Oui | 0, Non | 99, Inconnu",Défini comme un son de la respiration aigus résultant d'un rétrécissement ou d'une obstruction des petites voies respiratoires.,"Indiquez «oui», si le patient a vécu cela entre 00h00 et 24h00 le jour de l'évaluation.",0,0,0,0,0,0
quotidien,SYMPTÔMES : Indiquez si vous avez ressenti ces symptômes entre 00 h 00 et 24 h 00 le jour de l'évaluation.,sympt_shortbreat,Essoufflement,"1, Oui | 0, Non | 99, Inconnu",Défini comme la sensation inconfortable de respiration difficile ou laborieuse qui est hors de proportion du niveau d'activité physique du patient.,"Indiquez «oui», si le patient a vécu cela entre 00h00 et 24h00 le jour de l'évaluation.",0,0,0,0,0,0
quotidien,SYMPTÔMES : Indiquez si vous avez ressenti ces symptômes entre 00 h 00 et 24 h 00 le jour de l'évaluation.,sympt_nasalcongestion,Congestion nasale,"1, Oui | 0, Non | 99, Inconnu","Définie comme une diminution de la capacité à faire passer l'air par la cavité nasale, conduisant souvent à une respiration par la bouche.",Indiquez « Oui » si le patient a présenté ce symptôme entre 00 h 00 et 24 h 00 le jour de l'évaluation.,0,0,0,0,0,0
quotidien,SYMPTÔMES : Indiquez si vous avez ressenti ces symptômes entre 00 h 00 et 24 h 00 le jour de l'évaluation.,sympt_chestpain,Douleur thoracique,"1, Oui | 0, Non | 99, Inconnu","Défini comme la sensation désagréable, inconfortable ou douloureuse caractérisée par une inconfort physique localisée dans la poitrine.","Indiquez «oui», si le patient a vécu cela entre 00h00 et 24h00 le jour de l'évaluation.",0,0,0,0,0,0
quotidien,SYMPTÔMES : Indiquez si vous avez ressenti ces symptômes entre 00 h 00 et 24 h 00 le jour de l'évaluation.,sympt_sneez,Éternuements,"1, Oui | 0, Non | 99, Inconnu","Il s'agit d'une expiration soudaine, violente, spasmodique et audible par le nez et la bouche.","Indiquez « Oui » si le patient a présenté ce symptôme à tout moment entre le début de la maladie et la consultation. ",0,0,0,0,0,0
quotidien,SYMPTÔMES : Indiquez si vous avez ressenti ces symptômes entre 00 h 00 et 24 h 00 le jour de l'évaluation.,sympt_hiccups,Le hoquet,"1, oui | 0, Non | 99, Inconnu",,"Indiquez « Oui » si le patient a présenté cette affection à tout moment entre l'apparition de la maladie et la consultation. ",0,0,0,,0,0
quotidien,SYMPTÔMES : Indiquez si vous avez ressenti ces symptômes entre 00 h 00 et 24 h 00 le jour de l'évaluation.,sympt_cvs,Symptômes cardiovasculaires,,Ce terme désigne les signes et symptômes liés au système cardiovasculaire.,Indiquez « Oui » si le patient a présenté ce symptôme entre 00 h 00 et 24 h 00 le jour de l'évaluation.,0,0,0,0,0,
quotidien,SYMPTÔMES : Indiquez si vous avez ressenti ces symptômes entre 00 h 00 et 24 h 00 le jour de l'évaluation.,sympt_palpitations,Palpitations,"1, Oui | 0, Non | 99, Inconnu",Fait référence à la conscience désagréable de son propre battement de cœur.,"Indiquez «oui», si le patient a vécu cela entre 00h00 et 24h00 le jour de l'évaluation.",0,0,0,0,0,0
quotidien,SYMPTÔMES : Indiquez si vous avez ressenti ces symptômes entre 00 h 00 et 24 h 00 le jour de l'évaluation.,sympt_git,Symptômes gastro-intestinaux,,Il s'agit des signes et symptômes liés au système gastro-intestinal.,Indiquez « Oui » si le patient a présenté ce symptôme entre 00 h 00 et 24 h 00 le jour de l'évaluation.,0,0,0,0,0,
quotidien,SYMPTÔMES : Indiquez si vous avez ressenti ces symptômes entre 00 h 00 et 24 h 00 le jour de l'évaluation.,sympt_abdpain,Douleurs abdominales,"1, Oui | 0, Non | 99, Inconnu","Défini comme une sensation désagréable d'inconfort, de détresse ou d'agonie dans la région abdominale.","Indiquez «oui», si le patient a vécu cela entre 00h00 et 24h00 le jour de l'évaluation.",0,0,0,0,0,0
quotidien,SYMPTÔMES : Indiquez si vous avez ressenti ces symptômes entre 00 h 00 et 24 h 00 le jour de l'évaluation.,sympt_diarrhoea,Diarrhée,"1, Oui | 0, Non | 99, Inconnu",Défini comme trois ou plus de selle lâche ou liquide par jour (ou plus fréquent que normal pour l'individu).,"Indiquez «oui», si le patient a vécu cela entre 00h00 et 24h00 le jour de l'évaluation.",0,0,0,0,0,0
quotidien,SYMPTÔMES : Indiquez si vous avez ressenti ces symptômes entre 00 h 00 et 24 h 00 le jour de l'évaluation.,sympt_diarrhoea_num,Nombre d'épisodes de diarrhée au cours des dernières 24 heures,,Fait référence au nombre d'épisodes diarrhéiques survenus au cours des dernières 24 heures.,Indiquez le nombre d'épisodes diarrhéiques survenus au cours des dernières 24 heures.,0,0,0,0,0,
quotidien,SYMPTÔMES : Indiquez si vous avez ressenti ces symptômes entre 00 h 00 et 24 h 00 le jour de l'évaluation.,sympt_consti,Constipation,"1, Oui | 0, Non | 99, Inconnu",Cela fait référence à une évacuation irrégulière et peu fréquente ou difficile des intestins.,"Indiquez «oui», si le patient a vécu cela entre 00h00 et 24h00 le jour de l'évaluation.",0,0,0,0,0,0
quotidien,SYMPTÔMES : Indiquez si vous avez ressenti ces symptômes entre 00 h 00 et 24 h 00 le jour de l'évaluation.,sympt_vomit,Vomissement,"1, Oui | 0, Non | 99, Inconnu",Défini comme l'expulsion de l'estomac ou des intestins de petite taille par la bouche.,"Indiquez «oui», si le patient a vécu cela entre 00h00 et 24h00 le jour de l'évaluation.",0,0,0,0,0,0
quotidien,SYMPTÔMES : Indiquez si vous avez ressenti ces symptômes entre 00 h 00 et 24 h 00 le jour de l'évaluation.,sympt_vomit2d,Vomissements persistants? (> = 2 / jour),"1, Oui | 0, Non | 99, Inconnu",Les vomissements persistants sont définis ici comme des vomissements deux fois ou plus par jour.,"Indiquez «oui», si le patient a vécu cela entre 00h00 et 24h00 le jour de l'évaluation.",0,0,0,0,0,0
quotidien,SYMPTÔMES : Indiquez si vous avez ressenti ces symptômes entre 00 h 00 et 24 h 00 le jour de l'évaluation.,sympt_vomitbld,Hématémèse (vomissements de sang) ?,"1, Oui | 0, Non | 99, Inconnu",Désigne le vomissement de sang.,Indiquez « Oui » si le patient a présenté ce symptôme entre 00 h 00 et 24 h 00 le jour de l'évaluation.,0,0,0,0,0,0
quotidien,SYMPTÔMES : Indiquez si vous avez ressenti ces symptômes entre 00 h 00 et 24 h 00 le jour de l'évaluation.,sympt_nausea,Nausée,"1, Oui | 0, Non | 99, Inconnu",Défini comme le sentiment subjectif indolore désagréable que l'on vomira imminemment.,"Indiquez «oui», si le patient a vécu cela entre 00h00 et 24h00 le jour de l'évaluation.",0,0,0,0,0,0
quotidien,SYMPTÔMES : Indiquez si vous avez ressenti ces symptômes entre 00 h 00 et 24 h 00 le jour de l'évaluation.,sympt_anorexia,Anorexie,"1, Oui | 0, Non | 99, Inconnu",Défini comme le manque ou la perte d'appétit.,"Indiquez «oui», si le patient a vécu cela entre 00h00 et 24h00 le jour de l'évaluation.",0,0,0,0,0,0
quotidien,SYMPTÔMES : Indiquez si vous avez ressenti ces symptômes entre 00 h 00 et 24 h 00 le jour de l'évaluation.,sympt_exsal,Salivation excessive,"1, Oui | 0, Non | 99, Inconnu",Une salivation excessive ou une sialorrhée est un symptôme mieux évalué par le patient.,"Indiquez «oui», si le patient a vécu cela entre 00h00 et 24h00 le jour de l'évaluation.",0,0,0,0,0,0
quotidien,SYMPTÔMES : Indiquez si vous avez ressenti ces symptômes entre 00 h 00 et 24 h 00 le jour de l'évaluation.,sympt_diffswallow,Difficulté à avaler / dysphagie,"1, Oui | 0, Non | 99, Inconnu","Défini comme difficulté à avaler des aliments, des liquides ou de la salive.","Indiquez «oui», si le patient a vécu cela entre 00h00 et 24h00 le jour de l'évaluation.",0,0,0,0,0,0
quotidien,SYMPTÔMES : Indiquez si vous avez ressenti ces symptômes entre 00 h 00 et 24 h 00 le jour de l'évaluation.,sympt_faecalincont,Incontinence fécale,"1, Oui | 0, Non | 99, Inconnu","Définie comme l'incapacité à contrôler volontairement les sphincters anaux, avec passage involontaire de selles et de flatulences.",Indiquez « Oui » si le patient a présenté ce symptôme entre 00 h 00 et 24 h 00 le jour de l'évaluation.,0,0,0,0,0,0
quotidien,SYMPTÔMES : Indiquez si vous avez ressenti ces symptômes entre 00 h 00 et 24 h 00 le jour de l'évaluation.,sympt_renalgut,Symptômes rénaux / génito-urinaires,,Il s'agit des signes et symptômes liés au système rénal/génito-urinaire.,Indiquez « Oui » si le patient a présenté ce symptôme entre 00 h 00 et 24 h 00 le jour de l'évaluation.,0,0,0,0,0,
quotidien,SYMPTÔMES : Indiquez si vous avez ressenti ces symptômes entre 00 h 00 et 24 h 00 le jour de l'évaluation.,sympt_urine,Rétention urinaire,"1, Oui | 0, Non | 99, Inconnu",Défini comme l'accumulation d'urine dans la vessie en raison de l'incapacité d'uriner.,"Indiquez «oui», si le patient a vécu cela entre 00h00 et 24h00 le jour de l'évaluation.",0,0,0,0,0,0
quotidien,SYMPTÔMES : Indiquez si vous avez ressenti ces symptômes entre 00 h 00 et 24 h 00 le jour de l'évaluation.,sympt_urineincont,Incontinence urinaire,"1, Oui | 0, Non | 99, Inconnu",Il s'agit de la perte du contrôle de la vessie ou de l'incapacité à contrôler la miction.,Indiquez « Oui » si le patient a présenté ce symptôme entre 00 h 00 et 24 h 00 le jour de l'évaluation.,0,0,0,0,0,0
quotidien,SYMPTÔMES : Indiquez si vous avez ressenti ces symptômes entre 00 h 00 et 24 h 00 le jour de l'évaluation.,sympt_polyuria,Augmentation de la miction (polyurie),"1, Oui | 0, Non | 99, Inconnu",Il s'agit d'une miction excessive ou fréquente.,Indiquez « Oui » si le patient a présenté ce symptôme entre 00 h 00 et 24 h 00 le jour de l'évaluation.,0,0,0,0,0,0
quotidien,SYMPTÔMES : Indiquez si vous avez ressenti ces symptômes entre 00 h 00 et 24 h 00 le jour de l'évaluation.,sympt_dysuria,Douleur pendant la miction (dysurie),"1, Oui | 0, Non | 99, Inconnu",Il s'agit d'une miction douloureuse ou difficile.,Indiquez « Oui » si le patient a présenté ce symptôme entre 00 h 00 et 24 h 00 le jour de l'évaluation.,0,0,0,0,0,0
quotidien,SYMPTÔMES : Indiquez si vous avez ressenti ces symptômes entre 00 h 00 et 24 h 00 le jour de l'évaluation.,sympt_dyspareunia,Rapports / dyspareunia douloureux,"1, Oui | 0, Non | 99, Inconnu",Défini comme une douleur génitale récurrente ou persistante associée aux rapports sexuels.,"Indiquez «oui», si le patient a vécu cela entre 00h00 et 24h00 le jour de l'évaluation.",0,0,0,0,0,0
quotidien,SYMPTÔMES : Indiquez si vous avez ressenti ces symptômes entre 00 h 00 et 24 h 00 le jour de l'évaluation.,sympt_heme,Symptômes hématologiques,,Il s'agit des signes et symptômes liés au système hématologique.,Indiquez « Oui » si le patient a présenté ce symptôme entre 00 h 00 et 24 h 00 le jour de l'évaluation.,0,0,0,0,0,
quotidien,SYMPTÔMES : Indiquez si vous avez ressenti ces symptômes entre 00 h 00 et 24 h 00 le jour de l'évaluation.,sympt_haemorrhag,Saignement / hémorragie,"1, Oui | 0, Non | 99, Inconnu","Définie comme la présence de sang à un endroit où il n'est pas physiologiquement normal ou la perte de sang de la circulation, interne ou externe. Cela peut inclure l'épistaxis (saignement nasal), le saignement gingival (saignement des gencives), le saignement de toute partie du tractus gastro-intestinal (saignement gastro-intestinal) ou des voies génito-urinaires (vagin ou urètre), y compris l'hématurie.",Indiquez « Oui » si le patient a présenté ce symptôme entre 00 h 00 et 24 h 00 le jour de l'évaluation.,0,0,0,0,0,0
quotidien,SYMPTÔMES : Indiquez si vous avez ressenti ces symptômes entre 00 h 00 et 24 h 00 le jour de l'évaluation.,sympt_haemorrhag_sev,Saignement sévère / hémorragie (nécessite une intervention),"1, Oui | 0, Non | 99, Inconnu",Défini comme le saignement / hémorragie sévère nécessitant une intervention médicale pour l'hémostase et / ou le soutien hémodynamique.,"Indiquez «oui», si le patient a vécu cela entre 00h00 et 24h00 le jour de l'évaluation.",0,0,0,0,0,0
quotidien,SYMPTÔMES : Indiquez si vous avez ressenti ces symptômes entre 00 h 00 et 24 h 00 le jour de l'évaluation.,sympt_haemorrhag_site,Si oui: spécifiez le site de saignement / hémorragie (s),"1, Peau | 7, Pétéchies | 2, Nez | 3, Gencives | 4, Tractus gastro-intestinal | 5, Tractus urinaire | 6, Vagin | 99, Inconnu | 88, Autre(s)","Cela fait référence à l'emplacement du site de saignement / hémorragie. Les petechiae se réfèrent à de petites taches rougeâtre ou violacées dans la peau ou la muqueuse en raison d'une hémorragie localisée. Le saignement du nez fait référence à l'hémorragie localisée dans le nez. Les saignements des gencives se réfèrent à l'hémorragie affectant le Gingiva. Les saignements gastro-intestinaux (GI) se réfèrent à l'hémorragie dans tout segment du tractus gastro-intestinal de l'œsophage au rectum. Les saignements des voies urinaires se réfèrent à une hémorragie provenant de toute partie du système urinaire. Les saignements vaginaux se réfèrent à une hémorragie provenant du vagin, sans rapport avec les menstruations normales.",Sélectionnez les options (s) les plus appropriées correspondant à l'emplacement du site de saignement / hémorragie.,0,0,0,0,0,0
quotidien,SYMPTÔMES : Indiquez si vous avez ressenti ces symptômes entre 00 h 00 et 24 h 00 le jour de l'évaluation.,sympt_cns,Symptômes neurologiques,,Ce terme fait référence aux signes et symptômes liés au système neurologique.,Indiquez « Oui » si le patient a présenté ce symptôme entre 00 h 00 et 24 h 00 le jour de l'évaluation.,0,0,0,0,0,
quotidien,SYMPTÔMES : Indiquez si vous avez ressenti ces symptômes entre 00 h 00 et 24 h 00 le jour de l'évaluation.,sympt_headache,Mal de tête,"1, Oui | 0, Non | 99, Inconnu","Défini comme l'expérience de la douleur dans diverses parties de la tête, non confinée dans la zone de distribution de tout nerf.","Indiquez «oui», si le patient a vécu cela entre 00h00 et 24h00 le jour de l'évaluation.",0,0,0,0,0,0
quotidien,SYMPTÔMES : Indiquez si vous avez ressenti ces symptômes entre 00 h 00 et 24 h 00 le jour de l'évaluation.,sympt_focdef,Déficit Focal,"1, oui | 0, Non | 99, Inconnu",,Indiquez « Oui » si le patient a présenté ce symptôme entre 00 h 00 et 24 h 00 le jour de l'évaluation.,0,0,0,,0,0
quotidien,SYMPTÔMES : Indiquez si vous avez ressenti ces symptômes entre 00 h 00 et 24 h 00 le jour de l'évaluation.,sympt_photoph,Photophobie,"1, Oui | 0, Non | 99, Inconnu",Fait référence à une sensibilité accrue des yeux à la lumière.,"Indiquez «oui», si le patient a vécu cela entre 00h00 et 24h00 le jour de l'évaluation.",0,0,0,0,0,0
quotidien,SYMPTÔMES : Indiquez si vous avez ressenti ces symptômes entre 00 h 00 et 24 h 00 le jour de l'évaluation.,sympt_seizconv,Convulsions / convulsions,"1, Oui | 0, Non | 99, Inconnu","Défini comme une anomalie intermittente de la physiologie du système nerveux caractérisé par une occurrence transitoire d'un mouvement soudain, violent et irrégulier du corps, provoqué par une contraction involontaire des muscles en raison d'une activité neuronale excessive ou synchrone anormale dans le cerveau.","Indiquez «oui», si le patient a vécu cela entre 00h00 et 24h00 le jour de l'évaluation.",0,0,0,0,0,0
quotidien,SYMPTÔMES : Indiquez si vous avez ressenti ces symptômes entre 00 h 00 et 24 h 00 le jour de l'évaluation.,sympt_confusion,Conscience / confusion altérée,"1, Oui | 0, Non | 99, Inconnu",Défini comme un niveau de conscience ou d'excitation autre que la ligne de base normale du patient.,"Indiquez «oui», si le patient a vécu cela entre 00h00 et 24h00 le jour de l'évaluation.",0,0,0,0,0,0
quotidien,SYMPTÔMES : Indiquez si vous avez ressenti ces symptômes entre 00 h 00 et 24 h 00 le jour de l'évaluation.,sympt_paralysis,Paralysie,"1, Oui | 0, Non | 99, Inconnu",Désigne l'incapacité de bouger ou de contrôler ses mouvements.,Indiquez « Oui » si le patient a présenté ce symptôme entre 00 h 00 et 24 h 00 le jour de l'évaluation.,0,0,0,0,0,0
quotidien,SYMPTÔMES : Indiquez si vous avez ressenti ces symptômes entre 00 h 00 et 24 h 00 le jour de l'évaluation.,sympt_irritable,Irritabilité,"1, Oui | 0, Non | 99, Inconnu","Désigne une excitabilité anormale ou excessive qui se traduit par une colère, une irritation ou une impatience facilement déclenchées.",Indiquez « Oui » si le patient a présenté ce symptôme entre 00 h 00 et 24 h 00 le jour de l'évaluation.,0,0,0,0,0,0
quotidien,SYMPTÔMES : Indiquez si vous avez ressenti ces symptômes entre 00 h 00 et 24 h 00 le jour de l'évaluation.,sympt_tremor,Tremblement,"1, Oui | 0, Non | 99, Inconnu",Fait référence à un mouvement musculaire involontaire et oscillant à propos d'un axe articulaire.,"Indiquez «oui», si le patient a vécu cela entre 00h00 et 24h00 le jour de l'évaluation.",0,0,0,0,0,0
quotidien,SYMPTÔMES : Indiquez si vous avez ressenti ces symptômes entre 00 h 00 et 24 h 00 le jour de l'évaluation.,sympt_diffwalk,Difficultés à marcher,"1, Oui | 0, Non | 99, Inconnu",Il s'agit de tout problème persistant lié à la marche.,"Indiquez « Oui » si le patient a présenté ce symptôme à tout moment entre le début de la maladie et la consultation. ",0,0,0,0,0,0
quotidien,SYMPTÔMES : Indiquez si vous avez ressenti ces symptômes entre 00 h 00 et 24 h 00 le jour de l'évaluation.,sympt_perschang,"Changements de personnalité (incluant agitation, psychose, somnolence, insomnie, catatonie, labilité de l'humeur, altération des habitudes de sommeil et chez les enfants, nouvelle apparition d'énurésie ou d'irritabilité)","1, oui | 0, Non | 99, Inconnu",,"Indiquez « Oui » si le patient a présenté cette affection à tout moment entre l'apparition de la maladie et la consultation. ",0,0,0,,0,0
quotidien,SYMPTÔMES : Indiquez si vous avez ressenti ces symptômes entre 00 h 00 et 24 h 00 le jour de l'évaluation.,sympt_abnmov,Mouvement anormal,"1, oui | 0, Non | 99, Inconnu",,"Indiquez « Oui » si le patient a présenté cette affection à tout moment entre l'apparition de la maladie et la consultation. ",0,0,0,,0,0
quotidien,SYMPTÔMES : Indiquez si vous avez ressenti ces symptômes entre 00 h 00 et 24 h 00 le jour de l'évaluation.,sympt_abnmov_type,Spécifier:,"1, Chorée | 2, Athétose | 3, Dystonie | 4, hémiballisme | 5, Stéréotypes | 6, Dyskinésie oro-linguale | 7, tic",,,0,0,0,,,0
quotidien,SYMPTÔMES : Indiquez si vous avez ressenti ces symptômes entre 00 h 00 et 24 h 00 le jour de l'évaluation.,sympt_neurologic,Autres anomalies neurologiques,"1, Oui | 0, Non | 99, Inconnu",Cela fait référence à la présence d'une anomalie neurologique alternative non énumérée ci-dessus.,"Indiquez «oui», si le patient a vécu cela entre 00h00 et 24h00 le jour de l'évaluation.",0,0,0,0,0,0
quotidien,SYMPTÔMES : Indiquez si vous avez ressenti ces symptômes entre 00 h 00 et 24 h 00 le jour de l'évaluation.,sympt_neurologic_spec,Préciser l'autre anomalie neurologique,,Désigne la présence d'une autre anomalie neurologique non répertoriée ci-dessus.,"Si « Autre », précisez l'anomalie neurologique.",0,0,0,0,0,
quotidien,SYMPTÔMES : Indiquez si vous avez ressenti ces symptômes entre 00 h 00 et 24 h 00 le jour de l'évaluation.,sympt_eye,Symptômes ophtalmologiques,,Désigne les signes et symptômes liés à l'œil.,Indiquez « Oui » si le patient a présenté ce symptôme entre 00 h 00 et 24 h 00 le jour de l'évaluation.,0,0,0,0,0,
quotidien,SYMPTÔMES : Indiquez si vous avez ressenti ces symptômes entre 00 h 00 et 24 h 00 le jour de l'évaluation.,sympt_itchyeye,Démangeaisons de l'œil,"1, Oui | 0, Non | 99, Inconnu",Défini comme des démangeaisons d'un ou des deux yeux.,"Indiquez «oui», si le patient a connu une autre anomalie neurologique non énumérée ci-dessus, entre les heures de 00h00 et 24h00 le jour de l'évaluation.",0,0,0,0,0,0
quotidien,SYMPTÔMES : Indiquez si vous avez ressenti ces symptômes entre 00 h 00 et 24 h 00 le jour de l'évaluation.,sympt_redeye,Œil rouge / rose,"1, Oui | 0, Non | 99, Inconnu","Défini comme une inflammation ou une infection de la conjonctive, caractérisée par des rougeurs dans un ou deux yeux.","Indiquez «oui», si le patient a connu une autre anomalie neurologique non énumérée ci-dessus, entre les heures de 00h00 et 24h00 le jour de l'évaluation.",0,0,0,0,0,0
quotidien,SYMPTÔMES : Indiquez si vous avez ressenti ces symptômes entre 00 h 00 et 24 h 00 le jour de l'évaluation.,sympt_paineyes,Douleur à l'œil,"1, Oui | 0, Non | 99, Inconnu",Défini comme un inconfort ou une douche localisée à l'intérieur ou autour de la zone des yeux.,"Indiquez «oui», si le patient a connu une autre anomalie neurologique non énumérée ci-dessus, entre les heures de 00h00 et 24h00 le jour de l'évaluation.",0,0,0,0,0,0
quotidien,SYMPTÔMES : Indiquez si vous avez ressenti ces symptômes entre 00 h 00 et 24 h 00 le jour de l'évaluation.,sympt_eyelidedema,Œdème des paupières,"1, Oui | 0, Non | 99, Inconnu",Défini comme un gonflement en raison de l'accumulation de liquide dans les tissus de la paupière.,"Indiquez «oui», si le patient a connu une autre anomalie neurologique non énumérée ci-dessus, entre les heures de 00h00 et 24h00 le jour de l'évaluation.",0,0,0,0,0,0
quotidien,SYMPTÔMES : Indiquez si vous avez ressenti ces symptômes entre 00 h 00 et 24 h 00 le jour de l'évaluation.,sympt_eyedischarg,Décharge de l'œil,"1, Oui | 0, Non | 99, Inconnu","Défini comme la libération de fluides allant du clair à PUS comme l'œil, indiquant souvent une infection ou une irritation.","Indiquez «oui», si le patient a connu une autre anomalie neurologique non énumérée ci-dessus, entre les heures de 00h00 et 24h00 le jour de l'évaluation.",0,0,0,0,0,0
quotidien,SYMPTÔMES : Indiquez si vous avez ressenti ces symptômes entre 00 h 00 et 24 h 00 le jour de l'évaluation.,sympt_hazyvision,Vision brumeuse / floue,"1, Oui | 0, Non | 99, Inconnu","Défini comme une perte d'acuité visuelle, résultant en une vue peu claire ou déformée.","Indiquez «oui», si le patient a connu une autre anomalie neurologique non énumérée ci-dessus, entre les heures de 00h00 et 24h00 le jour de l'évaluation.",0,0,0,0,0,0
quotidien,SYMPTÔMES : Indiquez si vous avez ressenti ces symptômes entre 00 h 00 et 24 h 00 le jour de l'évaluation.,sympt_eyelightsensi,Sensibilité de l'œil à la lumière,"1, Oui | 0, Non | 99, Inconnu","Défini comme une intolérance anormale à la lumière, provoquant une gêne ou une douleur dans les yeux lorsqu'il est exposé à une lumière vive.","Indiquez «oui», si le patient a connu une autre anomalie neurologique non énumérée ci-dessus, entre les heures de 00h00 et 24h00 le jour de l'évaluation.",0,0,0,0,0,0
quotidien,SYMPTÔMES : Indiquez si vous avez ressenti ces symptômes entre 00 h 00 et 24 h 00 le jour de l'évaluation.,sympt_visdist,Troubles visuels,"1, Oui | 0, Non | 99, Inconnu",Désigne une perturbation de la vision normale sans nécessairement affecter l'acuité visuelle.,Indiquez « Oui » si le patient a présenté ce symptôme entre 00 h 00 et 24 h 00 le jour de l'évaluation.,0,0,0,0,0,0
quotidien,SYMPTÔMES : Indiquez si vous avez ressenti ces symptômes entre 00 h 00 et 24 h 00 le jour de l'évaluation.,sympt_ocularoth,Si autre: spécifiez une autre plainte oculaire,"1, Oui | 0, Non | 99, Inconnu",Cela fait référence à d'autres plaintes oculaires non spécifiées ci-dessus.,"Si «autre», écrivez les plaintes oculaires.",0,0,0,0,0,0
quotidien,SYMPTÔMES : Indiquez si vous avez ressenti ces symptômes entre 00 h 00 et 24 h 00 le jour de l'évaluation.,sympt_ocularoth_spec,Précisez les autres symptômes ophtalmologiques,,"Désigne d'autres signes et symptômes liés à l'œil, non spécifiés ci-dessus.","Si « Oui », précisez les autres signes et symptômes ophtalmologiques.",0,0,0,0,0,
quotidien,SYMPTÔMES : Indiquez si vous avez ressenti ces symptômes entre 00 h 00 et 24 h 00 le jour de l'évaluation.,sympt_ent,Symptômes au niveau des oreilles/du nez/de la gorge,,"Désigne des signes et symptômes liés à l'oreille, au nez et à la gorge.",Indiquez « Oui » si le patient a présenté ce symptôme entre 00 h 00 et 24 h 00 le jour de l'évaluation.,0,0,0,0,0,
quotidien,SYMPTÔMES : Indiquez si vous avez ressenti ces symptômes entre 00 h 00 et 24 h 00 le jour de l'évaluation.,sympt_earpain,Douleur à l'oreille,"1, Oui | 0, Non | 99, Inconnu",Désigne une sensation douloureuse dans l'oreille.,Indiquez « Oui » si le patient a présenté ce symptôme entre 00 h 00 et 24 h 00 le jour de l'évaluation.,0,0,0,0,0,0
quotidien,SYMPTÔMES : Indiquez si vous avez ressenti ces symptômes entre 00 h 00 et 24 h 00 le jour de l'évaluation.,sympt_tinnitus,Acouphènes,"1, Oui | 0, Non | 99, Inconnu",Il s'agit d'une perception anormale des sons par une personne en l'absence de stimulation auditive.,Indiquez « Oui » si le patient a présenté ce symptôme entre 00 h 00 et 24 h 00 le jour de l'évaluation.,0,0,0,0,0,0
quotidien,SYMPTÔMES : Indiquez si vous avez ressenti ces symptômes entre 00 h 00 et 24 h 00 le jour de l'évaluation.,sympt_parot,Parotidite,"1, Oui | 0, Non | 99, Inconnu",Il s'agit d'une inflammation des glandes parotides.,Indiquez « Oui » si le patient a présenté ce symptôme entre 00h00 et 24h00 le jour de l'évaluation.,0,0,0,0,0,0
quotidien,SYMPTÔMES : Indiquez si vous avez ressenti ces symptômes entre 00 h 00 et 24 h 00 le jour de l'évaluation.,sympt_paed,Symptômes spécifiques à l'enfant,,,,0,0,0,,,
quotidien,SYMPTÔMES : Indiquez si vous avez ressenti ces symptômes entre 00 h 00 et 24 h 00 le jour de l'évaluation.,sympt_contcry,Pleurs continus,"1, oui | 0, Non | 99, Inconnu","Il s'agit de pleurs inconsolables et excessifs chez un nouveau-né ou un nourrisson, généralement définis comme des pleurs pendant plus de trois heures par jour, au moins trois jours par semaine, pendant plus de trois semaines.",Indiquez « Oui » si le patient a présenté ce symptôme entre 00h00 et 24h00 le jour de l'évaluation.,0,0,0,0,0,0
quotidien,SYMPTÔMES : Indiquez si vous avez ressenti ces symptômes entre 00 h 00 et 24 h 00 le jour de l'évaluation.,sympt_feedingdiff,Difficultés d'alimentation,"1, oui | 0, Non | 99, Inconnu","Définie comme une altération de la capacité à manger liée à des problèmes pour rassembler les aliments et se préparer à les sucer, les mâcher ou les avaler.",Indiquez « Oui » si le patient a présenté ce symptôme entre 00h00 et 24h00 le jour de l'évaluation.,0,0,0,0,0,0
quotidien,SYMPTÔMES : Indiquez si vous avez ressenti ces symptômes entre 00 h 00 et 24 h 00 le jour de l'évaluation.,sympt_otherdesc,Autres  symptômes,,,,0,0,0,,,
quotidien,SYMPTÔMES : Indiquez si vous avez ressenti ces symptômes entre 00 h 00 et 24 h 00 le jour de l'évaluation.,sympt_unlisted,Autres signes ou symptômes (s),"1, Oui | 0, Non | 99, Inconnu",Cela fait référence à la présence d'un ou des signes alternatifs ou de symptômes non énumérés ci-dessus.,"Indiquez «oui», si le patient a connu un autre signe ou symptôme non énuméré ci-dessus entre 00h00 et 24h00 le jour de l'évaluation.",0,0,0,0,0,0
quotidien,SIGNES : Notez les observations cliniques faites entre 00 h 00 et 24 h 00 le jour de l'évaluation.,sign_dailydata,Entrer les données relatives aux signes cliniques pour cette date ?,"1, Oui | 0, Non",Il s'agit des signes enregistrés à cette date.,Indiquez « Oui » si vous souhaitez enregistrer les données relatives aux signes pour ce jour d'évaluation.,0,0,0,0,0,0
quotidien,SIGNES : Notez les observations cliniques faites entre 00 h 00 et 24 h 00 le jour de l'évaluation.,sign_sys,Signes systémiques / généraux,,Il s'agit de signes systémiques / généraux / non spécifiques.,Indiquez « Oui » si le patient a présenté ce symptôme entre 00 h 00 et 24 h 00 le jour de l'évaluation.,0,0,0,0,0,
quotidien,SIGNES : Notez les observations cliniques faites entre 00 h 00 et 24 h 00 le jour de l'évaluation.,sign_hypotherm,Hypothermie,"1, Oui | 0, Non | 99, Inconnu",Il s'agit d'une baisse anormale de la température corporelle due à un dysfonctionnement de la thermorégulation.,Indiquez « Oui » si le patient a présenté ce symptôme entre 00 h 00 et 24 h 00 le jour de l'évaluation.,0,0,0,0,0,0
quotidien,SIGNES : Notez les observations cliniques faites entre 00 h 00 et 24 h 00 le jour de l'évaluation.,sign_coldperiph,Extrémités froides / moites,"1, Oui | 0, Non | 99, Inconnu","Il s'agit d'une peau froide et humide au toucher, souvent associée à une insuffisance circulatoire et à des symptômes tels que l'agitation et l'hypotension.",Indiquez « Oui » si le patient a présenté ce symptôme entre 00 h 00 et 24 h 00 le jour de l'évaluation.,0,0,0,0,0,0
quotidien,SIGNES : Notez les observations cliniques faites entre 00 h 00 et 24 h 00 le jour de l'évaluation.,sign_dehyrdation,Déshydratation,"1, Oui | 0, Non | 99, Inconnu",Il s'agit d'une perte excessive d'eau par l'organisme.,Indiquez « Oui » si le patient a présenté ce symptôme entre 00 h 00 et 24 h 00 le jour de l'évaluation.,0,0,0,0,0,0
quotidien,SIGNES : Notez les observations cliniques faites entre 00 h 00 et 24 h 00 le jour de l'évaluation.,sign_dehyrdation_type,État de déshydratation,"1, doux | 2, modéré| 3, sévère",Cela fait référence à une perte excessive d’eau du corps.,Indiquez « Oui » si le patient a vécu cela à un moment donné depuis le début de cette maladie jusqu'à sa présentation.,0,0,0,0,0,0
quotidien,SIGNES : Notez les observations cliniques faites entre 00 h 00 et 24 h 00 le jour de l'évaluation.,sign_oedema,Œdème,"1, Oui | 0, Non | 99, Inconnu",Il s'agit d'une accumulation excessive de liquide dans les cellules ou les tissus intercellulaires.,Indiquez « Oui » si le patient a présenté ce symptôme entre 00 h 00 et 24 h 00 le jour de l'évaluation.,0,0,0,0,0,0
quotidien,SIGNES : Notez les observations cliniques faites entre 00 h 00 et 24 h 00 le jour de l'évaluation.,sign_oedema_site,Site(s) de l'œdème,"1, Pieds | 2, Cheville | 3, Jambes (sous le genou) | 4, Jambes (au-dessus du genou)  | 5, Scrotum/lèvres | 6, Sacrum | 7, Abdomen | 8, Cou | 9, Visage | 99, Inconnu | 88, Autre",Cela fait référence à l'emplacement de l'œdème.,"Si « Oui », précisez la localisation de l'œdème. Sélectionnez toutes les réponses qui s'appliquent.",0,0,0,0,0,0
quotidien,SIGNES : Notez les observations cliniques faites entre 00 h 00 et 24 h 00 le jour de l'évaluation.,sign_oedema_site_oth,Préciser les autres sites de l'œdème,,Cela fait référence à l'emplacement de l'œdème.,"Si « Autre », précisez la localisation de l'œdème.",0,0,0,0,0,
quotidien,SIGNES : Notez les observations cliniques faites entre 00 h 00 et 24 h 00 le jour de l'évaluation.,sign_lymph,Lymphadénopathie,"1, oui | 0, Non | 99, Inconnu",Défini comme un signe clinique d'hypertrophie anormale des ganglions lymphatiques.,Indiquez « Oui » si le patient a présenté ce symptôme entre 00h00 et 24h00 le jour de l'évaluation.,0,0,0,0,0,0
quotidien,SIGNES : Notez les observations cliniques faites entre 00 h 00 et 24 h 00 le jour de l'évaluation.,sign_lymph_pain,Lymphadénopathie douloureuse,"1, oui | 0, Non | 99, Inconnu",,Indiquez « Oui » si le patient a présenté ce symptôme entre 00h00 et 24h00 le jour de l'évaluation.,0,0,0,,0,0
quotidien,SIGNES : Notez les observations cliniques faites entre 00 h 00 et 24 h 00 le jour de l'évaluation.,sign_lymph_site,Préciser le(s) site(s) de la lymphadénopathie,"1, Axillaire (aisselles) | 2, Cervical (cou) | 3, Inguinal (aine) | 99, Inconnu | 88, Autre",Cela fait référence à l'emplacement où la lymphadénopathie a été identifiée.,Sélectionnez la ou les options les plus appropriées correspondant à la localisation de la lymphadénopathie.,0,0,0,0,0,0
quotidien,SIGNES : Notez les observations cliniques faites entre 00 h 00 et 24 h 00 le jour de l'évaluation.,sign_lymph_site_oth,Préciser les autres sites de la lymphadénopathie,,Cela fait référence à l'emplacement où la lymphadénopathie a été identifiée.,"Si « Autre », indiquez l'emplacement où la lymphadénopathie a été identifiée.",0,0,0,0,0,
quotidien,SIGNES : Notez les observations cliniques faites entre 00 h 00 et 24 h 00 le jour de l'évaluation.,sign_lowurine,Diminution du débit urinaire,"1, Oui | 0, Non | 99, Inconnu",Il s'agit d'un résultat indiquant que la production d'urine est inférieure à 500 millilitres sur une période de 24 heures.,Indiquez « Oui » si le patient a présenté ce symptôme entre 00 h 00 et 24 h 00 le jour de l'évaluation.,0,0,0,0,0,0
quotidien,SIGNES : Notez les observations cliniques faites entre 00 h 00 et 24 h 00 le jour de l'évaluation.,sign_bruise,Hématomes,"1, Oui | 0, Non | 99, Inconnu","Cela fait référence à l'extravasation spontanée de sang dans l'espace sous-cutané, également appelée ecchymoses spontanées.",Indiquez « Oui » si le patient a présenté ce symptôme entre 00 h 00 et 24 h 00 le jour de l'évaluation.,0,0,0,0,0,0
quotidien,SIGNES : Notez les observations cliniques faites entre 00 h 00 et 24 h 00 le jour de l'évaluation.,sign_alopecia,Alopécie,"1, Oui | 0, Non | 99, Inconnu",Désigne l'absence de poils (perte de poils sans cicatrices) dans des zones où ils sont normalement présents.,Indiquez « Oui » si le patient a présenté ce symptôme entre 00 h 00 et 24 h 00 le jour de l'évaluation.,0,0,0,0,0,0
quotidien,SIGNES : Notez les observations cliniques faites entre 00 h 00 et 24 h 00 le jour de l'évaluation.,sign_dryskin,Peau sèche,"1, Oui | 0, Non | 99, Inconnu","Désigne une peau caractérisée par un manque d'hydratation naturelle ou normale résultant d'une insuffisance d'hydrolipides dans la peau, également appelée xérose cutanée.",Indiquez « Oui » si le patient a présenté ce symptôme entre 00 h 00 et 24 h 00 le jour de l'évaluation.,0,0,0,0,0,0
quotidien,SIGNES : Notez les observations cliniques faites entre 00 h 00 et 24 h 00 le jour de l'évaluation.,sign_oralulcer,Ulcères buccaux,"1, Oui | 0, Non | 99, Inconnu","Désigne des épisodes récurrents d'ulcération de la muqueuse buccale (aphtes buccaux récurrents), se présentant généralement sous la forme de lésions muqueuses douloureuses, nettement circonscrites et recouvertes de fibrine, avec une h",Indiquez « Oui » si le patient a présenté ce symptôme entre 00 h 00 et 24 h 00 le jour de l'évaluation.,0,0,0,0,0,0
quotidien,SIGNES : Notez les observations cliniques faites entre 00 h 00 et 24 h 00 le jour de l'évaluation.,sign_presinj,Lésion de pression sur la peau,"1, oui | 0, Non | 99, Inconnu",,Indiquez « Oui » si le patient a présenté ce symptôme entre 00 h 00 et 24 h 00 le jour de l'évaluation.,0,0,0,,0,0
quotidien,SIGNES : Notez les observations cliniques faites entre 00 h 00 et 24 h 00 le jour de l'évaluation.,sign_mastitis,Mastite,"1, Oui | 0, Non | 99, Inconnu","Défini comme une inflammation du sein, accompagnée ou non d'une infection.",Indiquez « Oui » si le patient a présenté ce symptôme à tout moment au cours de la date d'évaluation.,0,0,0,0,0,0
quotidien,SIGNES : Notez les observations cliniques faites entre 00 h 00 et 24 h 00 le jour de l'évaluation.,sign_bacsi,Surinfection bactérienne,"1, Oui | 0, Non | 99, Inconnu","Défini comme une infection bactérienne secondaire diagnostiquée par un médecin qui survient pendant une plaie existante, une infection ou immédiatement après une infection antérieure.",Indiquez « Oui » si le patient a présenté ce symptôme entre 00h00 et 24h00 le jour de l'évaluation.,0,0,0,0,0,0
quotidien,SIGNES : Notez les observations cliniques faites entre 00 h 00 et 24 h 00 le jour de l'évaluation.,sign_bacsi_spec,Préciser la surinfection bactérienne.,"7, Abcès des tissus profonds | 1, Folliculite / cellulite | 2, Pneumonie | 3, Gastro-entérite | 4, SNC | 5, Bactériémie | 6, Voies urinaires | 88, Autre",Il s'agit du type ou de la localisation de la surinfection bactérienne.,Sélectionnez la ou les options qui correspondent le mieux au type ou à la localisation de la surinfection bactérienne.,0,0,0,0,0,0
quotidien,SIGNES : Notez les observations cliniques faites entre 00 h 00 et 24 h 00 le jour de l'évaluation.,sign_bacsi_oth,Préciser autre surinfection bactérienne,,"Il s'agit des autres types ou localisations de la surinfection bactérienne, non spécifiés ci-dessus.","Si « Autre », indiquez le type ou la localisation de la surinfection bactérienne. ",0,0,0,0,0,
quotidien,SIGNES : Notez les observations cliniques faites entre 00 h 00 et 24 h 00 le jour de l'évaluation.,sign_resp,Signes respiratoires,,Il s'agit des signes liés au système respiratoire.,Indiquez « Oui » si le patient a présenté ce symptôme entre 00 h 00 et 24 h 00 le jour de l'évaluation.,0,0,0,0,0,
quotidien,SIGNES : Notez les observations cliniques faites entre 00 h 00 et 24 h 00 le jour de l'évaluation.,sign_respdistress,Détresse respiratoire,"1, Oui | 0, Non | 99, Inconnu",Il s'agit d'une augmentation pathologique de l'effort et de la fréquence des mouvements respiratoires.,Indiquez « Oui » si le patient a présenté ce symptôme entre 00 h 00 et 24 h 00 le jour de l'évaluation.,0,0,0,0,0,0
quotidien,SIGNES : Notez les observations cliniques faites entre 00 h 00 et 24 h 00 le jour de l'évaluation.,sign_chestindrw,Retrait de la partie inférieure de la cage thoracique,"1, Oui | 0, Non | 99, Inconnu","Définie comme un signe clinique de détresse respiratoire, caractérisé par un mouvement anormal vers l'intérieur de la partie inférieure de la cage thoracique pendant l'inspiration. Si seuls les tissus mous entre les côtes ou au-dessus de la clavicule se creusent lorsque le patient respire, il ne s'agit pas d'un enfoncement de la partie inférieure de la cage thoracique.",Indiquez « Oui » si le patient a présenté ce symptôme entre 00 h 00 et 24 h 00 le jour de l'évaluation.,0,0,0,0,0,0
quotidien,SIGNES : Notez les observations cliniques faites entre 00 h 00 et 24 h 00 le jour de l'évaluation.,sign_tachypnoea,Respiration rapide (tachypnée),"1, Oui | 0, Non | 99, Inconnu",Définie comme une augmentation anormale de la fréquence respiratoire.,Indiquez « Oui » si le patient a présenté ce symptôme entre 00 h 00 et 24 h 00 le jour de l'évaluation.,0,0,0,0,0,0
quotidien,SIGNES : Notez les observations cliniques faites entre 00 h 00 et 24 h 00 le jour de l'évaluation.,sign_apnoea,Apnée,"1, Oui | 0, Non | 99, Inconnu",Défini comme une absence transitoire de respiration spontanée.,Indiquez « Oui » si le patient a présenté ce symptôme entre 00 h 00 et 24 h 00 le jour de l'évaluation.,0,0,0,0,0,0
quotidien,SIGNES : Notez les observations cliniques faites entre 00 h 00 et 24 h 00 le jour de l'évaluation.,sign_rhinitis,Rhinite,"1, Oui | 0, Non | 99, Inconnu","Défini comme une inflammation de la muqueuse qui tapisse le nez, généralement associée à un écoulement nasal.",Indiquez « Oui » si le patient a présenté ce symptôme entre 00 h 00 et 24 h 00 le jour de l'évaluation.,0,0,0,0,0,0
quotidien,SIGNES : Notez les observations cliniques faites entre 00 h 00 et 24 h 00 le jour de l'évaluation.,sign_phary,"Pharyngite ","1, Oui | 0, Non | 99, Inconnu",Il s'agit de la présence d'une inflammation de la gorge.,Indiquez « Oui » si le patient a présenté ce symptôme entre 00 h 00 et 24 h 00 le jour de l'évaluation.,0,0,0,0,0,0
quotidien,SIGNES : Notez les observations cliniques faites entre 00 h 00 et 24 h 00 le jour de l'évaluation.,sign_pharery,Érythème pharyngé,"1, oui | 0, Non | 99, Inconnu",,Indiquez « Oui » si le patient a vécu cela à un moment donné depuis le début de cette maladie jusqu'à sa présentation.,0,0,0,,0,0
quotidien,SIGNES : Notez les observations cliniques faites entre 00 h 00 et 24 h 00 le jour de l'évaluation.,sign_pharexu,Exsudat pharyngé,"1, oui | 0, Non | 99, Inconnu",,Indiquez « Oui » si le patient a vécu cela à un moment donné depuis le début de cette maladie jusqu'à sa présentation.,0,0,0,,0,0
quotidien,SIGNES : Notez les observations cliniques faites entre 00 h 00 et 24 h 00 le jour de l'évaluation.,sign_tonsil,Amygdalite,"1, Oui | 0, Non | 99, Inconnu",Il s'agit de la présence d'une inflammation des amygdales.,Indiquez « Oui » si le patient a présenté ce symptôme entre 00 h 00 et 24 h 00 le jour de l'évaluation.,0,0,0,0,0,0
quotidien,SIGNES : Notez les observations cliniques faites entre 00 h 00 et 24 h 00 le jour de l'évaluation.,sign_plueeff,Épanchement pleural,"1, Oui | 0, Non | 99, Inconnu",Il s'agit de la présence de liquide dans la cavité pleurale résultant d'une transsudation ou d'une exsudation excessive des surfaces pleurales.,Indiquez « Oui » si le patient a présenté ce symptôme entre 00 h 00 et 24 h 00 le jour de l'évaluation.,0,0,0,0,0,0
quotidien,SIGNES : Notez les observations cliniques faites entre 00 h 00 et 24 h 00 le jour de l'évaluation.,sign_cvs,Signes cardiovasculaires,,Il s'agit de signes liés au système cardiovasculaire.,Indiquez « Oui » si le patient a présenté ce symptôme entre 00 h 00 et 24 h 00 le jour de l'évaluation.,0,0,0,0,0,
quotidien,SIGNES : Notez les observations cliniques faites entre 00 h 00 et 24 h 00 le jour de l'évaluation.,sign_tachycardia,Rythme cardiaque rapide / pouls rapide (tachycardie),"1, Oui | 0, Non | 99, Inconnu",Il s'agit d'une accélération du rythme cardiaque qui dépasse la plage normale pour l'âge.,Indiquez « Oui » si le patient a présenté ce symptôme entre 00 h 00 et 24 h 00 le jour de l'évaluation.,0,0,0,0,0,0
quotidien,SIGNES : Notez les observations cliniques faites entre 00 h 00 et 24 h 00 le jour de l'évaluation.,sign_arrhythmia,Arythmie cardiaque,"1, Oui | 0, Non | 99, Inconnu","Désigne une anomalie du rythme cardiaque, notamment en termes de fréquence, de régularité et/ou de séquence d'activation.",Indiquez « Oui » si le patient a présenté ce symptôme entre 00 h 00 et 24 h 00 le jour de l'évaluation.,0,0,0,0,0,0
quotidien,SIGNES : Notez les observations cliniques faites entre 00 h 00 et 24 h 00 le jour de l'évaluation.,sign_cyan,Cyanose périphérique,"1, Oui | 0, Non | 99, Inconnu",,Indiquez « Oui » si le patient a présenté ce symptôme entre 00 h 00 et 24 h 00 le jour de l'évaluation.,0,0,0,,0,0
quotidien,SIGNES : Notez les observations cliniques faites entre 00 h 00 et 24 h 00 le jour de l'évaluation.,sign_git,Signes gastro-intestinaux,,Il s'agit de signes liés au système gastro-intestinal.,Indiquez « Oui » si le patient a présenté ce symptôme entre 00 h 00 et 24 h 00 le jour de l'évaluation.,0,0,0,0,0,
quotidien,SIGNES : Notez les observations cliniques faites entre 00 h 00 et 24 h 00 le jour de l'évaluation.,sign_ascites,Ascite,"1, Oui | 0, Non | 99, Inconnu",Défini comme une accumulation ou une rétention excessive de liquide libre dans la cavité péritonéale.,Indiquez « Oui » si le patient a présenté ce symptôme entre 00 h 00 et 24 h 00 le jour de l'évaluation.,0,0,0,0,0,0
quotidien,SIGNES : Notez les observations cliniques faites entre 00 h 00 et 24 h 00 le jour de l'évaluation.,sign_hepatomegally,Hépatomégalie,"1, Oui | 0, Non | 99, Inconnu",Défini comme une hypertrophie pathologique du foie.,Indiquez « Oui » si le patient a présenté ce symptôme entre 00 h 00 et 24 h 00 le jour de l'évaluation.,0,0,0,0,0,0
quotidien,SIGNES : Notez les observations cliniques faites entre 00 h 00 et 24 h 00 le jour de l'évaluation.,sign_splenomegaly,Rate palpable/splénomégalie,"1, oui | 0, Non | 99, Inconnu",,Indiquez « Oui » si le patient a vécu cela à un moment donné depuis le début de cette maladie jusqu'à sa présentation.,0,0,0,,0,0
quotidien,SIGNES : Notez les observations cliniques faites entre 00 h 00 et 24 h 00 le jour de l'évaluation.,sign_tenabd,Ventre tendre,"1, oui | 0, Non | 99, Inconnu",,Indiquez « Oui » si le patient a vécu cela à un moment donné depuis le début de cette maladie jusqu'à sa présentation.,0,0,0,,0,0
quotidien,SIGNES : Notez les observations cliniques faites entre 00 h 00 et 24 h 00 le jour de l'évaluation.,sign_jaund,Jaunisse,"1, Oui | 0, Non | 99, Inconnu","Définie comme une manifestation clinique d'hyperbilirubinémie, caractérisée par une coloration jaunâtre de la peau, des muqueuses et/ou de la sclère.",Indiquez « Oui » si le patient a présenté ce symptôme entre 00 h 00 et 24 h 00 le jour de l'évaluation.,0,0,0,0,0,0
quotidien,SIGNES : Notez les observations cliniques faites entre 00 h 00 et 24 h 00 le jour de l'évaluation.,sign_melaena,Méléna (sang dans les selles),"1, Oui | 0, Non | 99, Inconnu","Il s'agit de selles anormalement foncées et goudronneuses contenant du sang, généralement provenant d'un saignement gastro-intestinal.",Indiquez « Oui » si le patient a présenté ce symptôme entre 00 h 00 et 24 h 00 le jour de l'évaluation.,0,0,0,0,0,0
quotidien,SIGNES : Notez les observations cliniques faites entre 00 h 00 et 24 h 00 le jour de l'évaluation.,sign_haematochezia,Hématochézie (sang frais dans les selles),"1, Oui | 0, Non | 99, Inconnu",Il s'agit de la présence de sang dans les selles. Il résulte d'une hémorragie gastro-intestinale et peut être facilement observé dans les selles ou identifié au microscope.,Indiquez « Oui » si le patient a présenté ce symptôme entre 00 h 00 et 24 h 00 le jour de l'évaluation.,0,0,0,0,0,0
quotidien,SIGNES : Notez les observations cliniques faites entre 00 h 00 et 24 h 00 le jour de l'évaluation.,sign_rectalbleed,Saignement rectal,"1, Oui | 0, Non | 99, Inconnu",Il s'agit d'un saignement provenant de la paroi rectale et s'écoulant par l'anus.,Indiquez « Oui » si le patient a présenté ce symptôme entre 00 h 00 et 24 h 00 le jour de l'évaluation.,0,0,0,0,0,0
quotidien,SIGNES : Notez les observations cliniques faites entre 00 h 00 et 24 h 00 le jour de l'évaluation.,sign_feed,Alimentation,"1, oui | 0, Non | 99, Inconnu",Il s'agit de savoir si le patient se nourrit ou non.,Indiquez « Oui » si le patient est capable de se nourrir,0,0,0,0,0,0
quotidien,SIGNES : Notez les observations cliniques faites entre 00 h 00 et 24 h 00 le jour de l'évaluation.,sign_feed_route,"Si oui, précisez l’itinéraire d’alimentation","1, orale | 2, sonde d'alimentation | 3, Allaitement | 99, Inconnu","En cas d'alimentation, cela fait référence à la voie d'alimentation",Sélectionnez l'option la plus appropriée qui correspond à la voie d'alimentation,0,0,0,0,0,0
quotidien,SIGNES : Notez les observations cliniques faites entre 00 h 00 et 24 h 00 le jour de l'évaluation.,sign_feed_npo,"Si non, zéro par ordonnance orale (NPO) ?","1, oui | 0, Non | 99, Inconnu","Il s’agit d’ordres cliniques indiquant que rien (par exemple, médicaments, nourriture) ne doit être pris par voie orale.",Indiquez « Oui » si le patient reçoit l'ordre clinique de ne rien consommer par voie orale.,0,0,0,0,0,0
quotidien,SIGNES : Notez les observations cliniques faites entre 00 h 00 et 24 h 00 le jour de l'évaluation.,sign_heme,Signes hématologiques,,Il s'agit de signes liés au système hématologique.,Indiquez « Oui » si le patient a présenté ce symptôme entre 00 h 00 et 24 h 00 le jour de l'évaluation.,0,0,0,0,0,
quotidien,SIGNES : Notez les observations cliniques faites entre 00 h 00 et 24 h 00 le jour de l'évaluation.,sign_anaemia,Anémie,"1, Oui | 0, Non | 99, Inconnu","Il s'agit d'une réduction du nombre de globules rouges, de la quantité d'hémoglobine et/ou du volume de globules rouges concentrés. Les manifestations courantes comprennent la pâleur, la fatigue, les vertiges, l'essoufflement et la tachycardie.",Indiquez « Oui » si le patient a présenté ce symptôme entre 00 h 00 et 24 h 00 le jour de l'évaluation.,0,0,0,0,0,0
quotidien,SIGNES : Notez les observations cliniques faites entre 00 h 00 et 24 h 00 le jour de l'évaluation.,sign_cns,Signes neurologiques,,Il s'agit de signes liés au système neurologique.,Indiquez « Oui » si le patient a présenté ce symptôme entre 00 h 00 et 24 h 00 le jour de l'évaluation.,0,0,0,0,0,
quotidien,SIGNES : Notez les observations cliniques faites entre 00 h 00 et 24 h 00 le jour de l'évaluation.,sign_sedated,Sous sédatif/paralysé au moment de l’évaluation,"1, oui | 0, Non | 99, Inconnu",,Indiquez « Oui » si le patient a présenté ce symptôme entre 00 h 00 et 24 h 00 le jour de l'évaluation.,0,0,0,,0,0
quotidien,SIGNES : Notez les observations cliniques faites entre 00 h 00 et 24 h 00 le jour de l'évaluation.,sign_focalneuro,Neurologie focale,"1, oui | 0, Non | 99, Inconnu",,Indiquez « Oui » si le patient a présenté ce symptôme entre 00 h 00 et 24 h 00 le jour de l'évaluation.,0,0,0,,0,0
quotidien,SIGNES : Notez les observations cliniques faites entre 00 h 00 et 24 h 00 le jour de l'évaluation.,sign_focalneuro_type,Préciser le type de neurologie focale,"1, Hémiparésie | 2, paralysie du nerf crânien | 3, Aphasie | 4, Déficit du champ visuel | 5, Trouble du mouvement",,,0,0,0,,,0
quotidien,SIGNES : Notez les observations cliniques faites entre 00 h 00 et 24 h 00 le jour de l'évaluation.,sign_focalneuro_type_mov,Type de trouble du mouvement,"1, tremblement | 2, Chorée | 3, Dystonie | 4, myoclonie | 5, rigidité | 6, Ataxie | 88, autre",,,0,0,0,,,0
quotidien,SIGNES : Notez les observations cliniques faites entre 00 h 00 et 24 h 00 le jour de l'évaluation.,sign_seizures,Saisies,"1, oui | 0, Non | 99, Inconnu",,Indiquez « Oui » si le patient a présenté ce symptôme entre 00 h 00 et 24 h 00 le jour de l'évaluation.,0,0,0,,0,0
quotidien,SIGNES : Notez les observations cliniques faites entre 00 h 00 et 24 h 00 le jour de l'évaluation.,sign_seizures_type,Préciser le type de saisie,"1, Crises cliniques | 2, état de mal épileptique non convulsif | 3, activité convulsive confirmée par EEG | 4, état de mal épileptique réfractaire",,,0,0,0,,,0
quotidien,SIGNES : Notez les observations cliniques faites entre 00 h 00 et 24 h 00 le jour de l'évaluation.,sign_raiseicp,PCI augmenté,"1, oui | 0, Non | 99, Inconnu",,Indiquez « Oui » si le patient a présenté ce symptôme entre 00 h 00 et 24 h 00 le jour de l'évaluation.,0,0,0,,0,0
quotidien,SIGNES : Notez les observations cliniques faites entre 00 h 00 et 24 h 00 le jour de l'évaluation.,sign_raiseicp_type,Spécifier les signes ICP en relief,"1, réponse de Cushing | 2, œdème papillaire | 3, Pupille(s) fixe(s)/dilatée(s) | 4, posture",,,0,0,0,,,0
quotidien,SIGNES : Notez les observations cliniques faites entre 00 h 00 et 24 h 00 le jour de l'évaluation.,sign_encephalopathy,Encéphalopathie,"1, oui | 0, Non | 99, Inconnu",,Indiquez « Oui » si le patient a présenté ce symptôme entre 00 h 00 et 24 h 00 le jour de l'évaluation.,0,0,0,,0,0
quotidien,SIGNES : Notez les observations cliniques faites entre 00 h 00 et 24 h 00 le jour de l'évaluation.,sign_encephalopathy_type,Préciser le phénotype de l'encéphalopathie,"1, délire (hyper/hypoactif) | 2, troubles du comportement | 3, Psychose | 4, coma",,,0,0,0,,,0
quotidien,SIGNES : Notez les observations cliniques faites entre 00 h 00 et 24 h 00 le jour de l'évaluation.,sign_neckstiff,Raideur de la nuque,"1, Oui | 0, Non | 99, Inconnu","Définie comme une sensation de raideur dans le cou lorsque l'on tente de le bouger, en particulier après une période d'inactivité. La raideur de la nuque s'accompagne souvent de douleurs et de difficultés à bouger le cou, en particulier lorsque l'on essaie de tourner la tête sur le côté.",Indiquez « Oui » si le patient a présenté ce symptôme entre 00 h 00 et 24 h 00 le jour de l'évaluation.,0,0,0,0,0,0
quotidien,SIGNES : Notez les observations cliniques faites entre 00 h 00 et 24 h 00 le jour de l'évaluation.,sign_retroorbit,Douleur rétro-orbitale,"1, Oui | 0, Non | 99, Inconnu",Défini comme une douleur dans la région rétro-orbitale (derrière les yeux).,Indiquez « Oui » si le patient a présenté ce symptôme entre 00 h 00 et 24 h 00 le jour de l'évaluation.,0,0,0,0,0,0
quotidien,SIGNES : Notez les observations cliniques faites entre 00 h 00 et 24 h 00 le jour de l'évaluation.,sign_hemiplegia,Hémiplégie,"1, Oui | 0, Non | 99, Inconnu","Il s'agit d'une perte grave ou totale de la fonction motrice d'un côté du corps, souvent causée par des maladies cérébrales localisées dans l'hémisphère cérébral opposé au côté affecté ; moins fréquemment, des lésions du tronc cérébral, des maladies de la moelle épinière cervicale, des maladies du système nerveux périphérique et d'autres affections peuvent se manifester sous forme d'hémiplégie.",Indiquez « Oui » si le patient a présenté ce symptôme entre 00 h 00 et 24 h 00 le jour de l'évaluation.,0,0,0,0,0,0
quotidien,SIGNES : Notez les observations cliniques faites entre 00 h 00 et 24 h 00 le jour de l'évaluation.,sign_cogimpair,Déficience cognitive,"1, Oui | 0, Non | 99, Inconnu","Il s'agit d'une diminution ou d'une altération des fonctions mentales et/ou intellectuelles. ",Indiquez « Oui » si le patient a présenté ce symptôme entre 00 h 00 et 24 h 00 le jour de l'évaluation.,0,0,0,0,0,0
quotidien,SIGNES : Notez les observations cliniques faites entre 00 h 00 et 24 h 00 le jour de l'évaluation.,sign_neurodist,Troubles psychologiques,"1, Oui | 0, Non | 99, Inconnu","Il s'agit de la présence de signes ou de symptômes qui affectent les pensées, les émotions, les comportements ou le bien-être mental d'une personne. La présence de troubles psychologiques doit être identifiée au moyen d'un examen de l'état mental (EEM) ou d'un outil équivalent.",Indiquez « Oui » si le patient a présenté ce symptôme entre 00 h 00 et 24 h 00 le jour de l'évaluation.,0,0,0,0,0,0
quotidien,SIGNES : Notez les observations cliniques faites entre 00 h 00 et 24 h 00 le jour de l'évaluation.,sign_speechdist,Troubles de la parole,"1, Oui | 0, Non | 99, Inconnu","Il s'agit de difficultés d'élocution et de communication pouvant résulter de pathologies cérébrales. ",Indiquez « Oui » si le patient a présenté ce symptôme entre 00 h 00 et 24 h 00 le jour de l'évaluation.,0,0,0,0,0,0
quotidien,SIGNES : Notez les observations cliniques faites entre 00 h 00 et 24 h 00 le jour de l'évaluation.,sign_staepil,État de mal épileptique,"1, oui | 0, Non | 99, Inconnu",,Indiquez « Oui » si le patient a présenté ce symptôme entre 00 h 00 et 24 h 00 le jour de l'évaluation.,0,0,0,,0,0
quotidien,SIGNES : Notez les observations cliniques faites entre 00 h 00 et 24 h 00 le jour de l'évaluation.,sign_agitation,Agitation,"1, Oui | 0, Non | 99, Inconnu",Il s'agit d'un état d'activité motrice excessive associé à une détresse mentale ou à un sentiment de malaise important ou de tension intérieure. Elle se distingue de l'agitation par un niveau accru de détresse émotionnelle et une intensité négative de l'expérience. L'agitation s'accompagne d'un niveau important d'activité physique qui constitue généralement une menace pour soi-même ou pour autrui.,,0,0,0,0,,0
quotidien,SIGNES : Notez les observations cliniques faites entre 00 h 00 et 24 h 00 le jour de l'évaluation.,sign_cerebesig,Signes cérébelleux,"1, Oui | 0, Non | 99, Inconnu","Désigne la présence d'un ensemble de signes neurologiques indiquant généralement un dysfonctionnement cérébelleux. Ces signes comprennent la dysdiadochokinésie, la dysmétrie, l'ataxie, le nystagmus, le tremblement intentionnel, l'élocution indistincte ou saccadée et l'hypotonie.","Indiquez « Oui » si le patient a présenté cette affection à tout moment entre l'apparition de la maladie et la consultation. ",0,0,0,0,0,0
quotidien,SIGNES : Notez les observations cliniques faites entre 00 h 00 et 24 h 00 le jour de l'évaluation.,sign_neurologic,Autre anomalie neurologique,"1, Oui | 0, Non | 99, Inconnu",Désigne la présence d'une anomalie neurologique alternative non répertoriée ci-dessus.,Indiquez « Oui » si le patient a présenté ce symptôme entre 00 h 00 et 24 h 00 le jour de l'évaluation.,0,0,0,0,0,0
quotidien,SIGNES : Notez les observations cliniques faites entre 00 h 00 et 24 h 00 le jour de l'évaluation.,sign_neurologic_spec,Préciser l'autre anomalie neurologique,,Désigne la présence d'une autre anomalie neurologique non répertoriée ci-dessus.,"Si « Autre », précisez l'anomalie neurologique.",0,0,0,0,0,
quotidien,SIGNES : Notez les observations cliniques faites entre 00 h 00 et 24 h 00 le jour de l'évaluation.,sign_eye,Signes ophtalmologiques,,Désigne les signes liés à l'œil.,Indiquez « Oui » si le patient a présenté ce symptôme entre 00 h 00 et 24 h 00 le jour de l'évaluation.,0,0,0,0,0,
quotidien,SIGNES : Notez les observations cliniques faites entre 00 h 00 et 24 h 00 le jour de l'évaluation.,sign_conjunhemor,Hémorragie conjonctivale,"1, Oui | 0, Non | 99, Inconnu","Défini comme une accumulation de sang sous la conjonctive, se présentant sous la forme d'une tache rouge vif ou sombre dans l'œil.",Indiquez « Oui » si le patient a présenté ce symptôme entre 00 h 00 et 24 h 00 le jour de l'évaluation.,0,0,0,0,0,0
quotidien,SIGNES : Notez les observations cliniques faites entre 00 h 00 et 24 h 00 le jour de l'évaluation.,sign_conjunctiv,Conjonctivite,"1, Oui | 0, Non | 99, Inconnu",Défini comme une inflammation de la conjonctive.,Indiquez « Oui » si le patient a présenté ce symptôme entre 00 h 00 et 24 h 00 le jour de l'évaluation.,0,0,0,0,0,0
quotidien,SIGNES : Notez les observations cliniques faites entre 00 h 00 et 24 h 00 le jour de l'évaluation.,sign_keratitis,Kératite,"1, Oui | 0, Non | 99, Inconnu",Défini comme une inflammation de la cornée de l'œil.,Indiquez « Oui » si le patient a présenté ce symptôme entre 00 h 00 et 24 h 00 le jour de l'évaluation.,0,0,0,0,0,0
quotidien,SIGNES : Notez les observations cliniques faites entre 00 h 00 et 24 h 00 le jour de l'évaluation.,sign_newvision,Nouvelle diminution de l'acuité visuelle,"1, Oui | 0, Non | 99, Inconnu",Défini comme une diminution de la clarté ou de la netteté de la vision.,Indiquez « Oui » si le patient a présenté ce symptôme entre 00 h 00 et 24 h 00 le jour de l'évaluation.,0,0,0,0,0,0
quotidien,SIGNES : Notez les observations cliniques faites entre 00 h 00 et 24 h 00 le jour de l'évaluation.,sign_sunkeyes,Yeux enfoncés,"1, oui | 0, Non | 99, Inconnu",,Indiquez « Oui » si le patient a vécu cela à un moment donné depuis le début de cette maladie jusqu'à sa présentation.,0,0,0,,0,0
quotidien,SIGNES : Notez les observations cliniques faites entre 00 h 00 et 24 h 00 le jour de l'évaluation.,sign_ocularoth,Autres signes ophtalmologiques,"1, Oui | 0, Non | 99, Inconnu","Défini comme d'autres signes liés à l'œil, non spécifiés ci-dessus.",Indiquez « Oui » si le patient a présenté ce symptôme entre 00 h 00 et 24 h 00 le jour de l'évaluation.,0,0,0,0,0,0
quotidien,SIGNES : Notez les observations cliniques faites entre 00 h 00 et 24 h 00 le jour de l'évaluation.,sign_ocularoth_spec,Préciser les autres signes ophtalmologiques,,"Défini comme d'autres signes liés à l'œil, non spécifiés ci-dessus.","Si « Oui », précisez les autres signes ophtalmologiques ",0,0,0,0,0,
quotidien,SIGNES : Notez les observations cliniques faites entre 00 h 00 et 24 h 00 le jour de l'évaluation.,sign_paed,Signes spécifiques à l'enfant,,,,0,0,0,,,
quotidien,SIGNES : Notez les observations cliniques faites entre 00 h 00 et 24 h 00 le jour de l'évaluation.,sign_nasalflar,Ailerons nasaux,"1, oui | 0, Non | 99, Inconnu","Définie comme un élargissement des narines pendant la respiration ; bien qu'il existe de nombreuses causes possibles, cela peut être un signe de détresse respiratoire chez les nourrissons.",Indiquez « Oui » si le patient a présenté ce symptôme entre 00h00 et 24h00 le jour de l'évaluation.,0,0,0,0,0,0
quotidien,SIGNES : Notez les observations cliniques faites entre 00 h 00 et 24 h 00 le jour de l'évaluation.,sign_grunt,Grognements,"1, oui | 0, Non | 99, Inconnu","Définie comme un bruit respiratoire qui se produit lorsqu'une personne expire, et qui est un signe de détresse respiratoire.",Indiquez « Oui » si le patient a présenté ce symptôme entre 00h00 et 24h00 le jour de l'évaluation.,0,0,0,0,0,0
quotidien,SIGNES : Notez les observations cliniques faites entre 00 h 00 et 24 h 00 le jour de l'évaluation.,sign_ftt,Retard de croissance,"1, oui | 0, Non | 99, Inconnu","Il s'agit d'un gain de poids inférieur à la normale chez un nourrisson ou un enfant, qui peut s'accompagner d'un retard de croissance linéaire et crânienne.",Indiquez « Oui » si le patient a présenté ce symptôme entre 00 h 00 et 24 h 00 le jour de l'évaluation.,0,0,0,0,0,0
quotidien,SIGNES : Notez les observations cliniques faites entre 00 h 00 et 24 h 00 le jour de l'évaluation.,sign_hypotonia,Baisse du tonus / hypotonie,"1, oui | 0, Non | 99, Inconnu",Il s'agit d'une hypotonie musculaire généralisée (tonus musculaire anormalement faible).,Indiquez « Oui » si le patient a présenté ce symptôme entre 00h00 et 24h00 le jour de l'évaluation.,0,0,0,0,0,0
quotidien,SIGNES : Notez les observations cliniques faites entre 00 h 00 et 24 h 00 le jour de l'évaluation.,sign_bulgefont,Fontanelle bombée,"1, oui | 0, Non | 99, Inconnu",Il s'agit des zones membraneuses entre les os du crâne chez un nouveau-né qui semblent surélevées ou gonflées.,Indiquez « Oui » si le patient a présenté ce symptôme entre 00h00 et 24h00 le jour de l'évaluation.,0,0,0,0,0,0
quotidien,SIGNES : Notez les observations cliniques faites entre 00 h 00 et 24 h 00 le jour de l'évaluation.,sign_otherdesc,Autres  signes,,,,0,0,0,,,
quotidien,SIGNES : Notez les observations cliniques faites entre 00 h 00 et 24 h 00 le jour de l'évaluation.,sign_unlisted,Autre(s) signe(s),"1, Oui | 0, Non | 99, Inconnu",Il s'agit de la présence d'un ou plusieurs signes ou symptômes alternatifs non répertoriés ci-dessus.,Indiquez « Oui » si le patient a présenté un autre signe ou symptôme non répertorié ci-dessus entre 00 h 00 et 24 h 00 le jour de l'évaluation.,0,0,0,0,0,0
quotidien,ÉVALUATION DE LA PEAU ET DES MUQUEUSES : Enregistrer les informations les plus éloignées de la normale entre 00h00 et 24h00 le jour de l'évaluation.,lesion_dailydata,Entrez les données d'évaluation de la peau et des muqueuses pour cette date ?,"1, Oui | 0, Non","Les questions suivantes concernent l'inspection clinique des lésions cutanées. Les données enregistrées dans cette section doivent détailler les conditions présentes à la date de l'évaluation. Cette section doit être remplie pour la date d'admission et tous les jours suivants, conformément au protocole local.",Indiquez « Oui » pour saisir les informations relatives à l'examen clinique des lésions cutanées le jour de l'évaluation.,0,0,0,0,0,0
quotidien,ÉVALUATION DE LA PEAU ET DES MUQUEUSES : Enregistrer les informations les plus éloignées de la normale entre 00h00 et 24h00 le jour de l'évaluation.,lesion_dist,Éruption cutanée,"1, Généraliser | 2, Localiser autour des organes génitaux | 3, Centrifuge - davantage sur les extrémités | 4, Centripète - davantage sur le tronc | 88, Autre répartition | 99, Répartition inconnue","Il s'agit du type de répartition de l'éruption cutanée. Une éruption généralisée désigne une éruption étendue couvrant toute la surface de la peau. Une éruption centrifuge est concentrée sur les extrémités distales, avec moins de lésions sur le tronc. Une éruption centripète est concentrée sur le tronc, avec moins de lésions sur les extrémités. Une éruption localisée autour des organes génitaux désigne une éruption concentrée autour de la peau des organes génitaux.","Sélectionnez le type de répartition le plus approprié de l'éruption cutanée le jour de l'évaluation. ",0,0,0,0,0,0
quotidien,ÉVALUATION DE LA PEAU ET DES MUQUEUSES : Enregistrer les informations les plus éloignées de la normale entre 00h00 et 24h00 le jour de l'évaluation.,lesion_distoth,Spécifiez une autre répartition des imprudents,,"Il s'agit du type de répartition de l'éruption cutanée. ","Si « Autre », décrivez le type de répartition de l'éruption cutanée le jour de l'évaluation.",0,0,0,0,0,
quotidien,ÉVALUATION DE LA PEAU ET DES MUQUEUSES : Enregistrer les informations les plus éloignées de la normale entre 00h00 et 24h00 le jour de l'évaluation.,lesion_morph,Morphologie des imprévues,"1, Lésions principalement discrètes | 2, Lésions semi-confluentes | 3, Lésions confluentes | 4, Morphologie mixte | 99, Inconnue",Cela fait référence à la morphologie prédominante de l'éruption cutanée. Les lésions discrètes se réfèrent aux lésions distinctes et distinctes qui ne sont pas jointes les unes aux autres. Les lésions confluentes se réfèrent aux lésions qui se joignent ou se déroulent ensemble.,Sélectionnez la morphologie la plus appropriée de l'éruption cutanée le jour de l'évaluation.,0,0,0,0,0,0
quotidien,ÉVALUATION DE LA PEAU ET DES MUQUEUSES : Enregistrer les informations les plus éloignées de la normale entre 00h00 et 24h00 le jour de l'évaluation.,lesion_morphsize,Taille des éruptions cutanées (peau) - diamètre le plus large de toute lésion,"1, Moins de 0,5 cm | 2, 0,5-0,99 cm | 3, 1-1,99 cm | 4, 2 cm et plus","Il s'agit de la taille de l'éruption cutanée, enregistrée comme le diamètre le plus large de toute lésion dans les centimètres (cm).",Indiquez le diamètre le plus large de toute lésion cutanée mesurée en centimètres (cm) le jour de l'évaluation.,0,0,0,0,0,0
quotidien,ÉVALUATION DE LA PEAU ET DES MUQUEUSES : Enregistrer les informations les plus éloignées de la normale entre 00h00 et 24h00 le jour de l'évaluation.,lesion_skinles,Statut de lésion cutanée actuelle,"1, Il existe des lésions cutanées actives | 2, Il existe des lésions cutanées, mais aucune n'est active (lésions en cours de cicatrisation et de résolution, y compris les lésions croûteuses) | 3, Toutes les lésions cutanées ont complètement disparu (toutes les croûtes sont tombées et la peau est intacte) | 4, Aucune lésion cutanée n'est apparue à ce jour","Ce terme fait référence à l'état des lésions cutanées. Les lésions cutanées actives désignent des macules (lésions plates), des papules (lésions surélevées), des vésicules (lésions surélevées et remplies d'un liquide clair) ou des pustules (lésions surélevées et remplies de pus, un liquide opaque) qui peuvent développer une dépression au centre (ombilication) ou s'ulcérer. Les lésions cutanées non actives désignent celles qui ont commencé à former une croûte (séchage), en cours de guérison et de résolution, pour former des croûtes (composées de sérum séché, de sang ou de pus). Les lésions cutanées complètement résolues désignent toutes les croûtes qui sont tombées, laissant la peau sous-jacente intacte. ","Indiquez l'état dermatologique le plus approprié des lésions cutanées le jour de l'évaluation. ",0,0,0,0,0,0
quotidien,ÉVALUATION DE LA PEAU ET DES MUQUEUSES : Enregistrer les informations les plus éloignées de la normale entre 00h00 et 24h00 le jour de l'évaluation.,lesion_res,Existe-t-il des preuves résiduelles de lésions cutanées résolues (cicatrice / décoloration)?,"1, Oui | 0, Non | 99, Inconnu","Cela fait référence à la présence de séquoias secondaires à résoudre ou résolu les lésions cutanées, c'est-à-dire des lésions qui ne sont plus actives (y compris des lésions et des lésions de galets où toutes les croûtes sont tombées avec une peau intacte). Cela peut inclure des cicatrices ou une décoloration.","Indiquez «oui», s'il existe des preuves résiduelles de lésions cutanées résolues le jour de l'évaluation.",0,0,0,0,0,0
quotidien,ÉVALUATION DE LA PEAU ET DES MUQUEUSES : Enregistrer les informations les plus éloignées de la normale entre 00h00 et 24h00 le jour de l'évaluation.,lesion_mucos,Statut de lésion muqueuse actuelle,"1, Présence de lésions muqueuses | 2, Antécédents de lésions muqueuses, mais aucune à l'heure actuelle (toutes ont disparu et la muqueuse est guérie) | 3, Aucune lésion muqueuse n'est apparue à ce jour","Cela fait référence à la présence d'une atteinte à la membrane muqueuse. Il comprend la muqueuse du tube digestif, des voies respiratoires et des voies génito-urinaires.",Sélectionnez l'option la plus appropriée qui représente l'étendue de la participation des muqueuses entre 00h00 et 24h00 le jour de l'évaluation.,0,0,0,0,0,0
quotidien,ÉVALUATION DE LA PEAU ET DES MUQUEUSES : Enregistrer les informations les plus éloignées de la normale entre 00h00 et 24h00 le jour de l'évaluation.,lesion_orophar,S'il y a des lésions muqueuses: symptômes persistants ou signes de lésions oropharyngées muqueuses,"1, Oui | 0, Non | 99, Inconnu","Cela fait référence à la présence d'une atteinte à la membrane muqueuse dans la cavité oropharyngée, comme en témoignent les lésions muqueuses actives, l'érythème, les changements inflammatoires. Les symptômes peuvent inclure des maux de gorge, des ulcérations douloureuses, une déglutition douloureuse ou difficile.","Indiquez «oui», si le patient présentait des symptômes de lésions oropharyngées muqueuses entre 00h00 et 24h00 le jour de l'évaluation.",0,0,0,0,0,0
quotidien,ÉVALUATION DE LA PEAU ET DES MUQUEUSES : Enregistrer les informations les plus éloignées de la normale entre 00h00 et 24h00 le jour de l'évaluation.,lesion_oropharles,Si oui: Lésion ulcérée oro-pharyngée (active),"1, Oui | 0, Non | 99, Inconnu",Cela fait référence aux lésions muqueuses ulcérées actives dans la zone entre le palais mou et la partie supérieure de l'épiglotte.,"Indiquez «oui», s'il y a des lésions actives impliquant cette zone entre 00h00 et 24h00 le jour de l'évaluation.",0,0,0,0,0,0
quotidien,ÉVALUATION DE LA PEAU ET DES MUQUEUSES : Enregistrer les informations les plus éloignées de la normale entre 00h00 et 24h00 le jour de l'évaluation.,lesion_head,"Y a-t-il des lésions sur la tête, le visage ou le cou?","1, Oui | 0, Non | 99, Inconnu","Cela fait référence à la présence de lésions cutanées impliquant la tête, le visage ou le cou.","Indiquez «oui», s'il y a des lésions actives impliquant cette zone entre 00h00 et 24h00 le jour de l'évaluation.",0,0,0,0,0,0
quotidien,ÉVALUATION DE LA PEAU ET DES MUQUEUSES : Enregistrer les informations les plus éloignées de la normale entre 00h00 et 24h00 le jour de l'évaluation.,lesion_head_type,"Type de lésions sur la tête, le visage ou le cou","1, Vésicule | 2, Pustule | 3, Lésions ulcérées | 4, Lésions nécrosantes | 5, Lésions fongiformes | 6, Lésions hémorragiques | 88, Autre","Il s'agit du type de lésions cutanées touchant la tête, le visage ou le cou. Une vésicule est une lésion surélevée remplie d'un liquide clair. Une pustule est une lésion surélevée remplie de pus, un liquide opaque. Une lésion ulcérée est une lésion avec rupture de la peau. Une lésion nécrosante est une lésion avec tissu nécrotique (mort). Une lésion fongiforme est une lésion provenant des tissus sous-jacents qui perce la surface de la peau. ","Sélectionnez l'option la plus appropriée qui représente le type de lésions touchant cette zone, entre 00h00 et 24h00 le jour de l'évaluation.",0,0,0,0,0,0
quotidien,ÉVALUATION DE LA PEAU ET DES MUQUEUSES : Enregistrer les informations les plus éloignées de la normale entre 00h00 et 24h00 le jour de l'évaluation.,lesion_head_type_oth,"Précisez tout autre type de lésions sur la tête, le visage ou le cou",,"Il s'agit du type de lésions cutanées touchant la tête, le visage ou le cou.","Si « Autre », indiquez le type de lésions touchant cette zone, entre 00h00 et 24h00 le jour de l'évaluation.",0,0,0,0,0,
quotidien,ÉVALUATION DE LA PEAU ET DES MUQUEUSES : Enregistrer les informations les plus éloignées de la normale entre 00h00 et 24h00 le jour de l'évaluation.,lesion_head_num,"Nombre de lésions sur la tête, le visage ou le cou",,"Il s'agit du nombre de lésions cutanées touchant la tête, le visage ou le cou.","Indiquez le nombre de lésions touchant cette zone, entre 00h00 et 24h00 le jour de l'évaluation.",0,0,0,0,0,
quotidien,ÉVALUATION DE LA PEAU ET DES MUQUEUSES : Enregistrer les informations les plus éloignées de la normale entre 00h00 et 24h00 le jour de l'évaluation.,lesion_ocular,Y a-t-il des lésions oculaires dans l'orbite?,"1, Oui | 0, Non | 99, Inconnu","Il s'agit de la présence de lésions oculaires. ","Indiquez «oui», s'il y a des lésions actives impliquant cette zone entre 00h00 et 24h00 le jour de l'évaluation.",0,0,0,0,0,0
quotidien,ÉVALUATION DE LA PEAU ET DES MUQUEUSES : Enregistrer les informations les plus éloignées de la normale entre 00h00 et 24h00 le jour de l'évaluation.,lesion_ocular_type,Type de lésions oculaires,"1, Vésicule | 2, Pustule | 3, Lésions ulcérées | 4, Lésions nécrosantes | 5, Lésions fongiformes | 6, Lésions hémorragiques | 88, Autre","Ceci fait référence au type de lésion oculaire. Une vésicule désigne une lésion surélevée remplie d'un liquide clair. Une pustule désigne une lésion surélevée remplie de pus, un liquide opaque. Une lésion ulcérée désigne une lésion avec rupture de la peau. Une lésion nécrosée désigne une lésion avec des tissus nécrosés (morts). Une lésion fongiforme désigne une lésion provenant des tissus sous-jacents qui traverse la surface de la peau.","Sélectionnez l'option la plus appropriée qui représente le type de lésions touchant cette zone, entre 00h00 et 24h00 le jour de l'évaluation.",0,0,0,0,0,0
quotidien,ÉVALUATION DE LA PEAU ET DES MUQUEUSES : Enregistrer les informations les plus éloignées de la normale entre 00h00 et 24h00 le jour de l'évaluation.,lesion_ocular_type_oth,Précisez tout autre type de lésions oculaires,,"Ceci fait référence au type de lésion oculaire. ","Si « Autre », indiquez le type de lésions touchant cette zone, entre 00h00 et 24h00 le jour de l'évaluation.",0,0,0,0,0,
quotidien,ÉVALUATION DE LA PEAU ET DES MUQUEUSES : Enregistrer les informations les plus éloignées de la normale entre 00h00 et 24h00 le jour de l'évaluation.,lesion_ocular_num,Nombre de lésions oculaires,,Ceci fait référence au nombre de lésions oculaires.,"Indiquez le nombre de lésions touchant cette zone, entre 00h00 et 24h00 le jour de l'évaluation.",0,0,0,0,0,
quotidien,ÉVALUATION DE LA PEAU ET DES MUQUEUSES : Enregistrer les informations les plus éloignées de la normale entre 00h00 et 24h00 le jour de l'évaluation.,lesion_torso,Y a-t-il des lésions sur le torse / tronc?,"1, Oui | 0, Non | 99, Inconnu",Cela fait référence à la présence de lésions cutanées impliquant le torse / tronc.,"Indiquez «oui», s'il y a des lésions actives impliquant cette zone entre 00h00 et 24h00 le jour de l'évaluation.",0,0,0,0,0,0
quotidien,ÉVALUATION DE LA PEAU ET DES MUQUEUSES : Enregistrer les informations les plus éloignées de la normale entre 00h00 et 24h00 le jour de l'évaluation.,lesion_torso_type,Type de lésions sur le torse/tronc,"1, Vésicule | 2, Pustule | 3, Lésions ulcérées | 4, Lésions nécrosantes | 5, Lésions fongiformes | 6, Lésions hémorragiques | 88, Autres","Ceci fait référence au type de lésions cutanées touchant le torse/tronc. Une vésicule est une lésion surélevée remplie d'un liquide clair. Une pustule est une lésion surélevée remplie de pus, un liquide opaque. Une lésion ulcérée est une lésion avec rupture de la peau. Une lésion nécrosée est une lésion avec des tissus nécrosés (morts). Une lésion fongiforme désigne une lésion provenant des tissus sous-jacents qui traverse la surface de la peau.","Sélectionnez l'option la plus appropriée qui représente le type de lésions touchant cette zone, entre 00h00 et 24h00 le jour de l'évaluation.",0,0,0,0,0,0
quotidien,ÉVALUATION DE LA PEAU ET DES MUQUEUSES : Enregistrer les informations les plus éloignées de la normale entre 00h00 et 24h00 le jour de l'évaluation.,lesion_torso_type_oth,Précisez autre type de lésions au niveau du torse/tronc,,Ceci fait référence au type de lésions cutanées touchant le torse/tronc.,"Si « Autre », indiquez le type de lésions touchant cette zone, entre 00h00 et 24h00 le jour de l'évaluation.",0,0,0,0,0,
quotidien,ÉVALUATION DE LA PEAU ET DES MUQUEUSES : Enregistrer les informations les plus éloignées de la normale entre 00h00 et 24h00 le jour de l'évaluation.,lesion_torso_num,Nombre de lésions au niveau du torse/tronc,,Ceci fait référence au nombre de lésions cutanées touchant le torse/tronc.,"Indiquez le nombre de lésions touchant cette zone, entre 00h00 et 24h00 le jour de l'évaluation.",0,0,0,0,0,
quotidien,ÉVALUATION DE LA PEAU ET DES MUQUEUSES : Enregistrer les informations les plus éloignées de la normale entre 00h00 et 24h00 le jour de l'évaluation.,lesion_arms,Y a-t-il des lésions sur les bras et / ou les mains?,"1, Oui | 0, Non | 99, Inconnu",Cela fait référence à la présence de lésions cutanées impliquant les bras et / ou les mains.,"Indiquez «oui», s'il y a des lésions actives impliquant cette zone entre 00h00 et 24h00 le jour de l'évaluation.",0,0,0,0,0,0
quotidien,ÉVALUATION DE LA PEAU ET DES MUQUEUSES : Enregistrer les informations les plus éloignées de la normale entre 00h00 et 24h00 le jour de l'évaluation.,lesion_arms_type,Type de lésions au niveau des bras/mains,"1, Vésicule | 2, Pustule | 3, Lésions ulcérées | 4, Lésions nécrosantes | 5, Lésions fongiformes | 6, Lésions hémorragiques | 88, Autres","Ceci fait référence au type de lésions cutanées touchant les bras et/ou les mains. Une vésicule désigne une lésion surélevée remplie d'un liquide clair. Une pustule désigne une lésion surélevée remplie de pus, un liquide opaque. Une lésion ulcérée désigne une lésion avec rupture de la peau. Une lésion nécrosée désigne une lésion avec tissu nécrosé (mort). Une lésion fongiforme désigne une lésion provenant des tissus sous-jacents qui perce la surface de la peau. ","Sélectionnez l'option la plus appropriée qui représente le type de lésions touchant cette zone, entre 00h00 et 24h00 le jour de l'évaluation.",0,0,0,0,0,0
quotidien,ÉVALUATION DE LA PEAU ET DES MUQUEUSES : Enregistrer les informations les plus éloignées de la normale entre 00h00 et 24h00 le jour de l'évaluation.,lesion_arms_type_oth,Précisez autre type de lésions au niveau des bras/mains,,Ceci fait référence au type de lésions cutanées touchant les bras et/ou les mains.,"Si « Autre », indiquez le type de lésions touchant cette zone, entre 00h00 et 24h00 le jour de l'évaluation.",0,0,0,0,0,
quotidien,ÉVALUATION DE LA PEAU ET DES MUQUEUSES : Enregistrer les informations les plus éloignées de la normale entre 00h00 et 24h00 le jour de l'évaluation.,lesion_arms_num,Nombre de lésions au niveau des bras/mains,,Ceci fait référence au nombre de lésions cutanées touchant les bras et/ou les mains.,"Indiquez le nombre de lésions touchant cette zone, entre 00h00 et 24h00 le jour de l'évaluation.",0,0,0,0,0,
quotidien,ÉVALUATION DE LA PEAU ET DES MUQUEUSES : Enregistrer les informations les plus éloignées de la normale entre 00h00 et 24h00 le jour de l'évaluation.,lesion_legs,Y a-t-il des lésions sur les jambes et / ou les pieds?,"1, Oui | 0, Non | 99, Inconnu",Cela fait référence à la présence de lésions cutanées impliquant les jambes et / ou les pieds.,"Indiquez «oui», s'il y a des lésions actives impliquant cette zone entre 00h00 et 24h00 le jour de l'évaluation.",0,0,0,0,0,0
quotidien,ÉVALUATION DE LA PEAU ET DES MUQUEUSES : Enregistrer les informations les plus éloignées de la normale entre 00h00 et 24h00 le jour de l'évaluation.,lesion_legs_type,Type de lésions au niveau des jambes/pieds,"1, Vésicule | 2, Pustule | 3, Lésions ulcérées | 4, Lésions nécrosantes | 5, Lésions fongiformes | 6, Lésions hémorragiques | 88, Autres","Ceci fait référence au type de lésions cutanées touchant les jambes et/ou les pieds. Une vésicule désigne une lésion surélevée et remplie d'un liquide clair. Une pustule désigne une lésion surélevée et remplie de pus, un liquide opaque. Une lésion ulcérée désigne une lésion avec rupture de la peau. Une lésion nécrosée désigne une lésion avec tissu nécrosé (mort). Une lésion fongiforme désigne une lésion provenant des tissus sous-jacents qui traverse la surface de la peau. ","Sélectionnez l'option la plus appropriée qui représente le type de lésions touchant cette zone, entre 00h00 et 24h00 le jour de l'évaluation.",0,0,0,0,0,0
quotidien,ÉVALUATION DE LA PEAU ET DES MUQUEUSES : Enregistrer les informations les plus éloignées de la normale entre 00h00 et 24h00 le jour de l'évaluation.,lesion_legs_type_oth,Précisez autre type de lésions au niveau des jambes/pieds,,Ceci fait référence au type de lésions cutanées touchant les jambes et/ou les pieds.,"Si « Autre », indiquez le type de lésions touchant cette zone, entre 00h00 et 24h00 le jour de l'évaluation.",0,0,0,0,0,
quotidien,ÉVALUATION DE LA PEAU ET DES MUQUEUSES : Enregistrer les informations les plus éloignées de la normale entre 00h00 et 24h00 le jour de l'évaluation.,lesion_legs_num,Nombre de lésions au niveau des jambes/pieds,,Ceci fait référence au nombre de lésions cutanées touchant les jambes et/ou les pieds.,"Indiquez le nombre de lésions touchant cette zone, entre 00h00 et 24h00 le jour de l'évaluation.",0,0,0,0,0,
quotidien,ÉVALUATION DE LA PEAU ET DES MUQUEUSES : Enregistrer les informations les plus éloignées de la normale entre 00h00 et 24h00 le jour de l'évaluation.,lesion_palm,Y a-t-il des lésions sur les paumes?,"1, Oui | 0, Non | 99, Inconnu",Cela fait référence à la présence de lésions cutanées impliquant les paumes.,"Indiquez «oui», s'il y a des lésions actives impliquant cette zone entre 00h00 et 24h00 le jour de l'évaluation.",0,0,0,0,0,0
quotidien,ÉVALUATION DE LA PEAU ET DES MUQUEUSES : Enregistrer les informations les plus éloignées de la normale entre 00h00 et 24h00 le jour de l'évaluation.,lesion_palm_type,Type de lésions sur les paumes,"1, Vésicule | 2, Pustule | 3, Lésions ulcérées | 4, Lésions nécrosantes | 5, Lésions fongiformes | 6, Lésions hémorragiques | 88, Autres","Ceci fait référence au type de lésions cutanées touchant les paumes. Une vésicule est une lésion surélevée remplie d'un liquide clair. Une pustule est une lésion surélevée remplie de pus, un liquide opaque. Une lésion ulcérée désigne une lésion avec rupture de la peau. Une lésion nécrosante désigne une lésion avec des tissus nécrosés (morts). Une lésion fongiforme désigne une lésion provenant des tissus sous-jacents qui perce la surface de la peau.","Sélectionnez l'option la plus appropriée qui représente le type de lésions touchant cette zone, entre 00h00 et 24h00 le jour de l'évaluation.",0,0,0,0,0,0
quotidien,ÉVALUATION DE LA PEAU ET DES MUQUEUSES : Enregistrer les informations les plus éloignées de la normale entre 00h00 et 24h00 le jour de l'évaluation.,lesion_palm_type_oth,Si autre : précisez autre type de lésions sur les paumes,,Ceci fait référence au type de lésions cutanées touchant les paumes.,"Si « Autre », indiquez le type de lésions touchant cette zone, entre 00h00 et 24h00 le jour de l'évaluation.",0,0,0,0,0,
quotidien,ÉVALUATION DE LA PEAU ET DES MUQUEUSES : Enregistrer les informations les plus éloignées de la normale entre 00h00 et 24h00 le jour de l'évaluation.,lesion_palm_num,Nombre de lésions sur les paumes,,Ceci fait référence au nombre de lésions cutanées touchant les paumes.,"Indiquez le nombre de lésions touchant cette zone, entre 00h00 et 24h00 le jour de l'évaluation.",0,0,0,0,0,
quotidien,ÉVALUATION DE LA PEAU ET DES MUQUEUSES : Enregistrer les informations les plus éloignées de la normale entre 00h00 et 24h00 le jour de l'évaluation.,lesion_sole,Y a-t-il des lésions sur les semelles?,"1, Oui | 0, Non | 99, Inconnu",Cela fait référence à la présence de lésions cutanées impliquant les semelles.,"Indiquez «oui», s'il y a des lésions actives impliquant cette zone entre 00h00 et 24h00 le jour de l'évaluation.",0,0,0,0,0,0
quotidien,ÉVALUATION DE LA PEAU ET DES MUQUEUSES : Enregistrer les informations les plus éloignées de la normale entre 00h00 et 24h00 le jour de l'évaluation.,lesion_sole_type,Type de lésions sur la plante des pieds,"1, Vésicule | 2, Pustule | 3, Lésions ulcérées | 4, Lésions nécrosantes | 5, Lésions fongiformes | 6, Lésions hémorragiques | 88, Autres","Ceci fait référence au type de lésions cutanées touchant la plante des pieds. Une vésicule désigne une lésion surélevée remplie d'un liquide clair. Une pustule désigne une lésion surélevée remplie de pus, un liquide opaque. Une lésion ulcérée désigne une lésion avec rupture de la peau. Une lésion nécrosée désigne une lésion avec tissu nécrosé (mort). Une lésion fongiforme désigne une lésion provenant des tissus sous-jacents qui traverse la surface de la peau. ","Sélectionnez l'option la plus appropriée qui représente le type de lésions touchant cette zone, entre 00h00 et 24h00 le jour de l'évaluation.",0,0,0,0,0,0
quotidien,ÉVALUATION DE LA PEAU ET DES MUQUEUSES : Enregistrer les informations les plus éloignées de la normale entre 00h00 et 24h00 le jour de l'évaluation.,lesion_sole_oth,Si autre : précisez autre type de lésions sur la plante des pieds,,Ceci fait référence au type de lésions cutanées touchant la plante des pieds.,"Si « Autre », indiquez le type de lésions touchant cette zone, entre 00h00 et 24h00 le jour de l'évaluation.",0,0,0,0,0,
quotidien,ÉVALUATION DE LA PEAU ET DES MUQUEUSES : Enregistrer les informations les plus éloignées de la normale entre 00h00 et 24h00 le jour de l'évaluation.,lesion_sole_num,Nombre de lésions sur la plante des pieds,,Ceci fait référence au nombre de lésions touchant la plante des pieds.,"Indiquez le nombre de lésions touchant cette zone, entre 00h00 et 24h00 le jour de l'évaluation.",0,0,0,0,0,
quotidien,ÉVALUATION DE LA PEAU ET DES MUQUEUSES : Enregistrer les informations les plus éloignées de la normale entre 00h00 et 24h00 le jour de l'évaluation.,lesion_genit,Y a-t-il des lésions sur les organes génitaux externes?,"1, Oui | 0, Non | 99, Inconnu",Cela fait référence à la présence de lésions cutanées impliquant les organes génitaux externes.,"Indiquez «oui», s'il y a des lésions actives impliquant cette zone entre 00h00 et 24h00 le jour de l'évaluation.",0,0,0,0,0,0
quotidien,ÉVALUATION DE LA PEAU ET DES MUQUEUSES : Enregistrer les informations les plus éloignées de la normale entre 00h00 et 24h00 le jour de l'évaluation.,lesion_genit_type,Type de lésions sur les organes génitaux externes,"1, Vésicule | 2, Pustule | 3, Lésions ulcérées | 4, Lésions nécrosantes | 5, Lésions fongiformes | 6, Lésions hémorragiques | 88, Autres","Ceci fait référence au type de lésions cutanées touchant les organes génitaux externes. Une vésicule est une lésion surélevée remplie d'un liquide clair. Une pustule est une lésion surélevée remplie de pus, un liquide opaque. Une lésion ulcérée désigne une lésion avec rupture de la peau. Une lésion nécrosante désigne une lésion avec tissu nécrosé (mort). Une lésion fongiforme désigne une lésion provenant des tissus sous-jacents qui traverse la surface de la peau.","Sélectionnez l'option la plus appropriée qui représente le type de lésions touchant cette zone, entre 00h00 et 24h00 le jour de l'évaluation.",0,0,0,0,0,0
quotidien,ÉVALUATION DE LA PEAU ET DES MUQUEUSES : Enregistrer les informations les plus éloignées de la normale entre 00h00 et 24h00 le jour de l'évaluation.,lesion_genit_type_oth,Si autre : précisez autre type de lésions sur les organes génitaux externes,,Ceci désigne le type de lésions cutanées touchant les organes génitaux externes.,"Si « Autre », indiquez le type de lésions touchant cette zone, entre 00h00 et 24h00 le jour de l'évaluation.",0,0,0,0,0,
quotidien,ÉVALUATION DE LA PEAU ET DES MUQUEUSES : Enregistrer les informations les plus éloignées de la normale entre 00h00 et 24h00 le jour de l'évaluation.,lesion_genit_num,Nombre de lésions sur les organes génitaux externes,,Ceci désigne le nombre de lésions touchant les organes génitaux externes.,"Indiquez le nombre de lésions touchant cette zone, entre 00h00 et 24h00 le jour de l'évaluation.",0,0,0,0,0,
quotidien,ÉVALUATION DE LA PEAU ET DES MUQUEUSES : Enregistrer les informations les plus éloignées de la normale entre 00h00 et 24h00 le jour de l'évaluation.,lesion_peri,Y a-t-il des lésions périanales?,"1, Oui | 0, Non | 99, Inconnu",Cela fait référence à la présence de lésions cutanées impliquant la région périanale.,"Indiquez «oui», s'il y a des lésions actives impliquant cette zone entre 00h00 et 24h00 le jour de l'évaluation.",0,0,0,0,0,0
quotidien,ÉVALUATION DE LA PEAU ET DES MUQUEUSES : Enregistrer les informations les plus éloignées de la normale entre 00h00 et 24h00 le jour de l'évaluation.,lesion_peri_type,Type de lésions périanales,"1, Vésicule | 2, Pustule | 3, Lésions ulcérées | 4, Lésions nécrosantes | 5, Lésions fongiformes | 6, Lésions hémorragiques | 88, Autres","Ceci fait référence au type de lésions cutanées touchant la région périanale. Une vésicule désigne une lésion surélevée remplie d'un liquide clair. Une pustule désigne une lésion surélevée remplie de pus, un liquide opaque. Une lésion ulcérée désigne une lésion avec rupture de la peau. Une lésion nécrosée désigne une lésion avec tissu nécrosé (mort). Une lésion fongiforme désigne une lésion provenant des tissus sous-jacents qui perce la surface de la peau. ","Sélectionnez l'option la plus appropriée qui représente le type de lésions touchant cette zone, entre 00h00 et 24h00 le jour de l'évaluation.",0,0,0,0,0,0
quotidien,ÉVALUATION DE LA PEAU ET DES MUQUEUSES : Enregistrer les informations les plus éloignées de la normale entre 00h00 et 24h00 le jour de l'évaluation.,lesion_peri_type_oth,Précisez autre type de lésions périanales,,Ce terme désigne le type de lésions cutanées touchant la région périanale.,"Si « Autre », indiquez le type de lésions touchant cette zone, entre 00h00 et 24h00 le jour de l'évaluation.",0,0,0,0,0,
quotidien,ÉVALUATION DE LA PEAU ET DES MUQUEUSES : Enregistrer les informations les plus éloignées de la normale entre 00h00 et 24h00 le jour de l'évaluation.,lesion_peri_num,Nombre de lésions périanales,,Ce terme désigne le nombre de lésions touchant la région périanale.,"Indiquez le nombre de lésions touchant cette zone, entre 00h00 et 24h00 le jour de l'évaluation.",0,0,0,0,0,
quotidien,ÉVALUATION DE LA PEAU ET DES MUQUEUSES : Enregistrer les informations les plus éloignées de la normale entre 00h00 et 24h00 le jour de l'évaluation.,lesion_mouth,Y a-t-il des lésions à l'intérieur de la bouche?,"1, Oui | 0, Non | 99, Inconnu",Cela fait référence à la présence de lésions muqueuses à l'intérieur de la bouche (cavité orale).,"Indiquez «oui», s'il y a des lésions actives impliquant cette zone entre 00h00 et 24h00 le jour de l'évaluation.",0,0,0,0,0,0
quotidien,ÉVALUATION DE LA PEAU ET DES MUQUEUSES : Enregistrer les informations les plus éloignées de la normale entre 00h00 et 24h00 le jour de l'évaluation.,lesion_mouth_stat,État des lésions à l'intérieur de la bouche,"1, Douleur | 2, Saignement ou écoulement | 3, Ulcération","Ce terme désigne l'état des lésions muqueuses dans la bouche (cavité buccale). Une lésion douloureuse est associée à une sensation désagréable, inconfortable ou douloureuse au niveau du site de la lésion. Une lésion qui saigne ou qui sécrète est associée à un saignement des vaisseaux sanguins ou à un écoulement de liquide séreux/purulent au niveau du site de la lésion. Une lésion ulcérée est associée à une érosion de la muqueuse de la bouche, se traduisant par une excavation locale de la surface au niveau du site de la lésion.","Sélectionnez l'option la plus appropriée qui représente le type de lésions touchant cette zone, entre 00h00 et 24h00 le jour de l'évaluation.",0,0,0,0,0,0
quotidien,ÉVALUATION DE LA PEAU ET DES MUQUEUSES : Enregistrer les informations les plus éloignées de la normale entre 00h00 et 24h00 le jour de l'évaluation.,lesion_vagin,Y a-t-il des lésions dans le canal vaginal?,"1, Oui | 0, Non | 99, Inconnu",Cela fait référence à la présence de lésions muqueuses dans le canal vaginal.,"Indiquez «oui», s'il y a des lésions actives impliquant cette zone entre 00h00 et 24h00 le jour de l'évaluation.",0,0,0,0,0,0
quotidien,ÉVALUATION DE LA PEAU ET DES MUQUEUSES : Enregistrer les informations les plus éloignées de la normale entre 00h00 et 24h00 le jour de l'évaluation.,lesion_vagin_stat,État des lésions dans le canal vaginal,"1, Douleur | 2, Saignement ou écoulement | 3, Ulcération","Il s'agit de l'état des lésions muqueuses dans le canal vaginal. Une lésion douloureuse est associée à une sensation désagréable, inconfortable ou douloureuse au niveau du site de la lésion. Une lésion qui saigne ou qui sécrète est associée à un saignement des vaisseaux sanguins ou à un écoulement de liquide séreux/purulent au niveau du site de la lésion. Une lésion ulcérée est associée à une érosion de la muqueuse de la bouche, se traduisant par une excavation locale de la surface au niveau du site de la lésion.","Sélectionnez l'option la plus appropriée qui représente le type de lésions touchant cette zone, entre 00h00 et 24h00 le jour de l'évaluation.",0,0,0,0,0,0
quotidien,ÉVALUATION DE LA PEAU ET DES MUQUEUSES : Enregistrer les informations les plus éloignées de la normale entre 00h00 et 24h00 le jour de l'évaluation.,lesion_rectum,Y a-t-il des lésions dans le rectum?,"1, Oui | 0, Non | 99, Inconnu",Cela fait référence à la présence de lésions muqueuses dans le rectum.,"Indiquez «oui», s'il y a des lésions actives impliquant cette zone entre 00h00 et 24h00 le jour de l'évaluation.",0,0,0,0,0,0
quotidien,ÉVALUATION DE LA PEAU ET DES MUQUEUSES : Enregistrer les informations les plus éloignées de la normale entre 00h00 et 24h00 le jour de l'évaluation.,lesion_rectum_stat,État des lésions rectales,"1, Douleur | 2, Saignement ou écoulement | 3, Ulcération | 4, Ténesme","Ce terme désigne l'état des lésions muqueuses dans le rectum. Une lésion douloureuse est associée à une sensation désagréable, inconfortable ou douloureuse au niveau du site de la lésion. Une lésion qui saigne ou qui sécrète est associée à un saignement des vaisseaux sanguins ou à un écoulement de liquide séreux/purulent au niveau du site de la lésion. Une lésion ulcérée est associée à une érosion de la muqueuse buccale, se traduisant par une excavation locale de la surface au niveau de la lésion.","Sélectionnez l'option la plus appropriée qui représente le type de lésions touchant cette zone, entre 00h00 et 24h00 le jour de l'évaluation.",0,0,0,0,0,0
quotidien,ÉVALUATION DE LA PEAU ET DES MUQUEUSES : Enregistrer les informations les plus éloignées de la normale entre 00h00 et 24h00 le jour de l'évaluation.,lesion_anorec,Si oui aux lésions dans le rectum: ano-rectite,"1, Oui | 0, Non | 99, Inconnu",Défini comme une inflammation des membranes muqueuses de l'anus et / ou du rectum qui peut être accompagnée de douleur ou de saignement.,"Indiquez «oui», si le patient a vécu cela à tout moment à la date de l'évaluation.",0,0,0,0,0,0
quotidien,ÉVALUATION DE LA PEAU ET DES MUQUEUSES : Enregistrer les informations les plus éloignées de la normale entre 00h00 et 24h00 le jour de l'évaluation.,lesion_penis,Y a-t-il des lésions sur le pénis?,"1, Oui | 0, Non | 99, Inconnu",Cela fait référence à la présence de lésions muqueuses sur le pénis.,"Indiquez «oui», s'il y a des lésions actives impliquant cette zone entre 00h00 et 24h00 le jour de l'évaluation.",0,0,0,0,0,0
quotidien,ÉVALUATION DE LA PEAU ET DES MUQUEUSES : Enregistrer les informations les plus éloignées de la normale entre 00h00 et 24h00 le jour de l'évaluation.,lesion_penis_stat,État des lésions péniennes,"1, Douleur | 2, Saignement ou écoulement | 3, Ulcération","Il s'agit de l'état des lésions muqueuses sur le pénis. Une lésion douloureuse est associée à une sensation désagréable, inconfortable ou douloureuse au niveau du site de la lésion. Une lésion qui saigne ou qui sécrète est associée à un saignement des vaisseaux sanguins ou à un écoulement de liquide séreux/purulent au niveau du site de la lésion. Une lésion ulcérée est associée à une érosion de la muqueuse buccale, se traduisant par une excavation locale de la surface au niveau du site de la lésion.","Sélectionnez l'option la plus appropriée qui représente le type de lésions touchant cette zone, entre 00h00 et 24h00 le jour de l'évaluation.",0,0,0,0,0,0
quotidien,ÉVALUATION DE LA PEAU ET DES MUQUEUSES : Enregistrer les informations les plus éloignées de la normale entre 00h00 et 24h00 le jour de l'évaluation.,lesion_othsite,Autre(s) site(s),"1, Oui | 0, Non | 99, Inconnu",Il s'agit de la présence de lésions muqueuses touchant d'autres sites.,"Indiquez « Oui » s'il existe des lésions actives touchant d'autres sites entre 00 h 00 et 24 h 00 le jour de l'évaluation, non spécifiées ci-dessus.",0,0,0,0,0,0
quotidien,ÉVALUATION DE LA PEAU ET DES MUQUEUSES : Enregistrer les informations les plus éloignées de la normale entre 00h00 et 24h00 le jour de l'évaluation.,lesion_othsite_spec,Précisez autre(s) site(s),,Il s'agit de la présence de lésions muqueuses touchant d'autres sites.,"Si « Oui », indiquez l'emplacement des lésions muqueuses touchant d'autres sites.",0,0,0,0,0,
quotidien,ÉVALUATION DE LA PEAU ET DES MUQUEUSES : Enregistrer les informations les plus éloignées de la normale entre 00h00 et 24h00 le jour de l'évaluation.,lesion_othstat,Si oui aux autres site (s): autre site (s) statut de lésion,"1, Douleur | 2, Saignement ou écoulement | 3, Ulcération","Cela fait référence au statut des lésions muqueuses impliquant d'autres sites. Une lésion provoquant une douleur est associée à une sensation désagréable, inconfortable ou douloureuse sur le site de la lésion. Une lésion qui saigne ou décharge est associée à des saignements des vaisseaux sanguins ou des débits de liquide séreux / purulents sur le site de la lésion. Une lésion ulcérée est associée à l'érosion de la muqueuse de la bouche, montrant l'excavation locale de la surface au site de la lésion.","Sélectionnez l'option la plus appropriée qui représente le type de lésions impliquant cette zone, entre 00h00 et 24h00 le jour de l'évaluation.",0,0,0,0,0,0
quotidien,ÉVALUATION DE LA PEAU ET DES MUQUEUSES : Enregistrer les informations les plus éloignées de la normale entre 00h00 et 24h00 le jour de l'évaluation.,lesion_24hr,De nouvelles lésions cutanées ou muqueuses sont-elles apparues dans les 24 heures précédentes? (peut être mieux évalué par les patients),"1, Oui | 0, Non | 99, Inconnu",Il s'agit de l'apparence d'une nouvelle peau ou d'une nouvelle lésion muqueuse au cours des 24 heures précédentes.,"Indiquez «oui», si de nouvelles lésions sont apparues au cours des 24 heures précédentes.",0,0,0,0,0,0
quotidien,ÉVALUATION DE LA PEAU ET DES MUQUEUSES : Enregistrer les informations les plus éloignées de la normale entre 00h00 et 24h00 le jour de l'évaluation.,lesion_sl,Nombre total estimé de lésions cutanées sur le corps,"0, Aucun | 1, 1 | 2, 2-5 | 3, 6-9 | 4, 10-24 | 5, 25-49 | 6, 50-99 | 7, 100-250 | 8, 251-1000 | 9, >1000 ","Documenter uniquement les lésions cutanées liées à l'infection par pathogène d'intérêt. Les lésions guéries (SCAB absente, la peau fraîche présente) ne doivent pas être incluses. L'éruption de l'érythème multiforme ou toute autre cause ne doit pas être incluse.",Sélectionnez l'option la plus appropriée qui représente le mieux le nombre de lésions cutanées entre 00h00 et 24h00 le jour de l'évaluation.,0,0,0,0,0,0
quotidien,ÉVALUATION DE LA PEAU ET DES MUQUEUSES : Enregistrer les informations les plus éloignées de la normale entre 00h00 et 24h00 le jour de l'évaluation.,lesion_ml,Nombre total estimé de lésions muqueuses sur le corps,"0, Aucun | 1, 1 | 2, 2-5 | 3, 6-9 | 4, 10-24 | 5, 25-49 | 6, 50-99 | 7, 100-250 | 8, 251-1000 | 9, >1000 ","Documenter uniquement les lésions muqueuses liées à l'infection par pathogène d'intérêt. Les lésions guéries (SCAB absente, la peau fraîche présente) ne doivent pas être incluses. L'éruption de l'érythème multiforme ou toute autre cause ne doit pas être incluse.",Sélectionnez l'option la plus appropriée qui représente le mieux le nombre de lésions muqueuses entre 00h00 et 24h00 le jour de l'évaluation.,0,0,0,0,0,0
quotidien,ÉVALUATION DE LA PEAU ET DES MUQUEUSES : Enregistrer les informations les plus éloignées de la normale entre 00h00 et 24h00 le jour de l'évaluation.,lesion_slpain,"Si oui: score de douleur maximale, où 0 signifie «pas de douleur», et 10 signifie «la pire douleur possible».","1, Oui | 0, Non | 99, Inconnu","Cela fait référence à l'évaluation objective du patient de la gravité de la douleur au (s) site (s) de la lésion, sur une échelle de 0 à 10. où 0 représente ""aucune douleur"" et 10 représente la ""pire douleur imaginable"".",Indiquez la notation par le patient de la gravité de la douleur au (s) site (s) de la lésion.,0,0,0,0,0,0
quotidien,ÉVALUATION DE LA PEAU ET DES MUQUEUSES : Enregistrer les informations les plus éloignées de la normale entre 00h00 et 24h00 le jour de l'évaluation.,lesion_slpain_score,"Score maximal de douleur, où 0 signifie « aucune douleur » et 10 signifie « la douleur la plus intense possible ».",,"Il s'agit de l'évaluation objective par le patient de l'intensité de la douleur au niveau du ou des sites de la lésion, sur une échelle de 0 à 10. Où 0 correspond à « aucune douleur » et 10 à « la pire douleur imaginable ».",Indiquez l'évaluation par le patient de la sévérité de la douleur au(x) site(s) de la lésion.,0,0,0,0,0,
quotidien,ÉVALUATION DE LA PEAU ET DES MUQUEUSES : Enregistrer les informations les plus éloignées de la normale entre 00h00 et 24h00 le jour de l'évaluation.,lesion_mlpain,"Si oui: score de douleur maximale, où 0 signifie «pas de douleur», et 10 signifie «la pire douleur possible».","1, Oui | 0, Non | 99, Inconnu","Cela fait référence à l'évaluation objective du patient de la gravité de la douleur au (s) site (s) de la lésion, sur une échelle de 0 à 10. où 0 représente ""aucune douleur"" et 10 représente la ""pire douleur imaginable"".",Indiquez la notation par le patient de la gravité de la douleur au (s) site (s) de la lésion.,0,0,0,0,0,0
quotidien,ÉVALUATION DE LA PEAU ET DES MUQUEUSES : Enregistrer les informations les plus éloignées de la normale entre 00h00 et 24h00 le jour de l'évaluation.,lesion_mlpain_score,"Score maximal de douleur, où 0 signifie « aucune douleur » et 10 signifie « la douleur la plus intense possible ».",,"Il s'agit de l'évaluation objective par le patient de l'intensité de la douleur au niveau du ou des sites de la lésion, sur une échelle de 0 à 10. Où 0 correspond à « aucune douleur » et 10 à « la pire douleur imaginable ».",Indiquez l'évaluation par le patient de la sévérité de la douleur au(x) site(s) de la lésion.,0,0,0,0,0,
quotidien,ÉVALUATION DE LA PEAU ET DES MUQUEUSES : Enregistrer les informations les plus éloignées de la normale entre 00h00 et 24h00 le jour de l'évaluation.,lesion_desc,Décrire toute autre complication des lésions (s),,"Il s'agit d'autres complications de la lésion qui n'ont pas été précisées ci-dessus. ","Décrire d'autres complications de lésions qui se sont produites ou ont été identifiées pour la première fois entre 00h00 et 24h00 le jour d'évaluation, qui n'ont pas été spécifiées ci-dessus.",0,0,0,0,0,
quotidien,TRAITEMENTS ET INTERVENTIONS : Enregistrez toutes les interventions effectuées entre 00h00 et 24h00 le jour de l'évaluation.,treat_dailydata,Saisir les données relatives aux traitements et interventions pour cette date ?,"1, Oui | 0, Non",Cette section fait référence aux traitements ou interventions généralement effectués et consignés aux urgences et/ou dans le service ou l'unité de soins intensifs où le patient a été admis entre 00h00 et 24h00 le jour de l'évaluation.,Indiquez « Oui » si des traitements ou des interventions ont été effectués et enregistrés entre 00h00 et 24h00 le jour de l'évaluation.,0,0,0,0,0,0
quotidien,TRAITEMENTS ET INTERVENTIONS : Enregistrez toutes les interventions effectuées entre 00h00 et 24h00 le jour de l'évaluation.,treat_fluid,Liquides,"1, Oui | 0, Non | 99, Inconnu","Il s'agit de tous les liquides prescrits (par voie orale ou parentérale/intraveineuse), à l'exclusion de ceux que le patient consomme dans le cadre d'un régime alimentaire non prescrit.",Indiquez « Oui » si le patient s'est vu prescrire et a reçu des liquides entre 00 h 00 et 24 h 00 le jour de l'évaluation.,0,0,0,0,0,0
quotidien,TRAITEMENTS ET INTERVENTIONS : Enregistrez toutes les interventions effectuées entre 00h00 et 24h00 le jour de l'évaluation.,treat_fluid_oral,Réhydratation orale,"1, Oui | 0, Non | 99, Inconnu",Cela fait référence aux fluides entéraux / oraux à des fins de réhydratation.,"Indiquez «oui», si le patient a reçu une réhydratation orale entre 00h00 et 24h00 le jour de l'évaluation.",0,0,0,0,0,0
quotidien,TRAITEMENTS ET INTERVENTIONS : Enregistrez toutes les interventions effectuées entre 00h00 et 24h00 le jour de l'évaluation.,treat_fluid_oralvol,Si oui: volume de réhydratation orale (ml / 24 heures),,Cela fait référence aux fluides entéraux / oraux à des fins de réhydratation.,"Si «oui», enregistrez la quantité de liquides élémentaires / oraux aux fins de la réhydratation donnée entre 00h00 et 24h00 le jour de l'évaluation en millilitres (ML).",0,0,0,0,0,
quotidien,TRAITEMENTS ET INTERVENTIONS : Enregistrez toutes les interventions effectuées entre 00h00 et 24h00 le jour de l'évaluation.,treat_fluid_parent,Fluide Parenter IV?,"1, Oui | 0, Non | 99, Inconnu","Cela fait référence au liquide intraveineux qui comprend le cristalloïde, l'albumine, la gélatine, les amidons ou d'autres solutions.","Indiquez «oui», si le patient a reçu des liquides intraveineux entre 00h00 et 24h00 le jour de l'évaluation.",0,0,0,0,0,0
quotidien,TRAITEMENTS ET INTERVENTIONS : Enregistrez toutes les interventions effectuées entre 00h00 et 24h00 le jour de l'évaluation.,treat_fluid_parent_type,Type de liquide intraveineux,,"Il s'agit de liquides intraveineux qui comprennent des solutions cristalloïdes, de l'albumine, de la gélatine, des amidons ou d'autres solutions.",Sélectionnez l'option la plus appropriée correspondant au type de liquide(s) intraveineux ou parentéral(aux) administré(s).,0,0,0,0,0,
quotidien,TRAITEMENTS ET INTERVENTIONS : Enregistrez toutes les interventions effectuées entre 00h00 et 24h00 le jour de l'évaluation.,treat_fluid_cryst,Volume cristalloïde (ML / 24 heures),,"Les fluides cristalloïdes se réfèrent aux solutions de sels minéraux, y compris la solution saline normale (0,9%), la solution de Ringer / Hartman, 5% de dextrose dans l'eau, 10% de dextrose dans l'eau, une solution saline hypotonique et hypertonique, entre autres.",Enregistrez le volume de liquide cristalloïde que le patient a reçu entre 00h00 et 24h00 le jour de l'évaluation en millilitres (ML).,0,0,0,0,0,
quotidien,TRAITEMENTS ET INTERVENTIONS : Enregistrez toutes les interventions effectuées entre 00h00 et 24h00 le jour de l'évaluation.,treat_fluid_colloid,Volume de colloïdes (mL/24 heures),,"Les liquides colloïdaux sont des solutions qui contiennent de grosses molécules, telles que des protéines ou des polysaccharides, qui restent dans la circulation sanguine plus longtemps que les cristalloïdes. Ces liquides aident à maintenir ou à augmenter le volume intravasculaire en attirant l'eau dans les vaisseaux sanguins par pression oncotique. Les colloïdes courants comprennent les gélatines, les amidons ou l'albumine. ",Enregistrez le volume de liquides colloïdaux que le patient a reçu entre 00h00 et 24h00 le jour de l'évaluation en millilitres (mL).,0,0,0,0,0,
quotidien,TRAITEMENTS ET INTERVENTIONS : Enregistrez toutes les interventions effectuées entre 00h00 et 24h00 le jour de l'évaluation.,treat_blood,Produits sanguins,"1, Oui | 0, Non | 99, Inconnu","Il s'agit d'une transfusion de sang (sang total ou globules rouges concentrés) ou d'autres produits sanguins à l'exclusion de l'immunoglobuline humaine normale (par exemple, albumine, granulocytes, plaquettes, plasma frais congelé (FFP), FP24, PF-24, cryoprécipité, concentré de protéine C, cryosurnatant ou un facteur de coagulation non recombinant spécifique) à tout moment de la date d'évaluation. ","Indiquez « Oui » si le patient a reçu des produits sanguins ou une transfusion de produits sanguins à tout moment entre 00 h 00 et 24 h 00 le jour de l'évaluation. Si « Oui », sélectionnez le ou les produits ci-dessous.",0,0,0,0,0,0
quotidien,TRAITEMENTS ET INTERVENTIONS : Enregistrez toutes les interventions effectuées entre 00h00 et 24h00 le jour de l'évaluation.,treat_blood_type,Si oui: sélectionnez tous les produits sanguins qui ont été administrés.,"1, Plaquettes | 2, Cryoprécipité | 3, Sang total | 4, Plasma frais congelé | 5, Concentré de fibrinogène | 6, Concentré de globules rouges (concentré de globules rouges)","Cela fait référence à une transfusion de sang (sang total ou de globules rouges emballés) ou d'autres produits sanguins à l'exclusion de l'immunoglobuline normale humaine (par exemple l'albumine, les granulocytes, les plaquettes, le plasma fraîchement docédé (FFP), FP24, PF-24, Cryoprécipité, protéine C C) concentré, cryosupernateur ou un facteur de coagulation non recombinant spécifique) à tout moment à la date de l'évaluation. Les plaquettes se réfèrent au transfert de plaquettes sanguines d'un donneur à un receveur ou à la réinfusion au donneur. Le cryoprécipité fait référence à un produit sanguin congelé préparé à partir d'un plasma congelé qui contient du fibrinogène (facteur I), du facteur antihemophile (facteur VIII), du facteur XIII, du facteur Von Willebrand (VWF) et de la fibronectine. Le sang total fait référence à l'administration intraveineuse de sang total (sang qui contient du plasma et des globules rouges) en un individu. RBC emballé fait référence aux globules rouges d'une unité de sang total après l'élimination de la majeure partie du plasma, laissant une unité avec un hématocrite d'environ 60%. Le plasma frais congelé fait référence au plasma séparé du sang de tout le sang et congelé rapidement après un don de sang afin d'être utilisé pour les transfusions sanguines. Le concentré de fibrinogène est un agent hémostatique utilisé pour le traitement des épisodes de saignement aigu chez les patients présentant une carence en fibrinogène congénitale, y compris l'afibrinogénémie et l'hypofibrinogénémie.",Sélectionnez la ou les options les plus appropriées correspondant aux produits sanguins qui ont été administrés.,0,0,0,0,0,0
quotidien,TRAITEMENTS ET INTERVENTIONS : Enregistrez toutes les interventions effectuées entre 00h00 et 24h00 le jour de l'évaluation.,treat_blood_plate,Plaquettes (unités / 24 heures),,Les plaquettes se réfèrent au transfert de plaquettes sanguines d'un donneur à un receveur ou à la réinfusion au donneur.,Enregistrez le nombre d'unités que le patient a reçues entre 00h00 et 24h00 le jour de l'évaluation en millilitres (ML).,0,0,0,0,0,
quotidien,TRAITEMENTS ET INTERVENTIONS : Enregistrez toutes les interventions effectuées entre 00h00 et 24h00 le jour de l'évaluation.,treat_blood_cryo,Cryoprécipité (unités / 24 heures),,"Le cryoprécipité fait référence à un produit sanguin congelé préparé à partir de plasma congelé qui contient du fibrinogène (facteur I), du facteur antihémophile (facteur VIII), du facteur XIII, du facteur von Willebrand (VWF) et de la fibronectine. Contient le fibrinogène (facteur I), le facteur antihemophile (facteur VIII), le facteur XIII, le facteur von Willebrand (VWF) et la fibronectine.",Enregistrez le nombre d'unités que le patient a reçues entre 00h00 et 24h00 le jour de l'évaluation en millilitres (ML).,0,0,0,0,0,
quotidien,TRAITEMENTS ET INTERVENTIONS : Enregistrez toutes les interventions effectuées entre 00h00 et 24h00 le jour de l'évaluation.,treat_blood_whole,Volume sanguin / RBC emballé (unités / 24 heures),,"Le sang total fait référence à l'administration intraveineuse de sang total (sang qui contient du plasma et des globules rouges) en un individu. RBC emballé fait référence aux globules rouges d'une unité de sang total après l'élimination de la majeure partie du plasma, laissant une unité avec un hématocrite d'environ 60%.",Enregistrez le nombre d'unités que le patient a reçues entre 00h00 et 24h00 le jour de l'évaluation en millilitres (ML).,0,0,0,0,0,
quotidien,TRAITEMENTS ET INTERVENTIONS : Enregistrez toutes les interventions effectuées entre 00h00 et 24h00 le jour de l'évaluation.,treat_blood_plasma,Plasma frais surgelé (unités / 24 heures),,Le plasma frais congelé fait référence au plasma séparé du sang de tout le sang et congelé rapidement après un don de sang afin d'être utilisé pour les transfusions sanguines.,Enregistrez le nombre d'unités que le patient a reçues entre 00h00 et 24h00 le jour de l'évaluation en millilitres (ML).,0,0,0,0,0,
quotidien,TRAITEMENTS ET INTERVENTIONS : Enregistrez toutes les interventions effectuées entre 00h00 et 24h00 le jour de l'évaluation.,treat_blood_fibrin,Concentré de fibrinogène (unités / 24 heures),,"Le concentré de fibrinogène est un agent hémostatique utilisé pour le traitement des épisodes de saignement aigu chez les patients présentant une carence en fibrinogène congénitale, y compris l'afibrinogénémie et l'hypofibrinogénémie.",Enregistrez le nombre d'unités que le patient a reçues entre 00h00 et 24h00 le jour de l'évaluation en millilitres (ML).,0,0,0,0,0,
quotidien,TRAITEMENTS ET INTERVENTIONS : Enregistrez toutes les interventions effectuées entre 00h00 et 24h00 le jour de l'évaluation.,treat_blood_rcc,Concentré de globules rouges (unités/24 heures),,"Les concentrés de globules rouges désignent les globules rouges provenant d'une unité de sang total après élimination de la majeure partie du plasma, laissant une unité avec un hématocrite d'environ 60 %.",Enregistrez le nombre d'unités que le patient a reçues entre 00h00 et 24h00 le jour de l'évaluation en millilitres (mL).,0,0,0,0,0,
quotidien,TRAITEMENTS ET INTERVENTIONS : Enregistrez toutes les interventions effectuées entre 00h00 et 24h00 le jour de l'évaluation.,treat_intravenim,Immunoglobuline intraveineuse,"1, Oui | 0, Non | 99, Inconnu","Cela fait référence aux préparations d'immunoglobulines utilisées dans la perfusion intraveineuse, contenant principalement l'immunoglobuline G (IgG). Des exemples d'immunoglobulines IVIG commerciales de préparation incluent Octagam®, Intragam P®, Kiovig®, Flebogamma 5% Dif®, Carinune NF®, Gamunex,, Gammagard S / D®, Gammagard Liquid®, Gammated® et Privigen®.","Indiquez «oui», si le patient a reçu des immunoglobulines intraveineuses entre 00h00 et 24h00 le jour de l'évaluation.",0,0,0,0,0,0
quotidien,TRAITEMENTS ET INTERVENTIONS : Enregistrez toutes les interventions effectuées entre 00h00 et 24h00 le jour de l'évaluation.,treat_plasmapher,Plasmaphérèse / échange de plasma,"1, Oui | 0, Non | 99, Inconnu","La plasmaphérèse (échange de plasma) fait référence à la séparation extracorporelle des composantes sanguines, résultant en un produit filtré. Les méthodes comprennent une centrifugation d'écoulement discontinue, une centrifugation à l'écoulement continu et une filtration du plasma.","Indiquez «oui», si le patient a reçu une plasmaphérèse entre 00h00 et 24h00 le jour de l'évaluation.",0,0,0,0,0,0
quotidien,TRAITEMENTS ET INTERVENTIONS : Enregistrez toutes les interventions effectuées entre 00h00 et 24h00 le jour de l'évaluation.,treat_antibiotic,Antibiotiques,"1, Oui | 0, Non | 99, Inconnu",L'antibiotique fait référence à tout out d'agent qui cible sélectivement les bactéries. Les préparations topiques ne doivent pas être enregistrées.,"Indiquez «oui», si le patient a reçu des antibiotiques entre 00h00 et 24h00 le jour de l'évaluation",0,0,0,0,0,0
quotidien,TRAITEMENTS ET INTERVENTIONS : Enregistrez toutes les interventions effectuées entre 00h00 et 24h00 le jour de l'évaluation.,treat_steroids,Corticostéroïdes,"1, Oui | 0, Non | 99, Inconnu","Les corticostéroïdes (communément appelés «stéroïdes») se réfèrent à tous les types de corticostéroïdes thérapeutiques, fabriqués dans le cortex surrénal (la partie extérieure de la glande surrénale). Ils sont également fabriqués en laboratoire. Les exemples comprennent: la prednisolone, la prednisone, la méthyl-prédnisolone, la dexaméthasone, l'hydrocortisone, la fluticasone, la bétamétasone. Les préparations topiques ne sont pas incluses, mais des préparations inhalées sont incluses.","Indiquez «oui», si le patient a reçu des «stéroïdes» entre 00h00 et 24h00 le jour de l'évaluation.",0,0,0,0,0,0
quotidien,TRAITEMENTS ET INTERVENTIONS : Enregistrez toutes les interventions effectuées entre 00h00 et 24h00 le jour de l'évaluation.,treat_other,Autre(s) intervention(s) ou procédure(s),"1, Oui | 0, Non | 99, Inconnu",Il s'agit de toute autre intervention ou procédure thérapeutique spécifique non caractérisée autrement que vous jugez pertinente.,Indiquez « Oui » si d'autres interventions ou procédures ont été utilisées entre 00 h 00 et 24 h 00 le jour de l'évaluation.,0,0,0,0,0,0
quotidien,TRAITEMENTS ET INTERVENTIONS : Enregistrez toutes les interventions effectuées entre 00h00 et 24h00 le jour de l'évaluation.,treat_other_spec,Veuillez préciser les autres interventions ou procédures,,Il s'agit de toute autre intervention ou procédure thérapeutique spécifique non caractérisée autrement que vous jugez pertinente.,"Si « Oui », veuillez préciser les interventions thérapeutiques ou procédures non caractérisées qui, selon vous, pourraient être pertinentes.",0,0,0,0,0,
quotidien,ASSISTANCE RESPIRATOIRE : Enregistrer toutes les interventions respiratoires effectuées entre 00 h 00 et 24 h 00 le jour de l'évaluation.,treat_o2supp,Soutien respiratoire,"1, Oui | 0, Non | 99, Inconnu","Il s'agit de toute méthode d'oxygénothérapie pouvant être administrée par canule nasale, masque ou ventilation non invasive ou invasive.",Indiquez « Oui » si le patient a reçu un supplément d'oxygène entre 00 h 00 et 24 h 00 le jour de l'évaluation.,0,0,0,0,0,0
quotidien,ASSISTANCE RESPIRATOIRE : Enregistrer toutes les interventions respiratoires effectuées entre 00 h 00 et 24 h 00 le jour de l'évaluation.,treat_nasalprongs,Canules nasales,"1, Oui | 0, Non | 99, Inconnu",Il s'agit de canules nasales ou de canules nasales qui administrent de l'oxygène par deux petites canules ou canules insérées dans les narines.,Indiquez « Oui » si ce mode d'assistance respiratoire a été utilisé pour administrer un supplément d'oxygène au patient entre 00 h 00 et 24 h 00 le jour de l'évaluation.,0,0,0,0,0,0
quotidien,ASSISTANCE RESPIRATOIRE : Enregistrer toutes les interventions respiratoires effectuées entre 00 h 00 et 24 h 00 le jour de l'évaluation.,treat_facemask,Masque facial,"1, Oui | 0, Non | 99, Inconnu","Il s'agit d'un simple masque à oxygène qui est un dispositif placé sur le nez, la bouche ou la trachéotomie d'un patient afin d'administrer de l'oxygène dans les voies respiratoires.",Indiquez « Oui » si ce mode d'assistance respiratoire a été utilisé pour administrer un supplément d'oxygène au patient entre 00 h 00 et 24 h 00 le jour de l'évaluation.,0,0,0,0,0,0
quotidien,ASSISTANCE RESPIRATOIRE : Enregistrer toutes les interventions respiratoires effectuées entre 00 h 00 et 24 h 00 le jour de l'évaluation.,treat_hfno,Oxygène nasal à haut débit,"1, Oui | 0, Non | 99, Inconnu","Il s'agit d'une oxygénothérapie nasale à haut débit, qui est une assistance respiratoire non invasive qui administre de l'air réchauffé, humidifié et enrichi en oxygène aux patients à des débits supérieurs à ceux généralement fournis par les appareils à débit standard.",Indiquez « Oui » si ce mode d'assistance respiratoire a été utilisé pour administrer un supplément d'oxygène au patient entre 00 h 00 et 24 h 00 le jour de l'évaluation.,0,0,0,0,0,0
quotidien,ASSISTANCE RESPIRATOIRE : Enregistrer toutes les interventions respiratoires effectuées entre 00 h 00 et 24 h 00 le jour de l'évaluation.,treat_niv,Ventilation non invasive,"1, Oui | 0, Non | 99, Inconnu","Il s'agit d'une ventilation non invasive qui fournit une assistance respiratoire par les voies respiratoires supérieures du patient à l'aide d'un masque ou d'un dispositif similaire, sans qu'il soit nécessaire de procéder à une intubation trachéale. Les exemples incluent la pression positive continue (PPC) et la pression positive continue biphasique (BiPAP). ",Indiquez « Oui » si ce mode d'assistance respiratoire a été utilisé pour administrer un supplément d'oxygène au patient entre 00 h 00 et 24 h 00 le jour de l'évaluation.,0,0,0,0,0,0
quotidien,ASSISTANCE RESPIRATOIRE : Enregistrer toutes les interventions respiratoires effectuées entre 00 h 00 et 24 h 00 le jour de l'évaluation.,treat_niv_type,Type de ventilation non invasive,"1, CPAP | 2, BIPAP | 99, Inconnu | 88, Autre",Il s'agit du type d'assistance respiratoire non invasive ou de ventilation (VNI) utilisé. La pression positive continue (PPC) est une technique qui consiste à maintenir en permanence la pression des voies respiratoires au-dessus de la pression atmosphérique tout au long du cycle respiratoire afin de soutenir l'activité respiratoire spontanée. La pression positive continue biphasique (BPAP) utilise une variation cyclique du niveau de pression positive appliqué aux voies respiratoires afin de soutenir l'activité respiratoire spontanée.,Sélectionnez l'option la plus appropriée correspondant au type de VNI utilisé entre 00 h 00 et 24 h 00 le jour de l'évaluation.,0,0,0,0,0,0
quotidien,ASSISTANCE RESPIRATOIRE : Enregistrer toutes les interventions respiratoires effectuées entre 00 h 00 et 24 h 00 le jour de l'évaluation.,treat_niv_type_oth,Précisez le type de ventilation non invasive,,Il s'agit du type d'assistance respiratoire non invasive ou de ventilation (VNI) utilisé.,"Si « Autre », précisez le type de ventilation non invasive utilisé.",0,0,0,0,0,
quotidien,ASSISTANCE RESPIRATOIRE : Enregistrer toutes les interventions respiratoires effectuées entre 00 h 00 et 24 h 00 le jour de l'évaluation.,treat_imv,Ventilation invasive,"1, Oui | 0, Non | 99, Inconnu","Il s'agit de la ventilation mécanique invasive (VMI), qui indique que le patient a subi une intubation trachéale afin d'assister ou de remplacer mécaniquement la respiration spontanée à l'aide d'un appareil motorisé qui insuffle de l'air oxygéné dans les poumons. L'intubation peut être orotrachéale, nasotrachéale, ou réalisée par cricothyrotomie ou trachéotomie.",Indiquez « Oui » si ce mode d'assistance respiratoire a été utilisé pour administrer un supplément d'oxygène au patient entre 00 h 00 et 24 h 00 le jour de l'évaluation.,0,0,0,0,0,0
quotidien,ASSISTANCE RESPIRATOIRE : Enregistrer toutes les interventions respiratoires effectuées entre 00 h 00 et 24 h 00 le jour de l'évaluation.,treat_ecmo,ECLS / ECMO,"1, Oui | 0, Non | 99, Inconnu","Il s'agit de l'oxygénation par membrane extracorporelle (ECMO), également appelée assistance vitale extracorporelle (ECLS), qui consiste à utiliser un système de maintien des fonctions vitales qui fait circuler le sang à travers un système d'oxygénation et qui peut comprendre une pompe, un oxygénateur à membrane et un échangeur de chaleur.",Indiquez « Oui » si ce mode d'assistance respiratoire a été utilisé pour administrer un supplément d'oxygène au patient entre 00 h 00 et 24 h 00 le jour de l'évaluation.,0,0,0,0,0,0
quotidien,ASSISTANCE RESPIRATOIRE : Enregistrer toutes les interventions respiratoires effectuées entre 00 h 00 et 24 h 00 le jour de l'évaluation.,treat_ecmo_type,Type d'ECLS / ECMO,"1, Veino-veineuse (VV) | 2, Veino-artérielle (VA) | 99, Inconnue","Il s'agit du type d'oxygénation par membrane extracorporelle (ECMO), également appelée assistance vitale extracorporelle (ECLS). L'ECMO/ECLS veino-veineuse (veine-veineuse) est utilisée pour assister les poumons et l'ECLS/ECMO veino-artérielle (veine-artérielle) est utilisée pour assister les poumons et le cœur.",Sélectionnez l'option la plus appropriée correspondant au type d'ECLS / ECMO utilisé entre 00h00 et 24h00 le jour de l'évaluation.,0,0,0,0,0,0
quotidien,ASSISTANCE RESPIRATOIRE : Enregistrer toutes les interventions respiratoires effectuées entre 00 h 00 et 24 h 00 le jour de l'évaluation.,treat_prone,Positionnement couché,"1, Oui | 0, Non | 99, Inconnue","Il s'agit de la position couchée sur le ventre, qui consiste à placer le patient en position couchée sur le ventre afin de faciliter la ventilation. Cela inclut à la fois les patients sous ventilation invasive (intubés) et les patients non intubés ou ventilés de manière autonome.","Indiquez «oui», pour tous les patients s'ils ont été dans la position couchée pour aider leur ventilation à tout moment pendant l'admission. Si «oui» indique le type de ventilation se produisait lors du positionnement couché ci-dessous.",0,0,0,0,0,0
quotidien,ASSISTANCE RESPIRATOIRE : Enregistrer toutes les interventions respiratoires effectuées entre 00 h 00 et 24 h 00 le jour de l'évaluation.,treat_prone_when,Si oui: quand était le positionnement couché?,"1, Pendant la ventilation invasive | 2, Pendant l'autoventilation | 99, Inconnu","Il s'agit du type de ventilation assistée lorsque le patient a été placé en position couchée sur le ventre. Il peut s'agir de patients sous ventilation invasive (intubés) ou de patients non intubés/ventilés de manière autonome. ",Spécifiez le type de ventilation assistée administrée lorsque le patient a été placé en position couchée.,0,0,0,0,0,0
quotidien,ASSISTANCE RESPIRATOIRE : Enregistrer toutes les interventions respiratoires effectuées entre 00 h 00 et 24 h 00 le jour de l'évaluation.,treat_pao2yn,Type d'échantillon PaO2,"1, Artérielle | 2, Capillaire | 3, Veineuse | 99, Inconnue | 0, Non effectuée",Il s'agit du type d'échantillon sanguin utilisé pour mesurer la pression partielle d'oxygène dans le sang (PaO2) à l'aide d'une analyse des gaz sanguins.,Sélectionnez le type d'échantillon sanguin utilisé pour mesurer la pression partielle d'oxygène.,0,0,0,0,0,0
quotidien,ASSISTANCE RESPIRATOIRE : Enregistrer toutes les interventions respiratoires effectuées entre 00 h 00 et 24 h 00 le jour de l'évaluation.,treat_pao2,PAO2 (SELECT UNITÉS),,,,0,0,0,,,
quotidien,ASSISTANCE RESPIRATOIRE : Enregistrer toutes les interventions respiratoires effectuées entre 00 h 00 et 24 h 00 le jour de l'évaluation.,treat_pao2_units,PaO2 (certaines unités),"1, mmHg | 2, kPa",,,0,0,0,,,0
quotidien,ASSISTANCE RESPIRATOIRE : Enregistrer toutes les interventions respiratoires effectuées entre 00 h 00 et 24 h 00 le jour de l'évaluation.,treat_pao2_kpa,PAO2 (KPA),,Cela fait référence au PAO2 le plus bas (en KPA) entre 00h00 et 24h00 le jour de l'évaluation.,Enregistrez le PAO2 le plus bas (en KPA) qui a été mesuré entre 00h00 et 24h00 le jour de l'évaluation.,0,0,0,0,0,
quotidien,ASSISTANCE RESPIRATOIRE : Enregistrer toutes les interventions respiratoires effectuées entre 00 h 00 et 24 h 00 le jour de l'évaluation.,treat_pao2_mmhg,PAO2 (MMHG),,Cela fait référence au PAO2 le plus bas (en MMHg) entre 00h00 et 24h00 le jour de l'évaluation.,Enregistrez le PAO2 le plus bas (en MMHg) qui a été mesuré entre 00h00 et 24h00 le jour de l'évaluation.,0,0,0,0,0,
quotidien,ASSISTANCE RESPIRATOIRE : Enregistrer toutes les interventions respiratoires effectuées entre 00 h 00 et 24 h 00 le jour de l'évaluation.,treat_highfio,FIO2 au moment de PAO2 (unités sélectionnées),,,,0,0,0,,,
quotidien,ASSISTANCE RESPIRATOIRE : Enregistrer toutes les interventions respiratoires effectuées entre 00 h 00 et 24 h 00 le jour de l'évaluation.,treat_highfio_units,FiO2 au moment de PaO2 (certaines unités),"1, fraction, 0,21-1,0 | 2, %, 21-100",,,0,0,0,,,0
quotidien,ASSISTANCE RESPIRATOIRE : Enregistrer toutes les interventions respiratoires effectuées entre 00 h 00 et 24 h 00 le jour de l'évaluation.,treat_highfio_02110,"FIO2 au moment de PAO2 (fraction, 0,21-1,0)",,"Cela fait référence à la fraction mesurée de l'oxygène inspiré (FIO2), exprimée en fraction. livré au moment du PAO2 le plus bas (pression partielle d'oxygène dans le sang) enregistré ci-dessus.",Écrivez le FIO2 au moment du PAO2 le plus bas (enregistré ci-dessus) qui s'est produit à tout moment entre 00h00 et 24h00 le jour de l'évaluation.,0,0,0,0,0,
quotidien,ASSISTANCE RESPIRATOIRE : Enregistrer toutes les interventions respiratoires effectuées entre 00 h 00 et 24 h 00 le jour de l'évaluation.,treat_highfio_pcnt,"FIO2 au moment de PAO2 (%, 21-100)",,"Cela fait référence à la fraction mesurée de l'oxygène inspiré (FIO2), exprimée en pourcentage, délivrée au moment du PAO2 la plus faible (pression partielle d'oxygène dans le sang) enregistrée ci-dessus.",Écrivez le FIO2 au moment du PAO2 le plus bas (enregistré ci-dessus) qui s'est produit à tout moment entre 00h00 et 24h00 le jour de l'évaluation.,0,0,0,0,0,
quotidien,ASSISTANCE RESPIRATOIRE : Enregistrer toutes les interventions respiratoires effectuées entre 00 h 00 et 24 h 00 le jour de l'évaluation.,treat_o2supp_oth,Autre(s) intervention(s) ou procédure(s) d'assistance respiratoire,"1, Oui | 0, Non | 99, Inconnu",Il s'agit de toute autre intervention ou procédure spécifique d'assistance respiratoire non caractérisée autrement que vous jugez pertinente.,Indiquez « Oui » si d'autres interventions ou procédures d'assistance respiratoire ont été utilisées entre 00h00 et 24h00 le jour de l'évaluation.,0,0,0,0,0,0
quotidien,ASSISTANCE RESPIRATOIRE : Enregistrer toutes les interventions respiratoires effectuées entre 00 h 00 et 24 h 00 le jour de l'évaluation.,treat_o2supp_oth_spec,Veuillez préciser les autres interventions ou procédures d'assistance respiratoire,,Il s'agit de toute autre intervention ou procédure spécifique d'assistance respiratoire non caractérisée autrement que vous jugez pertinente.,"Si « Oui », veuillez préciser les interventions ou procédures d'assistance respiratoire non caractérisées qui, selon vous, pourraient être pertinentes.",0,0,0,0,0,
quotidien,INTERVENTIONS DE SOINS AVANCÉS : Enregistrer toutes les interventions de soins avancés effectuées entre 00h00 et 24h00 le jour de l'évaluation.,critd_critcare,Les interventions de soins intensifs ont-elles été administrées à cette date?,"1, Oui | 0, Non | 99, Inconnu",Cela fait référence à des interventions thérapeutiques ou des procédures thérapeutiques de soins intensifs qui ont été administrés entre 00h00 et 24h00 le jour de l'évaluation.,"Indiquez «oui», si des soins intensifs, des inyervitions ont été administrés entre 00h00 et 24h00 le jour de l'évaluation.",0,0,0,0,0,0
quotidien,INTERVENTIONS DE SOINS AVANCÉS : Enregistrer toutes les interventions de soins avancés effectuées entre 00h00 et 24h00 le jour de l'évaluation.,critd_icu,ICU / UIT / HDU / Unité de soins intermédiaires Admission,"1, Oui | 0, Non | 99, Inconnu","Cela fait référence aux unités de soins intensifs (USI), aux unités de thérapie / traitement intensive (UIT), d'unités de soins intensifs, d'unités de haute dépendance (HDU) ou d'unité de niveau similaire.","Indiquez « Oui » si le patient a été admis en soins intensifs (ou dans une unité de niveau similaire) entre 00 h 00 et 24 h 00 le jour de l'évaluation. ",0,0,0,0,0,0
quotidien,INTERVENTIONS DE SOINS AVANCÉS : Enregistrer toutes les interventions de soins avancés effectuées entre 00h00 et 24h00 le jour de l'évaluation.,critd_neuromusc,Agents de blocage neuromusculaires,"1, Oui | 0, Non | 99, Inconnu","Cela fait référence à l'utilisation de bloqueurs neuromusculaires. Les exemples incluent l'atracurium, le cisatracurium, le nimbex, le norcuron, le pancuronium, le pavulon, le rocuronium, le tracrium, le vecuronium, le zémuron.","Indiquez «oui», si des bloqueurs neuromusculaires étaient utilisés entre 00h00 et 24h00 le jour de l'évaluation.",0,0,0,0,0,0
quotidien,INTERVENTIONS DE SOINS AVANCÉS : Enregistrer toutes les interventions de soins avancés effectuées entre 00h00 et 24h00 le jour de l'évaluation.,critd_nitricoxide,Oxyde nitrique inhalé,"1, Oui | 0, Non | 99, Inconnu",Fait référence à l'oxyde nitrique comme dans l'inhalant généralement utilisé pour une insuffisance respiratoire hypoxique entre autres utilisations.,Indiquez «oui» si l'oxyde nitrique inhalé était utilisé à tout moment entre 00h00 et 24h00 le jour de l'évaluation.,0,0,0,0,0,0
quotidien,INTERVENTIONS DE SOINS AVANCÉS : Enregistrer toutes les interventions de soins avancés effectuées entre 00h00 et 24h00 le jour de l'évaluation.,critd_tracheostmy,Trachéotomie insérée,"1, Oui | 0, Non | 99, Inconnu","Cela fait référence à la formation chirurgicale d'une ouverture dans la trachée à travers le cou, ou à l'ouverture ainsi créée.",Indiquez «oui» si cela s'est produit à tout moment entre 00h00 et 24h00 le jour de l'évaluation.,0,0,0,0,0,0
quotidien,INTERVENTIONS DE SOINS AVANCÉS : Enregistrer toutes les interventions de soins avancés effectuées entre 00h00 et 24h00 le jour de l'évaluation.,critd_rtt,Thérapie de remplacement rénal (RRT) ou dialyse / hémofiltration,"1, Oui | 0, Non | 99, Inconnu","Cela fait référence aux traitements qui se remplacent à la fonction de filtrage sanguin des reins. Il comprend la dialyse (hémodialyse ou dialyse péritonéale), l'hémofiltration et l'hémodiafiltration. La greffe de rein peut également être considérée comme une thérapie de remplacement rénale. Il peut être intermittent ou continu.",Indiquez «oui» si cela s'est produit à tout moment entre 00h00 et 24h00 le jour de l'évaluation.,0,0,0,0,0,0
quotidien,INTERVENTIONS DE SOINS AVANCÉS : Enregistrer toutes les interventions de soins avancés effectuées entre 00h00 et 24h00 le jour de l'évaluation.,critd_rtt_typ,Si oui: type de thérapie de remplacement rénal (RRT) ou dialyse / hémofiltration,"1, Intermittent | 2, Continu | 99, Inconnu","Cela fait référence aux traitements qui se remplacent à la fonction de filtrage sanguin des reins. Il comprend la dialyse (hémodialyse ou dialyse péritonéale), l'hémofiltration et l'hémodiafiltration. La greffe de rein peut également être considérée comme une thérapie de remplacement rénale. Il peut être intermittent ou continu. L'intermitte fait référence aux procédures avec une purification sanguine non continu (par exemple, la dialyse, la filtration et / ou la perfusion) via un accès vasculaire en augmentant le débit sanguin. Continue fait référence aux procédures avec une purification sanguine continue (par exemple, la dialyse, la filtration ou la perfusion) via un accès vasculaire conçu pour imiter la fonction rénale dans les maladies rénales",Sélectionnez l'option la plus appropriée correspondant au type de thérapie de remplacement rénal (RRT) ou de dialyse / hémofiltration,0,0,0,0,0,0
quotidien,INTERVENTIONS DE SOINS AVANCÉS : Enregistrer toutes les interventions de soins avancés effectuées entre 00h00 et 24h00 le jour de l'évaluation.,critd_vasopress,Tout support vasopresseur / inotrope,"1, Oui | 0, Non | 99, Inconnu","Cela fait référence à l'utilisation continue d'un vasopresseur ou d'un inotrope pendant au moins une heure. Un vasopresseur est un agent pharmaceutique qui provoque une vasoconstriction. Les agents comprennent la noradrénaline, l'épinéphrine, la vasopressine, la terlipressine et la phényléphrine. Un inotrope est un agent pharmaceutique qui modifie la force de la contractilité myocardique. Les inotropes «positifs» couramment utilisés comprennent la dobutamine, la dopamine, la milrinone et l'adrénaline (épinéphrine).","Indiquez «oui», si cet agent a été utilisé pendant au moins une heure entre 00h00 et 24h00 le jour de l'évaluation. Indiquez le montant utilisé ci-dessous.",0,0,0,0,0,0
quotidien,INTERVENTIONS DE SOINS AVANCÉS : Enregistrer toutes les interventions de soins avancés effectuées entre 00h00 et 24h00 le jour de l'évaluation.,critd_vasopress_reas,Raison de l'utilisation d'un vasopresseur / inotrope,"1, Choc | 2, Hypotension persistante | 88, Autre | 99, Inconnu","Il s'agit de la raison pour laquelle des vasopresseurs ou des inotropes sont utilisés. Le choc est défini comme une insuffisance circulatoire avec un apport insuffisant en oxygène aux tissus et est évalué en mesurant des paramètres hémodynamiques objectifs, notamment la pression différentielle, la pression artérielle systolique et les signes cliniques d'hypoperfusion. Un patient est classé comme étant en état de choc s'il répond aux critères hémodynamiques objectifs suivants : SOIT une pression différentielle <= 20 mmHg ou un indice de choc (fréquence cardiaque / SBP) >= 1,0 chez les adultes et les enfants > 5 ans ; SOIT une SBP inférieure aux seuils absolus : adultes SBP < 90 mmHg ou MAP < 60 ; enfants < 1 an : SBP < 70 mmHg ; 1-10 ans : PAS < [70 + (2 * âge en années)] mmHg ; > 10 ans : PAS < 90 mmHg ; ET signe objectif d'hypoperfusion avec au moins l'un des éléments suivants : CRT périphérique > 2 s ; débit urinaire < 0,5 ml/kg/h pendant >= 6 heures (si possible) ; extrémités froides/moites ; ou agitation ou altération de l'état mental. L'hypotension persistante est confirmée lorsque des bolus supplémentaires (>= 10 ml/kg par bolus) ou une perfusion intraveineuse continue à un débit >= 2 fois le débit d'entretien sont nécessaires (les patients dont l'hypotension disparaît après un seul bolus ou ceux dont l'hypotension est due à des causes non infectieuses (par exemple, hémorragie, choc cardiogénique) sont exclus de cette définition).","Sélectionnez la ou les options les plus appropriées qui représentent la ou les raisons de l'utilisation d'un vasopresseur / inotrope. ",0,0,0,0,0,0
quotidien,INTERVENTIONS DE SOINS AVANCÉS : Enregistrer toutes les interventions de soins avancés effectuées entre 00h00 et 24h00 le jour de l'évaluation.,critd_vasopress_reasoth,Précisez autre raison de l'utilisation d'un vasopresseur / inotrope,,Il s'agit de la raison pour laquelle des vasopresseurs ou des inotropes sont utilisés.,"Si « Autre », précisez la raison de l'utilisation d'un vasopresseur ou d'un inotrope.",0,0,0,0,0,
quotidien,INTERVENTIONS DE SOINS AVANCÉS : Enregistrer toutes les interventions de soins avancés effectuées entre 00h00 et 24h00 le jour de l'évaluation.,critd_vasopress1,Si oui à un support vasopresseur / inotrope: dopamine <5UG / kg / min ou dobutamine ou milrinone ou lévosimendan,"1, Oui | 0, Non | 99, Inconnu",Cela fait référence au type de vasopresseurs utilisés.,"Indiquez «oui», si ce (s) agent (s) a été utilisé pendant au moins une heure entre 00h00 et 24h00 le jour de l'évaluation. Indiquez le montant utilisé ci-dessous.",0,0,0,0,0,0
quotidien,INTERVENTIONS DE SOINS AVANCÉS : Enregistrer toutes les interventions de soins avancés effectuées entre 00h00 et 24h00 le jour de l'évaluation.,critd_vasopress2,"Si oui à un support vasopresseur / inotrope: dopamine 5-15ug / kg / min ou épinéphrine (adrénaline) / noradréphrine (noradrénaline) <0,1UG / kg / min ou vasopressine ou phényléphrine","1, Oui | 0, Non | 99, Inconnu",Cela fait référence au type de vasopresseurs utilisés.,"Indiquez «oui», si ce (s) agent (s) a été utilisé pendant au moins une heure entre 00h00 et 24h00 le jour de l'évaluation. Indiquez le montant utilisé ci-dessous.",0,0,0,0,0,0
quotidien,INTERVENTIONS DE SOINS AVANCÉS : Enregistrer toutes les interventions de soins avancés effectuées entre 00h00 et 24h00 le jour de l'évaluation.,critd_vasopress3,"Si oui à un support vasopresseur / inotrope: dopamine> 15UG / kg / min ou épinéphrine (adrénaline) / norépinéphrine (noradrénaline)> 0,1UG / kg / min","1, Oui | 0, Non | 99, Inconnu",Cela fait référence au type de vasopresseurs utilisés.,"Indiquez «oui», si ce (s) agent (s) a été utilisé pendant au moins une heure entre 00h00 et 24h00 le jour de l'évaluation. Indiquez le montant utilisé ci-dessous.",0,0,0,0,0,0
quotidien,INTERVENTIONS DE SOINS AVANCÉS : Enregistrer toutes les interventions de soins avancés effectuées entre 00h00 et 24h00 le jour de l'évaluation.,critd_vasopress_type,Type de soutien vasopresseur / inotrope,"1, Dopamine (<5ug/kg/min)  | 2, Dopamine (5-15 ug/kg/min) | 3, Dopamine (>15 ug/kg/min) | 4, Norépinéphrine (noradrénaline) < 0,1 ug/kg/min | 5, Norépinéphrine (noradrénaline) > 0,1 ug/kg/min |6, Épinéphrine (adrénaline) | 7, Dobutamine | 8, Milrinone  | 9, Lévosimendan | 10, Vasopressine|11,Phényléphrine| 12,Terlipressine |13,Angiotensine II",Il s'agit du type de vasopresseurs utilisés.,Sélectionnez la ou les options les plus appropriées si ces agents ont été utilisés pendant au moins une heure entre 00h00 et 24h00 le jour de l'évaluation.,0,0,0,0,0,0
quotidien,INTERVENTIONS DE SOINS AVANCÉS : Enregistrer toutes les interventions de soins avancés effectuées entre 00h00 et 24h00 le jour de l'évaluation.,critd_critcareunlst,Autres interventions ou procédures de soins intensifs,"1, Oui | 0, Non | 99, Inconnu","Cela fait référence à toute autre intervention thérapeutique ou procédure non caractéristique spécifique qui n'est pas caractérisée par ailleurs qui, selon vous, peut être pertinente.",Indiquez « Oui » si d'autres interventions ou procédures de soins intensifs ont été utilisées entre 00 h 00 et 24 h 00 le jour de l'évaluation.,0,0,0,0,0,0
quotidien,INTERVENTIONS DE SOINS AVANCÉS : Enregistrer toutes les interventions de soins avancés effectuées entre 00h00 et 24h00 le jour de l'évaluation.,critd_critcareunlst_oth,Si autre: veuillez spécifier d'autres interventions ou procédures de soins intensifs ou procédures,,"Cela fait référence à toute autre intervention thérapeutique ou procédure non caractéristique spécifique qui n'est pas caractérisée par ailleurs qui, selon vous, peut être pertinente.","Si «oui», veuillez spécifier la ou les interventions thérapeutiques de soins intensifs ou les procédures non caractérisées par ailleurs que vous pensez être pertinentes.",0,0,0,0,0,
quotidien,RÉSULTATS DE LABORATOIRE : Enregistrez la valeur la plus éloignée de la plage normale entre 00 h 00 et 24 h 00 le jour de l'évaluation.,labs_dailydata,Entrer les résultats de laboratoire pour cette date ?,"1, Oui | 0, Non","Cette section concerne uniquement les tests de laboratoire qui ont été effectués pendant le séjour du patient dans l'établissement clinique (hôpital) et recueillis à la date de l'évaluation. En général, les résultats rejetés par l'équipe clinique (par exemple, échantillons sanguins hémolysés, résultats microbiologiques contaminés) ne doivent pas être signalés.","Indiquez « Oui » si des échantillons de laboratoire ont été prélevés à la date de l'évaluation. Si aucun échantillon de laboratoire n'a été prélevé à la date de l'évaluation, indiquez « Non » et passez à la section suivante. En général, ne signalez pas les résultats qui ont été rejetés par l'équipe clinique (par exemple, échantillon hémolysé). Sauf indication contraire, s'il y a plusieurs mesures, veuillez indiquer la mesure la plus éloignée de la normale physiologique ou de la fourchette de laboratoire entre 00 h 00 et 24 h 00 le jour de l'évaluation.",0,0,0,0,0,0
quotidien,RÉSULTATS DE LABORATOIRE : Enregistrez la valeur la plus éloignée de la plage normale entre 00 h 00 et 24 h 00 le jour de l'évaluation.,labs_fbc,Hémogramme complet,,"Il s'agit des résultats de la numération globulaire complète. ",Indiquez « Oui » pour saisir les résultats complets de la numération globulaire.,0,0,0,0,0,
quotidien,RÉSULTATS DE LABORATOIRE : Enregistrez la valeur la plus éloignée de la plage normale entre 00 h 00 et 24 h 00 le jour de l'évaluation.,labs_haemo,Hémoglobine (unités sélectionnées),,,,0,0,0,,,
quotidien,RÉSULTATS DE LABORATOIRE : Enregistrez la valeur la plus éloignée de la plage normale entre 00 h 00 et 24 h 00 le jour de l'évaluation.,labs_haemo_units,Hémoglobine (certaines unités),"1, g/dL | 2, g/L",,,0,0,0,,,0
quotidien,RÉSULTATS DE LABORATOIRE : Enregistrez la valeur la plus éloignée de la plage normale entre 00 h 00 et 24 h 00 le jour de l'évaluation.,labs_haemo_gdl,Hémoglobine (g / dl),,L'hémoglobine (HB ou HGB) fait référence à la mesure de la concentration d'hémoglobine dans le sang.,"Écrivez le niveau d'hémoglobine (G / DL). S'il y a plusieurs, signalez la mesure la plus éloignée de la plage physiologique ou de laboratoire normale entre 00h00 et 24h00 le jour de l'évaluation.",0,0,0,0,0,
quotidien,RÉSULTATS DE LABORATOIRE : Enregistrez la valeur la plus éloignée de la plage normale entre 00 h 00 et 24 h 00 le jour de l'évaluation.,labs_haemo_gl,Hémoglobine (g / l),,Cela fait référence à la mesure de la concentration d'hémoglobine dans le sang.,"Écrivez le niveau d'hémoglobine (G / L). S'il y a plusieurs, signalez la mesure la plus éloignée de la plage physiologique ou de laboratoire normale entre 00h00 et 24h00 le jour de l'évaluation.",0,0,0,0,0,
quotidien,RÉSULTATS DE LABORATOIRE : Enregistrez la valeur la plus éloignée de la plage normale entre 00 h 00 et 24 h 00 le jour de l'évaluation.,labs_wbccount,Count WBC (10 ^ 9 / L),,Cela fait référence au nombre total de globules blancs (WBC) dans le sang.,"Écrivez le nombre de WBC (10 ^ 9 / L). S'il y a plusieurs, signalez la mesure la plus éloignée de la plage physiologique ou de laboratoire normale entre 00h00 et 24h00 le jour de l'évaluation.",0,0,0,0,0,
quotidien,RÉSULTATS DE LABORATOIRE : Enregistrez la valeur la plus éloignée de la plage normale entre 00 h 00 et 24 h 00 le jour de l'évaluation.,labs_neutrophil,Neutrophiles (unités sélectionnées),,,,0,0,0,,,
quotidien,RÉSULTATS DE LABORATOIRE : Enregistrez la valeur la plus éloignée de la plage normale entre 00 h 00 et 24 h 00 le jour de l'évaluation.,labs_neutrophil_units,Neutrophiles (certaines unités),"1, % | 2, 10^9/L",,,0,0,0,,,0
quotidien,RÉSULTATS DE LABORATOIRE : Enregistrez la valeur la plus éloignée de la plage normale entre 00 h 00 et 24 h 00 le jour de l'évaluation.,labs_neutrophil_109l,Neutrophiles (10 ^ 9 / l),,Cela fait référence au nombre de neutrophiles dans le sang dans 10 ^ 9 cellules / l.,"Écrivez le nombre de neutrophiles (10 ^ 9 / L). S'il y a plusieurs, signalez la mesure la plus éloignée de la plage physiologique ou de laboratoire normale entre 00h00 et 24h00 le jour de l'évaluation.",0,0,0,0,0,
quotidien,RÉSULTATS DE LABORATOIRE : Enregistrez la valeur la plus éloignée de la plage normale entre 00 h 00 et 24 h 00 le jour de l'évaluation.,labs_neutrophil_pcnt,Neutrophiles (%),,Cela fait référence au nombre de neutrophiles dans le sang en%.,"Écrivez le nombre de neutrophiles (%). S'il y a plusieurs, signalez la mesure la plus éloignée de la plage physiologique ou de laboratoire normale entre 00h00 et 24h00 le jour de l'évaluation.",0,0,0,0,0,
quotidien,RÉSULTATS DE LABORATOIRE : Enregistrez la valeur la plus éloignée de la plage normale entre 00 h 00 et 24 h 00 le jour de l'évaluation.,labs_lymphocyte,Lymphocytes (unités sélectionnées),,,,0,0,0,,,
quotidien,RÉSULTATS DE LABORATOIRE : Enregistrez la valeur la plus éloignée de la plage normale entre 00 h 00 et 24 h 00 le jour de l'évaluation.,labs_lymphocyte_units,Lymphocytes (certaines unités),"1, % | 2, 10^9/L",,,0,0,0,,,0
quotidien,RÉSULTATS DE LABORATOIRE : Enregistrez la valeur la plus éloignée de la plage normale entre 00 h 00 et 24 h 00 le jour de l'évaluation.,labs_lymphocyte_109l,Lymphocytes (10 ^ 9 / l),,Cela fait référence au nombre de lymphocytes dans le sang dans 10 ^ 9 cellules / l.,"Écrivez le nombre de lymphocytes (10 ^ 9 / L). S'il y a plusieurs, signalez la mesure la plus éloignée de la plage physiologique ou de laboratoire normale entre 00h00 et 24h00 le jour de l'évaluation.",0,0,0,0,0,
quotidien,RÉSULTATS DE LABORATOIRE : Enregistrez la valeur la plus éloignée de la plage normale entre 00 h 00 et 24 h 00 le jour de l'évaluation.,labs_lymphocyte_pcnt,Lymphocytes (%),,Cela fait référence au nombre de lymphocytes dans le sang en%.,"Écrivez le nombre de lymphocytes (%). S'il y a plusieurs, signalez la mesure la plus éloignée de la plage physiologique ou de laboratoire normale entre 00h00 et 24h00 le jour de l'évaluation.",0,0,0,0,0,
quotidien,RÉSULTATS DE LABORATOIRE : Enregistrez la valeur la plus éloignée de la plage normale entre 00 h 00 et 24 h 00 le jour de l'évaluation.,labs_eosinophil,Eosinophile (unités sélectionnées),,,,0,0,0,,,
quotidien,RÉSULTATS DE LABORATOIRE : Enregistrez la valeur la plus éloignée de la plage normale entre 00 h 00 et 24 h 00 le jour de l'évaluation.,labs_eosinophil_units,Éosinophiles (certaines unités),"1, % | 2, 10^9/L",,,0,0,0,,,0
quotidien,RÉSULTATS DE LABORATOIRE : Enregistrez la valeur la plus éloignée de la plage normale entre 00 h 00 et 24 h 00 le jour de l'évaluation.,labs_eosinophil_109l,Éosinophiles (10 ^ 9 / l),,Il s'agit du nombre d'éosinophiles dans le sang.,"Écrivez le nombre d'éosinophiles (10 ^ 9 / L). S'il y a plusieurs, signalez la mesure la plus éloignée de la plage physiologique ou de laboratoire normale entre 00h00 et 24h00 le jour de l'évaluation.",0,0,0,0,0,
quotidien,RÉSULTATS DE LABORATOIRE : Enregistrez la valeur la plus éloignée de la plage normale entre 00 h 00 et 24 h 00 le jour de l'évaluation.,labs_eosinophil_pcnt,Éosinophiles (%),,Nombre différentiel des éosinophiles.,Écrivez le nombre de différentiels d'éosinophiles (%),0,0,0,0,0,
quotidien,RÉSULTATS DE LABORATOIRE : Enregistrez la valeur la plus éloignée de la plage normale entre 00 h 00 et 24 h 00 le jour de l'évaluation.,labs_hematocrit,Hématocrite (unités sélectionnées),,,,0,0,0,,,
quotidien,RÉSULTATS DE LABORATOIRE : Enregistrez la valeur la plus éloignée de la plage normale entre 00 h 00 et 24 h 00 le jour de l'évaluation.,labs_hematocrit_units,Hématocrite (certaines unités),"1, % | 2, L/L",,,0,0,0,,,0
quotidien,RÉSULTATS DE LABORATOIRE : Enregistrez la valeur la plus éloignée de la plage normale entre 00 h 00 et 24 h 00 le jour de l'évaluation.,labs_hematocrit_pcnt,Hématocrite (%),,"L'hématocrite (HT ou HCT), également connu sous le nom de volume de cellules emballé (PCV) ou la fraction volumique des érythrocytes (EVF), est le pourcentage de volume (%) des globules rouges exprimés en pourcentage du volume sanguin total.","Écrivez l'hématocrite (%). S'il y a plusieurs, signalez la mesure la plus éloignée de la plage physiologique ou de laboratoire normale entre 00h00 et 24h00 le jour de l'évaluation.",0,0,0,0,0,
quotidien,RÉSULTATS DE LABORATOIRE : Enregistrez la valeur la plus éloignée de la plage normale entre 00 h 00 et 24 h 00 le jour de l'évaluation.,labs_hematocrit_ll,Hématocrite (L / L),,"L'hématocrite (HT ou HCT), également connu sous le nom de volume de cellules emballé (PCV) ou la fraction volumique des érythrocytes (EVF), est le pourcentage de volume (%) des globules rouges dans le sang.","Écrivez l'hématocrite (L / L). S'il y a plusieurs, signalez la mesure la plus éloignée de la plage physiologique ou de laboratoire normale entre 00h00 et 24h00 le jour de l'évaluation.",0,0,0,0,0,
quotidien,RÉSULTATS DE LABORATOIRE : Enregistrez la valeur la plus éloignée de la plage normale entre 00 h 00 et 24 h 00 le jour de l'évaluation.,labs_platelets,Plaquettes (SELECT UNITÉS),,,,0,0,0,,,
quotidien,RÉSULTATS DE LABORATOIRE : Enregistrez la valeur la plus éloignée de la plage normale entre 00 h 00 et 24 h 00 le jour de l'évaluation.,labs_platelets_units,Plaquettes (certaines unités),"1, 10^9/L | 2, 10^3/µL",,,0,0,0,,,0
quotidien,RÉSULTATS DE LABORATOIRE : Enregistrez la valeur la plus éloignée de la plage normale entre 00 h 00 et 24 h 00 le jour de l'évaluation.,labs_platelets_109l,Plaquettes (10 ^ 9 / l),,Il s'agit du nombre de plaquettes dans le sang.,"Écrivez le nombre de plaquettes (10 ^ 9 / L). S'il y a plusieurs, signalez la mesure la plus éloignée de la plage physiologique ou de laboratoire normale entre 00h00 et 24h00 le jour de l'évaluation.",0,0,0,0,0,
quotidien,RÉSULTATS DE LABORATOIRE : Enregistrez la valeur la plus éloignée de la plage normale entre 00 h 00 et 24 h 00 le jour de l'évaluation.,labs_platelets_103ul,Plaquettes (10 ^ 3 / ul),,Il s'agit du nombre de plaquettes.,"Écrivez le nombre de plaquettes (10 ^ 3 / L). S'il y a plusieurs, signalez la mesure la plus éloignée de la plage physiologique ou de laboratoire normale entre 00h00 et 24h00 le jour de l'évaluation.",0,0,0,0,0,
quotidien,RÉSULTATS DE LABORATOIRE : Enregistrez la valeur la plus éloignée de la plage normale entre 00 h 00 et 24 h 00 le jour de l'évaluation.,labs_erymeancorvol,Ery. Volume corpusculaire moyen (FL),,Érythrocyte moyen Volume corpusculaire ou MCV.,Écrivez le MCV (FL),0,0,0,0,0,
quotidien,RÉSULTATS DE LABORATOIRE : Enregistrez la valeur la plus éloignée de la plage normale entre 00 h 00 et 24 h 00 le jour de l'évaluation.,labs_erymeancorhgb,Ery. Concentration moyenne d'hémoglobine corpusculaire (g / L),,Érythrocyte moyen de concentration d'hémoglobine corpusculaire ou MCHC.,Écrivez la concentration moyenne d'hémaglobine corpusculaire (g / L).,0,0,0,0,0,
quotidien,RÉSULTATS DE LABORATOIRE : Enregistrez la valeur la plus éloignée de la plage normale entre 00 h 00 et 24 h 00 le jour de l'évaluation.,labs_erymeancorhgb_units,Éry. concentration moyenne d'hémoglobine corpusculaire (MCHC) (certaines unités),"1, g/L | 2, g/dL",,,0,0,0,,,0
quotidien,RÉSULTATS DE LABORATOIRE : Enregistrez la valeur la plus éloignée de la plage normale entre 00 h 00 et 24 h 00 le jour de l'évaluation.,labs_erymeancorhgb_gl,Concentration moyenne d'hémoglobine corpusculaire érythrocytaire / MCHC (g/L),,Concentration corpusculaire moyenne en hémoglobine des érythrocytes ou CCMH.,Indiquez la concentration moyenne d'hémoglobine corpusculaire (g/L).,0,0,0,0,0,
quotidien,RÉSULTATS DE LABORATOIRE : Enregistrez la valeur la plus éloignée de la plage normale entre 00 h 00 et 24 h 00 le jour de l'évaluation.,labs_erymeancorhgb_gdl,Concentration moyenne d'hémoglobine corpusculaire érythrocytaire / MCHC (g/dL),,Concentration corpusculaire moyenne en hémoglobine des érythrocytes ou CCMH.,Indiquez la concentration moyenne en hémoglobine corpusculaire (g/L).,0,0,0,0,0,
quotidien,RÉSULTATS DE LABORATOIRE : Enregistrez la valeur la plus éloignée de la plage normale entre 00 h 00 et 24 h 00 le jour de l'évaluation.,labs_erymeancorhe,Ery. hémoglobine corpusculaire moyenne (PG),,L'érythrocyte signifie hémoglobine corpusculaire ou MCH.,Écrivez la concentration moyenne d'hémaglobine corpusculaire (PG).,0,0,0,0,0,
quotidien,RÉSULTATS DE LABORATOIRE : Enregistrez la valeur la plus éloignée de la plage normale entre 00 h 00 et 24 h 00 le jour de l'évaluation.,labs_coag,Profil de coagulation,,Il s'agit des résultats du profil de coagulation,Cochez « Oui » pour saisir les résultats du profil de coagulation,0,0,0,0,0,
quotidien,RÉSULTATS DE LABORATOIRE : Enregistrez la valeur la plus éloignée de la plage normale entre 00 h 00 et 24 h 00 le jour de l'évaluation.,labs_prothrombin,Temps de prothrombine / PT (sec),,Temps de prothrombine ou TP.,Indiquez le TP (en secondes).,0,0,0,0,0,
quotidien,RÉSULTATS DE LABORATOIRE : Enregistrez la valeur la plus éloignée de la plage normale entre 00 h 00 et 24 h 00 le jour de l'évaluation.,labs_aptt,Temps de thromboplastine partiel activé / APTT (SEC),,"Temps de thromboplastine partiel activé (APTT), mesuré en secondes.",Écrivez l'APTT (SEC).,0,0,0,0,0,
quotidien,RÉSULTATS DE LABORATOIRE : Enregistrez la valeur la plus éloignée de la plage normale entre 00 h 00 et 24 h 00 le jour de l'évaluation.,labs_aptr,Aptr,,L'APTR est le rapport de thromboplastine partielle activé. Le résultat est un rapport et n'a donc pas d'unités.,Écrivez l'APTR.,0,0,0,0,0,
quotidien,RÉSULTATS DE LABORATOIRE : Enregistrez la valeur la plus éloignée de la plage normale entre 00 h 00 et 24 h 00 le jour de l'évaluation.,labs_tqinr,INR,,L'INR sérique (rapport international normalisé) est un rapport du temps de prothrombine pour le patient pour contrôler le temps de prothrombine. Le résultat est un rapport et n'a donc pas d'unités.,Écrivez le sérum INR.,0,0,0,0,0,
quotidien,RÉSULTATS DE LABORATOIRE : Enregistrez la valeur la plus éloignée de la plage normale entre 00 h 00 et 24 h 00 le jour de l'évaluation.,labs_fibrinogen,Fibrinogène (unités sélectionnées),,,,0,0,0,,,
quotidien,RÉSULTATS DE LABORATOIRE : Enregistrez la valeur la plus éloignée de la plage normale entre 00 h 00 et 24 h 00 le jour de l'évaluation.,labs_fibrinogen_units,Fibrinogène (certaines unités),"1, g/L | 2, mg/dL",,,0,0,0,,,0
quotidien,RÉSULTATS DE LABORATOIRE : Enregistrez la valeur la plus éloignée de la plage normale entre 00 h 00 et 24 h 00 le jour de l'évaluation.,labs_fibrinogen_gl,Fibrinogène (g / l),,Le fibrinogène est une protéine fibrillaire présente dans le plasma sanguin; Il se convertit en fibrine pendant le processus de formation de caillots sanguins.,Écrivez le fibrinogène sérique (G / L).,0,0,0,0,0,
quotidien,RÉSULTATS DE LABORATOIRE : Enregistrez la valeur la plus éloignée de la plage normale entre 00 h 00 et 24 h 00 le jour de l'évaluation.,labs_fibrinogen_mgdl,Fibrinogène (mg / dl),,Le fibrinogène est une protéine fibrillaire présente dans le plasma sanguin; Il se convertit en fibrine pendant le processus de formation de caillots sanguins.,Écrivez le fibrinogène sérique (Mg / DL).,0,0,0,0,0,
quotidien,RÉSULTATS DE LABORATOIRE : Enregistrez la valeur la plus éloignée de la plage normale entre 00 h 00 et 24 h 00 le jour de l'évaluation.,labs_ddimer,D-Dimer (SELECT UNITÉS),,,,0,0,0,,,
quotidien,RÉSULTATS DE LABORATOIRE : Enregistrez la valeur la plus éloignée de la plage normale entre 00 h 00 et 24 h 00 le jour de l'évaluation.,labs_ddimer_units,D-Dimère (certaines unités),"1, µg/L | 2,mg/L",,,0,0,0,,,0
quotidien,RÉSULTATS DE LABORATOIRE : Enregistrez la valeur la plus éloignée de la plage normale entre 00 h 00 et 24 h 00 le jour de l'évaluation.,labs_ddimer_mgl,D-Dimer (Mg / L),,D-Dimer est une mesure de la concentration de produits de dégradation de la fibrine (FDPS) dans un échantillon. Les FDP sont des fragments de protéines produits par l'action enzymatique de la plasmine sur le fibrinogène et la fibrine) et sont une aide à la détection de la présence et du degré de coagulation intravasculaire et de fibrinolyse (la dissolution de la fibrine dans un caillot sangu (coagulation non localisée dans les vaisseaux sanguins).,Écrivez le sérum d-dimer (mg / l),0,0,0,0,0,
quotidien,RÉSULTATS DE LABORATOIRE : Enregistrez la valeur la plus éloignée de la plage normale entre 00 h 00 et 24 h 00 le jour de l'évaluation.,labs_ddimer_ugl,D-dimer (UG / L),,D-Dimer est une mesure de la concentration de produits de dégradation de la fibrine (FDPS) dans un échantillon. Les FDP sont des fragments de protéines produits par l'action enzymatique de la plasmine sur le fibrinogène et la fibrine) et sont une aide à la détection de la présence et du degré de coagulation intravasculaire et de fibrinolyse (la dissolution de la fibrine dans un caillot sangu (coagulation non localisée dans les vaisseaux sanguins).,Écrivez le sérum d-dimer (UG / L),0,0,0,0,0,
quotidien,RÉSULTATS DE LABORATOIRE : Enregistrez la valeur la plus éloignée de la plage normale entre 00 h 00 et 24 h 00 le jour de l'évaluation.,labs_liver,Profil hépatique,,Ceci fait référence aux résultats du profil hépatique.,Indiquez « Oui » pour saisir les résultats des tests du profil hépatique,0,0,0,0,0,
quotidien,RÉSULTATS DE LABORATOIRE : Enregistrez la valeur la plus éloignée de la plage normale entre 00 h 00 et 24 h 00 le jour de l'évaluation.,labs_bilirubin,Bilirubin total (unités sélectionnées),,,,0,0,0,,,
quotidien,RÉSULTATS DE LABORATOIRE : Enregistrez la valeur la plus éloignée de la plage normale entre 00 h 00 et 24 h 00 le jour de l'évaluation.,labs_bilirubin_units,Bilirubine totale (certaines unités),"1, µmol/L | 2, mg/dL",,,0,0,0,,,0
quotidien,RÉSULTATS DE LABORATOIRE : Enregistrez la valeur la plus éloignée de la plage normale entre 00 h 00 et 24 h 00 le jour de l'évaluation.,labs_bilirubin_umoll,Bilirubine totale (UMOL / L),,Cela fait référence à une mesure de la concentration totale de bilirubine dans le sang.,Écrivez la bilirubine (umol / l).,0,0,0,0,0,
quotidien,RÉSULTATS DE LABORATOIRE : Enregistrez la valeur la plus éloignée de la plage normale entre 00 h 00 et 24 h 00 le jour de l'évaluation.,labs_bilirubin_mgdl,Bilirubine totale (mg / dl),,Cela fait référence à une mesure de la concentration totale de bilirubine dans le sang.,Écrivez la bilirubine (mg / dl).,0,0,0,0,0,
quotidien,RÉSULTATS DE LABORATOIRE : Enregistrez la valeur la plus éloignée de la plage normale entre 00 h 00 et 24 h 00 le jour de l'évaluation.,labs_altsgpt,Alt / sgpt (u / l),,L'alanine aminotransférase (ALT) a également appelé la pyruvate de glutamate sérique transaminase (SGPT).,Écrivez l'ALT ou SGPT (U / L).,0,0,0,0,0,
quotidien,RÉSULTATS DE LABORATOIRE : Enregistrez la valeur la plus éloignée de la plage normale entre 00 h 00 et 24 h 00 le jour de l'évaluation.,labs_astsgot,AST / SGOT (U / L),,L'aspartate aminotransférase (AST) a également appelé la transaminase glutamique-oxaloacétique sérique (SGOT).,Écrivez l'AST ou SGOT (U / L).,0,0,0,0,0,
quotidien,RÉSULTATS DE LABORATOIRE : Enregistrez la valeur la plus éloignée de la plage normale entre 00 h 00 et 24 h 00 le jour de l'évaluation.,labs_alp,ALP (UI / L),,Niveau de phosphatase alcaline (ALP) dans le sang.,Écrivez l'ALP (UI / L).,0,0,0,0,0,
quotidien,RÉSULTATS DE LABORATOIRE : Enregistrez la valeur la plus éloignée de la plage normale entre 00 h 00 et 24 h 00 le jour de l'évaluation.,labs_ggt,Gamma glutamyl transférase / ggt (U / L),,Gamma glutamyl transférase ou niveau GGT dans le sang.,Écrivez le GGT (U / L).,0,0,0,0,0,
quotidien,RÉSULTATS DE LABORATOIRE : Enregistrez la valeur la plus éloignée de la plage normale entre 00 h 00 et 24 h 00 le jour de l'évaluation.,labs_albumin,Albumine (SELECT UNITÉS),,,,0,0,0,,,
quotidien,RÉSULTATS DE LABORATOIRE : Enregistrez la valeur la plus éloignée de la plage normale entre 00 h 00 et 24 h 00 le jour de l'évaluation.,labs_albumin_units,Albumine (certaines unités),"1, g/L | 2, mmol/L",,,0,0,0,,,0
quotidien,RÉSULTATS DE LABORATOIRE : Enregistrez la valeur la plus éloignée de la plage normale entre 00 h 00 et 24 h 00 le jour de l'évaluation.,labs_albumin_gl,Albumine (G / L),,"Cela fait référence à la mesure de l'albumine présente dans le sérum, en mmol / l.",Écrivez l'albumine sérique (G / L).,0,0,0,0,0,
quotidien,RÉSULTATS DE LABORATOIRE : Enregistrez la valeur la plus éloignée de la plage normale entre 00 h 00 et 24 h 00 le jour de l'évaluation.,labs_albumin_mmoll,Albumine (mmol / l),,"Cela fait référence à la mesure de l'albumine présente dans le sérum, en g / l.",Écrivez l'albumine sérique (MMOL / L).,0,0,0,0,0,
quotidien,RÉSULTATS DE LABORATOIRE : Enregistrez la valeur la plus éloignée de la plage normale entre 00 h 00 et 24 h 00 le jour de l'évaluation.,labs_bloodglucose,Glycémie,,Il s'agit d'un test de laboratoire lié à la glycémie.,,0,0,0,0,,
quotidien,RÉSULTATS DE LABORATOIRE : Enregistrez la valeur la plus éloignée de la plage normale entre 00 h 00 et 24 h 00 le jour de l'évaluation.,labs_glucose,Glycémie aléatoire (unités sélectionnées),,Il s'agit des résultats d'un test de glycémie.,Indiquez « Oui » pour saisir les résultats des tests de glycémie,0,0,0,0,0,
quotidien,RÉSULTATS DE LABORATOIRE : Enregistrez la valeur la plus éloignée de la plage normale entre 00 h 00 et 24 h 00 le jour de l'évaluation.,labs_glucose_units,Glycémie aléatoire (unités sélectionnées),"1, mmol/L | 2, mg/dL | 3, g/L",,,0,0,0,,,0
quotidien,RÉSULTATS DE LABORATOIRE : Enregistrez la valeur la plus éloignée de la plage normale entre 00 h 00 et 24 h 00 le jour de l'évaluation.,labs_glucose_mmoll,Glycémie aléatoire (mmol / L),,"Cela fait référence à la mesure de la glycémie (glucose) à tout moment, quel que soit le moment du dernier repas, en mmol / L.","Écrivez la glycémie aléatoire (MMOL / L). S'il y a plusieurs, signalez la mesure la plus éloignée de la plage physiologique ou de laboratoire normale entre 00h00 et 24h00 le jour de l'évaluation.",0,0,0,0,0,
quotidien,RÉSULTATS DE LABORATOIRE : Enregistrez la valeur la plus éloignée de la plage normale entre 00 h 00 et 24 h 00 le jour de l'évaluation.,labs_glucose_mgdl,Glycémie aléatoire (mg / dl),,"Cela fait référence à la mesure des niveaux de glycémie (glucose) à tout moment, quel que soit le moment du dernier repas, en Mg / DL.","Écrivez la glycémie aléatoire (mg / dl). S'il y a plusieurs, signalez la mesure la plus éloignée de la plage physiologique ou de laboratoire normale entre 00h00 et 24h00 le jour de l'évaluation.",0,0,0,0,0,
quotidien,RÉSULTATS DE LABORATOIRE : Enregistrez la valeur la plus éloignée de la plage normale entre 00 h 00 et 24 h 00 le jour de l'évaluation.,labs_glucose_gl,Glycémie aléatoire (g / l),,"Cela fait référence à la mesure des niveaux de glycémie (glucose) à tout moment, quel que soit le moment du dernier repas, en g / l.","Écrivez la glycémie aléatoire (G / L). S'il y a plusieurs, signalez la mesure la plus éloignée de la plage physiologique ou de laboratoire normale entre 00h00 et 24h00 le jour de l'évaluation.",0,0,0,0,0,
quotidien,RÉSULTATS DE LABORATOIRE : Enregistrez la valeur la plus éloignée de la plage normale entre 00 h 00 et 24 h 00 le jour de l'évaluation.,labs_hba1c,HbA1c (%),,"L'hémoglobine A1C (HbA1c) est un test sanguin qui mesure le taux de glycémie moyen au cours des trois mois précédant le résultat du test, exprimé en%.",Écrivez le résultat HbA1c (%).,0,0,0,0,0,
quotidien,RÉSULTATS DE LABORATOIRE : Enregistrez la valeur la plus éloignée de la plage normale entre 00 h 00 et 24 h 00 le jour de l'évaluation.,labs_renal,Profil rénal et électrolytique,,Il s'agit des résultats du profil rénal.,Indiquez « Oui » pour saisir les résultats des tests du profil rénal.,0,0,0,0,0,
quotidien,RÉSULTATS DE LABORATOIRE : Enregistrez la valeur la plus éloignée de la plage normale entre 00 h 00 et 24 h 00 le jour de l'évaluation.,labs_ureanitro,Urée / pain (unités sélectionnées),,,,0,0,0,,,
quotidien,RÉSULTATS DE LABORATOIRE : Enregistrez la valeur la plus éloignée de la plage normale entre 00 h 00 et 24 h 00 le jour de l'évaluation.,labs_ureanitro_units,Azote uréique sanguin (BUN) (certaines unités),"1, mg/dL | 2, mmol/L",,,0,0,0,,,0
quotidien,RÉSULTATS DE LABORATOIRE : Enregistrez la valeur la plus éloignée de la plage normale entre 00 h 00 et 24 h 00 le jour de l'évaluation.,labs_ureanitro_mmoll,Urée / chignon (mmol / l),,Cela fait référence à l'azote de l'urée sanguine (BUN) également appelé urée sanguine.,Écrivez l'urée / chignon (mmol / l).,0,0,0,0,0,
quotidien,RÉSULTATS DE LABORATOIRE : Enregistrez la valeur la plus éloignée de la plage normale entre 00 h 00 et 24 h 00 le jour de l'évaluation.,labs_ureanitro_mgdl,Urée / pain (mg / dl),,L'azote de l'urée sanguine (BUN) a également appelé l'urée sanguine.,Écrivez l'urée / chignon (mg / dl).,0,0,0,0,0,
quotidien,RÉSULTATS DE LABORATOIRE : Enregistrez la valeur la plus éloignée de la plage normale entre 00 h 00 et 24 h 00 le jour de l'évaluation.,labs_creatinine,Créatinine (Select Units),,,,0,0,0,,,
quotidien,RÉSULTATS DE LABORATOIRE : Enregistrez la valeur la plus éloignée de la plage normale entre 00 h 00 et 24 h 00 le jour de l'évaluation.,labs_creatinine_units,Créatinine (certaines unités),"1, µmol/L | 2, mg/dL",,,0,0,0,,,0
quotidien,RÉSULTATS DE LABORATOIRE : Enregistrez la valeur la plus éloignée de la plage normale entre 00 h 00 et 24 h 00 le jour de l'évaluation.,labs_creatinine_umoll,Créatinine (umol / l),,Cela fait référence au niveau de créatinine dans le sang.,Écrivez la créatinine sérique (UMOL / L).,0,0,0,0,0,
quotidien,RÉSULTATS DE LABORATOIRE : Enregistrez la valeur la plus éloignée de la plage normale entre 00 h 00 et 24 h 00 le jour de l'évaluation.,labs_creatinine_mgdl,Créatinine (mg / dl),,Niveau de créatinine dans le sang.,Écrivez la créatinine sérique (Mg / DL).,0,0,0,0,0,
quotidien,RÉSULTATS DE LABORATOIRE : Enregistrez la valeur la plus éloignée de la plage normale entre 00 h 00 et 24 h 00 le jour de l'évaluation.,labs_sodium,Sodium (mmol/L ou mEq/L),,Il s'agit du taux de sodium sérique (Na) dans le sang.,Inscrivez le sodium sérique (mmol/L).,0,0,0,0,0,
quotidien,RÉSULTATS DE LABORATOIRE : Enregistrez la valeur la plus éloignée de la plage normale entre 00 h 00 et 24 h 00 le jour de l'évaluation.,labs_potassium,Potassium (mmol/L ou mEq/L),,Il s'agit du taux de potassium sérique (K) dans le sang.,Inscrivez le potassium sérique (mmol/L).,0,0,0,0,0,
quotidien,RÉSULTATS DE LABORATOIRE : Enregistrez la valeur la plus éloignée de la plage normale entre 00 h 00 et 24 h 00 le jour de l'évaluation.,labs_creatineki,Créatine kinase (U/L),,La créatine kinase ou CPK (créatine phosphokinase) désigne le taux de créatine kinase dans le sang.,Inscrivez la créatine kinase (U/L).,0,0,0,0,0,
quotidien,RÉSULTATS DE LABORATOIRE : Enregistrez la valeur la plus éloignée de la plage normale entre 00 h 00 et 24 h 00 le jour de l'évaluation.,labs_ldh,Lactate déshydrogénase / LDH (U/L),,"La lactate déshydrogénase ou LDH désigne le taux de LDH dans le sang. ",Inscrivez la LDH (U/L).,0,0,0,0,0,
quotidien,RÉSULTATS DE LABORATOIRE : Enregistrez la valeur la plus éloignée de la plage normale entre 00 h 00 et 24 h 00 le jour de l'évaluation.,labs_glomerular,"Débit de filtration glomérulaire estimé / eGFR (mL/min/1,73 m^2)",,"Il s'agit du DFG estimé (DFGe), calculé en laboratoire.","Inscrivez le DFG estimé (mL/min/1,73 m^2)",0,0,0,0,0,
quotidien,RÉSULTATS DE LABORATOIRE : Enregistrez la valeur la plus éloignée de la plage normale entre 00 h 00 et 24 h 00 le jour de l'évaluation.,labs_calcium,Calcium (sélectionner les unités),,Cela fait référence au taux de calcium sérique (CA) dans le sang.,Écrivez le calcium sérique (MMOL / L).,0,0,0,0,0,
quotidien,RÉSULTATS DE LABORATOIRE : Enregistrez la valeur la plus éloignée de la plage normale entre 00 h 00 et 24 h 00 le jour de l'évaluation.,labs_calcium_units,Calcium (certaines unités),"1, mmol/L | 2, mÉq/L | 3, mg/dL",,,0,0,0,,,0
quotidien,RÉSULTATS DE LABORATOIRE : Enregistrez la valeur la plus éloignée de la plage normale entre 00 h 00 et 24 h 00 le jour de l'évaluation.,labs_calcium_mmoll,Calcium (mmol/L),,Il s'agit du taux de calcium sérique (Ca) dans le sang.,Indiquez le taux de calcium sérique (mmol/L).,0,0,0,0,0,
quotidien,RÉSULTATS DE LABORATOIRE : Enregistrez la valeur la plus éloignée de la plage normale entre 00 h 00 et 24 h 00 le jour de l'évaluation.,labs_calcium_meql,Calcium (mEq/L),,Il s'agit du taux de calcium sérique (Ca) dans le sang.,Indiquez le taux de calcium sérique (mEq/L).,0,0,0,0,0,
quotidien,RÉSULTATS DE LABORATOIRE : Enregistrez la valeur la plus éloignée de la plage normale entre 00 h 00 et 24 h 00 le jour de l'évaluation.,labs_calcium_mgdl,Calcium (mg/dL),,Il s'agit du taux de calcium sérique (Ca) dans le sang.,Indiquez le taux de calcium sérique (mg/dL).,0,0,0,0,0,
quotidien,RÉSULTATS DE LABORATOIRE : Enregistrez la valeur la plus éloignée de la plage normale entre 00 h 00 et 24 h 00 le jour de l'évaluation.,labs_chlor,Chlorure (certaines unités),,,,0,0,0,,,
quotidien,RÉSULTATS DE LABORATOIRE : Enregistrez la valeur la plus éloignée de la plage normale entre 00 h 00 et 24 h 00 le jour de l'évaluation.,labs_chlor_units,Chlorure (certaines unités),"1, mmol/L | 2, mÉq/L",,,0,0,0,,,0
quotidien,RÉSULTATS DE LABORATOIRE : Enregistrez la valeur la plus éloignée de la plage normale entre 00 h 00 et 24 h 00 le jour de l'évaluation.,labs_chlor_mmoll,Chlorure (mmol/L),,,,0,0,0,,,
quotidien,RÉSULTATS DE LABORATOIRE : Enregistrez la valeur la plus éloignée de la plage normale entre 00 h 00 et 24 h 00 le jour de l'évaluation.,labs_chlor_mgdl,Chlorure (mEq/L),,,,0,0,0,,,
quotidien,RÉSULTATS DE LABORATOIRE : Enregistrez la valeur la plus éloignée de la plage normale entre 00 h 00 et 24 h 00 le jour de l'évaluation.,labs_magn,Magnésium (certaines unités),,,,0,0,0,,,
quotidien,RÉSULTATS DE LABORATOIRE : Enregistrez la valeur la plus éloignée de la plage normale entre 00 h 00 et 24 h 00 le jour de l'évaluation.,labs_magn_units,Magnésium (certaines unités),"1, mmol/L | 2, mg/dL",,,0,0,0,,,0
quotidien,RÉSULTATS DE LABORATOIRE : Enregistrez la valeur la plus éloignée de la plage normale entre 00 h 00 et 24 h 00 le jour de l'évaluation.,labs_magn_mmoll,Magnésium (mmol/L),,,,0,0,0,,,
quotidien,RÉSULTATS DE LABORATOIRE : Enregistrez la valeur la plus éloignée de la plage normale entre 00 h 00 et 24 h 00 le jour de l'évaluation.,labs_magn_mgdl,Magnésium (mg/dL),,,,0,0,0,,,
quotidien,RÉSULTATS DE LABORATOIRE : Enregistrez la valeur la plus éloignée de la plage normale entre 00 h 00 et 24 h 00 le jour de l'évaluation.,labs_inflammatory,Marqueurs inflammatoires,,Il s'agit des résultats des tests de marqueurs inflammatoires,Indiquez « Oui » pour saisir les résultats des tests de marqueurs inflammatoires,0,0,0,0,0,
quotidien,RÉSULTATS DE LABORATOIRE : Enregistrez la valeur la plus éloignée de la plage normale entre 00 h 00 et 24 h 00 le jour de l'évaluation.,labs_procalcito,Procalcitonine (ng/mL),,"La procalcitonine ou PCT désigne la procalcitonine sérique. ",Inscrivez la procalcitonine (ng/mL).,0,0,0,0,0,
quotidien,RÉSULTATS DE LABORATOIRE : Enregistrez la valeur la plus éloignée de la plage normale entre 00 h 00 et 24 h 00 le jour de l'évaluation.,labs_procalcito_units,Procalcitonine (certaines unités),"1,ng/mL | 2, µg/L",,,0,0,0,,,0
quotidien,RÉSULTATS DE LABORATOIRE : Enregistrez la valeur la plus éloignée de la plage normale entre 00 h 00 et 24 h 00 le jour de l'évaluation.,labs_procalcito_ngml,Procalcitonine (ng / ml),,"La procalcitonine ou PCT désigne la procalcitonine sérique. ",Écrivez la procalcitonine (ng / ml).,0,0,0,0,0,
quotidien,RÉSULTATS DE LABORATOIRE : Enregistrez la valeur la plus éloignée de la plage normale entre 00 h 00 et 24 h 00 le jour de l'évaluation.,labs_procalcito_ugl,Procalcitonine (µg/L),,"La procalcitonine ou PCT désigne la procalcitonine sérique. ",Inscrivez la procalcitonine (ng/mL).,0,0,0,0,0,
quotidien,RÉSULTATS DE LABORATOIRE : Enregistrez la valeur la plus éloignée de la plage normale entre 00 h 00 et 24 h 00 le jour de l'évaluation.,labs_crp,Protéine C-réactive / CRP (sélectionner les unités),,,,0,0,0,,,
quotidien,RÉSULTATS DE LABORATOIRE : Enregistrez la valeur la plus éloignée de la plage normale entre 00 h 00 et 24 h 00 le jour de l'évaluation.,labs_crp_units,Protéine C-réactive / CRP (certaines unités),"1,mg/L | 2, mg/dL",,,0,0,0,,,0
quotidien,RÉSULTATS DE LABORATOIRE : Enregistrez la valeur la plus éloignée de la plage normale entre 00 h 00 et 24 h 00 le jour de l'évaluation.,labs_crp_mgl,CRP (Mg / L),,"La protéine C-réactive ou CRP désigne la CRP sérique. ",Écrivez le CRP (Mg / L).,0,0,0,0,0,
quotidien,RÉSULTATS DE LABORATOIRE : Enregistrez la valeur la plus éloignée de la plage normale entre 00 h 00 et 24 h 00 le jour de l'évaluation.,labs_crp_mgdl,Protéine C-réactive / CRP (mg/dL),,"La protéine C-réactive ou CRP désigne la CRP sérique. ",Indiquez le CRP (mg/dL).,0,0,0,0,0,
quotidien,RÉSULTATS DE LABORATOIRE : Enregistrez la valeur la plus éloignée de la plage normale entre 00 h 00 et 24 h 00 le jour de l'évaluation.,labs_esr,Taux de sédimentation des érythrocytes / ESR (mm / h),,Taux de sédimentation des érythrocytes ou ESR.,Écrivez l'ESR (mm / h).,0,0,0,0,0,
quotidien,RÉSULTATS DE LABORATOIRE : Enregistrez la valeur la plus éloignée de la plage normale entre 00 h 00 et 24 h 00 le jour de l'évaluation.,labs_bloodgas,Analyse des gaz sanguins,,Il s'agit des résultats de l'analyse des gaz sanguins.,Cochez « Oui » pour saisir les résultats de l'analyse des gaz sanguins.,0,0,0,0,0,
quotidien,RÉSULTATS DE LABORATOIRE : Enregistrez la valeur la plus éloignée de la plage normale entre 00 h 00 et 24 h 00 le jour de l'évaluation.,labs_bloodgas_type,Type d'échantillon de gaz sanguin,"1, Artériel | 2, Capillaire | 3, Veineux | 99, Inconnu",Il s'agit du type d'échantillon sanguin à partir duquel l'analyse des gaz sanguins a été effectuée.,Sélectionnez l'option la plus appropriée qui correspond au type d'échantillon sanguin utilisé pour l'analyse des gaz sanguins.,0,0,0,0,0,0
quotidien,RÉSULTATS DE LABORATOIRE : Enregistrez la valeur la plus éloignée de la plage normale entre 00 h 00 et 24 h 00 le jour de l'évaluation.,labs_lactate,Lactate (unités sélectionnées),,,,0,0,0,,,
quotidien,RÉSULTATS DE LABORATOIRE : Enregistrez la valeur la plus éloignée de la plage normale entre 00 h 00 et 24 h 00 le jour de l'évaluation.,labs_lactate_units,Lactate sérique (certaines unités),"1, mmol/L | 2, mg/dL",,,0,0,0,,,0
quotidien,RÉSULTATS DE LABORATOIRE : Enregistrez la valeur la plus éloignée de la plage normale entre 00 h 00 et 24 h 00 le jour de l'évaluation.,labs_lactate_mmoll,Lactate (mmol / l),,Cela fait référence au taux de lactate sérique dans le sang.,Écrivez le lactate sérique (MMOL / L).,0,0,0,0,0,
quotidien,RÉSULTATS DE LABORATOIRE : Enregistrez la valeur la plus éloignée de la plage normale entre 00 h 00 et 24 h 00 le jour de l'évaluation.,labs_lactate_mgdl,Lactate (mg / dl),,Cela fait référence au taux de lactate sérique dans le sang.,Écrivez le lactate sérique (Mg / DL).,0,0,0,0,0,
quotidien,RÉSULTATS DE LABORATOIRE : Enregistrez la valeur la plus éloignée de la plage normale entre 00 h 00 et 24 h 00 le jour de l'évaluation.,labs_paco2,PACO2 (SELECT UNITÉS),,,,0,0,0,,,
quotidien,RÉSULTATS DE LABORATOIRE : Enregistrez la valeur la plus éloignée de la plage normale entre 00 h 00 et 24 h 00 le jour de l'évaluation.,labs_paco2_units,PaCO2 (certaines unités),"1, mmHg | 2, kPa",,,0,0,0,,,0
quotidien,RÉSULTATS DE LABORATOIRE : Enregistrez la valeur la plus éloignée de la plage normale entre 00 h 00 et 24 h 00 le jour de l'évaluation.,labs_paco2_mmhg,PACO2 (MMHG),,Cela fait référence à la pression partielle du dioxyde de carbone mesuré dans le sang artériel enregistré dans les MMHg.,"Écrivez le PACO2 (MMHG). S'il y a plusieurs, signalez les mesures du gaz sanguin avec le pH le plus bas (le plus acidotique) entre 00h00 et 24h00 le jour de l'évaluation.",0,0,0,0,0,
quotidien,RÉSULTATS DE LABORATOIRE : Enregistrez la valeur la plus éloignée de la plage normale entre 00 h 00 et 24 h 00 le jour de l'évaluation.,labs_paco2_kpa,PACO2 (KPA),,Cela fait référence à la pression partielle du dioxyde de carbone mesuré dans le sang artériel enregistré en KPA.,"Écrivez le PACO2 (KPA). S'il y a plusieurs, signalez les mesures du gaz sanguin avec le pH le plus bas (le plus acidotique) entre 00h00 et 24h00 le jour de l'évaluation.",0,0,0,0,0,
quotidien,RÉSULTATS DE LABORATOIRE : Enregistrez la valeur la plus éloignée de la plage normale entre 00 h 00 et 24 h 00 le jour de l'évaluation.,labs_ph,pH,,La mesure du pH du plasma d'un échantillon de sang artériel.,"Écrivez le pH. S'il y a plusieurs, signalez la mesure avec le pH le plus bas (le plus acidotique) entre 00h00 et 24h00 le jour de l'évaluation.",0,0,0,0,0,
quotidien,RÉSULTATS DE LABORATOIRE : Enregistrez la valeur la plus éloignée de la plage normale entre 00 h 00 et 24 h 00 le jour de l'évaluation.,labs_hco3,Bicarbonate / HCO3- (Unités sélectionnées),,"Mesure du bicarbonate du plasma d'un échantillon de sang artériel. ","Indiquez le bicarbonate (mmol/L ou mEq/L). S'il y en a plusieurs, indiquez les mesures provenant de l'analyse des gaz sanguins présentant le pH le plus bas (le plus acidotique) entre 00h00 et 24h00 le jour de l'évaluation.",0,0,0,0,0,
quotidien,RÉSULTATS DE LABORATOIRE : Enregistrez la valeur la plus éloignée de la plage normale entre 00 h 00 et 24 h 00 le jour de l'évaluation.,labs_baseexcess,Excès de base (mmol / L),,Mesure de l'excès/déficit de base du plasma d'un échantillon de sang artériel.,"Écrivez l'excès de base (mmol / l). S'il y a plusieurs, signalez les mesures du gaz sanguin avec le pH le plus bas (le plus acidotique) entre 00h00 et 24h00 le jour de l'évaluation.",0,0,0,0,0,
quotidien,RÉSULTATS DE LABORATOIRE : Enregistrez la valeur la plus éloignée de la plage normale entre 00 h 00 et 24 h 00 le jour de l'évaluation.,labs_other,Autres analyses sanguines,,Il s'agit des résultats d'autres tests/analyses non spécifiés ci-dessus.,Indiquez « Oui » pour saisir les résultats d'autres tests/analyses non spécifiés ci-dessus.,0,0,0,0,0,
quotidien,RÉSULTATS DE LABORATOIRE : Enregistrez la valeur la plus éloignée de la plage normale entre 00 h 00 et 24 h 00 le jour de l'évaluation.,labs_cd4,CD4 (SELECT UNITÉS),,"Défini comme le nombre de lymphocytes exprimant le CD4, exprimé en 10^6 cellules/L, déterminé en laboratoire.",Indiquez le nombre de cellules CD4+ (cellules/mm^3 ou 10^6 cellules/L ou cellules/µL).,0,0,0,0,0,
quotidien,RÉSULTATS DE LABORATOIRE : Enregistrez la valeur la plus éloignée de la plage normale entre 00 h 00 et 24 h 00 le jour de l'évaluation.,labs_cd4_units,Nombre de cellules CD4 (certaines unités),"1, cellules/mm^3 | 2, 10^6 cellules/L | 3, cellules/µL",,,0,0,0,,,0
quotidien,RÉSULTATS DE LABORATOIRE : Enregistrez la valeur la plus éloignée de la plage normale entre 00 h 00 et 24 h 00 le jour de l'évaluation.,labs_cd4_celmm,Numération des cellules CD4 (cellules/mm3),,"Défini comme le nombre de lymphocytes exprimant le CD4, déterminé en laboratoire, exprimé en 10^6 cellules/L ",Indiquez le nombre de cellules CD4+ (cellules/mm^3 ou 10^6 cellules/L ou cellules/µL).,0,0,0,0,0,
quotidien,RÉSULTATS DE LABORATOIRE : Enregistrez la valeur la plus éloignée de la plage normale entre 00 h 00 et 24 h 00 le jour de l'évaluation.,labs_cd4_106cell,Numération des cellules CD4 (10^6 cellules/L),,"Défini comme le nombre de lymphocytes exprimant le CD4, déterminé en laboratoire, exprimé en 10^6 cellules/L ",Indiquez le nombre de cellules CD4+ (cellules/mm^3 ou 10^6 cellules/L ou cellules/µL).,0,0,0,0,0,
quotidien,RÉSULTATS DE LABORATOIRE : Enregistrez la valeur la plus éloignée de la plage normale entre 00 h 00 et 24 h 00 le jour de l'évaluation.,labs_cd4_celul,Numération des cellules CD4 (cellules/µL),,"Défini comme le nombre de lymphocytes exprimant le CD4, déterminé en laboratoire, exprimé en 10^6 cellules/L. ",Indiquez le nombre de cellules CD4+ (cellules/mm^3 ou 10^6 cellules/L ou cellules/µL).,0,0,0,0,0,
quotidien,RÉSULTATS DE LABORATOIRE : Enregistrez la valeur la plus éloignée de la plage normale entre 00 h 00 et 24 h 00 le jour de l'évaluation.,labs_preg,Test de grossesse,"1, Positif | 0, Négatif | 99, Inconnu",Cela fait référence aux tests pour déterminer si une personne est enceinte ou non. Ils comprennent des tests à base d'urine ou d'urine pour déterminer la présence de gonadotrophine chorionique humaine (HCG).,Indiquez le résultat du test de grossesse.,0,0,0,0,0,0
quotidien,RÉSULTATS DE LABORATOIRE : Enregistrez la valeur la plus éloignée de la plage normale entre 00 h 00 et 24 h 00 le jour de l'évaluation.,labs_tropi,Troponin I (SELECT UNITÉS),,,,0,0,0,,,
quotidien,RÉSULTATS DE LABORATOIRE : Enregistrez la valeur la plus éloignée de la plage normale entre 00 h 00 et 24 h 00 le jour de l'évaluation.,labs_tropi_units,Troponine I (certaines unités),"1,ng/L | 2, ng/mL",,,0,0,0,,,0
quotidien,RÉSULTATS DE LABORATOIRE : Enregistrez la valeur la plus éloignée de la plage normale entre 00 h 00 et 24 h 00 le jour de l'évaluation.,labs_tropi_ngl,Troponine I (ng / l),,"La troponine I, le muscle cardiaque (210 aa, ~ 24 kDa) est codé par le gène TNNI3 humain. Cette protéine est impliquée dans le mouvement du filament musculaire dans les cellules cardiaques.",Écrivez la troponine I (ng / l).,0,0,0,0,0,
quotidien,RÉSULTATS DE LABORATOIRE : Enregistrez la valeur la plus éloignée de la plage normale entre 00 h 00 et 24 h 00 le jour de l'évaluation.,labs_tropi_ngml,Troponin I (ng / ml),,"La troponine I, le muscle cardiaque (210 aa, ~ 24 kDa) est codé par le gène TNNI3 humain. Cette protéine est impliquée dans le mouvement du filament musculaire dans les cellules cardiaques.",Écrivez la troponine I (ng / ml).,0,0,0,0,0,
quotidien,RÉSULTATS DE LABORATOIRE : Enregistrez la valeur la plus éloignée de la plage normale entre 00 h 00 et 24 h 00 le jour de l'évaluation.,labs_ferritin,Ferritine (SELECT UNITÉS),,"La ferritine désigne un complexe protéique contenant jusqu'à 23 % de fer, formé par l'union du fer ferrique et de l'apoferritine ; elle se trouve dans la muqueuse intestinale, la rate, la moelle osseuse, les réticulocytes et le foie, et régule le stockage et le transport du fer de la lumière intestinale vers le plasma.",Indiquez la ferritine sérique (ug/L ou ng/mL).,0,0,0,0,0,
quotidien,RÉSULTATS DE LABORATOIRE : Enregistrez la valeur la plus éloignée de la plage normale entre 00 h 00 et 24 h 00 le jour de l'évaluation.,labs_uric,Acide urique,,,,0,0,0,,,
quotidien,RÉSULTATS DE LABORATOIRE : Enregistrez la valeur la plus éloignée de la plage normale entre 00 h 00 et 24 h 00 le jour de l'évaluation.,labs_uric_units,Acide urique (certaines unités),"1, µmol/L | 2, mg/dL",,,0,0,0,,,0
quotidien,RÉSULTATS DE LABORATOIRE : Enregistrez la valeur la plus éloignée de la plage normale entre 00 h 00 et 24 h 00 le jour de l'évaluation.,labs_uric_umoll,Acide urique (µmol/L),,,,0,0,0,,,
quotidien,RÉSULTATS DE LABORATOIRE : Enregistrez la valeur la plus éloignée de la plage normale entre 00 h 00 et 24 h 00 le jour de l'évaluation.,labs_uric_mgdl,Acide urique (mg/dL),,,,0,0,0,,,
quotidien,RÉSULTATS DE LABORATOIRE : Enregistrez la valeur la plus éloignée de la plage normale entre 00 h 00 et 24 h 00 le jour de l'évaluation.,labs_il6,Interleukine-6 / IL-6 (pg/mL ou ng/L),,"Désigne une cytokine qui stimule la croissance et la différenciation des lymphocytes B et qui est également un facteur de croissance des hybridomes et des plasmocytomes. Elle est produite par de nombreuses cellules différentes, notamment les lymphocytes T, les monocytes et les fibroblastes.",Indiquez l'IL-6 (pg/mL).,0,0,0,0,0,
quotidien,RÉSULTATS DE LABORATOIRE : Enregistrez la valeur la plus éloignée de la plage normale entre 00 h 00 et 24 h 00 le jour de l'évaluation.,labs_protein,Protéine TP (unités sélectionnées),,,,0,0,0,,,
quotidien,RÉSULTATS DE LABORATOIRE : Enregistrez la valeur la plus éloignée de la plage normale entre 00 h 00 et 24 h 00 le jour de l'évaluation.,labs_protein_units,Protéine totale (TP) (certaines unités),"1, g/L | 2, g/dL",,,0,0,0,,,0
quotidien,RÉSULTATS DE LABORATOIRE : Enregistrez la valeur la plus éloignée de la plage normale entre 00 h 00 et 24 h 00 le jour de l'évaluation.,labs_protein_gdl,Protéine TP (G / DL),,"Cela fait référence à la quantité de protéines totales dans le sang, en g / dL.",Écrivez la protéine plasmatique totale (G / DL).,0,0,0,0,0,
quotidien,RÉSULTATS DE LABORATOIRE : Enregistrez la valeur la plus éloignée de la plage normale entre 00 h 00 et 24 h 00 le jour de l'évaluation.,labs_protein_gl,Protéine TP (g / l),,"Cela fait référence à la quantité de protéines totales dans le sang, en g / l.",Écrivez la protéine plasmatique totale (G / L).,0,0,0,0,0,
quotidien,RÉSULTATS DE LABORATOIRE : Enregistrez la valeur la plus éloignée de la plage normale entre 00 h 00 et 24 h 00 le jour de l'évaluation.,labs_amylase,Amylase sérique (U/L),,Il s'agit de la concentration sérique d'amlyase,Écrire l'amylase sérique,0,0,0,0,0,
quotidien,RÉSULTATS DE LABORATOIRE : Enregistrez la valeur la plus éloignée de la plage normale entre 00 h 00 et 24 h 00 le jour de l'évaluation.,labs_lipase,Lipase sérique (U/L),,Il s'agit de la concentration sérique de lipase,Écrire l'amylase sérique,0,0,0,0,0,
quotidien,RÉSULTATS DE LABORATOIRE : Enregistrez la valeur la plus éloignée de la plage normale entre 00 h 00 et 24 h 00 le jour de l'évaluation.,labs_csfdesc,Analyse du liquide céphalorachidien (LCR),,"Désigne les analyses du liquide céphalorachidien (LCR) effectuées au moment où le patient séjournait dans l'établissement clinique (hôpital) et recueillies à la date de l'évaluation. En général, les résultats rejetés par l’équipe clinique (par exemple, échantillons de sang hémolysé, résultats microbiologiques contaminés) ne doivent pas être rapportés.",,0,0,0,0,,
quotidien,RÉSULTATS DE LABORATOIRE : Enregistrez la valeur la plus éloignée de la plage normale entre 00 h 00 et 24 h 00 le jour de l'évaluation.,labs_csf_pres,Pression (cm d'eau),,Fait référence à la pression d'ouverture (CMH2O).,Indiquez la pression d'ouverture (CM H2O),0,0,0,0,0,
quotidien,RÉSULTATS DE LABORATOIRE : Enregistrez la valeur la plus éloignée de la plage normale entre 00 h 00 et 24 h 00 le jour de l'évaluation.,labs_csf_app,Apparence,"1, Clair / incolore | 2, Trouble / opaque | 3, Xanthochromique | 4, Taché de sang | 99, Inconnu | 88, Autre",Fait référence à l'apparence macroscopique du LCR.,Sélectionnez l'option la plus appropriée correspondant à l'apparence macroscopique du LCR.,0,0,0,0,0,0
quotidien,RÉSULTATS DE LABORATOIRE : Enregistrez la valeur la plus éloignée de la plage normale entre 00 h 00 et 24 h 00 le jour de l'évaluation.,labs_csf_appoth,Autre apparition,,Fait référence à l'apparence macroscopique du LCR.,"Si «autre», indiquez l'apparence macroscopique du LCR.",0,0,0,0,0,
quotidien,RÉSULTATS DE LABORATOIRE : Enregistrez la valeur la plus éloignée de la plage normale entre 00 h 00 et 24 h 00 le jour de l'évaluation.,labs_csf_mm3,Nombre de cellules CSF (/ mm ^ 3),,Fait référence au nombre de globules rouges et blancs qui se trouvent dans le liquide céphalo-rachidien (LCR).,Indiquez le nombre de cellules CSF.,0,0,0,0,0,
quotidien,RÉSULTATS DE LABORATOIRE : Enregistrez la valeur la plus éloignée de la plage normale entre 00 h 00 et 24 h 00 le jour de l'évaluation.,labs_csf_wbc,Nombre de globules blancs (cellules / mm ^ 3),,Fait référence au nombre de globules blancs (leucocytes) dans le LCR.,Indiquez le nombre de globules blancs (leucocytes) dans le LCR.,0,0,0,0,0,
quotidien,RÉSULTATS DE LABORATOIRE : Enregistrez la valeur la plus éloignée de la plage normale entre 00 h 00 et 24 h 00 le jour de l'évaluation.,labs_csf_rbc,Nombre de globules rouges (cellules / mm ^ 3),,Fait référence au nombre de globules rouges (érythrocytes) dans le LCR.,Indiquez le nombre de globules rouges (érythrocytes) dans le LCR.,0,0,0,0,0,
quotidien,RÉSULTATS DE LABORATOIRE : Enregistrez la valeur la plus éloignée de la plage normale entre 00 h 00 et 24 h 00 le jour de l'évaluation.,labs_csf_glu,Niveau de glucose (mg / dL),,Fait référence au niveau de glucose dans le LCR.,Indiquez le niveau de glucose dans le LCR.,0,0,0,0,0,
quotidien,RÉSULTATS DE LABORATOIRE : Enregistrez la valeur la plus éloignée de la plage normale entre 00 h 00 et 24 h 00 le jour de l'évaluation.,labs_csf_pro,Niveau protéique (Mg / DL),,Se réfère au niveau des protéines dans le LCR.,Indiquez le niveau de protéine dans le LCR.,0,0,0,0,0,
quotidien,RÉSULTATS DE LABORATOIRE : Enregistrez la valeur la plus éloignée de la plage normale entre 00 h 00 et 24 h 00 le jour de l'évaluation.,lab_csf_lactate,Niveau de lactate dans le LCR (mmol/L),,,,0,0,0,,,
quotidien,RÉSULTATS DE LABORATOIRE : Enregistrez la valeur la plus éloignée de la plage normale entre 00 h 00 et 24 h 00 le jour de l'évaluation.,lab_csf_gram,Coloration de Gram dans le LCR réalisée,"1, oui | 0, Non | 99, Inconnu",,,0,0,0,,,0
quotidien,RÉSULTATS DE LABORATOIRE : Enregistrez la valeur la plus éloignée de la plage normale entre 00 h 00 et 24 h 00 le jour de l'évaluation.,lab_csf_gram_result,Résultat de la coloration de Gram dans le LCR,"1, Aucun organisme observé | 2, organismes Gram-positifs | 3, organismes à Gram négatif | 4, Organismes mixtes | 99, Inconnu",,,0,0,0,,,0
quotidien,RÉSULTATS DE LABORATOIRE : Enregistrez la valeur la plus éloignée de la plage normale entre 00 h 00 et 24 h 00 le jour de l'évaluation.,labs_csf_other,Autres résultats du LCR,"1, Oui | 0, Non","Désigne d'autres résultats relatifs au LCR, non mentionnés ci-dessus.",Indiquez « Oui » s'il existe d'autres résultats du LCR non mentionnés ci-dessus.,0,0,0,0,0,0
quotidien,RÉSULTATS DE LABORATOIRE : Enregistrez la valeur la plus éloignée de la plage normale entre 00 h 00 et 24 h 00 le jour de l'évaluation.,labs_csf_other_spec,Veuillez préciser les autres résultats du LCR,,"Désigne d'autres résultats relatifs au LCR, non mentionnés ci-dessus. ","Si « Oui », précisez les résultats du LCR non mentionnés ci-dessus.",0,0,0,0,0,
quotidien,IMAGER,imagi_dailydata,Saisir les données d'imagerie pour cette date ?,"1, Oui | 0, Non",Ceci fait uniquement référence aux examens d'imagerie ou radiologiques qui ont été réalisés pendant le séjour du patient dans l'établissement clinique (hôpital) et recueillis à la date de l'évaluation.,Indiquez « Oui » si des examens d'imagerie ou radiologiques ont été réalisés pendant le séjour du patient dans l'établissement clinique (hôpital) et recueillis à la date de l'évaluation.,0,0,0,0,0,0
quotidien,IMAGER,imagi_xray,Radiographie,"1, Oui | 0, Non | 99, Inconnu","Cela fait référence à toute radiographie pulmonaire qui a été réalisée au moment où le patient est resté dans l'établissement clinique (hôpital) et collecté à la date de l'évaluation. La radiographie thoracique fait référence à la visualisation radiologique de la poitrine et des organes de la cavité thoracique; Non limité à la visualisation des poumons, en utilisant des rayons X.",Indiquez « Oui » si une radiographie thoracique a été réalisée pendant le séjour du patient dans l'établissement clinique (hôpital) et recueillie à la date de l'évaluation.,0,0,0,0,0,0
quotidien,IMAGER,imagi_xray_date,Si oui à la radiographie thoracique effectuée: date de rayons x thoraces,,Cela fait référence à la date où la radiographie pulmonaire a été effectuée.,Écrivez la date à laquelle la radiographie pulmonaire a été effectuée (utilisez le format dd / mm / yyyy).,0,0,0,0,0,
quotidien,IMAGER,imagi_xray_result,"Si oui, la radiographie thoracique a été effectuée: les résultats des rayons X thoraciques associés à cette maladie.","1, Normal ou aucun changement aigu | 5, Anormal ou changement aigu | 99, Inconnu",Cela fait référence aux résultats des rayons X thoraciques associés à cette maladie.,Sélectionnez l'option la plus appropriée correspondant aux résultats des rayons X thoraciques associés à cette maladie.,0,0,0,0,0,0
quotidien,IMAGER,imagi_xray_newinfilt,Nouveaux infiltrats présents sur les rayons X,"1, Oui, bilatéral | 2, Oui, unilatéral | 0, Non | 99, Inconnu","Il s'agit des nouveaux infiltrats pulmonaires présents sur la radiographie thoracique actuelle, qui n'étaient pas visibles sur les radiographies thoraciques précédentes du patient. Les infiltrats pulmonaires résultent de la présence d'une substance plus dense que l'air (par exemple, du pus, un œdème, du sang, un surfactant, des protéines ou des cellules) dans le parenchyme pulmonaire. Les infiltrats pulmonaires bilatéraux sont présents dans les deux poumons. Les infiltrats pulmonaires unilatéraux sont présents dans un seul poumon. ","Sélectionnez l'option la plus appropriée correspondant aux nouveaux infiltrats pulmonaires présents sur la radiographie pulmonaire actuelle, non visualisé sur les radiographies thoraciques précédentes du patient.",0,0,0,0,0,0
quotidien,IMAGER,imagi_xray_infiltyp,Infiltre sur les rayons X compatibles avec,"1, Pneumopathie virale | 2, Pneumonie bactérienne |3, Œdème pulmonaire| 99, Inconnu","Il s'agit de l'état pathologique auquel les infiltrats pulmonaires visibles à la radiographie thoracique peuvent correspondre. La pneumopathie virale se caractérise par un épaississement périhilaire et péribronchique bilatéral et des infiltrats interstitiels qui, en particulier chez les enfants en raison du petit calibre de leurs voies respiratoires, peuvent entraîner des zones d'atélectasie ou de piégeage de l'air. La pneumonie bactérienne se caractérise par des opacités pulmonaires focales segmentaires (c'est-à-dire une bronchopneumonie) ou lobaires (c'est-à-dire une pneumonie lobaire). L'œdème pulmonaire peut se caractériser par une céphalisation des vaisseaux du lobe supérieur, des opacités interstitielles, un collet péri-bronchique, des lignes septales (lignes de Kerley B), une opacification de l'espace aérien (remplissage des alvéoles par du liquide) qui peut avoir une distribution périhilitaire ou en « aile de chauve-souris » lorsqu'elle est sévère et aiguë, et un épanchement pleural. ",Sélectionnez tout ce qui s'applique.,0,0,0,0,0,0
quotidien,IMAGER,imagi_xray_pleueff,Épanchement pleural sur les rayons X,"1, Oui | 0, Non | 99, Inconnu",Cela fait référence à la présence de liquide dans la cavité pleurale résultant d'une transudation ou d'une exsudation excessive des surfaces pleurales.,"Indiquez «oui», si l'épanchement pleural a été visualisé sur la radiographie pulmonaire.",0,0,0,0,0,0
quotidien,IMAGER,imagi_xray_resultpleu,Si oui: épanchement pleural sur les détails des rayons X,"1, Unilatéral | 2, Bilatéral",Cela fait référence à l'emplacement de l'épanchement pleural.,Indiquez l'emplacement de l'épanchement pleural.,0,0,0,0,0,0
quotidien,IMAGER,imagi_xray_resultpleusite,Si oui: côté (s) où l'épanchement pleural a identifié,"1, Droit | 2, Gauche",Cela fait référence au côté où se trouve l'épanchement pleural unilatéral.,Indiquez le côté de l'épanchement pleural.,0,0,0,0,0,0
quotidien,IMAGER,imagi_ctchest,CT thoracique réalisée,"1, Oui | 0, Non | 99, Inconnu",Il s'agit d'une imagerie par tomodensitométrie du thorax.,Indiquez « Oui » si un scanner thoracique a été réalisé pendant le séjour du patient dans l'établissement clinique (hôpital) et recueilli à la date de l'évaluation.,0,0,0,0,0,0
quotidien,IMAGER,imagi_ctchest_result,Si oui: résultats de poitrine CT associés à cette maladie,"1, Normal ou aucun changement aigu | 5, Anormal ou changement aigu | 99, Inconnu","Fait référence aux résultats identifiés sur le coffre CT. Les infiltrats pulmonaires se réfèrent à la présence d'infiltrats pulmonaires ou pulmonaires et peuvent inclure des infiltrats alvéolaires, aériens, interstitiel .",Sélectionnez l'option la plus appropriée correspondant aux résultats du scanner thoracique associés à cette maladie.,0,0,0,0,0,0
quotidien,IMAGER,imagi_ctchest_infiltra,Nouveaux infiltrats présents sur CT,"1, Oui, bilatéral | 2, Oui, unilatéral | 0, Non | 99, Inconnu","Il s'agit de nouveaux infiltrats pulmonaires présents sur le scanner thoracique actuel, non visibles sur les radiographies thoraciques précédentes du patient. Les infiltrats pulmonaires résultent de la présence d'une substance plus dense que l'air (par exemple, du pus, un œdème, du sang, un surfactant, des protéines ou des cellules) dans le parenchyme pulmonaire. Les infiltrats pulmonaires bilatéraux sont présents dans les deux poumons. Les infiltrats pulmonaires unilatéraux ne sont présents que dans un seul poumon.","Sélectionnez l'option la plus appropriée correspondant aux nouveaux infiltrats pulmonaires présents sur le scanner thoracique actuel, non visualisé sur les radiographies thoraciques précédentes du patient.",0,0,0,0,0,0
quotidien,IMAGER,imagi_ctchest_infiltyp,Infiltre sur le coffre CT cohérent avec,"1, Pneumopathie virale | 2, Pneumonie bactérienne | 3, Œdème pulmonaire | 99, Inconnu","Il s'agit de l'état pathologique auquel les infiltrats pulmonaires visibles sur la radiographie thoracique peuvent correspondre. La pneumopathie virale se caractérise par un épaississement périhilaire et péribronchique bilatéral et des infiltrats interstitiels qui, en particulier chez les enfants en raison du petit calibre de leurs voies respiratoires, peuvent entraîner des zones d'atélectasie ou d'emprisonnement d'air. La pneumonie bactérienne se caractérise par des opacités pulmonaires focales segmentaires (c'est-à-dire une bronchopneumonie) ou lobaires (c'est-à-dire une pneumonie lobaire). L'œdème pulmonaire peut se caractériser par une céphalisation des vaisseaux du lobe supérieur, des opacités interstitielles, un collet péri-bronchique, des lignes septales (lignes de Kerley B), une opacification de l'espace aérien (remplissage des alvéoles par du liquide) qui peut avoir une distribution périhilaire ou en « aile de chauve-souris » lorsqu'elle est grave et aiguë, et un épanchement pleural. ",Sélectionnez tout ce qui s'applique.,0,0,0,0,0,0
quotidien,IMAGER,imagi_ctchest_pleueff,Épanchement pleural sur la poitrine CT,"1, Oui | 0, Non | 99, Inconnu",Cela fait référence à la présence de liquide dans la cavité pleurale résultant d'une transudation ou d'une exsudation excessive des surfaces pleurales.,"Indiquez «oui», si l'épanchement pleural a été visualisé sur la tomodensitométrie thoracique.",0,0,0,0,0,0
quotidien,IMAGER,imagi_ctchest_resultpleudet,Si oui: épanchement pleural sur les détails du coffre CT,"1, Unilatéral | 2, Bilatéral",Cela fait référence à l'emplacement de l'épanchement pleural.,Indiquez l'emplacement de l'épanchement pleural.,0,0,0,0,0,0
quotidien,IMAGER,imagi_ctbrain,Cerveau CT,"1, Oui | 0, Non | 99, Inconnu",Il s'agit de l'imagerie par tomodensitométrie du cerveau.,Indiquez « Oui » si un scanner cérébral a été réalisé pendant le séjour du patient dans l'établissement clinique (hôpital) et recueilli à la date de l'évaluation.,0,0,0,0,0,0
quotidien,IMAGER,imagi_ctbrain_date,Date du cerveau CT,,Cela fait référence à la date du scanner du cerveau.,Écrivez la date à laquelle le CT a été effectué (utilisez le format dd / mm / yyyy).,0,0,0,0,0,
quotidien,IMAGER,imagi_ctbrain_find,Résultats du scanner cérébral,"1, œdème cérébral | 2, décalage médian | 3, hydrocéphalie | 4, hémorragie intracrânienne | 5, infarctus",,,0,0,0,,,0
quotidien,IMAGER,imagi_ctbrain_shift,Décalage médian (mm),,,,0,0,0,,,
quotidien,IMAGER,imagi_ctbrain_hemoloc,Localisation de l'hémorragie intracrânienne,,,,0,0,0,,,
quotidien,IMAGER,imagi_mrib,Cerveau IRM,"1, Oui | 0, Non | 99, Inconnu",Il s'agit de l'imagerie par résonance magnétique (IRM) du cerveau.,Indiquez « Oui » si une IRM cérébrale a été réalisée pendant le séjour du patient dans l'établissement clinique (hôpital) et recueillie à la date de l'évaluation.,0,0,0,0,0,0
quotidien,IMAGER,imagi_mrib_date,Date d'IRM,,Cela fait référence à la date de l'IRM cérébrale.,Écrivez la date à laquelle l'IRM a été effectuée (utilisez le format dd / mm / yyyy).,0,0,0,0,0,
quotidien,IMAGER,imagi_mrib_find,Résultats de l'IRM cérébrale,"1, œdème cérébral | 2, hydrocéphalie | 3, hémorragie intracrânienne | 4, infarctus | 5, amélioration leptoméningée | 6, modèle encéphalitique",Cela fait référence aux principales conclusions de l’IRM cérébrale.,Écrivez les principales conclusions de l’IRM cérébrale.,0,0,0,0,0,0
quotidien,IMAGER,imagi_mrib_pattern,Modèle encéphalitique,"1, lobe temporal | 2, tronc cérébral | 3, cérébelleux | 4, noyaux gris centraux | 5, diffus | 88, autre | 99, Inconnu",,,0,0,0,,,0
quotidien,IMAGER,imagi_eeg,Électroencéphalogramme (EEG) réalisé,"1, oui | 0, Non | 99, Inconnu",,,0,0,0,,,0
quotidien,IMAGER,imagi_eeg_date,Date EEG,,,,0,0,0,,,
quotidien,IMAGER,imagi_eeg_find,Résultats EEG,,,,0,0,0,,,
quotidien,IMAGER,imagi_ultrasound,ULTRASON,"1, Oui | 0, Non | 99, Inconnu",Il s'agit de toute échographie réalisée pendant le séjour du patient dans l'établissement clinique (hôpital) et recueillie à la date de l'évaluation.,Indiquez « Oui » si une échographie a été réalisée pendant le séjour du patient dans l'établissement clinique (hôpital) et si les résultats ont été recueillis à la date de l'évaluation.,0,0,0,0,0,0
quotidien,IMAGER,imagi_ultrasound_date,Si oui à l'échographie effectuée: date d'échographie,,Cela fait référence à la date à laquelle l'imagerie échographique a été effectuée.,Écrivez la date à laquelle le test d'imagerie à ultrasons a été effectué (utilisez le format dd / mm / yyyy).,0,0,0,0,0,
quotidien,IMAGER,imagi_ultrasound_site,Zone échographique,"1, Thoracique uniquement | 2, Abdominale uniquement | 3, Thoracique et abdominale | 4, Crânien | 5, Articulations | 99, Inconnu",Il s'agit de la région du corps qui a été évaluée à l'aide de l'échographie.,Indiquez la région du corps qui a été examinée à l'échographie.,0,0,0,0,0,0
quotidien,IMAGER,imagi_ultrasound_findi,Si oui à l'échographie effectuée: les résultats échographiques associés à cette maladie,"1, Normal ou aucun changement aigu | 5, Anormal ou changement aigu | 99, Inconnu",Cela fait référence aux résultats de l'imagerie par ultrasons associés à cette maladie.,Sélectionnez l'option la plus appropriée correspondant aux résultats de l'imagerie à ultrasons associés à cette maladie.,0,0,0,0,0,0
quotidien,IMAGER,imagi_ultrasound_cranfind,Résultats de l'échographie crânienne,"1, ventriculomégalie/hydrocéphalie | 2, Hémorragie intraventriculaire (IVH) | 3, hémorragie parenchymateuse | 4, œdème cérébral | 5, Leucomalacie périventriculaire | 88, autre",,,0,0,0,,,0
quotidien,IMAGER,imagi_ultrasound_cranfind_ivh,Grade IVH,"1, première année | 2, année II | 3, année III | 4e année | 99, Inconnu",,,0,0,0,,,0
quotidien,IMAGER,imagi_ultrasound_asc,Ascite,"1, Oui | 0, Non | 99, Inconnu",L'ascite se réfère à une augmentation pathologique du liquide dans la cavité péritonéale.,"Indiquez «oui» si l'ascite était identifié lors de l'échographie à la date de l'évaluation. Indiquez «non» s'il n'y avait pas d'ascite sur l'échographie à la date d'évaluation. Si la cavité péritonéale n'a pas été examinée par échographie pour l'ascite à la date d'évaluation, indiquez «inconnu».",0,0,0,0,0,0
quotidien,IMAGER,imagi_ultrasound_ascsit,Si oui: classement ascite,"1, Faible | 2, Modérée | 3, Grave","Ascite légère / petite (grade 1) est détectable uniquement par échographie et nécessite généralement environ 100 ml de liquide (où le volume normal est d'environ 25 à 50 ml); Ascite modérée (grade 2) impliquant au moins 500-1000 ml de liquide péritonéal et détecté avec un examen physique; L'ascite sévère (grade 3) fait référence à la manifestation de l'abdomen grossièrement distendu, peut être décrite comme une ascite tendue.","Sélectionnez l'option la plus appropriée correspondant au degré d'ascite détecté à l'échographie. ",0,0,0,0,0,0
quotidien,IMAGER,imagi_ultrasound_consoli,Consolidation,"1, Oui | 0, Non | 99, Inconnu",Cela fait référence à la présence d'une zone radio-opaque dans le poumon. L'opacification est causée par un matériau fluide ou solide dans les voies respiratoires ou le parenchyme pulmonaire.,"Indiquez « Oui » si une consolidation a été identifiée à l'échographie à la date de l'évaluation. Indiquez « Non » s'il n'y avait pas d'épanchement pleural à l'échographie à la date de l'évaluation. Indiquez « Inconnu » si l'espace pleural n'a pas été examiné par échographie pour détecter un épanchement pleural à la date de l'évaluation. ",0,0,0,0,0,0
quotidien,IMAGER,imagi_ultrasound_pleff,Épanchement pleural,"1, Oui | 0, Non | 99, Inconnu",L'épanchement pleural fait référence à une augmentation pathologique du liquide dans l'espace pleural.,Indiquez « Oui » si une ou plusieurs épanchements pleuraux ont été détectés à l'échographie à la date de l'évaluation. Indiquez « Non » s'il n'y avait pas d'épanchement pleural à l'échographie à la date de l'évaluation. Indiquez « Inconnu » si l'espace pleural n'a pas été examiné par échographie pour détecter un ou plusieurs épanchements pleuraux à la date de l'évaluation.,0,0,0,0,0,0
quotidien,IMAGER,imagi_ultrasound_plefr,Si oui à l'épanchement pleural: Taille de la droite de l'épanchement pleural (cm),,Fait référence à la profondeur de l'épanchement pleural dans les centimètres (cm).,Indiquez la profondeur de l'épanchement pleural sur le côté droit en centimètres (cm).,0,0,0,0,0,
quotidien,IMAGER,imagi_ultrasound_plefl,Si oui à l'épanchement pleural: épanchement pleural taille gauche (cm),,Fait référence à la profondeur de l'épanchement pleural dans les centimètres (cm).,Indiquez la profondeur de l'épanchement pleural sur le côté gauche en centimètres (cm).,0,0,0,0,0,
quotidien,IMAGER,imagi_ultrasound_peric,Épanchement péricardique,"1, Oui | 0, Non | 99, Inconnu",L'épanchement péricardique fait référence à une augmentation pathologique du liquide dans l'espace péricardique.,"Si un épanchement péricardique a été identifié à l'échographie à la date de l'évaluation, indiquez « Oui ». S'il n'y avait pas d'épanchement péricardique à l'échographie à la date de l'évaluation, indiquez « Non ». Si l'espace péricardique n'a pas été examiné par échographie pour détecter un épanchement péricardique à la date de l'évaluation, indiquez « Inconnu ». ",0,0,0,0,0,0
quotidien,IMAGER,imagi_ultrasound_perics,Si oui: taille d'épandise péricardique (cm),,Fait référence à la profondeur de l'épanchement péricardique dans les centimètres (CM).,Indiquez la profondeur de l'épanchement péricardique sur le côté gauche en centimètres (cm).,0,0,0,0,0,
quotidien,IMAGER,imagi_liversize,Taille du foie (CM),,"Fait référence à la longueur craniocaudale du foie le long de la ligne médiane, en centimètres (cm).","Indiquez la longueur craniocaudale du foie le long de la ligne médio-claviculaire, en centimètres (cm).",0,0,0,0,0,
quotidien,IMAGER,imagi_gallbladder,Mur de la vésicule biliaire (mm),,"Fait référence à l'épaisseur de la paroi de la vésicule biliaire, en millimètres (mm).","Indiquez l'épaisseur de la paroi de la vésicule biliaire, en millimètres (mm).",0,0,0,0,0,
quotidien,IMAGER,imagi_ultrasound_unlisted,Autres constatations (s),"1, Oui | 0, Non | 99, Inconnu",Fait référence à d'autres résultats échographiques qui sont cliniquement pertinents.,"Indiquez «oui», s'il existe d'autres résultats d'imagerie par échographie qui sont cliniquement pertinents.",0,0,0,0,0,0
quotidien,IMAGER,imagi_ultrasound_unlistedoth,Si oui: spécifiez d'autres résultats,,Fait référence à d'autres résultats d'imagerie par ultrasons qui sont cliniquement pertinents.,"Si « Oui », précisez les autres résultats d'imagerie échographique cliniquement pertinents.",0,0,0,0,0,
quotidien,IMAGER,imagi_ecg,Électrocardiogramme (ECG),"1, Oui-normal | 2, Oui-anormal | 0, Non | 99, Inconnu","Fait référence à une étude qui évalue l'effet d'un traitement sur l'activité électrique cardiaque, comme évalué par électrocardiographie.",Sélectionnez les options les plus appropriées qui correspondent aux résultats de l'ECG.,0,0,0,0,0,0
quotidien,IMAGER,imagi_ecg_spec,Résumé de l'ECG,,Fait référence à un résumé des principaux résultats de l'ECG,Si «Oui-Abnormal» donne un résumé des principaux résultats de l'ECG.,0,0,0,0,0,
quotidien,IMAGER,imagi_ecg_date,Date d'ECG,,Fait référence à la date de l'ECG,Écrivez la date au format DD / mm / Yyyy.,0,0,0,0,0,
médicament,MÉDICAMENTS : Consigner les médicaments administrés ou prescrits entre le jour de la présentation et le jour du congé ou de l'issue (un formulaire par médicament).,medi_medtype,Sélectionnez les agents administrés lors de l'hôpital ou à la sortie (une forme par médicament),,"Désigne tous les médicaments administrés à tout moment pendant l'admission du patient dans l'établissement clinique (hôpital), y compris aux urgences, et prescrits à la sortie.","Indiquez le type d'agent pour tous les médicaments administrés à tout moment pendant l'admission du patient dans l'établissement clinique (hôpital), y compris aux urgences, et prescrits à la sortie.",0,0,0,0,0,
médicament,MÉDICAMENTS : Consigner les médicaments administrés ou prescrits entre le jour de la présentation et le jour du congé ou de l'issue (un formulaire par médicament).,medi_treat,Ce médicament traite-t-il la maladie?,"1, Oui | 0, Non",Indique si le médicament est utilisé pour traiter la maladie causée par l'agent pathogène concerné.,Indiquez «oui» si ce médicament est utilisé pour traiter la maladie causée par l'agent pathogène d'intérêt.,0,0,0,0,0,0
médicament,MÉDICAMENTS : Consigner les médicaments administrés ou prescrits entre le jour de la présentation et le jour du congé ou de l'issue (un formulaire par médicament).,medi_antiviralagent,Antiviral,,"Fait référence à tout (s) agent (s) prescrit spécifiquement pour traiter une infection virale suspectée ou confirmée. Des exemples d'inhibiteurs de neuraminidase comprennent l'oseltamivir, la ribavirine, l'acyclovir et le lopinavir / ritonavir. Les préparations topiques ne sont pas incluses.","Sélectionnez le ou les agents antiviraux administrés à tout moment pendant l'admission du patient dans l'établissement clinique (hôpital), y compris dans le service d'urgence, et prescrit à la sortie.",0,0,0,0,0,
médicament,MÉDICAMENTS : Consigner les médicaments administrés ou prescrits entre le jour de la présentation et le jour du congé ou de l'issue (un formulaire par médicament).,medi_antibioagent,Antibiotique,,Les antibiotiques se réfèrent à tout (s) agent (s) qui cible sélectivement les bactéries.,"Sélectionnez l'agent antibiotique administré à tout moment pendant l'admission du patient dans l'établissement clinique (hôpital), y compris dans le service d'urgence, et prescrit à la sortie.",0,0,0,0,0,
médicament,MÉDICAMENTS : Consigner les médicaments administrés ou prescrits entre le jour de la présentation et le jour du congé ou de l'issue (un formulaire par médicament).,medi_topicantibiotgent,Antibiotique topique,"1, Pénicillines | 2, Céphalosporines | 3, Tétracyclines | 4, Aminoglycosides | 5, Macrolides | 6, Sulfamides et triméthoprime | 7, Quinolones | 99, Inconnu | 88, Autre",Fait référence à la classe antibiotique des antibiotiques topiques administrés lors de l'admission et / ou prescrits lors de la sortie.,Indiquer la classe d'antibiotiques topiques administrés lors de l'admission et / ou prescrit à la décharge,0,0,0,0,0,0
médicament,MÉDICAMENTS : Consigner les médicaments administrés ou prescrits entre le jour de la présentation et le jour du congé ou de l'issue (un formulaire par médicament).,medi_corticost,Corticostéroïde,,"Les corticostéroïdes (communément appelés «stéroïdes») se réfèrent à tous les types de corticostéroïdes thérapeutiques, fabriqués dans le cortex surrénal (la partie extérieure de la glande surrénale). Ils sont également fabriqués en laboratoire. Les exemples comprennent: la prednisolone, la prednisone, la méthyl-prédnisolone, la dexaméthasone, l'hydrocortisone, la fluticasone, la bétamétasone. Les préparations topiques ne sont pas incluses, mais des préparations inhalées sont incluses.","Sélectionnez le ou les corticostéroïdes administrés à tout moment pendant l'admission du patient dans l'établissement clinique (hôpital), y compris dans le service d'urgence, et prescrit à la sortie.",0,0,0,0,0,
médicament,MÉDICAMENTS : Consigner les médicaments administrés ou prescrits entre le jour de la présentation et le jour du congé ou de l'issue (un formulaire par médicament).,medi_anticoaguagent,Anticoagulation,,"Un anticoagulant fait référence à tout agent capable de prévenir la formation de caillots sanguins ou l'agrégation plaquettaire. Cela comprend des agents tels que l'héparine, la warfarine, l'aspirine, le clopidogrel et les anticoagulants administrés par voie sous-cutanée, entre autres. Les préparations topiques ne sont pas incluses.","Sélectionnez le ou les anticoagulants administrés à tout moment pendant l'admission du patient dans l'établissement clinique (hôpital), y compris dans le service des urgences, et prescrit à la sortie.",0,0,0,0,0,
médicament,MÉDICAMENTS : Consigner les médicaments administrés ou prescrits entre le jour de la présentation et le jour du congé ou de l'issue (un formulaire par médicament).,medi_anticoaguagent_ind,Indication anticoagulation,"1, Thérapeutique (traitement de la TVP/EP) | 2, Prophylaxie renforcée contre les infections par les agents pathogènes d'intérêt | 3, Prophylaxie routinière chez les patients hospitalisés | 99, Inconnu",Cela fait référence à l'indication de l'anticoagulant (s).,Sélectionnez l'option la plus appropriée correspondant à l'indication de la ou des anticoagulants.,0,0,0,0,0,0
médicament,MÉDICAMENTS : Consigner les médicaments administrés ou prescrits entre le jour de la présentation et le jour du congé ou de l'issue (un formulaire par médicament).,medi_antifungagent,Agent antifongique,,"Fait référence à tout (s) agent (s) inhibant la croissance ou tuant des champignons, prescrit spécifiquement pour traiter une infection fongique suspectée ou confirmée.","Sélectionnez le ou les agents antifongiques administrés à tout moment pendant l'admission du patient dans l'établissement clinique (hôpital), y compris dans le service d'urgence, et prescrit à la sortie.",0,0,0,0,0,
médicament,MÉDICAMENTS : Consigner les médicaments administrés ou prescrits entre le jour de la présentation et le jour du congé ou de l'issue (un formulaire par médicament).,medi_inotropesvasopressor,Inotropes / vasopresseur,"1, Vasopressine | 2, Phényléphrine | 3, Épinéphrine | 4, Norépinéphrine | 5, Dopamine | 6, Angiotensine II | 7, Terlipressine | 88, Autres","Cela fait référence à l'utilisation continue d'un vasopresseur ou d'un inotrope pendant au moins une heure. Les agents comprennent la noradrénaline, l'épinéphrine, la vasopressine, la terlipressine et la phényléphrine. Les inotropes «positifs» couramment utilisés comprennent la dobutamine, la dopamine, la milrinone et l'adrénaline (épinéphrine).","Sélectionnez l'agent vasopresseur ou inotrope administré à tout moment pendant l'admission du patient dans l'établissement clinique (hôpital), y compris dans le service d'urgence, et prescrit à la sortie.",0,0,0,0,0,0
médicament,MÉDICAMENTS : Consigner les médicaments administrés ou prescrits entre le jour de la présentation et le jour du congé ou de l'issue (un formulaire par médicament).,medi_analgesic,Analgésiques,"1, Paracétamol | 2, AINS | 3, Opiacés (Tramadol, codéine, morphine) | 4, Kétamine | 99, Inconnu | 88, Autres","Il s'agit de tout agent qui soulage la douleur sans perte de conscience. Il s'agit notamment des analgésiques opioïdes, non opioïdes et adjuvants.","Indiquez le ou les agents analgésiques administrés à tout moment pendant l'hospitalisation du patient dans l'établissement clinique (hôpital), y compris aux urgences, et prescrits à la sortie.",0,0,0,0,0,0
médicament,MÉDICAMENTS : Consigner les médicaments administrés ou prescrits entre le jour de la présentation et le jour du congé ou de l'issue (un formulaire par médicament).,medi_antipruritic,Agent antiprurite,"1, Hydrocortisone | 2, Calamine | 3, Antihistaminiques | 4, Hydroxyzine | 99, Inconnu | 88, Autre",Cela fait référence à tout (s) agent (s) qui soulage les démangeaisons (prurit).,"Sélectionnez le ou les agents antipruritiques administrés à tout moment pendant l'admission du patient dans l'établissement clinique (hôpital), y compris dans le service d'urgence, et prescrit à la sortie.",0,0,0,0,0,0
médicament,MÉDICAMENTS : Consigner les médicaments administrés ou prescrits entre le jour de la présentation et le jour du congé ou de l'issue (un formulaire par médicament).,medi_antifibrinolytic,Agent antifibrinolytique,"1, acide tranexamique | 2, acide aminocaproïque | 88, autre",Cela fait référence à tout agent antifibrinolytique,"Sélectionner le ou les agents antifibrinolytiques administrés à tout moment lors de l'admission du patient dans l'établissement clinique (hôpital), y compris aux urgences, et prescrits à la sortie.",0,0,0,0,0,0
médicament,MÉDICAMENTS : Consigner les médicaments administrés ou prescrits entre le jour de la présentation et le jour du congé ou de l'issue (un formulaire par médicament).,medi_antifibrinolytic_oth,Préciser un autre agent antifibrinolytique,,Cela fait référence à tout agent antifibrinolytique,"Si « Autre », précisez le ou les agents antifibrinolytiques administrés à tout moment lors de l'admission du patient dans l'établissement clinique (hôpital), y compris au service des urgences, et prescrits à la sortie.",0,0,0,0,0,
médicament,MÉDICAMENTS : Consigner les médicaments administrés ou prescrits entre le jour de la présentation et le jour du congé ou de l'issue (un formulaire par médicament).,medi_immunosupp,Immunosuppresseurs (non stéroïdiens),,Il s'agit d'un patient qui a pris des médicaments prescrits connus pour avoir un effet immunosuppresseur (à l'exception des stéroïdes/corticostéroïdes).,Sélectionnez l'option la plus appropriée correspondant à l'indication du ou des immunosuppresseurs.,0,0,0,0,0,
médicament,MÉDICAMENTS : Consigner les médicaments administrés ou prescrits entre le jour de la présentation et le jour du congé ou de l'issue (un formulaire par médicament).,medi_ivig,Type d'immunoglobuline intraveineuse,"1, Immunoglobuline polyclonale | 2, Immunoglobuline spécifique | 99, Inconnu | 88, Autre","Il s'agit du type d'immunoglobuline intraveineuse. ",Sélectionnez l'option la plus appropriée qui correspond au type d'immunoglobuline intraveineuse administrée.,0,0,0,0,0,0
médicament,MÉDICAMENTS : Consigner les médicaments administrés ou prescrits entre le jour de la présentation et le jour du congé ou de l'issue (un formulaire par médicament).,medi_ivig_oth,Précisez autre type d'immunoglobuline intraveineuse,,"Si « Autre », précisez le type d'immunoglobuline intraveineuse.","Précisez le type d'immunoglobuline intraveineuse. ",0,0,0,0,0,
médicament,MÉDICAMENTS : Consigner les médicaments administrés ou prescrits entre le jour de la présentation et le jour du congé ou de l'issue (un formulaire par médicament).,medi_antimalarial,Antipaludique,"1, Artéméther-Luméfantrine (Coartem, Riamet) | 2, chloroquine (Aralen, Resochin) | 3, Hydroxychloroquine (Plaquénil) | 4, Quinine (Qualaquin) | 5, Primaquine | 6, sulfadoxine | 7, Pyriméthamine (Fansidar) | 8, artésunate | 88, autre",Cela fait référence aux médicaments utilisés pour traiter le paludisme.,"Sélectionner le ou les antipaludiques administrés à tout moment lors de l'admission du patient dans l'établissement clinique (hôpital), y compris aux urgences, et prescrits à la sortie.",0,0,0,0,0,0
médicament,MÉDICAMENTS : Consigner les médicaments administrés ou prescrits entre le jour de la présentation et le jour du congé ou de l'issue (un formulaire par médicament).,medi_route,Voie d'administration,"1, Oral | 2, Sous-cutané |3, Inhalé |4, IV | 5, Topique | 99, Inconnu | 88, Autre",Il s'agit de la voie d'administration du médicament.,Sélectionnez l'option la plus appropriée qui correspond à la voie d'administration du médicament.,0,0,0,0,0,0
médicament,MÉDICAMENTS : Consigner les médicaments administrés ou prescrits entre le jour de la présentation et le jour du congé ou de l'issue (un formulaire par médicament).,medi_route_oth,Précisez autre voie,,Il s'agit de la voie d'administration du médicament.,"Si « Autre », indiquez la voie d'administration du médicament.",0,0,0,0,0,
médicament,MÉDICAMENTS : Consigner les médicaments administrés ou prescrits entre le jour de la présentation et le jour du congé ou de l'issue (un formulaire par médicament).,medi_route_infusion,"En cas de perfusion intraveineuse, une réaction à la perfusion ?","1, oui | 2, non | 99, Inconnu","Il s'agit d'une réaction à la perfusion de substances pharmacologiques ou biologiques. Les symptômes peuvent apparaître quelques minutes ou heures après la perfusion et peuvent inclure un prurit, des bouffées vasomotrices, un gonflement, une dyspnée, un bronchospasme et une hypotension.",Indiquez si une réaction à la perfusion s’est produite.,0,0,0,0,0,0
médicament,MÉDICAMENTS : Consigner les médicaments administrés ou prescrits entre le jour de la présentation et le jour du congé ou de l'issue (un formulaire par médicament).,medi_localanest,Anesthésique local,"1, lidocaïne | 2, bupivacaïne | 3, Ropivacaïne | 88, autre",,,0,0,0,,,0
médicament,MÉDICAMENTS : Consigner les médicaments administrés ou prescrits entre le jour de la présentation et le jour du congé ou de l'issue (un formulaire par médicament).,medi_localanest_other,Préciser autre Anesthésique local,,,,0,0,0,,,
médicament,MÉDICAMENTS : Consigner les médicaments administrés ou prescrits entre le jour de la présentation et le jour du congé ou de l'issue (un formulaire par médicament).,medi_medstartdate,Date Agent démarré / première dose,,Il s'agit de la date à laquelle le médicament a été commencé / la première dose a été administrée.,Entrez la date au format DD / mm / Yyyy.,0,0,0,0,0,
médicament,MÉDICAMENTS : Consigner les médicaments administrés ou prescrits entre le jour de la présentation et le jour du congé ou de l'issue (un formulaire par médicament).,medi_medongoing,Traitement en cours ?,"1, Oui | 2, Non | 99, Inconnu",Il s'agit du traitement en cours avec des médicaments utilisés pour traiter la maladie causée par l'agent pathogène concerné.,Indiquez s'il existe un traitement en cours avec des médicaments utilisés pour traiter la maladie causée par l'agent pathogène d'intérêt.,0,0,0,0,0,0
médicament,MÉDICAMENTS : Consigner les médicaments administrés ou prescrits entre le jour de la présentation et le jour du congé ou de l'issue (un formulaire par médicament).,medi_medenddate,Date Agent terminé / Dernière dose,,"Il s'agit de la date à laquelle le médicament a été arrêté / la dernière dose a été administrée. ",Entrez la date au format DD / mm / Yyyy.,0,0,0,0,0,
médicament,MÉDICAMENTS : Consigner les médicaments administrés ou prescrits entre le jour de la présentation et le jour du congé ou de l'issue (un formulaire par médicament).,medi_numdays,Nombre total de jours de traitement donné,,Cela fait référence au nombre total de jours pour lesquels une dose a été reçue ou invitée à prendre en charge la prescription de décharge.,Entrez le nombre total de jours pour lesquels une dose a été reçue ou a demandé de prendre la prescription de décharge.,0,0,0,0,0,
médicament,MÉDICAMENTS : Consigner les médicaments administrés ou prescrits entre le jour de la présentation et le jour du congé ou de l'issue (un formulaire par médicament).,medi_stopreason,Raisons de l'arrêt du traitement,"1, Améliorations | 2, Détérioration | 3, Décès | 4, Autres événements indésirables | 99, Inconnu | 88, Autre",Il s'agit de la raison pour laquelle le traitement a été arrêté.,Sélectionnez l'option la plus appropriée correspondant à la raison de l'arrêt du traitement.,0,0,0,0,0,0
médicament,MÉDICAMENTS : Consigner les médicaments administrés ou prescrits entre le jour de la présentation et le jour du congé ou de l'issue (un formulaire par médicament).,medi_stopreason_oth,Veuillez préciser autre raison,,Il s'agit de la raison pour laquelle le traitement a été arrêté.,"Si « Autre », veuillez préciser la raison de l'arrêt du traitement.",0,0,0,0,0,
médicament,MÉDICAMENTS : Consigner les médicaments administrés ou prescrits entre le jour de la présentation et le jour du congé ou de l'issue (un formulaire par médicament).,medi_frequency,Fréquence,,"Fait référence à la fréquence de l'administration de médecine spécifiée dans une période de 24 heures (00h00 à 24h00). Les exemples incluent «toutes les 4 heures», «deux fois par jour», etc.","Indiquez la fréquence d'administration du médicament spécifié au cours d'une période de 24 heures (de 00 h 00 à 24 h 00). Exemples : « toutes les 4 heures », « deux fois par jour », etc.",0,0,0,0,0,
médicament,MÉDICAMENTS : Consigner les médicaments administrés ou prescrits entre le jour de la présentation et le jour du congé ou de l'issue (un formulaire par médicament).,medi_dose,Dose,,"Cela fait référence à la dose du médicament administré à tout moment pendant l'admission du patient dans l'établissement clinique (hôpital), y compris dans le service d'urgence, et prescrit à la sortie.",Écrire la dose; N'incluez pas les unités car cela est posé dans la question suivante.,0,0,0,0,0,
médicament,MÉDICAMENTS : Consigner les médicaments administrés ou prescrits entre le jour de la présentation et le jour du congé ou de l'issue (un formulaire par médicament).,medi_units,Unités,,"Cela fait référence à la dose du médicament administré à tout moment pendant l'admission du patient dans l'établissement clinique (hôpital), y compris dans le service d'urgence, et prescrit à la sortie.",Écrivez les unités du dosage.,0,0,0,0,0,0
médicament,MÉDICAMENTS : Consigner les médicaments administrés ou prescrits entre le jour de la présentation et le jour du congé ou de l'issue (un formulaire par médicament).,medi_units_oth,Unités (autres),,"Il s'agit de la posologie du médicament administré à tout moment lors de l'admission du patient dans l'établissement clinique (hôpital), y compris aux urgences, et prescrit à la sortie.",Écrivez les unités de dosage.,0,0,0,0,0,
médicament,MÉDICAMENTS : Consigner les médicaments administrés ou prescrits entre le jour de la présentation et le jour du congé ou de l'issue (un formulaire par médicament).,medi_numdoses,Nombre total de doses (nombre de fois que le médicament a été injecté / avalé / infusé / inséré / appliqué / inhalé),,"Il s'agit du nombre total de doses du médicament administrées à tout moment pendant l'admission du patient dans l'établissement clinique (hôpital), y compris aux urgences, et prescrites à la sortie.","Écrivez le nombre total de doses du médicament. Si le même médicament a été administré par différentes itinéraires, indiquez le nombre total de doses de toutes les routes d'administration (injecté / avalé / infusé / inséré / appliqué / inhalé).",0,0,0,0,0,
médicament,MÉDICAMENTS : Consigner les médicaments administrés ou prescrits entre le jour de la présentation et le jour du congé ou de l'issue (un formulaire par médicament).,medi_offlab,Était-ce une utilisation hors AMME ou compatissante du médicament?,"1, Oui | 0, Non | 99, Inconnu",Cela fait référence à la pratique de la prescription ou de l'utilisation d'un médicament ou d'un vaccin pour une indication qui n'est pas spécifiée dans la licence de réglementation nationale.,Sélectionnez «oui» si ce médicament a été utilisé pour une indication qui n'est pas spécifiée dans la licence réglementaire nationale.,0,0,0,0,0,0
médicament,MÉDICAMENTS : Consigner les médicaments administrés ou prescrits entre le jour de la présentation et le jour du congé ou de l'issue (un formulaire par médicament).,medi_offlab_spec1,Si oui: spécifiez le médicament d'utilisation hors AMME ou compatissant,,Cela fait référence à la pratique de la prescription ou de l'utilisation d'un médicament ou d'un vaccin pour une indication qui n'est pas spécifiée dans la licence de réglementation nationale.,Spécifiez les médicaments utilisés pour une indication qui n'est pas spécifiée dans la licence réglementaire nationale.,0,0,0,0,0,
pathogènes,TESTS PATHOGÈNES : Résultats de tous les types de tests d'échantillons et de tests pathogènes,test_collectiondate,Date de collecte,,Il s'agit de la date de collecte d'un échantillon clinique pour les tests de pathogènes.,Écrivez la date à laquelle les échantillons ont été prélevés. Cela peut être différent du jour où les résultats sont rapportés. Utilisez le format DD / MM / YYYY.,0,0,0,0,0,
médicament,MÉDICAMENTS : Consigner les médicaments administrés ou prescrits entre le jour de la présentation et le jour du congé ou de l'issue (un formulaire par médicament).,medi_investig,Était-ce un traitement expérimental ?,"1, oui | 0, Non | 99, Inconnu",Il s'agit de savoir si ce traitement particulier a été étudié pour son utilisation ou pour lequel il n'existe pas suffisamment de preuves pour déterminer ses effets sur les résultats de santé dans cette maladie particulière ou contre cet agent pathogène particulier d'intérêt.,Sélectionnez « Oui » si ce médicament était un traitement expérimental,0,0,0,0,0,0
médicament,MÉDICAMENTS : Consigner les médicaments administrés ou prescrits entre le jour de la présentation et le jour du congé ou de l'issue (un formulaire par médicament).,medi_investig_type,Type de traitement expérimental,"1, administré selon les normes de soins | 2, administré dans le cadre d'une utilisation d'urgence surveillée d'interventions non enregistrées et expérimentales (MEURI) ou de protocoles d'accès étendus (EAP) | 3, administré dans le cadre d'un essai clinique randomisé | 88, autre | 99, Inconnu",Il s'agit du type de contexte dans lequel le traitement expérimental a été administré.,Préciser l'option la plus appropriée qui représente le type de traitement expérimental,0,0,0,0,0,0
médicament,MÉDICAMENTS : Consigner les médicaments administrés ou prescrits entre le jour de la présentation et le jour du congé ou de l'issue (un formulaire par médicament).,medi_investig_type_oth,Autre type de traitement expérimental,,Il s'agit du type de contexte dans lequel le traitement expérimental a été administré.,"Si « Autre », précisez le type de traitement expérimental",0,0,0,0,0,
médicament,MÉDICAMENTS : Consigner les médicaments administrés ou prescrits entre le jour de la présentation et le jour du congé ou de l'issue (un formulaire par médicament).,medi_adverse,Événement indésirable,"1, oui | 2, non | 99, Inconnu",Il s'agit de tout événement indésirable ressenti par le patient et attribué à l'administration du médicament.,indiquer si un ou plusieurs événements indésirables se sont produits,0,0,0,0,0,0
médicament,MÉDICAMENTS : Consigner les médicaments administrés ou prescrits entre le jour de la présentation et le jour du congé ou de l'issue (un formulaire par médicament).,medi_adverse_spec,Préciser l'événement indésirable,,Il s'agit de tout événement indésirable ressenti par le patient et attribué à l'administration du médicament.,Préciser le(s) événement(s) indésirable(s),0,0,0,0,0,
pathogènes,TESTS PATHOGÈNES : Résultats de tous les types de tests d'échantillons et de tests pathogènes,test_biospecimentype,Type de biospécimen,,Il s'agit du type d'échantillon clinique prélevé à des fins de recherche de pathogènes. Un prélèvement nasal/nasopharyngé (NP) désigne le prélèvement de matériel biologique à l'intérieur des voies nasales/du nasopharynx. Un prélèvement de gorge désigne le prélèvement de matériel biologique à l'intérieur de la gorge/de l'oropharynx. Écouvillon nasal/NP + pharyngé combiné désigne le prélèvement à l'aide d'un écouvillon nasal/nasopharyngé (NP) et d'un écouvillon pharyngé. Les expectorations désignent les substances expectorées par les poumons et expulsées par la bouche. Le lavage broncho-alvéolaire (LBA) désigne le lavage des poumons à l'aide d'une solution saline ou d'agents mucolytiques à des fins diagnostiques ou thérapeutiques. L'aspiration endotrachéale (AET) désigne le prélèvement d'un échantillon à partir d'un tube endotrachéal. Un prélèvement oculaire désigne le prélèvement d'un échantillon biologique à la surface de l'œil. Un prélèvement sur lésion désigne le prélèvement d'un échantillon biologique sur une lésion cutanée ou muqueuse. Le sperme désigne la sécrétion des organes reproducteurs masculins lors de l'éjaculation. Les selles/prélèvement rectal désignent un échantillon biologique prélevé dans les matières fécales ou dans le rectum à l'aide d'un écouvillon.,Sélectionnez l'option la plus appropriée qui représente le type d'échantillon clinique collecté pour les tests pathogènes.,0,0,0,0,0,
pathogènes,TESTS PATHOGÈNES : Résultats de tous les types de tests d'échantillons et de tests pathogènes,test_pathtested,Pathogène testé / détecté,,Il s'agit du ou des agents pathogènes recherchés à l'aide de l'échantillon biologique.,"Indiquez le ou les agents pathogènes qui ont été testés à l'aide de l'échantillon biologique. ",0,0,0,0,0,
pathogènes,TESTS PATHOGÈNES : Résultats de tous les types de tests d'échantillons et de tests pathogènes,test_timing,Moment du prélèvement des échantillons par rapport à la maladie,"1, Premier (échantillon de phase précoce/aiguë) | 2, Deuxième (échantillon de phase ultérieure/de convalescence) | 99, Inconnu",,,0,0,0,,,0
pathogènes,TESTS PATHOGÈNES : Résultats de tous les types de tests d'échantillons et de tests pathogènes,test_labtestmethod,Méthode de test de laboratoire,"1, PCR (NAAT) | 3, Culture | 6, TDR | 7, Sérologie (ELISA) | 8,Autres NAAt | 99, Inconnu","Il s'agit de la méthode de laboratoire utilisée pour rechercher l'agent pathogène. ",Sélectionnez l'option la plus appropriée qui représente la méthode de laboratoire utilisée pour tester le pathogène.,0,0,0,0,0,0
pathogènes,TESTS PATHOGÈNES : Résultats de tous les types de tests d'échantillons et de tests pathogènes,test_marker,Marqueur de laboratoire,"1, NS1 Ag | 2, IgG | 3, IgM | 4, Charge virale / sérotype (PCR/NAAT) | 5, Non applicable | 99, Inconnu",Il s'agit du marqueur de laboratoire utilisé pour détecter l'agent pathogène.,Sélectionnez la seule option la plus appropriée qui représente le marqueur de laboratoire utilisé pour tester l'agent pathogène.,0,0,0,0,0,0
pathogènes,TESTS PATHOGÈNES : Résultats de tous les types de tests d'échantillons et de tests pathogènes,test_naat,Sous-type TAAN,"1, RT-PCR| 2, LAMPE | 3, TMA/TMP | 88, autre | 99, Inconnu",,,0,0,0,,,0
pathogènes,TESTS PATHOGÈNES : Résultats de tous les types de tests d'échantillons et de tests pathogènes,test_naat_other,Spécifier un autre sous-type NAAT,,,,0,0,0,,,
pathogènes,TESTS PATHOGÈNES : Résultats de tous les types de tests d'échantillons et de tests pathogènes,test_result,Résultat du test pathogène,"1, Détecté | 0, Non détecté | 2, Équivoque | 99, Inconnu",Il s'agit des résultats obtenus pour le ou les agents pathogènes recherchés à l'aide de l'échantillon biologique.,Sélectionnez l'option la plus appropriée qui représente les résultats des agents pathogènes testés pour l'utilisation de l'échantillon biologique.,0,0,0,0,0,0
pathogènes,TESTS PATHOGÈNES : Résultats de tous les types de tests d'échantillons et de tests pathogènes,test_denguetyp,Type de virus de la dengue,"1, DENV1 | 2, DENV2 | 3, DENV3 | 4, DENV4","Il s'agit du sérotype de l'espèce virale du virus de la dengue, qui est un virus à ARN simple brin de polarité positive de la famille des Flaviviridae et du genre Flavivirus, détecté à l'aide du test PCR.",Sélectionnez la seule option la plus appropriée qui représente le sérotype de l'espèce virale du virus de la dengue détectée à l'aide du test PCR.,0,0,0,0,0,0
pathogènes,TESTS PATHOGÈNES : Résultats de tous les types de tests d'échantillons et de tests pathogènes,test_fluresist,Si l'agent pathogène détecté est le virus de la grippe : résistance à l'oseltamivir identifiée,"1, Oui | 0, Non | 3, Non testé | 99, Inconnu",Fait référence à l'identification de la résistance à l'oseltamivir.,"Indiquez « Oui » si une résistance à l'oseltamivir a été identifiée. ",0,0,0,0,0,0
pathogènes,TESTS PATHOGÈNES : Résultats de tous les types de tests d'échantillons et de tests pathogènes,test_ctvalue,Valeur CT,,Cela fait référence au seuil de cycle (CT) pour la détection de l'acide nucléique dans l'échantillon en utilisant la réaction en chaîne en polymérase en temps réel.,Indiquez la valeur CT.,0,0,0,0,0,
pathogènes,TESTS PATHOGÈNES : Résultats de tous les types de tests d'échantillons et de tests pathogènes,test_vload,Charge virale (copies/mL),,Il s'agit de la quantité de virus présente dans un volume donné de liquide.,"Indiquez la charge virale. ",0,0,0,0,0,
pathogènes,TESTS PATHOGÈNES : Résultats de tous les types de tests d'échantillons et de tests pathogènes,test_marker_quantvalue,Résultat quantitatif pour [test_marker],,,,0,0,0,,,
pathogènes,TESTS PATHOGÈNES : Résultats de tous les types de tests d'échantillons et de tests pathogènes,test_genrep,Séquence disponible dans le référentiel de données génomiques,"1, Oui | 0, Non",Cela fait référence à la disponibilité de la séquence génomique des agents pathogènes dans un référentiel de données.,Indiquez «oui» si la séquence est disponible dans un référentiel de données génomiques.,0,0,0,0,0,0
pathogènes,TESTS PATHOGÈNES : Résultats de tous les types de tests d'échantillons et de tests pathogènes,test_genrep_db,Référentiel génomique,,Fait référence au référentiel génomique qui contient les données de séquence de pathogènes.,Sélectionnez le référentiel génomique qui contient les données de séquence de pathogènes.,0,0,0,0,0,
pathogènes,TESTS PATHOGÈNES : Résultats de tous les types de tests d'échantillons et de tests pathogènes,test_genrep_ref,Identifiant de séquence de référentiel,,Fait référence à l'identifiant de la séquence dans le référentiel.,Écrivez l'identifère de la séquence dans le référentiel génomique.,0,0,0,0,0,
photographies,PHOTOGRAPHIES,photo_date,Date de la photo,,Désigne la date à laquelle l'image a été capturée.,Entrez la date au format JJ/MM/AAAA.,0,0,0,0,0,
photographies,PHOTOGRAPHIES,photo_type,Que photographiez-vous ?,"1, Lésion cutanée | 2, Lésion muqueuse | 99, Inconnu | 88, Autre",Désigne le type de pathologie capturé sur la photographie.,Sélectionnez l'option la plus appropriée qui représente le type de pathologie capturé sur la photographie.,0,0,0,0,0,0
photographies,PHOTOGRAPHIES,photo_upload,Téléchargez l'image ici,,,,0,0,0,,,
photographies,PHOTOGRAPHIES,photo_site,Quelle partie du corps est photographiée ?,"1, Tête, cou ou visage | 2, Intérieur de la bouche | 3, Torse avant | 4, Torse arrière | 5, Bras ou main droite | 6, Bras ou main gauche | 7, Péri-anal | 8, Région pubienne | 9, Jambe ou pied droit | 10, Jambe ou pied gauche | 99, Inconnu | 88, Autre",Désigne la partie du corps capturée sur la photographie.,Sélectionnez l'option la plus appropriée qui représente la partie du corps capturée sur la photographie.,0,0,0,0,0,0
photographies,PHOTOGRAPHIES,photo_site_oth,Précisez un autre emplacement,,"Désigne la partie du corps capturée sur la photographie, non spécifiée ci-dessus.","Si « Autre », précisez la partie du corps capturée sur la photographie, non spécifiée ci-dessus.",0,0,0,0,0,
photographies,PHOTOGRAPHIES,photo_sampleyn,Un échantillon de la zone photographiée a-t-il été prélevé ?,"1, Oui | 2, Non | 99, Inconnu","Désigne un échantillon biologique de la partie du corps photographiée. ","Indiquez « Oui » si un échantillon biologique de la partie du corps photographiée a été prélevé. ",0,0,0,0,0,0
photographies,PHOTOGRAPHIES,photo_sampleid,Veuillez saisir l'identifiant de l'échantillon,,Désigne le numéro d'identification (ID) de l'échantillon.,Inscrivez l'identifiant de l'échantillon.,0,0,0,0,0,
photographies,PHOTOGRAPHIES,photo_desc,Veuillez fournir toute autre description supplémentaire pertinente de la photo ou de son emplacement.,,"Désigne toute autre description supplémentaire pertinente de la photo ou de son emplacement, non spécifiée ci-dessus.","Indiquez toute autre description supplémentaire pertinente de la photo ou de son emplacement, non spécifiée ci-dessus.",0,0,0,0,0,
résultat,COMPLICATIONS : Survenues à tout moment entre le jour de la présentation et le jour de la sortie / l'issue.,compl_neurological,Complications neurologiques,,Défini comme toute complication du système nerveux.,Indiquez « Oui » si le patient a présenté ce symptôme à un moment quelconque pendant l'hospitalisation.,0,0,0,0,0,
résultat,COMPLICATIONS : Survenues à tout moment entre le jour de la présentation et le jour de la sortie / l'issue.,compl_strokecva,AVC / accident cérébrovasculaire,"1, Oui | 0, Non | 99, Inconnu","Défini comme une perte soudaine de fonction neurologique secondaire à l'hémorragie ou à l'ischémie dans le parenchyme cérébral en raison d'un événement vasculaire. L'AVC peut être un diagnostic clinique, avec ou sans résultats radiologiques de soutien.","Indiquez «oui», si le patient a vécu cela à tout moment pendant l'hospitalisation.",0,0,0,0,0,0
résultat,COMPLICATIONS : Survenues à tout moment entre le jour de la présentation et le jour de la sortie / l'issue.,compl_severeneuro,Maladie neurologique grave,"1, Oui | 0, Non | 99, Inconnu","Cela fait référence à diverses manifestations neurologiques, notamment la méningite, l'encéphalite, l'encéphalopathie, les convulsions symptomatiques aiguës, l'hémorragie ou l'AVC intracrânienne et le syndrome de la basse guillaine (GBS). La méningite est une maladie inflammatoire des leptominges, les tissus entourant le cerveau et la moelle épinière, et est défini par un nombre anormal de globules blancs dans le liquide céphalorachidien (LCR) dans un contexte clinique approprié et avec ou sans conclusion radiologique. L'encéphalite fait référence à l'inflammation du cerveau. En comparaison avec la méningite, dans l'encéphalite, des anomalies de la fonction cérébrale sont attendues, notamment un altération de l'état mental, des déficits moteurs ou sensoriels, des comportements modifiés et des changements de personnalité et des troubles de la parole ou du mouvement. Il est défini par un statut mental altéré qui dure 24 heures avec deux des critères suivants: fièvre documentée> / = 38 ° C (100,4 ° F); Nombre de globules blancs (WBC) dans le liquide céphalo-rachidien (CSF)> / = 5 cellules / mm ^ 3; Des crises généralisées ou partielles non entièrement attribuables à un trouble des crises préexistantes; Nouveau début de découvertes neurologiques focales; présence d'une lésion aiguë compatible sur la neuroimagerie; Anomalie sur l'électroencéphalographie cohérente avec l'encéphalite et non attribuable à une autre cause. Comme indiqué par l'International Encephalitis Consortium 2013. Les crises sont définies comme une anomalie intermittente de la physiologie du système nerveux caractérisé par une occurrence transitoire d'un mouvement soudain, violent et irrégulier du corps, provoqué par une contraction involontaire des muscles en raison d'une activité neuronale excessive ou synchrone anormale dans le cerveau. Une histoire établie d'épilepsie n'est pas requise. L'AVC fait référence à une perte soudaine de fonction neurologique secondaire à l'hémorragie ou à l'ischémie dans le parenchyme cérébral en raison d'un événement vasculaire. L'AVC peut être un diagnostic clinique, avec ou sans résultats radiologiques de soutien. L'hémorragie intracrânienne fait référence à l'hémorragie / saignement se produisant dans le crâne. L'hémorragie intracrânienne englobe quatre grands types d'hémorragie: hémorragie péridurale, hémorragie sous-durale, hémorragie sous-arachnoïdienne et hémorragie intraparenchymateuse. Le syndrome de Guillain-Barre fait référence à un trouble auto-immune rapidement progressif du système nerveux périphérique caractérisé par la paraaesthésie des membres, la flexie et la faiblesse musculaire généralisée ou la paralysie qui commence souvent dans les jambes et se propage aux armes, au torse et au visage. Les caractéristiques requises comprennent une faiblesse progressive des bras et / ou des jambes, allant de la faiblesse minimale des jambes à la paralysie totale des quatre membres, et y compris le tronc, les muscles bulbars et faciaux, et l'ophtalmoplégie externe; et la flexie de la flexion ou des réflexes de tendons profonds diminués dans les membres faibles. Les caractéristiques de soutien incluent la progression des symptômes sur les jours à quatre semaines; Symptômes bilatéraux relativement symétriques; Douleur dans le tronc ou les membres; Symptômes ou signes du nerf crânien; Dysfonctionnement autonome; Dysfonctionnement sensoriel doux; Pas de fièvre au début des symptômes; CSF avec des protéines élevées et le nombre de leucocytes normaux à légèrement élevés (généralement <5 cellules / mm3); Anomalies électrodiagnostiques compatibles avec le GBS; La récupération commençant deux à quatre semaines après l'arrêt de la progression.","Indiquez «oui», si le patient a vécu cela à tout moment pendant l'hospitalisation.",0,0,0,0,0,0
résultat,COMPLICATIONS : Survenues à tout moment entre le jour de la présentation et le jour de la sortie / l'issue.,compl_encephalopathy,Encéphalopathie,"1, Oui | 0, Non | 99, Inconnu","L'encéphalopathie désigne de manière générale un dysfonctionnement cérébral pouvant être dû à un trouble fonctionnel et/ou structurel causé par diverses étiologies, notamment des maladies d'autres systèmes organiques (par exemple, une maladie hépatique ou rénale), des médicaments, des produits chimiques et des lésions. Elle se manifeste par divers symptômes, notamment une altération de l'état mental, une confusion, une perte de mémoire et des changements de comportement.",Indiquez « Oui » si le patient a présenté ce symptôme à un moment quelconque pendant l'hospitalisation.,0,0,0,0,0,0
résultat,COMPLICATIONS : Survenues à tout moment entre le jour de la présentation et le jour de la sortie / l'issue.,compl_seizure,Crise d'épilepsie,"1, Oui | 0, Non | 99, Inconnu","Défini comme une anomalie intermittente de la physiologie du système nerveux caractérisé par une occurrence transitoire d'un mouvement soudain, violent et irrégulier du corps, provoqué par une contraction involontaire des muscles en raison d'une activité neuronale excessive ou synchrone anormale dans le cerveau. Une histoire établie d'épilepsie n'est pas requise.","Indiquez «oui», si le patient a vécu cela à tout moment pendant l'hospitalisation.",0,0,0,0,0,0
résultat,COMPLICATIONS : Survenues à tout moment entre le jour de la présentation et le jour de la sortie / l'issue.,compl_focalneuro,Signes neurologiques focaux,"1, Oui | 0, Non | 99, Inconnu","Défini comme des troubles du nerf, de la moelle épinière ou de la fonction cérébrale qui affectent une région spécifique du corps, par ex. La faiblesse dans le bras gauche, la jambe droite, la parésie ou la plégie, identifiée à l'examen neurologique.","Indiquez «oui», si le patient a vécu cela à tout moment pendant l'hospitalisation.",0,0,0,0,0,0
résultat,COMPLICATIONS : Survenues à tout moment entre le jour de la présentation et le jour de la sortie / l'issue.,compl_encephalitis,Encéphalite,"1, Oui | 0, Non | 99, Inconnu","L'encéphalite fait référence à l'inflammation du cerveau. Il est défini par un statut mental altéré de plus ou égal à 24 heures avec deux des critères suivants: fièvre documentée supérieure ou égale à 38 ° C (100,4 ° F); Le nombre de globules blancs (WBC) dans le liquide céphalo-rachidien (CSF) supérieur ou égal à 5 ​​/ mm³; Des crises généralisées ou partielles non entièrement attribuables à un trouble des crises préexistantes; Nouveau début de découvertes neurologiques focales; présence d'une lésion aiguë compatible sur la neuroimagerie; Anomalie sur l'électroencéphalographie cohérente avec l'encéphalite et non attribuable à une autre cause. Comme indiqué par l'International Encephalitis Consortium 2013.","Indiquez «oui», si le patient a vécu cela à tout moment pendant l'hospitalisation.",0,0,0,0,0,0
résultat,COMPLICATIONS : Survenues à tout moment entre le jour de la présentation et le jour de la sortie / l'issue.,compl_meningitis,Méningite,"1, Oui | 0, Non | 99, Inconnu",La méningite est définie par un nombre anormal de globules blancs dans le liquide céphalorachidien (LCR) dans un contexte clinique approprié et avec ou sans résultats radiologiques de soutien.,"Indiquez «oui», si le patient a vécu cela à tout moment pendant l'hospitalisation.",0,0,0,0,0,0
résultat,COMPLICATIONS : Survenues à tout moment entre le jour de la présentation et le jour de la sortie / l'issue.,compl_hearloss,Perte auditive,"1, oui | 0, Non | 99, Inconnu",Il s’agit d’une perte partielle ou totale de l’audition d’une ou des deux oreilles.,Indiquez « Oui » si le patient a présenté ce symptôme à un moment quelconque pendant l'hospitalisation.,0,0,0,0,0,0
résultat,COMPLICATIONS : Survenues à tout moment entre le jour de la présentation et le jour de la sortie / l'issue.,compl_gbs,Syndrome de Guillain-Barré (SGB),"1, Oui | 0, Non | 99, Inconnu","Désigne un trouble auto-immunitaire à progression rapide du système nerveux périphérique caractérisé par des paresthésies des membres, une aréflexie et une faiblesse musculaire généralisée ou une paralysie qui commence souvent dans les jambes et s'étend aux bras, au torse et au visage.",Indiquez « Oui » si le patient a présenté ce symptôme à un moment quelconque pendant l'hospitalisation.,0,0,0,0,0,0
résultat,COMPLICATIONS : Survenues à tout moment entre le jour de la présentation et le jour de la sortie / l'issue.,compl_cnsinf,Infection du SNC,"1, Oui | 0, Non | 99, Inconnu","Désigne un processus infectieux qui affecte le cerveau et/ou la moelle épinière, pouvant inclure une encéphalite, une poliomyélite, une arachnoïdite et une méningite.",Indiquez « Oui » si le patient a présenté ce symptôme à un moment quelconque pendant l'hospitalisation.,0,0,0,0,0,0
résultat,COMPLICATIONS : Survenues à tout moment entre le jour de la présentation et le jour de la sortie / l'issue.,compl_atm,Myélite transverse aiguë (ATM),"1, oui | 0, Non | 99, Inconnu",,Indiquez « Oui » si le patient a vécu cela à un moment quelconque au cours de son hospitalisation.,0,0,0,,0,0
résultat,COMPLICATIONS : Survenues à tout moment entre le jour de la présentation et le jour de la sortie / l'issue.,compl_afm,Myélite flasque aiguë (AFM),"1, oui | 0, Non | 99, Inconnu",,Indiquez « Oui » si le patient a présenté ce symptôme à un moment quelconque pendant l'hospitalisation.,0,0,0,,0,0
résultat,COMPLICATIONS : Survenues à tout moment entre le jour de la présentation et le jour de la sortie / l'issue.,compl_perneur,Neuropathie périphérique,"1, oui | 0, Non | 99, Inconnu",,Indiquez « Oui » si le patient a vécu cela à un moment quelconque au cours de son hospitalisation.,0,0,0,,0,0
résultat,COMPLICATIONS : Survenues à tout moment entre le jour de la présentation et le jour de la sortie / l'issue.,compl_adem,Encéphalomyélite aiguë disséminée (ADEM),"1, oui | 0, Non | 99, Inconnu",,Indiquez « Oui » si le patient a présenté ce symptôme à un moment quelconque pendant l'hospitalisation.,0,0,0,,0,0
résultat,COMPLICATIONS : Survenues à tout moment entre le jour de la présentation et le jour de la sortie / l'issue.,compl_refstatus,État de mal réfractaire,"1, oui | 0, Non | 99, Inconnu",,Indiquez « Oui » si le patient a présenté ce symptôme à un moment quelconque pendant l'hospitalisation.,0,0,0,,0,0
résultat,COMPLICATIONS : Survenues à tout moment entre le jour de la présentation et le jour de la sortie / l'issue.,compl_newseiz_persist,Trouble épileptique d'apparition récente (persistant au-delà de la phase aiguë),"1, oui | 0, Non | 99, Inconnu",,Indiquez « Oui » si le patient a présenté ce symptôme à un moment quelconque pendant l'hospitalisation.,0,0,0,,0,0
résultat,COMPLICATIONS : Survenues à tout moment entre le jour de la présentation et le jour de la sortie / l'issue.,compl_raised_icp,Pression intracrânienne élevée nécessitant une intervention,"1, oui | 0, Non | 99, Inconnu",,Indiquez « Oui » si le patient a présenté ce symptôme à un moment quelconque pendant l'hospitalisation.,0,0,0,,0,0
résultat,COMPLICATIONS : Survenues à tout moment entre le jour de la présentation et le jour de la sortie / l'issue.,compl_cerebral_edema,Œdème cérébral (cliniquement significatif),"1, oui | 0, Non | 99, Inconnu",,Indiquez « Oui » si le patient a présenté ce symptôme à un moment quelconque pendant l'hospitalisation.,0,0,0,,0,0
résultat,COMPLICATIONS : Survenues à tout moment entre le jour de la présentation et le jour de la sortie / l'issue.,compl_hydrocephalus,Hydrocéphalie nécessitant une intervention,"1, oui | 0, Non | 99, Inconnu",,Indiquez « Oui » si le patient a présenté ce symptôme à un moment quelconque pendant l'hospitalisation.,0,0,0,,0,0
résultat,COMPLICATIONS : Survenues à tout moment entre le jour de la présentation et le jour de la sortie / l'issue.,compl_intracranial_hem,Hémorragie intracrânienne,"1, oui | 0, Non | 99, Inconnu",,Indiquez « Oui » si le patient a présenté ce symptôme à un moment quelconque pendant l'hospitalisation.,0,0,0,,0,0
résultat,COMPLICATIONS : Survenues à tout moment entre le jour de la présentation et le jour de la sortie / l'issue.,compl_brain_herniation,Hernie cérébrale,"1, oui | 0, Non | 99, Inconnu",,Indiquez « Oui » si le patient a présenté ce symptôme à un moment quelconque pendant l'hospitalisation.,0,0,0,,0,0
résultat,COMPLICATIONS : Survenues à tout moment entre le jour de la présentation et le jour de la sortie / l'issue.,compl_coma_persistent,Coma persistant (> 24 heures inexpliqué par la sédation),"1, oui | 0, Non | 99, Inconnu",,Indiquez « Oui » si le patient a présenté ce symptôme à un moment quelconque pendant l'hospitalisation.,0,0,0,,0,0
résultat,COMPLICATIONS : Survenues à tout moment entre le jour de la présentation et le jour de la sortie / l'issue.,compl_focal_persist,Nouveau déficit neurologique focal persistant à la sortie,"1, oui | 0, Non | 99, Inconnu",,Indiquez « Oui » si le patient a présenté ce symptôme à un moment quelconque pendant l'hospitalisation.,0,0,0,,0,0
résultat,COMPLICATIONS : Survenues à tout moment entre le jour de la présentation et le jour de la sortie / l'issue.,compl_movement_disorder,Trouble du mouvement nécessitant un traitement,"1, oui | 0, Non | 99, Inconnu",,Indiquez « Oui » si le patient a présenté ce symptôme à un moment quelconque pendant l'hospitalisation.,0,0,0,,0,0
résultat,COMPLICATIONS : Survenues à tout moment entre le jour de la présentation et le jour de la sortie / l'issue.,compl_cvs,Complications cardiovasculaires,,Défini comme toute complication du système cardiovasculaire.,Indiquez « Oui » si le patient a présenté ce symptôme à un moment quelconque pendant l'hospitalisation.,0,0,0,0,0,
résultat,COMPLICATIONS : Survenues à tout moment entre le jour de la présentation et le jour de la sortie / l'issue.,compl_myocardial,Infarctus du myocarde,"1, Oui | 0, Non | 99, Inconnu","Défini comme une ischémie myocardique conduisant à une blessure / nécrose, diagnostiquée par des résultats cliniques, une électrocardiographie altérée et des enzymes cardiaques élevées.","Indiquez «oui», si le patient a vécu cela à tout moment pendant l'hospitalisation.",0,0,0,0,0,0
résultat,COMPLICATIONS : Survenues à tout moment entre le jour de la présentation et le jour de la sortie / l'issue.,compl_cardiacisc,Ischémie cardiaque,"1, Oui | 0, Non | 99, Inconnu","Défini comme une diminution du sang et de l'oxygène à l'alimentation du muscle cardiaque comme indiqué par une symptomatologie typique (par exemple la douleur thoracique) et confirmée par un électrocardiogramme (montrant des changements ischémiques, par exemple la dépression ou l'élévation de ST) et / ou l'élévation enzymatique cardiaque (par exemple la trroponine I).","Indiquez «oui», si le patient a vécu cela à tout moment pendant l'hospitalisation.",0,0,0,0,0,0
résultat,COMPLICATIONS : Survenues à tout moment entre le jour de la présentation et le jour de la sortie / l'issue.,compl_endocardit,Endocardite,"1, Oui | 0, Non | 99, Inconnu","Cela fait référence à une inflammation de l'endocarde (doublure intérieure du cœur). Il est souvent causé par un trouble primaire ou des micro-organismes, notamment les bactéries, les virus, les champignons et le diagnostic de rickettsiae de l'endocardite infectieuse, selon les critères de Duke modifiés, en utilisant des preuves à partir de résultats microbiologiques, l'échocardiogramme et les signes cliniques.","Indiquez «oui», si le patient a vécu cela à tout moment pendant l'hospitalisation.",0,0,0,0,0,0
résultat,COMPLICATIONS : Survenues à tout moment entre le jour de la présentation et le jour de la sortie / l'issue.,compl_cardiomyop,Cardiomyopathie,"1, Oui | 0, Non | 99, Inconnu",Cela fait référence aux troubles structurels et fonctionnels du myocarde couramment diagnostiqués par échocardiographie. La cardiomyopathie peut être primaire (génétique) ou secondaire (par exemple après l'infarctus du myocarde).,"Indiquez «oui», si le patient a vécu cela à tout moment pendant l'hospitalisation.",0,0,0,0,0,0
résultat,COMPLICATIONS : Survenues à tout moment entre le jour de la présentation et le jour de la sortie / l'issue.,compl_chf,Insuffisance cardiaque congestive,"1, Oui | 0, Non | 99, Inconnu","Défini comme un échec du cœur à pomper une quantité suffisante de sang pour répondre aux besoins des tissus corporels, entraînant une congestion des tissus et un œdème. Les signes et symptômes comprennent l'essoufflement, l'œdème piquant, le foie tendre élargi, les veines du cou engorgées et les râles pulmonaires. Il existe de nombreuses façons d'évaluer la fonction cardiaque (par exemple l'échocardiographie, le cathétérisme cardiaque droit, les tests fonctionnels et les tests biochimiques de soutien). Cependant, il n'y a pas de test de diagnostic pour l'insuffisance cardiaque, car il s'agit en grande partie d'un diagnostic clinique basé sur une histoire minutieuse et un examen physique.","Indiquez «oui», si le patient a vécu cela à tout moment pendant l'hospitalisation.",0,0,0,0,0,0
résultat,COMPLICATIONS : Survenues à tout moment entre le jour de la présentation et le jour de la sortie / l'issue.,compl_cardiarrhy,Arythmie cardiaque,"1, Oui | 0, Non | 99, Inconnu","Fait référence à toute variation du taux ou du rythme normal (qui peut inclure l'origine de l'impulsion et / ou de sa propagation ultérieure) dans le cœur, confirmée par surveillance électrocardiographique.","Indiquez «oui», si le patient a vécu cela à tout moment pendant l'hospitalisation.",0,0,0,0,0,0
résultat,COMPLICATIONS : Survenues à tout moment entre le jour de la présentation et le jour de la sortie / l'issue.,compl_cardiarrest,Arrêt cardiaque,"1, Oui | 0, Non | 99, Inconnu","L'arrêt cardiopulmonaire ou l'arrestation circulatoire est défini comme la cessation soudaine de l'activité cardiaque chez un individu qui ne répond pas, sans respiration normale et aucun signe de circulation.","Indiquez «oui», si le patient a vécu cela à tout moment pendant l'hospitalisation.",0,0,0,0,0,0
résultat,COMPLICATIONS : Survenues à tout moment entre le jour de la présentation et le jour de la sortie / l'issue.,compl_myocarditis,Myocardite,"1, Oui | 0, Non | 99, Inconnu","Cela fait référence à l'inflammation du tissu musculaire du cœur (myocardite) / un processus inflammatoire affectant le péricardium (péricardite). Il peut être diagnostiqué cliniquement, avec l'aide d'un échocardiogramme, d'un EKG, d'un laboratoire ou de tests radiologiques.","Indiquez «oui», si le patient a vécu cela à tout moment pendant l'hospitalisation.",0,0,0,0,0,0
résultat,COMPLICATIONS : Survenues à tout moment entre le jour de la présentation et le jour de la sortie / l'issue.,compl_pericarditis,Péricardite,"1, Oui | 0, Non | 99, Inconnu","Cela fait référence à l'inflammation du tissu musculaire du cœur (myocardite) / un processus inflammatoire affectant le péricardium (péricardite). Il peut être diagnostiqué cliniquement, avec l'aide d'un échocardiogramme, d'un EKG, d'un laboratoire ou de tests radiologiques.","Indiquez «oui», si le patient a vécu cela à tout moment pendant l'hospitalisation.",0,0,0,0,0,0
résultat,COMPLICATIONS : Survenues à tout moment entre le jour de la présentation et le jour de la sortie / l'issue.,compl_respiratory,Complications respiratoires,,Définie comme toute complication du système respiratoire,Indiquez « Oui » si le patient a présenté ce symptôme à un moment quelconque pendant l'hospitalisation.,0,0,0,0,0,
résultat,COMPLICATIONS : Survenues à tout moment entre le jour de la présentation et le jour de la sortie / l'issue.,compl_pneum,Pneumonie / pneumopathie inflammatoire,"1, Oui | 0, Non | 99, Inconnu","La pneumonie est une infection d'un ou des deux poumons qui provoque une inflammation des alvéoles pulmonaires et leur remplissage de liquide ou de pus, rendant la respiration difficile. Cette inflammation est généralement causée par des bactéries, des virus ou des champignons et peut entraîner des symptômes tels que toux, fièvre, frissons et essoufflement.",Indiquez « Oui » si le patient a présenté ce symptôme à un moment quelconque pendant l'hospitalisation.,0,0,0,0,0,0
résultat,COMPLICATIONS : Survenues à tout moment entre le jour de la présentation et le jour de la sortie / l'issue.,compl_pneum_etio,L'agent pathogène étiologique est-il différent du diagnostic primaire ?,"1, Oui | 0, Non | 99, Inconnu","La pneumonie est une infection d'un ou des deux poumons qui provoque une inflammation des alvéoles pulmonaires et leur remplissage de liquide ou de pus, rendant la respiration difficile. Cette inflammation est généralement causée par des bactéries, des virus ou des champignons et peut entraîner des symptômes tels que toux, fièvre, frissons et essoufflement.",Indiquez « Oui » si le patient a présenté ce symptôme à un moment quelconque pendant l'hospitalisation.,0,0,0,0,0,0
résultat,COMPLICATIONS : Survenues à tout moment entre le jour de la présentation et le jour de la sortie / l'issue.,compl_pneum_type,Étiologie de la pneumonie,"1, Virale | 2, Bactérienne | 3, Fongique","La pneumonie est une infection d'un ou des deux poumons qui provoque une inflammation des alvéoles pulmonaires et leur remplissage de liquide ou de pus, rendant la respiration difficile. Cette inflammation est généralement causée par des bactéries, des virus ou des champignons et peut entraîner des symptômes tels que toux, fièvre, frissons et essoufflement.",Indiquez « Oui » si l'agent pathogène à l'origine de la pneumonie comme complication est différent de l'agent pathogène concerné à l'admission.,0,0,0,0,0,0
résultat,COMPLICATIONS : Survenues à tout moment entre le jour de la présentation et le jour de la sortie / l'issue.,compl_pneum_acq,Contexte d'acquisition de la pneumonie,"1, Acquise dans la communauté | 2, Acquise à l'hôpital | 3, Acquise sous ventilation mécanique | 99, Inconnu","Il s'agit du lieu où la pneumonie a été contractée : communauté, hôpital, ventilateur ou inconnu.",,0,0,0,0,,0
résultat,COMPLICATIONS : Survenues à tout moment entre le jour de la présentation et le jour de la sortie / l'issue.,compl_pneumothor,Pneumothorax,"1, Oui | 0, Non | 99, Inconnu","Défini comme la présence anormale d'air dans la cavité pleurale (entre les poumons et la paroi thoracique), provoquant un effondrement du poumon. Il peut être diagnostiqué cliniquement, généralement avec confirmation radiologique.","Indiquez «oui», si le patient a vécu cela à tout moment pendant l'hospitalisation.",0,0,0,0,0,0
résultat,COMPLICATIONS : Survenues à tout moment entre le jour de la présentation et le jour de la sortie / l'issue.,compl_pleuraleff,Épanchement pleural,"1, Oui | 0, Non | 99, Inconnu","Défini comme une augmentation des quantités de liquide dans la cavité pleurale. Les symptômes comprennent l'essoufflement, la toux et les douleurs thoraciques. Il est généralement causé par les infections pulmonaires, l'insuffisance cardiaque congestive, les tumeurs pleurales et pulmonaires, les troubles du tissu conjonctif et le traumatisme. Il peut être diagnostiqué cliniquement, avec ou sans confirmation radiologique ou interventionnelle.","Indiquez «oui», si le patient a vécu cela à tout moment pendant l'hospitalisation.",0,0,0,0,0,0
résultat,COMPLICATIONS : Survenues à tout moment entre le jour de la présentation et le jour de la sortie / l'issue.,compl_copneumoni,Pneumonie organisatrice cryptogène (COP),"1, Oui | 0, Non | 99, Inconnu","Cela fait référence à une maladie pulmonaire interstitielle diffuse idiopathique, diagnostiquée radiologiquement (multiples opacités consolides ou en verre terrestre) ou histologiquement (tissu de granulation et infiltrat inflammatoire chronique dans les alvéoles). Anciennement connu sous le nom de bronchiolite oblitérants organisant la pneumonie (BOOP).","Indiquez «oui», si le patient a vécu cela à tout moment pendant l'hospitalisation.",0,0,0,0,0,0
résultat,COMPLICATIONS : Survenues à tout moment entre le jour de la présentation et le jour de la sortie / l'issue.,compl_bronchioli,Bronchiolite,"1, Oui | 0, Non | 99, Inconnu","Cela fait référence à l'inflammation des bronchioles. Chez les adultes, la bronchiolite est un terme général utilisé pour décrire une inflammation non spécifique des bronchioles caractérisée par un gonflement des bronchioles et de l'accumulation de mucus. Elle est généralement causée par le virus syncytial respiratoire et affecte les enfants. Les signes et symptômes comprennent la toux, la respiration sifflante et l'essoufflement. Dans la majorité des cas, une biopsie pulmonaire ouverte ou thoracoscopique est nécessaire pour établir un diagnostic définitif, bien que la confirmation des tissus puisse ne pas être nécessaire chez les patients présentant une prédisposition claire et des résultats radiologiques typiques. Chez les nourrissons et les enfants, la bronchiolite est définie comme une maladie chez les enfants de moins de 2 ans, caractérisée par une respiration sifflante et une obstruction des voies respiratoires due à une infection primaire ou à une réinfection par un agent pathogène viral ou bactérien, entraînant une inflammation des petites voies aériennes / bronchioles. Il s'agit d'un diagnostic clinique, généralement chez les enfants de moins de 2 ans.","Indiquez «oui», si le patient a vécu cela à tout moment pendant l'hospitalisation.",0,0,0,0,0,0
résultat,COMPLICATIONS : Survenues à tout moment entre le jour de la présentation et le jour de la sortie / l'issue.,compl_ards,Syndrome de détresse respiratoire aiguë (SDRA),"1, Oui | 0, Non | 99, Inconnu","Le syndrome de détresse respiratoire aiguë (SDRA) a été défini par les critères de Berlin 2012:
1. Les symptômes respiratoires doivent avoir commencé dans la semaine suivant une insulte clinique connue, ou le patient doit avoir des symptômes nouveaux ou aggravés au cours de la semaine dernière.
2. Des opacités bilatérales conformes à l'œdème pulmonaire doivent être présentes sur une radiographie thoracique ou une tomodensitométrie (CT). Ces opacités ne doivent pas être pleinement expliquées par les épanchements pleuraux, l'effondrement du lobaire, l'effondrement pulmonaire ou les nodules pulmonaires.
3. L'insuffisance respiratoire du patient ne doit pas être entièrement expliquée par l'insuffisance cardiaque ou la surcharge des fluides. Une évaluation objective (par exemple, échocardiographie) pour exclure un œdème pulmonaire hydrostatique n'est nécessaire si aucun facteur de risque de SDRA n'est présent.
4. Une altération modérée à sévère de l'oxygénation doit être présente, telle que définie par le rapport de la tension artérielle de l'oxygène à la fraction de l'oxygène inspiré (PAO2 / FIO2). La gravité de l'hypoxémie définit la gravité des SDRA:
	- ADRA légers: le PAO2 / FIO2 est> 200 mmHg, mais inférieur à (ou égal à) 300 mmHg, sur des paramètres de ventilateur qui incluent une pression d'expression finale positive (PEEP) ou une pression positive continue (CPAP) supérieure à (ou égale à) 5 cm H2O.
	- ARD modéré: le PAO2 / FIO2 est> 100 mmHg, mais inférieur à (ou égal à) 200 mmHg, sur des paramètres de ventilateur qui incluent PEEP? 5 cm H2O.
	- ADRA sévère: le PAO2 / FIO2 est inférieur à (ou égal à) 100 mmHg sur les paramètres du ventilateur qui incluent PEEP supérieur à (ou égal à) 5 cm H2O.","Indiquez «oui», si le patient a vécu cela à tout moment pendant l'hospitalisation.",0,0,0,0,0,0
résultat,COMPLICATIONS : Survenues à tout moment entre le jour de la présentation et le jour de la sortie / l'issue.,compl_git,Complications gastro-intestinales,,Défini comme toute complication du système gastro-intestinal,Indiquez « Oui » si le patient a présenté ce symptôme à un moment quelconque pendant l'hospitalisation.,0,0,0,0,0,
résultat,COMPLICATIONS : Survenues à tout moment entre le jour de la présentation et le jour de la sortie / l'issue.,compl_ascite,Ascite,"1, Oui | 0, Non | 99, Inconnu","Cela fait référence à une augmentation pathologique de la quantité de liquide dans la cavité abdominale (ascite). Il peut être diagnostiqué cliniquement, avec ou sans confirmation radiologique ou interventionnelle. Les symptômes associés à l'ascite comprennent l'augmentation de la circonférence abdominale, l'inconfort abdominal et la distension, essoufflement.","Indiquez «oui», si le patient a vécu cela à tout moment pendant l'hospitalisation.",0,0,0,0,0,0
résultat,COMPLICATIONS : Survenues à tout moment entre le jour de la présentation et le jour de la sortie / l'issue.,compl_pancreatit,Pancréatite,"1, Oui | 0, Non | 99, Inconnu","Cela fait référence à une inflammation aiguë du pancréas. La pancréatite aiguë est diagnostiquée cliniquement avec un soutien biochimique (par exemple sérique amylase ou lipase sérique) et / ou des preuves radiologiques et / ou histologiques. Toutes les preuves doivent être envisagées ensemble, car aucune caractéristique unique n'est diagnostique de la pancréatite aiguë.","Indiquez «oui», si le patient a vécu cela à tout moment pendant l'hospitalisation.",0,0,0,0,0,0
résultat,COMPLICATIONS : Survenues à tout moment entre le jour de la présentation et le jour de la sortie / l'issue.,compl_acutehepat,Hépatite aiguë,"1, Oui | 0, Non | 99, Inconnu","Cela fait référence à des lésions hépatiques aiguës résultant d'une inflammation accompagnée d'une augmentation de l'activité sérique d'alanine transaminase (ALT). Les étiologies comprennent l'hépatite virale, les médicaments, les toxines et les troubles auto-immunes.","Indiquez «oui», si le patient a vécu cela à tout moment pendant l'hospitalisation.",0,0,0,0,0,0
résultat,COMPLICATIONS : Survenues à tout moment entre le jour de la présentation et le jour de la sortie / l'issue.,compl_severeliver,Maladie du foie sévère (nouvel début),"1, Oui | 0, Non | 99, Inconnu","Défini comme une cirrhose et une hypertension portale avec des saignements variquetés, une ascite, une ictère ou un statut post-transplantation hépatique.","Indiquez «oui», si le patient a vécu cela à tout moment pendant l'hospitalisation.",0,0,0,0,0,0
résultat,COMPLICATIONS : Survenues à tout moment entre le jour de la présentation et le jour de la sortie / l'issue.,compl_hepaticenc,Si oui à une maladie hépatique sévère (nouvel début): encéphalopathie hépatique (n'importe quelle qualité),"1, Oui | 0, Non | 99, Inconnu","Cela fait référence à une constellation de signes et de symptômes caractérisés par des changements de personnalité, de conscience et de réflexes, résultant des anomalies neuropsychiatriques secondaires à l'insuffisance hépatique et / ou à un shunt de sang porte-systémique sans signe d'autres maladies cérébrales. Les caractéristiques cliniques comprennent la léthargie; confusion (peut progresser vers le coma); astérixis; Nystagmus pathologique; réflexes oculovestibulaires rapides; décortiquer et décréter la posture; spasticité musculaire; et les réflexes plantaires bilatéraux.","Indiquez «oui», si le patient a vécu cela à tout moment pendant l'hospitalisation.",0,0,0,0,0,0
résultat,COMPLICATIONS : Survenues à tout moment entre le jour de la présentation et le jour de la sortie / l'issue.,compl_jaundice,Si oui à une maladie du foie sévère (nouvel début): Jaunison,"1, Oui | 0, Non | 99, Inconnu","Il s'agit d'une manifestation clinique de l'hyperbilirubinémie, caractérisée par une coloration jaunâtre de la peau, des muqueuses et/ou de la sclère. ","Indiquez «oui», si le patient a vécu cela à tout moment pendant l'hospitalisation.",0,0,0,0,0,0
résultat,COMPLICATIONS : Survenues à tout moment entre le jour de la présentation et le jour de la sortie / l'issue.,compl_liverdysfu,Dysfonctionnement du foie,"1, Oui | 0, Non | 99, Inconnu","Cela fait référence à une constatation qui indique une fonction hépatique anormale, peut se référer à l'une des éléments suivants: ictère clinique; Hyperbilirubinémie (niveau de bilirubine sanguin deux fois la limite supérieure de la plage normale); Une augmentation de la transaminase alanine (ALT) ou de la transaminase aspartate (AST) qui est le double de la limite supérieure de la plage normale.","Indiquez «oui», si le patient a vécu cela à tout moment pendant l'hospitalisation.",0,0,0,0,0,0
résultat,COMPLICATIONS : Survenues à tout moment entre le jour de la présentation et le jour de la sortie / l'issue.,compl_heme,Complications hématologiques,,Défini comme toute complication du système hématologique.,Indiquez « Oui » si le patient a présenté ce symptôme à un moment quelconque pendant l'hospitalisation.,0,0,0,0,0,
résultat,COMPLICATIONS : Survenues à tout moment entre le jour de la présentation et le jour de la sortie / l'issue.,compl_thrombemb,Thromboembolie,"1, Oui | 0, Non | 99, Inconnu",Définie comme l'occlusion de la lumière d'un vaisseau sanguin par un thrombus qui a migré d'un site distal via la circulation sanguine.,Indiquez « Oui » si le patient a présenté ce symptôme à un moment quelconque pendant l'hospitalisation.,0,0,0,0,0,0
résultat,COMPLICATIONS : Survenues à tout moment entre le jour de la présentation et le jour de la sortie / l'issue.,compl_thrombemb_pe,Si oui à la thromboembolie: embolie pulmonaire (PE),"1, Oui | 0, Non | 99, Inconnu","Défini comme l'occlusion d'une artère pulmonaire par le thrombus, l'air ou la graisse. Diagnostic du médecin basé sur des signes cliniques et / ou des tests radiologiques (par exemple, angiographie pulmonaire tomographique calculée et / ou scanning de ventilation / perfusion).","Indiquez «oui», si le patient a vécu cela à tout moment pendant l'hospitalisation.",0,0,0,0,0,0
résultat,COMPLICATIONS : Survenues à tout moment entre le jour de la présentation et le jour de la sortie / l'issue.,compl_thrombemb_dvt,Si oui à la thromboembolie: thrombose veineuse profonde (TVP),"1, Oui | 0, Non | 99, Inconnu","Défini comme la présence d'un caillot sanguin dans une veine profonde, principalement dans le membre inférieur, mais peut inclure le bassin ou le membre supérieur. Les symptômes peuvent inclure la douleur, l'enflure, la chaleur et les rougeurs dans la zone affectée. Diagnostic du médecin basé sur des signes cliniques et / ou une imagerie diagnostique appropriée, par exemple échographie.","Indiquez «oui», si le patient a vécu cela à tout moment pendant l'hospitalisation.",0,0,0,0,0,0
résultat,COMPLICATIONS : Survenues à tout moment entre le jour de la présentation et le jour de la sortie / l'issue.,compl_thrombemb_oth,Si oui à la thromboembolie: autre thromboembolie (pas PE ou DVT),"1, Oui | 0, Non | 99, Inconnu",Cela fait référence aux diagnostics thromboemboliques non spécifiés ci-dessus.,"Indiquez «oui», si le patient a vécu cela à tout moment pendant l'hospitalisation.",0,0,0,0,0,0
résultat,COMPLICATIONS : Survenues à tout moment entre le jour de la présentation et le jour de la sortie / l'issue.,compl_thrombemb_spec,Si oui: spécifiez une autre thromboembolie,,Cela fait référence aux autres diagnostics thromboemboliques non spécifiés ci-dessus.,"Si « Autre », indiquez les autres diagnostics thromboemboliques posés au patient à tout moment pendant son hospitalisation.",0,0,0,0,0,
résultat,COMPLICATIONS : Survenues à tout moment entre le jour de la présentation et le jour de la sortie / l'issue.,compl_severebleed,Saignement grave (nécessitant une intervention),"1, Oui | 0, Non | 99, Inconnu","Défini comme un saignement entraînant une compromission hémodynamique nécessitant une intervention, à savoir une transfusion. Cela inclut les grades 3 ou 4 de l'échelle de saignement de l'Organisation mondiale de la santé (OMS).",Indiquez « Oui » si le patient a présenté ce symptôme à un moment quelconque pendant l'hospitalisation.,0,0,0,0,0,0
résultat,COMPLICATIONS : Survenues à tout moment entre le jour de la présentation et le jour de la sortie / l'issue.,compl_severebleed_site,Si oui: site de saignement sévère (s),"1, Peau | 7, Pétéchies | 2, Nez | 3, Gencives | 4, Tractus gastro-intestinal | 5, Tractus urinaire | 6, Vagin | 88, Autre(s) | 99, Inconnu","Cela fait référence à l'emplacement du site de saignement / hémorragie. Les petechiae se réfèrent à de petites taches rougeâtre ou violacées dans la peau ou la muqueuse en raison d'une hémorragie localisée. Le saignement du nez fait référence à l'hémorragie localisée dans le nez. Les saignements des gencives se réfèrent à l'hémorragie affectant le Gingiva. Les saignements gastro-intestinaux (GI) se réfèrent à l'hémorragie dans tout segment du tractus gastro-intestinal de l'œsophage au rectum. Les saignements des voies urinaires se réfèrent à une hémorragie provenant de toute partie du système urinaire. Les saignements vaginaux se réfèrent à une hémorragie provenant du vagin, sans rapport avec les menstruations normales.",Sélectionnez les options (s) les plus appropriées correspondant à l'emplacement du site de saignement / hémorragie.,0,0,0,0,0,0
résultat,COMPLICATIONS : Survenues à tout moment entre le jour de la présentation et le jour de la sortie / l'issue.,compl_severebleed_site_oth,Précisez les autres sites de saignement,,Ce terme fait référence à la localisation du ou des sites de saignement/hémorragie.,"Si « Autre », indiquez l'autre localisation du ou des sites où le patient a présenté une hémorragie à tout moment depuis le début de la maladie et la présentation ou l'admission.",0,0,0,0,0,
résultat,COMPLICATIONS : Survenues à tout moment entre le jour de la présentation et le jour de la sortie / l'issue.,compl_anaemia,Anémie,"1, Oui | 0, Non | 99, Inconnu","Défini comme une réduction du nombre de globules rouges, de la quantité d'hémoglobine et / ou du volume de globules rouges emballés. Cliniquement, l'anémie représente une réduction de la capacité de transport en oxygène d'un volume de sang désigné, résultant d'un déséquilibre entre la perte de sang (par hémorragie ou l'hémolyse) et la production sanguine. Les signes et symptômes d'anémie peuvent inclure la pâleur de la peau et les muqueuses, l'essoufflement, les palpitations du cœur, les murmures systoliques doux, la léthargie et la fatigabilité. Les seuils de l'Organisation mondiale de la santé sont utilisés pour définir l'anémie, par exemple chez les hommes adultes âgés de plus de 15 ans, l'anémie est définie par une hémoglobine <130g / L (<8,1 mmol / L); Pour les femmes non enceintes âgées de plus de 15 ans, les seuils sont <120 g / L (<7,4 mmol / L).","Indiquez «oui», si le patient a vécu cela à tout moment pendant l'hospitalisation.",0,0,0,0,0,0
résultat,COMPLICATIONS : Survenues à tout moment entre le jour de la présentation et le jour de la sortie / l'issue.,compl_coagulatio,Trouble de coagulation / DIC,"1, Oui | 0, Non | 99, Inconnu","La coagulopathie (trouble de saignement) est définie comme une condition dans laquelle il y a une déviation ou une interruption des propriétés de coagulation normales du sang (la coagulation sanguine normale est perturbée). La coagulation intravasculaire disséminée (DIC) est définie comme un processus pathologique où le sang commence à coaguler dans tout le corps. Le DIC aigu est confirmé en démontrant une augmentation de la génération de thrombine (par exemple une diminution du fibrinogène) et une augmentation de la fibrinolyse (par exemple, des produits de dégradation de la fibrine élevés et du dimère D). Le diagnostic du DIC chronique peut être largement basé sur des preuves de microangiopathie sur le film sanguin et des niveaux accrus de produits de dégradation de la fibrine et en particulier du D-dimère.","Indiquez «oui», si le patient a vécu cela à tout moment pendant l'hospitalisation.",0,0,0,0,0,0
résultat,COMPLICATIONS : Survenues à tout moment entre le jour de la présentation et le jour de la sortie / l'issue.,compl_renalgut,Complications rénales/génito-urinaires,,Définie comme toute complication du système rénal/génito-urinaire,Indiquez « Oui » si le patient a présenté ce symptôme à un moment quelconque pendant l'hospitalisation.,0,0,0,0,0,
résultat,COMPLICATIONS : Survenues à tout moment entre le jour de la présentation et le jour de la sortie / l'issue.,compl_acuterenal,Blessure rénale aiguë / insuffisance rénale aiguë,"1, Oui | 0, Non | 99, Inconnu","La lésion rénale aiguë est définie lorsque l'un des critères suivants est rempli: la créatinine sérique augmente de> = 26umol / L ou 0,3 mg / dl en 48 heures; ou la créatinine sérique augmente> = 1,5 pli de la valeur de référence, qui est connue ou présumée s'est produite dans les 7 jours précédents; ou le débit d'urine est <0,5 ml / kg / h pendant> 6 heures consécutives.","Indiquez «oui», si le patient a vécu cela à tout moment pendant l'hospitalisation.",0,0,0,0,0,0
résultat,COMPLICATIONS : Survenues à tout moment entre le jour de la présentation et le jour de la sortie / l'issue.,compl_uti,Infection des voies urinaires,"1, Oui | 0, Non | 99, Inconnu",Cela fait référence aux réponses inflammatoires de l'épithélium des voies urinaires aux invasions microbiennes. Ce sont souvent des infections bactériennes avec des bactéries associées et de la Pyurie.,"Indiquez «oui», si le patient a vécu cela à tout moment pendant l'hospitalisation.",0,0,0,0,0,0
résultat,COMPLICATIONS : Survenues à tout moment entre le jour de la présentation et le jour de la sortie / l'issue.,compl_urineret,Rétention urinaire,"1, Oui | 0, Non | 99, Inconnu",Il s'agit de l'accumulation d'urine dans la vessie en raison de l'incapacité d'uriner.,Indiquez « Oui » si le patient a présenté ce symptôme à un moment quelconque pendant l'hospitalisation.,0,0,0,0,0,0
résultat,COMPLICATIONS : Survenues à tout moment entre le jour de la présentation et le jour de la sortie / l'issue.,compl_urineret_spec,Veuillez préciser,,Il s'agit de l'accumulation d'urine dans la vessie en raison de l'incapacité d'uriner.,"Si « Oui », veuillez préciser",0,0,0,0,0,
résultat,COMPLICATIONS : Survenues à tout moment entre le jour de la présentation et le jour de la sortie / l'issue.,compl_ent,Complications au niveau des oreilles/du nez/de la gorge,"1, Oui | 0, Non | 99, Inconnu",Défini comme toute complication du système auditif/nasal et/ou de la gorge,Indiquez « Oui » si le patient a présenté ce symptôme à un moment quelconque pendant l'hospitalisation.,0,0,0,0,0,0
résultat,COMPLICATIONS : Survenues à tout moment entre le jour de la présentation et le jour de la sortie / l'issue.,compl_deepneck,Infections profondes de l'espace cervical,"1, Oui | 0, Non | 99, Inconnu",Il s'agit d'une infection des plans fasciaux profonds du cou.,Indiquez « Oui » si le patient a présenté ce symptôme à un moment quelconque pendant l'hospitalisation.,0,0,0,0,0,0
résultat,COMPLICATIONS : Survenues à tout moment entre le jour de la présentation et le jour de la sortie / l'issue.,compl_msk,Complication musculosquelettique,,Défini comme toute complication du système musculo-squelettique.,Indiquez « Oui » si le patient a présenté ce symptôme à un moment quelconque pendant l'hospitalisation.,0,0,0,0,0,
résultat,COMPLICATIONS : Survenues à tout moment entre le jour de la présentation et le jour de la sortie / l'issue.,compl_rhabdomyol,Rhabdomyolyse,"1, Oui | 0, Non | 99, Inconnu","La rhabdomyolyse est un syndrome caractérisé par une nécrose musculaire et la libération de myoglobine dans le sang, résultant d'une lésion musculaire. Le diagnostic est posé chez un patient atteint d'une maladie neuromusculaire aiguë ou d'urine foncée sans autres symptômes, plus une élévation aiguë marquée dans la créatine kinase. La créatine kinase est généralement au moins cinq fois la limite supérieure de la normale (il n'y a cependant pas de seuil de diagnostic pour établir le diagnostic). La biopsie musculaire, l'électromyographie, l'imagerie radiologique et la présence de myoglobinurie ne sont pas nécessaires pour le diagnostic.","Indiquez «oui», si le patient a vécu cela à tout moment pendant l'hospitalisation.",0,0,0,0,0,0
résultat,COMPLICATIONS : Survenues à tout moment entre le jour de la présentation et le jour de la sortie / l'issue.,compl_myositis,Myosite,"1, Oui | 0, Non | 99, Inconnu","La myosite est définie comme un processus inflammatoire affectant les muscles squelettiques. Les causes comprennent les infections, les blessures et les troubles auto-immunes. Il peut s'agir d'un diagnostic clinique avec des preuves à l'appui des tests de laboratoire, par ex. Crétine sérique élevée kinase; Une confirmation histologique n'est pas nécessaire pour faire le diagnostic. La myosite peut survenir sans progression ultérieure vers la rhabdomyolyse.","Indiquez «oui», si le patient a vécu cela à tout moment pendant l'hospitalisation.",0,0,0,0,0,0
résultat,COMPLICATIONS : Survenues à tout moment entre le jour de la présentation et le jour de la sortie / l'issue.,compl_skin,Complication cutanée,,Définie comme toute complication cutanée.,Indiquez « Oui » si le patient a présenté ce symptôme à un moment quelconque pendant l'hospitalisation.,0,0,0,0,0,
résultat,COMPLICATIONS : Survenues à tout moment entre le jour de la présentation et le jour de la sortie / l'issue.,compl_cellulitis,Cellulite,"1, Oui | 0, Non | 99, Inconnu","Définie comme une inflammation aiguë, diffuse et suppurative du tissu conjonctif lâche, en particulier des tissus sous-cutanés profonds, et parfois des muscles, qui survient le plus souvent à la suite d'une infection. Le diagnostic est établi sur la base des signes et symptômes cliniques, et peut être corroboré par des preuves microbiologiques.",Indiquez « Oui » si le patient a présenté ce symptôme à un moment quelconque pendant l'hospitalisation.,0,0,0,0,0,0
résultat,COMPLICATIONS : Survenues à tout moment entre le jour de la présentation et le jour de la sortie / l'issue.,compl_cellulitis_site,Si oui: site (s) de cellulite,"1, Peau | 2, Nez | 3, Gencives | 4, Tractus gastro-intestinal | 5, Tractus urinaire | 6, Vagin | 99, Inconnu | 88, Autre",Cela fait référence au (s) site (s) dans lequel la cellulite a été identifiée.,"Sélectionnez le ou les sites les plus appropriés dans lesquels la cellulite a été identifiée à tout moment pendant l'hospitalisation. Si «autre», spécifiez les autres sites dans l'espace fourni ci-dessous.",0,0,0,0,0,0
résultat,COMPLICATIONS : Survenues à tout moment entre le jour de la présentation et le jour de la sortie / l'issue.,compl_cellulitis_site_oth,Précisez autre(s) site(s) de cellulite,,Il s'agit des autres sites où une cellulite a été identifiée.,"Si « Autre », indiquez le ou les sites où une cellulite a été identifiée à un moment quelconque pendant l'hospitalisation. ",0,0,0,0,0,
résultat,COMPLICATIONS : Survenues à tout moment entre le jour de la présentation et le jour de la sortie / l'issue.,compl_skabscess,Abcès cutané,"1, Oui | 0, Non | 99, Inconnu",Il s'agit d'une zone circonscrite de pus ou de débris nécrotiques dans la peau.,Indiquez « Oui » si le patient a présenté ce symptôme à un moment quelconque pendant l'hospitalisation.,0,0,0,0,0,0
résultat,COMPLICATIONS : Survenues à tout moment entre le jour de la présentation et le jour de la sortie / l'issue.,compl_eschar,Perte des tissus cutanés ou Eschar,"1, Oui | 0, Non | 99, Inconnu","L'ESCAR est défini comme une gale sèche et foncée ou une chute de la peau morte, généralement causée par une brûlure, une morsure d'insecte (par exemple, certaines infections à rickettsiales) ou une infection par l'anthrax.","Indiquez «oui», si le patient a vécu cela à tout moment pendant l'hospitalisation.",0,0,0,0,0,0
résultat,COMPLICATIONS : Survenues à tout moment entre le jour de la présentation et le jour de la sortie / l'issue.,compl_scar,Cicatrices cutanées,"1, Oui | 0, Non | 99, Inconnu",Il s'agit d'une marque permanente laissée sur la peau lors du processus de cicatrisation d'une plaie.,Indiquez « Oui » si le patient a présenté ce symptôme à un moment quelconque pendant l'hospitalisation.,0,0,0,0,0,0
résultat,COMPLICATIONS : Survenues à tout moment entre le jour de la présentation et le jour de la sortie / l'issue.,compl_nec,Infection nécrosante,"1, Oui | 0, Non | 99, Inconnu",Il s'agit d'une infection associée à la mort de la peau et des tissus mous sous-jacents.,Indiquez « Oui » si le patient a présenté ce symptôme à un moment quelconque pendant l'hospitalisation.,0,0,0,0,0,0
résultat,COMPLICATIONS : Survenues à tout moment entre le jour de la présentation et le jour de la sortie / l'issue.,compl_eye,Complication ophtalmologique,,Définie comme toute complication oculaire,Indiquez « Oui » si le patient a présenté ce symptôme à un moment quelconque pendant l'hospitalisation.,0,0,0,0,0,
résultat,COMPLICATIONS : Survenues à tout moment entre le jour de la présentation et le jour de la sortie / l'issue.,compl_eyeinf,Infection oculaire,"1, Oui | 0, Non | 99, Inconnu",Il s'agit d'un processus infectieux touchant n'importe quelle partie de l'œil.,Indiquez « Oui » si le patient a présenté ce symptôme à un moment quelconque pendant l'hospitalisation.,0,0,0,0,0,0
résultat,COMPLICATIONS : Survenues à tout moment entre le jour de la présentation et le jour de la sortie / l'issue.,compl_cornealsubepi,Infiltrats sous-épithéliaux cornéens,"1, Oui | 0, Non | 99, Inconnu",Il s'agit d'infiltrats cornéens sous-épithéliaux.,Indiquez « Oui » si le patient a présenté ce symptôme à un moment quelconque pendant l'hospitalisation.,0,0,0,0,0,0
résultat,COMPLICATIONS : Survenues à tout moment entre le jour de la présentation et le jour de la sortie / l'issue.,compl_cornealstroma,Infiltrats stromaux cornéens,"1, Oui | 0, Non | 99, Inconnu",Il s'agit d'infiltrats cornéens stromaux.,Indiquez « Oui » si le patient a présenté ce symptôme à un moment quelconque pendant l'hospitalisation.,0,0,0,0,0,0
résultat,COMPLICATIONS : Survenues à tout moment entre le jour de la présentation et le jour de la sortie / l'issue.,compl_sys,Complication systémique,,Définie comme toute complication systémique,Indiquez « Oui » si le patient a présenté ce symptôme à un moment quelconque pendant l'hospitalisation.,0,0,0,0,0,
résultat,COMPLICATIONS : Survenues à tout moment entre le jour de la présentation et le jour de la sortie / l'issue.,compl_bacteraemi,Bactériémie,"1, Oui | 0, Non | 99, Inconnu","Défini comme la présence de bactéries dans le sang, le plus souvent détectée par le biais de l'hémoculture. Les épisodes de contamination artéfactuelle suspectée d'une hémoculture ne doivent pas être enregistrés.","Indiquez «oui» si la bactériémie s'est produite à tout moment pendant l'hospitalisation. Indiquez «non», si la bactériémie ne s'est jamais produite ou si seules les bactéries cultivées étaient considérées comme des contaminants cutanés (par exemple les staphylocoques ou diphthéroïdes négatifs de la coagulase).",0,0,0,0,0,0
résultat,COMPLICATIONS : Survenues à tout moment entre le jour de la présentation et le jour de la sortie / l'issue.,compl_hyperglyce,Hyperglycémie,"1, Oui | 0, Non | 99, Inconnu","Pour les adultes, est défini comme un niveau anormalement élevé de glucose dans le sang, la glycémie, qui est systématiquement supérieure à 126 mg / dL ou 7 mmol / L. Pour les enfants, est défini comme un taux de glycémie constamment supérieur à 8,3 mmol / L.","Indiquez « Oui » si une bactériémie s'est produite à un moment quelconque pendant l'hospitalisation. Indiquez « Non » si aucune bactériémie ne s'est produite ou si seules des bactéries considérées comme des contaminants cutanés (par exemple, staphylocoques à coagulase négative ou diphtéroïdes) ont été cultivées.",0,0,0,0,0,0
résultat,COMPLICATIONS : Survenues à tout moment entre le jour de la présentation et le jour de la sortie / l'issue.,compl_hypoglycem,Hypoglycémie,"1, Oui | 0, Non | 99, Inconnu","Cela fait référence à un niveau de glucose anormalement bas dans le sang. Pour les adultes, est défini comme un niveau anormalement bas de glucose dans le sang, un taux de glycémie qui est constamment inférieur à 70 mg / dL ou 4 mmol / L. Pour les enfants, est défini comme un taux de glycémie en dessous de 3 mmol / L.","Indiquez «oui», si le patient a vécu cela à tout moment pendant l'hospitalisation.",0,0,0,0,0,0
résultat,COMPLICATIONS : Survenues à tout moment entre le jour de la présentation et le jour de la sortie / l'issue.,compl_shock,Choc,"1, Oui | 0, Non | 99, Inconnu","Le choc fait référence à une défaillance circulatoire, provoquant une administration inadéquate d'oxygène pour répondre aux besoins métaboliques cellulaires. Il est défini par la présence de deux des éléments suivants: preuve d'hypoperfusion (par exemple, recharge capillaire> 2 secondes, peau clonmeuse froide et impulsion rapide / faible, état mental altéré), une pression d'impulsion étroite (moins que ou égale à 20 mmHg) , Hypotension pour l'âge et la tachycardie (> 100 bpm).","Indiquez «oui», si le patient a vécu cela à tout moment pendant l'hospitalisation.",0,0,0,0,0,0
résultat,COMPLICATIONS : Survenues à tout moment entre le jour de la présentation et le jour de la sortie / l'issue.,compl_reshock,Re-Shock Épisodes,"1, Oui | 0, Non | 99, Inconnu","Le réchange ou le choc récurrent est défini comme un épisode distinct de choc qui se produit au moins 2 à 6 heures après la résolution clinique d'un premier épisode de choc, où la résolution clinique fait référence à une pression d'impulsion> 25 mmhg sans signes de perfusion altérée. Cela n'inclut pas le choc persistant (où aucune résolution n'est observée).","Indiquez «oui», si le patient a vécu cela à tout moment pendant l'hospitalisation.",0,0,0,0,0,0
résultat,COMPLICATIONS : Survenues à tout moment entre le jour de la présentation et le jour de la sortie / l'issue.,compl_reshockep,Nombre d'épisodes de refonte,"1, 1 | 2, 2 | 3, 3 | 4, 4+ | 99, Inconnu",Cela fait référence au nombre de fois que Re-Shock a été identifié pendant que le patient a été hospitalisé.,"Si «oui», sélectionnez l'option la plus appropriée qui correspond au nombre d'épisodes de re-Shock que le patient a connu à tout moment pendant l'hospitalisation.",0,0,0,0,0,0
résultat,COMPLICATIONS : Survenues à tout moment entre le jour de la présentation et le jour de la sortie / l'issue.,compl_sepsis,État septique,"1, Oui | 0, Non | 99, Inconnu","Comme défini selon le groupe de travail SCCM / ESICM 2016 comme une dysfonctionnement des organes potentiellement mortelle causée par une réponse hôte dérégulée à l'infection par ce qui suit: Dysfonctionnement de l'organe déterminé par un score séquentiel d'évaluation de la défaillance des organes (SOFA) de 2 points plus élevé ou égal à 2 points (ou score de canapé / qsofa rapide de plus ou égal à 2); et une infection diagnostiquée par un médecin (qui peut être étayée par des signes et symptômes cliniques, des preuves radiologiques et / ou microbiologiques).","Indiquez «oui», si le patient a vécu cela à tout moment pendant l'hospitalisation.",0,0,0,0,0,0
résultat,COMPLICATIONS : Survenues à tout moment entre le jour de la présentation et le jour de la sortie / l'issue.,compl_hypothermia,Hypothermie,"1, Oui | 0, Non | 99, Inconnu",Il s'agit d'une température corporelle anormalement basse.,Indiquez « Oui » si le patient a présenté ce symptôme à un moment quelconque pendant l'hospitalisation.,0,0,0,0,0,0
résultat,COMPLICATIONS : Survenues à tout moment entre le jour de la présentation et le jour de la sortie / l'issue.,compl_ndiab,Diabète sucré d’apparition récente,"1, oui | 0, Non | 99, Inconnu",,Indiquez « Oui » si le patient a présenté ce symptôme à un moment quelconque pendant l'hospitalisation.,0,0,0,,0,0
résultat,COMPLICATIONS : Survenues à tout moment entre le jour de la présentation et le jour de la sortie / l'issue.,compl_plarthalgia,Polyartralgie,"1, oui | 0, Non | 99, Inconnu",Il s'agit d'une zone circonscrite de pus ou de débris nécrotiques dans la peau.,Indiquez « Oui » si le patient a présenté ce symptôme à un moment quelconque pendant l'hospitalisation.,0,0,0,0,0,0
résultat,COMPLICATIONS : Survenues à tout moment entre le jour de la présentation et le jour de la sortie / l'issue.,compl_otherdesc,Autres  complications,,,,0,0,0,,,
résultat,COMPLICATIONS : Survenues à tout moment entre le jour de la présentation et le jour de la sortie / l'issue.,compl_unlisted,Autres complications (s),"1, Oui | 0, Non | 99, Inconnu",Cela fait référence à d'autres complications non spécifiées ci-dessus.,"Spécifiez toutes les autres complications, non énumérées ci-dessus, le patient a connu à tout moment pendant l'hospitalisation.",0,0,0,0,0,0
résultat,INTERVENTIONS : Enregistrer les interventions administrées ou prescrites entre le jour de la présentation et le jour de la sortie / l'issue.,inter_ivfluid,Liquide parentéral / IV,"1, Oui | 0, Non | 99, Inconnu","Il s'agit de liquides intraveineux comprenant des solutions cristalloïdes, de l'albumine, de la gélatine, des amidons ou d'autres solutions.",Indiquez « Oui » si le patient a reçu des liquides par voie intraveineuse à un moment quelconque pendant son hospitalisation.,0,0,0,0,0,0
résultat,INTERVENTIONS : Enregistrer les interventions administrées ou prescrites entre le jour de la présentation et le jour de la sortie / l'issue.,inter_ivfluid_type,Si oui: sélectionnez tout le liquide parentéral / IV qui a été administré,,"Cela fait référence au type de liquide parentéral ou intraveineux (IV) est prescrit en remplacement du liquide, des électrolytes, des calories, des vitamines et d'autres substances nutritionnelles. Les fluides cristalloïdes se réfèrent aux solutions de sels minéraux, y compris la solution saline normale (0,9%), la solution de Ringer / Hartman, 5% de dextrose dans l'eau, 10% de dextrose dans l'eau, une solution saline hypotonique et hypertonique, entre autres. L'albumine fait référence aux préparations intraveineuses de l'albumine sérique humaine purifiée utilisée pour remplacer l'albumine perdue chez les patients par hypoalbuminémie, pour traiter l'hypovolémie et l'ascite, et dans le cadre de certains kits d'imagerie diagnostique. Les solutions de colloïdes d'albumine courantes incluent l'albumine 4%, 5% et 20% entre autres. La gélatine fait référence à un substitut de volume plasmatique colloïdal, isotonique, physiologiquement équilibré, contenant de la gélatine succinylée et des électrolytes, avec des propriétés néphroprotectrices potentielles. Les fluides parentéraux de gélatine communs comprennent le geléaspane, la gélofusine, le geloplasma, l'isoplex, entre autres. Les amidons se réfèrent à une solution intraveineuse d'amidon hydroxyéthyle (HES), synthétique et non ionique, dérivé d'hydroxyéthyle de l'amidon utilisé comme expanseur de plasma lorsqu'il est préparé dans une solution isotonique. Les fluides parentéraux basés sur l'amidon commun et synthétiques comprennent les produits d'amidon hydroxyéthyle (HES), entre autres.",Sélectionnez les options les plus appropriées correspondant au (s) fluide parentéral administré.,0,0,0,0,0,
résultat,INTERVENTIONS : Enregistrer les interventions administrées ou prescrites entre le jour de la présentation et le jour de la sortie / l'issue.,inter_ivfluid_cryst,Volume de cristalloïdes total donné lors de l'admission (ML),,"Les fluides cristalloïdes se réfèrent aux solutions de sels minéraux, y compris la solution saline normale (0,9%), la solution de Ringer / Hartman, 5% de dextrose dans l'eau, 10% de dextrose dans l'eau, une solution saline hypotonique et hypertonique, entre autres.",Enregistrer le volume total de liquide cristalloïde que le patient a reçu lors de l'admission en millilitres (ML).,0,0,0,0,0,
résultat,INTERVENTIONS : Enregistrer les interventions administrées ou prescrites entre le jour de la présentation et le jour de la sortie / l'issue.,inter_ivfluid_colloid,Volume total de colloïdes administré pendant l'hospitalisation (mL),,"Les liquides colloïdaux sont des solutions qui contiennent de grosses molécules, telles que des protéines ou des polysaccharides, qui restent dans la circulation sanguine plus longtemps que les cristalloïdes. Ces liquides aident à maintenir ou à augmenter le volume intravasculaire en attirant l'eau dans les vaisseaux sanguins par pression oncotique. Les colloïdes courants comprennent les gélatines, les amidons ou l'albumine. ",Enregistrez le volume total de liquide colloïdal que le patient a reçu pendant son admission en millilitres (mL).,0,0,0,0,0,
résultat,INTERVENTIONS : Enregistrer les interventions administrées ou prescrites entre le jour de la présentation et le jour de la sortie / l'issue.,inter_ivfluid_reas,Raison (s) pour le liquide IV (vérifiez tout ce qui s'applique),"1, choc | 2, hématocrite élevé/en augmentation | 3, anorexie | 4, vomissements persistants | 88, autre","Il s'agit de la ou des raisons (indications) justifiant une thérapie liquidienne parentérale/intraveineuse (IV) à tout moment pendant l'hospitalisation. Si plusieurs indications sont présentes, sélectionnez toutes celles qui s'appliquent. Le choc désigne une défaillance circulatoire entraînant un apport insuffisant en oxygène pour répondre aux besoins métaboliques des cellules. Il est défini par la présence de deux des symptômes suivants : signe d'hypoperfusion (par exemple, remplissage capillaire > 2 secondes, peau froide et moite, pouls rapide/faible, état mental altéré), pression différentielle faible (inférieure ou égale à 20 mmHg), hypotension pour l'âge et tachycardie (> 100 bpm). Un hématocrite élevé/en augmentation désigne une élévation supérieure à la normale du rapport entre le volume des globules rouges et le volume total du sang. L'anorexie désigne l'absence ou la perte d'appétit accompagnée d'une aversion pour la nourriture et d'une incapacité à manger.",Sélectionnez tout ce qui s'applique.,0,0,0,0,0,0
résultat,INTERVENTIONS : Enregistrer les interventions administrées ou prescrites entre le jour de la présentation et le jour de la sortie / l'issue.,inter_ivfluid_reas_oth,Précisez toute autre raison justifiant l'administration de liquides intraveineux,,Il s'agit de la ou des raisons (indications) justifiant une thérapie liquidienne parentérale/intraveineuse (IV) à tout moment pendant l'hospitalisation.,"Si « Autre », précisez la ou les raisons (indications) de l'administration de liquides par voie parentérale/intraveineuse (IV) à tout moment pendant l'admission.",0,0,0,0,0,
résultat,INTERVENTIONS : Enregistrer les interventions administrées ou prescrites entre le jour de la présentation et le jour de la sortie / l'issue.,inter_ivfluid_venacc,Type d'accès veineux,"1, périphérique | 2, intra-osseux | 3, Centrale | 88, autre | 99, Inconnu","Il s'agit du type d'accès veineux utilisé pour administrer des liquides et d'autres médicaments. Périphérique fait référence à l'accès utilisant un cathéter vasculaire qui se termine par une veine périphérique dans une extrémité, le cuir chevelu ou le tronc. Central fait référence à l'accès utilisant un cathéter vasculaire dans une grande veine centrale (par exemple, veine cave supérieure, veine cave inférieure, veines sous-clavières). L'accès intra-osseux fait référence à l'accès vasculaire à travers le cortex osseux dans l'espace intramédullaire, généralement lorsque l'accès veineux périphérique et central n'est pas facilement disponible.",Sélectionnez les options les plus appropriées qui correspondent au type d'accès veineux,0,0,0,0,0,0
résultat,INTERVENTIONS : Enregistrer les interventions administrées ou prescrites entre le jour de la présentation et le jour de la sortie / l'issue.,inter_ivfluid_venacc_oth,"Si autre, précisez",,"Il s'agit du type d'accès veineux utilisé pour administrer des liquides et d'autres médicaments. Périphérique fait référence à l'accès utilisant un cathéter vasculaire qui se termine par une veine périphérique dans une extrémité, le cuir chevelu ou le tronc. Central fait référence à l'accès utilisant un cathéter vasculaire dans une grande veine centrale (par exemple, veine cave supérieure, veine cave inférieure, veines sous-clavières). L'accès intra-osseux fait référence à l'accès vasculaire à travers le cortex osseux dans l'espace intramédullaire, généralement lorsque l'accès veineux périphérique et central n'est pas facilement disponible.","Si « Autre », précisez le type d'accès veineux",0,0,0,0,0,
résultat,INTERVENTIONS : Enregistrer les interventions administrées ou prescrites entre le jour de la présentation et le jour de la sortie / l'issue.,inter_ivfluid_start,Date d'abord iv liquide démarré,,Cela fait référence à la date où le premier liquide parentéral / intraveineux (IV) a été démarré.,Entrez la date au format DD / mm / Yyyy.,0,0,0,0,0,
résultat,INTERVENTIONS : Enregistrer les interventions administrées ou prescrites entre le jour de la présentation et le jour de la sortie / l'issue.,inter_ivfluid_end,Date du dernier liquide IV terminé,,Cela fait référence à la date où le dernier liquide parentéral / intraveineux (IV) a été terminé.,Entrez la date au format DD / mm / Yyyy.,0,0,0,0,0,
résultat,INTERVENTIONS : Enregistrer les interventions administrées ou prescrites entre le jour de la présentation et le jour de la sortie / l'issue.,inter_enteralfeed,Alimentation entérale,"1, oui | 0, Non | 99, Inconnu","Il s'agit d'une méthode d'administration de nutrition via un tube inséré par la bouche, le nez ou par voie percutanée à travers la paroi abdominale (par exemple, gastrostomie endoscopique percutanée) dans le tractus gastro-intestinal (c'est-à-dire l'estomac, le duodénum ou le jéjunum).",Indiquez « Oui » si le patient a reçu une alimentation entérale.,0,0,0,0,0,0
résultat,INTERVENTIONS : Enregistrer les interventions administrées ou prescrites entre le jour de la présentation et le jour de la sortie / l'issue.,inter_bpt,Transfusion de produits sanguins,"1, oui | 0, non | 99, inconnu","Il s'agit d'une transfusion de sang (sang total ou concentré de globules rouges) ou d'autres produits sanguins à l'exclusion de l'immunoglobuline humaine normale (par exemple, albumine, granulocytes, plaquettes, plasma frais congelé (FFP), FP24, PF-24, cryoprécipité, concentré de protéine C, cryosurnatant ou un facteur de coagulation non recombinant spécifique) à tout moment de la date d'évaluation. ","Indiquez « Oui » si le patient a reçu des produits sanguins ou une transfusion de produits sanguins à tout moment pendant son admission. Si « Oui », sélectionnez le ou les produits ci-dessous.",0,0,0,0,0,0
résultat,INTERVENTIONS : Enregistrer les interventions administrées ou prescrites entre le jour de la présentation et le jour de la sortie / l'issue.,inter_bpt_type,Si oui: sélectionnez toute transfusion de produits sanguins qui ont été administrés,"1, Plaquettes | 2, Cryoprécipité | 3, Sang total | 4, Plasma frais congelé | 5, Concentré de fibrinogène | 6, Concentré de globules rouges (concentré de globules rouges)","Cela fait référence à une transfusion de sang (sang total ou de globules rouges emballés) ou d'autres produits sanguins à l'exclusion de l'immunoglobuline normale humaine (par exemple l'albumine, les granulocytes, les plaquettes, le plasma fraîchement docédé (FFP), FP24, PF-24, Cryoprécipité, protéine C C) concentré, cryosupernateur ou un facteur de coagulation non recombinant spécifique) à tout moment à la date de l'évaluation. Les plaquettes se réfèrent au transfert de plaquettes sanguines d'un donneur à un receveur ou à la réinfusion au donneur. Le cryoprécipité fait référence à un produit sanguin congelé préparé à partir d'un plasma congelé qui contient du fibrinogène (facteur I), du facteur antihemophile (facteur VIII), du facteur XIII, du facteur Von Willebrand (VWF) et de la fibronectine. Le sang total fait référence à l'administration intraveineuse de sang total (sang qui contient du plasma et des globules rouges) en un individu. RBC emballé fait référence aux globules rouges d'une unité de sang total après l'élimination de la majeure partie du plasma, laissant une unité avec un hématocrite d'environ 60%. Le plasma frais congelé fait référence au plasma séparé du sang de tout le sang et congelé rapidement après un don de sang afin d'être utilisé pour les transfusions sanguines. Le concentré de fibrinogène est un agent hémostatique utilisé pour le traitement des épisodes de saignement aigu chez les patients présentant une carence en fibrinogène congénitale, y compris l'afibrinogénémie et l'hypofibrinogénémie.",Sélectionnez la ou les options les plus appropriées correspondant aux produits sanguins qui ont été administrés.,0,0,0,0,0,0
résultat,INTERVENTIONS : Enregistrer les interventions administrées ou prescrites entre le jour de la présentation et le jour de la sortie / l'issue.,inter_bpt_plate,"Plaquettes, nombre total d'unités",,Les plaquettes se réfèrent au transfert de plaquettes sanguines d'un donneur à un receveur ou à la réinfusion au donneur.,Enregistrez le nombre total d'unités que le patient a reçues lors de l'admission.,0,0,0,0,0,
résultat,INTERVENTIONS : Enregistrer les interventions administrées ou prescrites entre le jour de la présentation et le jour de la sortie / l'issue.,inter_bpt_cryo,"Cryoprécipité, nombre total d'unités",,"Le cryoprécipité fait référence à un produit sanguin congelé préparé à partir d'un plasma congelé qui contient du fibrinogène (facteur I), du facteur antihemophile (facteur VIII), du facteur XIII, du facteur Von Willebrand (VWF) et de la fibronectine. Le cryoprécipité fait référence à un produit sanguin congelé préparé à partir d'un plasma congelé qui contient du fibrinogène (facteur I), du facteur antihemophile (facteur VIII), du facteur XIII, du facteur Von Willebrand (VWF) et de la fibronectine.",Enregistrez le nombre total d'unités que le patient a reçues lors de l'admission.,0,0,0,0,0,
résultat,INTERVENTIONS : Enregistrer les interventions administrées ou prescrites entre le jour de la présentation et le jour de la sortie / l'issue.,inter_bpt_rbc,"Blood total / RBC emballé, nombre total d'unités",,"Le sang total fait référence à l'administration intraveineuse de sang total (sang qui contient du plasma et des globules rouges) en un individu. RBC emballé fait référence aux globules rouges d'une unité de sang total après l'élimination de la majeure partie du plasma, laissant une unité avec un hématocrite d'environ 60%.",Enregistrez le nombre total d'unités que le patient a reçues lors de l'admission.,0,0,0,0,0,
résultat,INTERVENTIONS : Enregistrer les interventions administrées ou prescrites entre le jour de la présentation et le jour de la sortie / l'issue.,inter_bpt_ffp,"Plasma frais surgelé (FFP), nombre total d'unités",,Le plasma frais congelé fait référence au plasma séparé du sang de tout le sang et congelé rapidement après un don de sang afin d'être utilisé pour les transfusions sanguines.,Enregistrez le nombre total d'unités que le patient a reçues lors de l'admission.,0,0,0,0,0,
résultat,INTERVENTIONS : Enregistrer les interventions administrées ou prescrites entre le jour de la présentation et le jour de la sortie / l'issue.,inter_bpt_fibrin,"Concentré de fibrinogène, nombre total d'unités",,"Le concentré de fibrinogène est un agent hémostatique utilisé pour le traitement des épisodes de saignement aigu chez les patients présentant une carence en fibrinogène congénitale, y compris l'afibrinogénémie et l'hypofibrinogénémie.",Enregistrez le nombre total d'unités que le patient a reçues lors de l'admission.,0,0,0,0,0,
résultat,INTERVENTIONS : Enregistrer les interventions administrées ou prescrites entre le jour de la présentation et le jour de la sortie / l'issue.,inter_bpt_rcc,"Concentré de globules rouges (concentré de globules rouges), nombre total d'unités",,"Les globules rouges concentrés désignent les globules rouges provenant d'une unité de sang total après élimination de la majeure partie du plasma, laissant une unité avec un hématocrite d'environ 60 %.",Enregistrez le nombre total d'unités que le patient a reçues pendant son hospitalisation.,0,0,0,0,0,
résultat,INTERVENTIONS : Enregistrer les interventions administrées ou prescrites entre le jour de la présentation et le jour de la sortie / l'issue.,inter_ivimmunogl,Immunoglobuline intraveineuse,"1, Oui | 0, Non | 99, Inconnu","Cela fait référence aux préparations d'immunoglobulines utilisées dans la perfusion intraveineuse, contenant principalement l'immunoglobuline G (IgG). Des exemples d'immunoglobulines IVIG commerciales de préparation incluent Octagam®, Intragam P®, Kiovig®, Flebogamma 5% Dif®, Carinune NF®, Gamunex,, Gammagard S / D®, Gammagard Liquid®, Gammated® et Privigen®.","Indiquez «oui», si le patient a reçu l'immunoglobuline intraveineuse à tout moment lors de l'admission.",0,0,0,0,0,0
résultat,INTERVENTIONS : Enregistrer les interventions administrées ou prescrites entre le jour de la présentation et le jour de la sortie / l'issue.,inter_diuretics,Diurétiques,"1, Oui | 0, Non | 99, Inconnu","Cela fait référence à la classe d'agents qui augmente la production d'urine par le rein. Via divers mécanismes d'actions, les diurétiques conservent l'eau dans l'urine, fournit ainsi un moyen de diurèse forcée.","Indiquez «oui», si le patient a reçu une thérapie diurétique à tout moment pendant l'admission.",0,0,0,0,0,0
résultat,INTERVENTIONS : Enregistrer les interventions administrées ou prescrites entre le jour de la présentation et le jour de la sortie / l'issue.,inter_nacetylcys,N-acétyl cystéine,"1, Oui | 0, Non | 99, Inconnu",Cela fait référence au dérivé n-acétyl de la cystéine; Utilisé comme agent mucolytique pour réduire la viscosité des sécrétions muqueuses.,"Indiquez «oui», si le patient a reçu la N-acétyl cystéine (NAC) à tout moment lors de l'admission.",0,0,0,0,0,0
résultat,INTERVENTIONS : Enregistrer les interventions administrées ou prescrites entre le jour de la présentation et le jour de la sortie / l'issue.,inter_fluiddrain,Drainage fluide,"1, Oui | 0, Non | 99, Inconnu",Cela fait référence à la procédure d'élimination du liquide de l'espace pleural ou de la cavité péritonéale.,"Indiquez «oui», s'il s'agissait d'un drainage fluide de la cavité pleurale ou péritonéale a été réalisée à tout moment pendant l'admission.",0,0,0,0,0,0
résultat,INTERVENTIONS : Enregistrer les interventions administrées ou prescrites entre le jour de la présentation et le jour de la sortie / l'issue.,inter_fluiddrain_reas,Si oui: raison de ce drainage,"1, Ascite | 2, Épanchement pleural",Cela fait référence à la raison (indication) du drainage fluide. L'ascite fait référence à l'accumulation anormale de liquide dans la cavité péritonéale. L'épanchement pleural fait référence à la présence de liquide dans la cavité pleurale résultant d'une transudation ou d'une exsudation excessive des surfaces pleurales.,Sélectionnez l'option la plus appropriée correspondant à la raison (indication) du drainage des fluides.,0,0,0,0,0,0
résultat,INTERVENTIONS : Enregistrer les interventions administrées ou prescrites entre le jour de la présentation et le jour de la sortie / l'issue.,inter_plasmaex,Plasmaphérèse / échange de plasma,"1, Oui | 0, Non | 99, Inconnu","La plasmaphérèse (échange de plasma) fait référence à la séparation extracorporelle des composantes sanguines, résultant en un produit filtré. Les méthodes comprennent une centrifugation d'écoulement discontinue, une centrifugation à l'écoulement continu et une filtration du plasma.","Indiquez «oui», si le patient a reçu une plasmapharésie à tout moment pendant l'admission.",0,0,0,0,0,0
résultat,INTERVENTIONS : Enregistrer les interventions administrées ou prescrites entre le jour de la présentation et le jour de la sortie / l'issue.,inter_plasmaex_days,Nombre de jours sous échange plasmatique pendant l'hospitalisation,,"Il s'agit du nombre total de jours civils pendant lesquels le patient a été sous support de plasmaferèse (plasmaphérèse). La plasmaphérèse (échange plasmatique) désigne la séparation extracorporelle des composants sanguins, qui aboutit à un produit filtré. Les méthodes comprennent la centrifugation à flux discontinu, la centrifugation à flux continu et la filtration plasmatique.",Indiquez le nombre total de jours civils pendant lesquels le patient a été sous support d'échange plasmatique (plasmaphérèse).,0,0,0,0,0,
résultat,INTERVENTIONS : Enregistrer les interventions administrées ou prescrites entre le jour de la présentation et le jour de la sortie / l'issue.,inter_csf,Détournement du LCR,"1, drain extraventriculaire (EVD) | 2, Drain lombaire | 3, shunt ventriculo-péritonéal | 0, aucun",,,0,0,0,,,0
résultat,INTERVENTIONS : Enregistrer les interventions administrées ou prescrites entre le jour de la présentation et le jour de la sortie / l'issue.,inter_icp,Moniteur ICP placé,"1, oui | 0, Non | 99, Inconnu",,,0,0,0,,,0
résultat,INTERVENTIONS : Enregistrer les interventions administrées ou prescrites entre le jour de la présentation et le jour de la sortie / l'issue.,inter_icp_type,Type de moniteur ICP,"1, cathéter intraventriculaire (basé sur la MVE) | 2, moniteur intraparenchymateux (boulon) | 3, moniteur sous-dural | 4, moniteur péridural | 99, Inconnu",,,0,0,0,,,0
résultat,INTERVENTIONS : Enregistrer les interventions administrées ou prescrites entre le jour de la présentation et le jour de la sortie / l'issue.,inter_icp_peak,Pic ICP enregistré (mmHg),,,,0,0,0,,,
résultat,INTERVENTIONS : Enregistrer les interventions administrées ou prescrites entre le jour de la présentation et le jour de la sortie / l'issue.,inter_icp_duration,Durée de surveillance (heures),,,,0,0,0,,,
résultat,INTERVENTIONS : Enregistrer les interventions administrées ou prescrites entre le jour de la présentation et le jour de la sortie / l'issue.,inter_vteproph,Prophylaxie TEV,"1, oui | 0, Non | 99, Inconnu",,,0,0,0,,,0
résultat,INTERVENTIONS : Enregistrer les interventions administrées ou prescrites entre le jour de la présentation et le jour de la sortie / l'issue.,inter_stressulcer,Prophylaxie des ulcères de stress,"1, oui | 0, Non | 99, Inconnu",,,0,0,0,,,0
résultat,INTERVENTIONS : Enregistrer les interventions administrées ou prescrites entre le jour de la présentation et le jour de la sortie / l'issue.,inter_osmotherapy,Osmothérapie,"1, oui | 0, Non | 99, Inconnu",,,0,0,0,,,0
résultat,INTERVENTIONS : Enregistrer les interventions administrées ou prescrites entre le jour de la présentation et le jour de la sortie / l'issue.,inter_osmotherapy_type,Type d'osmothérapie,"Solution saline hypertonique à 1, 3 % | 2, 7,5 % de solution saline | 3, solution saline à 23,4 % | 4, mannitol",,,0,0,0,,,0
résultat,INTERVENTIONS : Enregistrer les interventions administrées ou prescrites entre le jour de la présentation et le jour de la sortie / l'issue.,inter_isolation,Le patient a-t-il été isolé à la maison ou à l'hôpital?,"1, Oui | 0, Non | 99, Inconnu",Cela fait référence à l'isolement du patient à la maison ou à l'hôpital lors de cette admission pour pathogène d'intérêt.,Indiquez «oui» si le patient était isolement à la maison ou à l'hôpital pendant cette admission pour pathogène d'intérêt.,0,0,0,0,0,0
résultat,INTERVENTIONS : Enregistrer les interventions administrées ou prescrites entre le jour de la présentation et le jour de la sortie / l'issue.,inter_isolation_date,Si oui: date individuelle entrée en isolement,,Cela fait référence à la date de début de l'isolement du patient à la maison ou à l'hôpital lors de cette admission pour pathogène d'intérêt.,Écrivez la date au format DD / mm / Yyyy.,0,0,0,0,0,
résultat,INTERVENTIONS : Enregistrer les interventions administrées ou prescrites entre le jour de la présentation et le jour de la sortie / l'issue.,inter_surg,Une intervention chirurgicale effectuée par rapport à l'infection par pathogène d'intérêt?,"1, Oui | 0, Non | 99, Inconnu",Cela fait référence à toute intervention chirurgicale réalisée par rapport à l'infection par pathogène d'intérêt.,Indiquez «oui» si une intervention chirurgicale a été réalisée par rapport à l'infection par pathogène d'intérêt.,0,0,0,0,0,0
résultat,INTERVENTIONS : Enregistrer les interventions administrées ou prescrites entre le jour de la présentation et le jour de la sortie / l'issue.,inter_surg_type,Si oui: quelle a été la chirurgie? (par exemple le débridement des tissus infectés),,Cela fait référence à toute intervention chirurgicale réalisée par rapport à l'infection par pathogène d'intérêt.,"Si «oui», écrivez le nom de l'intervention / procédure chirurgicale qui a été effectuée par rapport à l'infection par pathogène d'intérêt.",0,0,0,0,0,
résultat,INTERVENTIONS : Enregistrer les interventions administrées ou prescrites entre le jour de la présentation et le jour de la sortie / l'issue.,inter_surg_date,Si oui: date de la première chirurgie,,Cela fait référence à la date de la première intervention chirurgicale qui a été réalisée par rapport à l'infection par pathogène d'intérêt.,"Écrivez la date de la première chirurgie, utilisez le format DD / mm / yyyy.",0,0,0,0,0,
résultat,INTERVENTIONS : Enregistrer les interventions administrées ou prescrites entre le jour de la présentation et le jour de la sortie / l'issue.,inter_surg_sec,Une deuxième intervention chirurgicale a-t-elle été pratiquée en relation avec l'infection par l'agent pathogène d'intérêt ?,"1, Oui | 0, Non | 99, Inconnu",Il s'agit de toute intervention chirurgicale réalisée en relation avec l'infection par le pathogène d'intérêt.,Indiquez « Oui » si une deuxième intervention chirurgicale a été pratiquée en relation avec l'infection par l'agent pathogène d'intérêt.,0,0,0,0,0,0
résultat,INTERVENTIONS : Enregistrer les interventions administrées ou prescrites entre le jour de la présentation et le jour de la sortie / l'issue.,inter_surg_secdate,Date de la deuxième intervention chirurgicale,,Il s'agit de la date de la deuxième intervention chirurgicale réalisée en relation avec l'infection par l'agent pathogène d'intérêt.,"Indiquez la date de la deuxième intervention chirurgicale, en utilisant le format JJ/MM/AAAA.",0,0,0,0,0,
résultat,INTERVENTIONS : Enregistrer les interventions administrées ou prescrites entre le jour de la présentation et le jour de la sortie / l'issue.,inter_other,Autre(s) intervention(s) ou procédure(s),"1, Oui | 0, Non | 99, Inconnu","Il s'agit de toute autre intervention thérapeutique ou procédure spécifique administrée à tout moment pendant l'hospitalisation, non caractérisée autrement, que vous jugez pertinente.",Indiquez « Oui » si d'autres interventions ou procédures ont été utilisées entre 00h00 et 24h00 le jour de l'évaluation.,0,0,0,0,0,0
résultat,INTERVENTIONS : Enregistrer les interventions administrées ou prescrites entre le jour de la présentation et le jour de la sortie / l'issue.,inter_other_spec,Veuillez préciser les autres interventions ou procédures,,"Il s'agit de toute autre intervention thérapeutique ou procédure spécifique administrée à tout moment pendant l'hospitalisation, non caractérisée autrement, que vous jugez pertinente.","Si « Oui », veuillez préciser les interventions thérapeutiques ou procédures non caractérisées qui, selon vous, pourraient être pertinentes.",0,0,0,0,0,
résultat,INTERVENTIONS : Enregistrer les interventions administrées ou prescrites entre le jour de la présentation et le jour de la sortie / l'issue.,inter_suppleo2,Un oxygène supplémentaire?,"1, Oui | 0, Non | 99, Inconnu","Cela fait référence à toute méthode d'oxygénothérapie qui peut être livrée par canule de nez, masque ou ventilation non invasive ou invasive.","Indiquez «oui», si le patient a vécu cela à tout moment pendant l'hospitalisation.",0,0,0,0,0,0
résultat,INTERVENTIONS : Enregistrer les interventions administrées ou prescrites entre le jour de la présentation et le jour de la sortie / l'issue.,inter_suppleo2_ongoing,Toujours sous supplément d'oxygène ?,"1, Oui | 0, Non | 99, Inconnu","Il s'agit de l'oxygénothérapie continue qui peut être administrée par canule nasale, masque ou ventilation non invasive ou invasive.",Indiquez « Oui » si le patient est toujours sous oxygénothérapie.,0,0,0,0,0,0
résultat,INTERVENTIONS : Enregistrer les interventions administrées ou prescrites entre le jour de la présentation et le jour de la sortie / l'issue.,inter_suppleo2_dur,Nombre de jours civils pendant lesquels le patient a reçu une assistance respiratoire pendant son hospitalisation,,Il s'agit du nombre total de jours civils pendant lesquels le patient a reçu cette assistance respiratoire pendant son hospitalisation (y compris à tout moment pendant l'hospitalisation).,Indiquez le nombre total de jours civils pendant lesquels le patient a reçu cette assistance respiratoire pendant son hospitalisation (y compris à tout moment pendant son hospitalisation).,0,0,0,0,0,
résultat,INTERVENTIONS : Enregistrer les interventions administrées ou prescrites entre le jour de la présentation et le jour de la sortie / l'issue.,inter_suppleo2_flow,Volume d'écoulement O2 maximum (L / min),"1, <2 L/min | 2, 2-5 L/min | 3, 6-10 L/min | 4, 11-15 L/min | 5, >15 L/min | 99, Inconnu",Cela fait référence au volume d'écoulement maximal d'O2 livré au patient à tout moment pendant l'hospitalisation.,Sélectionnez le volume d'écoulement maximal d'O2 livré au patient à tout moment pendant l'hospitalisation.,0,0,0,0,0,0
résultat,INTERVENTIONS : Enregistrer les interventions administrées ou prescrites entre le jour de la présentation et le jour de la sortie / l'issue.,inter_nasalprongs,Canules nasales,"1, Oui | 0, Non | 99, Inconnu",Il s'agit du mode d'administration de l'oxygène supplémentaire au patient le jour de l'évaluation. Les canules nasales ou les canules nasales à deux embouts administrent l'oxygène par deux petits embouts ou canules insérés dans les narines.,Indiquez « Oui » si ce mode d'assistance respiratoire a été utilisé pour administrer de l'oxygène supplémentaire à tout moment pendant l'hospitalisation.,0,0,0,0,0,0
résultat,INTERVENTIONS : Enregistrer les interventions administrées ou prescrites entre le jour de la présentation et le jour de la sortie / l'issue.,inter_nasalprongs_ongoing,Toujours en cours ?,"1, Oui | 0, Non | 99, Inconnu",Il s'agit d'une ventilation non invasive continue.,Indiquez « Oui » si le patient est toujours sous oxygénothérapie par canules nasales.,0,0,0,0,0,0
résultat,INTERVENTIONS : Enregistrer les interventions administrées ou prescrites entre le jour de la présentation et le jour de la sortie / l'issue.,inter_nasalprongs_dur,Nombre de jours civils pendant lesquels le patient a reçu un supplément d'oxygène par canules nasales,,Il s'agit du nombre total de jours civils pendant lesquels le patient a reçu une ventilation non invasive.,Indiquez le nombre total de jours civils pendant lesquels le patient a reçu de l'oxygène supplémentaire par canules nasales pendant son hospitalisation (y compris à tout moment pendant l'hospitalisation).,0,0,0,0,0,
résultat,INTERVENTIONS : Enregistrer les interventions administrées ou prescrites entre le jour de la présentation et le jour de la sortie / l'issue.,inter_facemask,Masque facial,"1, Oui | 0, Non | 99, Inconnu","Il s'agit du mode selon lequel le patient a reçu un supplément d'oxygène le jour de l'évaluation. Un masque à oxygène simple est un dispositif placé sur le nez, la bouche ou la trachéotomie d'un patient afin d'administrer de l'oxygène dans les voies respiratoires.",Indiquez « Oui » si ce mode d'assistance respiratoire a été utilisé pour administrer de l'oxygène supplémentaire à tout moment pendant l'hospitalisation.,0,0,0,0,0,0
résultat,INTERVENTIONS : Enregistrer les interventions administrées ou prescrites entre le jour de la présentation et le jour de la sortie / l'issue.,inter_facemask_ongoing,Toujours en cours ?,"1, Oui | 0, Non | 99, Inconnu",Il s'agit d'une ventilation non invasive continue.,Indiquez « Oui » si le patient est toujours sous oxygène d'appoint par masque facial.,0,0,0,0,0,0
résultat,INTERVENTIONS : Enregistrer les interventions administrées ou prescrites entre le jour de la présentation et le jour de la sortie / l'issue.,inter_facemask_dur,Nombre de jours civils pendant lesquels le patient a reçu un supplément d'oxygène par masque facial,,Il s'agit du nombre total de jours civils pendant lesquels le patient a reçu une ventilation non invasive.,Indiquez le nombre total de jours civils pendant lesquels le patient a reçu de l'oxygène d'appoint par masque facial pendant son admission (y compris à tout moment pendant l'admission).,0,0,0,0,0,
résultat,INTERVENTIONS : Enregistrer les interventions administrées ou prescrites entre le jour de la présentation et le jour de la sortie / l'issue.,inter_hfno,Oxygène nasal à haut débit,"1, Oui | 0, Non | 99, Inconnu","Il s'agit du mode d'administration de l'oxygène d'appoint au patient le jour de l'évaluation. L'oxygénothérapie nasale à haut débit est une assistance respiratoire non invasive qui administre de l'air réchauffé, humidifié et enrichi en oxygène aux patients par le biais d'une canule nasale à haut débit, à des débits supérieurs à ceux généralement fournis par les appareils à débit standard.",Indiquez « Oui » si ce mode d'assistance respiratoire a été utilisé pour administrer de l'oxygène d'appoint au patient à tout moment pendant son hospitalisation.,0,0,0,0,0,0
résultat,INTERVENTIONS : Enregistrer les interventions administrées ou prescrites entre le jour de la présentation et le jour de la sortie / l'issue.,inter_hfno_ongoing,Toujours en cours ?,"1, Oui | 0, Non | 99, Inconnu",Il s'agit d'une ventilation non invasive continue.,Indiquez « Oui » si le patient est toujours sous oxygène nasal à haut débit.,0,0,0,0,0,0
résultat,INTERVENTIONS : Enregistrer les interventions administrées ou prescrites entre le jour de la présentation et le jour de la sortie / l'issue.,inter_hfno_dur,Nombre de jours civils pendant lesquels le patient a reçu de l'oxygène nasal à haut débit,,Il s'agit du nombre total de jours civils pendant lesquels le patient a reçu de l'oxygène nasal à haut débit.,Indiquez le nombre total de jours civils pendant lesquels le patient a reçu de l'oxygène à haut débit par voie nasale pendant son admission (y compris à tout moment pendant l'admission).,0,0,0,0,0,
résultat,INTERVENTIONS : Enregistrer les interventions administrées ou prescrites entre le jour de la présentation et le jour de la sortie / l'issue.,inter_nivent,Type de ventilation non invasive,"1, Oui | 0, Non | 99, Inconnu","Soutien respiratoire ou ventilation non invasif (NIV) fait référence à la fourniture d'un soutien ventilatoire via les voies respiratoires supérieures du patient à l'aide d'un masque ou d'un appareil similaire. Il comprend une canule nasale à haut débit, une pression positive positive continue (CPAP) et une pression positive à bilan (BPAP).",Indiquez « Oui » si ce mode d'assistance respiratoire a été utilisé pour administrer de l'oxygène supplémentaire à tout moment pendant l'hospitalisation.,0,0,0,0,0,0
résultat,INTERVENTIONS : Enregistrer les interventions administrées ou prescrites entre le jour de la présentation et le jour de la sortie / l'issue.,inter_nivent_type,Type d'assistance respiratoire non invasive,"1, CPAP | 2, BIPAP | 99, Inconnu | 88, Autre","L'assistance respiratoire non invasive ou ventilation non invasive (VNI) désigne l'administration d'une assistance ventilatoire par les voies aériennes supérieures du patient à l'aide d'un masque ou d'un dispositif similaire. Elle comprend la canule nasale à haut débit, la ventilation en pression positive continue (CPAP) et la ventilation en pression positive à deux niveaux (BPAP).",Sélectionnez l'option la plus appropriée correspondant au type de VNI utilisé à tout moment pendant l'hospitalisation.,0,0,0,0,0,0
résultat,INTERVENTIONS : Enregistrer les interventions administrées ou prescrites entre le jour de la présentation et le jour de la sortie / l'issue.,inter_nivent_typ_oth,Précisez le type de ventilation non invasive,,"L'assistance respiratoire non invasive ou ventilation non invasive (VNI) désigne l'administration d'une assistance ventilatoire par les voies aériennes supérieures du patient à l'aide d'un masque ou d'un dispositif similaire. Elle comprend la canule nasale à haut débit, la ventilation en pression positive continue (CPAP) et la ventilation en pression positive à deux niveaux (BPAP).","Si « Autre », précisez le type de ventilation non invasive utilisé.",0,0,0,0,0,
résultat,INTERVENTIONS : Enregistrer les interventions administrées ou prescrites entre le jour de la présentation et le jour de la sortie / l'issue.,inter_nivent_ongoing,Toujours en cours ?,"1, Oui | 0, Non | 99, Inconnu",Il s'agit d'une ventilation non invasive continue.,Indiquez « Oui » si le patient est toujours sous ventilation non invasive.,0,0,0,0,0,0
résultat,INTERVENTIONS : Enregistrer les interventions administrées ou prescrites entre le jour de la présentation et le jour de la sortie / l'issue.,inter_nivent_dur,Nombre de jours civils pendant lesquels le patient a reçu une ventilation non invasive,,Il s'agit du nombre total de jours civils pendant lesquels le patient a reçu une ventilation non invasive.,Indiquez le nombre total de jours civils pendant lesquels le patient a reçu une ventilation non invasive pendant son admission (y compris à tout moment pendant l'admission).,0,0,0,0,0,
résultat,INTERVENTIONS : Enregistrer les interventions administrées ou prescrites entre le jour de la présentation et le jour de la sortie / l'issue.,inter_invent,Ventilation invasive,"1, Oui | 0, Non | 99, Inconnu","Il s'agit du mode selon lequel le patient a reçu un supplément d'oxygène le jour de l'évaluation. La ventilation invasive indique que le patient a subi une intubation trachéale à des fins de ventilation mécanique invasive. La ventilation mécanique invasive (VMI) est une méthode qui consiste à assister ou à remplacer la respiration spontanée des patients à l'aide d'un appareil motorisé qui insuffle de l'air oxygéné dans les poumons. Le mode d'intubation peut être orotrachéal, nasotrachéal, ou par cricothyrotomie ou trachéotomie.",Indiquez « Oui » si ce mode d'assistance respiratoire a été utilisé pour administrer de l'oxygène supplémentaire au patient à tout moment pendant l'hospitalisation.,0,0,0,0,0,0
résultat,INTERVENTIONS : Enregistrer les interventions administrées ou prescrites entre le jour de la présentation et le jour de la sortie / l'issue.,inter_invent_ongoing,Toujours en cours ?,"1, Oui | 0, Non | 99, Inconnu",Il s'agit de la ventilation invasive continue.,Indiquez « Oui » si le patient est toujours sous ventilation invasive.,0,0,0,0,0,0
résultat,INTERVENTIONS : Enregistrer les interventions administrées ou prescrites entre le jour de la présentation et le jour de la sortie / l'issue.,inter_paco2,PaCO2 cible (mmHg),,,,0,0,0,,,
résultat,INTERVENTIONS : Enregistrer les interventions administrées ou prescrites entre le jour de la présentation et le jour de la sortie / l'issue.,inter_hypervent,Hyperventilation utilisée pour le contrôle de la PIC,"1, oui | 0, Non | 99, Inconnu",,,0,0,0,,,0
résultat,INTERVENTIONS : Enregistrer les interventions administrées ou prescrites entre le jour de la présentation et le jour de la sortie / l'issue.,inter_invent_dur,Nombre de jours civils pendant lesquels le patient a reçu une ventilation invasive,,Il s'agit du nombre total de jours civils pendant lesquels le patient a reçu une ventilation invasive.,Indiquez le nombre total de jours civils pendant lesquels le patient a été sous ventilation invasive pendant son admission (y compris à tout moment pendant l'admission).,0,0,0,0,0,
résultat,INTERVENTIONS : Enregistrer les interventions administrées ou prescrites entre le jour de la présentation et le jour de la sortie / l'issue.,inter_ecmo,Type d'ECLS / ECMO,"1, Oui | 0, Non | 99, Inconnu","Les deux principaux types d'oxygénation de la membrane extracorporelle (ECMO), également appelée support de vie extracorporel (ECLS), sont veno-ventre (veineux-veineux), qui est utilisé pour soutenir les poumons et le veino-artériel (veineux-artériel), qui est utilisé pour soutenir les poumons et le cœur.",Indiquez « Oui » si ce mode d'assistance respiratoire a été utilisé pour administrer de l'oxygène supplémentaire au patient à tout moment pendant l'hospitalisation.,0,0,0,0,0,0
résultat,INTERVENTIONS : Enregistrer les interventions administrées ou prescrites entre le jour de la présentation et le jour de la sortie / l'issue.,inter_ecmo_typ,Type d'ECLS / ECMO,"1, Veino-veineuse (VV) | 2, Veino-artérielle (VA) | 99, Inconnu","Les deux principaux types d'oxygénation par membrane extracorporelle (ECMO), également appelée assistance circulatoire extracorporelle (ECLS), sont la veino-veineuse (veine-veineuse), qui est utilisée pour soutenir les poumons, et la veino-artérielle (veine-artérielle), qui est utilisée pour soutenir les poumons et le cœur.",Sélectionnez l'option la plus appropriée correspondant au type d'ECLS/ECMO utilisé à tout moment pendant l'hospitalisation.,0,0,0,0,0,0
résultat,INTERVENTIONS : Enregistrer les interventions administrées ou prescrites entre le jour de la présentation et le jour de la sortie / l'issue.,inter_ecmo_ongoing,Toujours en cours ?,"1, Oui | 0, Non | 99, Inconnu",Il s'agit de l'ECMO/ECLS en cours.,Indiquez « Oui » si le patient est toujours sous ECMO/ECLS.,0,0,0,0,0,0
résultat,INTERVENTIONS : Enregistrer les interventions administrées ou prescrites entre le jour de la présentation et le jour de la sortie / l'issue.,inter_ecmo_dur,Nombre de jours civils pendant lesquels le patient a reçu une ECLS / ECMO,,"Il s'agit du nombre de jours civils pendant lesquels le patient a reçu une oxygénation par membrane extracorporelle (ECMO), également appelée assistance circulatoire extracorporelle (ECLS).",Indiquez le nombre total de jours civils pendant lesquels le patient a reçu une ECLS/ECMO pendant son admission (y compris à tout moment pendant l'admission).,0,0,0,0,0,
résultat,INTERVENTIONS : Enregistrer les interventions administrées ou prescrites entre le jour de la présentation et le jour de la sortie / l'issue.,inter_prone,Positionnement en décubitus ventral,"1, Oui | 0, Non | 99, Inconnu","La position ventrale désigne le fait de placer le patient en position couchée sur le ventre afin de faciliter la ventilation. Cela inclut à la fois les patients sous ventilation invasive/intubés et les patients non intubés ou auto-ventilés. ",Indiquez « Oui » pour tous les patients qui ont été placés en position ventrale pour faciliter leur ventilation à tout moment pendant leur admission.,0,0,0,0,0,0
résultat,INTERVENTIONS : Enregistrer les interventions administrées ou prescrites entre le jour de la présentation et le jour de la sortie / l'issue.,inter_prone_when,Quand le positionnement en décubitus ventral a-t-il été effectué ?,"1, Pendant la ventilation invasive | 2, Pendant l'autoventilation | 99, Inconnu",Il s'agit du type de ventilation assistée lorsque le patient a été placé en position ventrale. Il peut s'agir de patients sous ventilation invasive/intubés ou de patients non intubés/autoventilés.,Précisez le type de ventilation assistée administrée lorsque le patient a été placé en position couchée.,0,0,0,0,0,0
résultat,INTERVENTIONS : Enregistrer les interventions administrées ou prescrites entre le jour de la présentation et le jour de la sortie / l'issue.,inter_prone_awake,Décubitus ventral éveillé ?,"1, Oui | 0, Non | 99, Inconnu","Il s'agit de la pratique consistant à placer les patients en position ventrale lorsqu'ils sont éveillés, sans sédation, afin d'améliorer l'oxygénation.",Indiquez « Oui » si la position ventrale éveillée a été utilisée à tout moment pendant l'admission.,0,0,0,0,0,0
résultat,INTERVENTIONS : Enregistrer les interventions administrées ou prescrites entre le jour de la présentation et le jour de la sortie / l'issue.,inter_othersuppleo2,Autre(s) intervention(s) ou procédure(s) d'assistance respiratoire,"1, Oui | 0, Non | 99, Inconnu",Il s'agit de toute autre intervention ou procédure spécifique d'assistance respiratoire non caractérisée autrement que vous jugez pertinente.,Indiquez « Oui » si d'autres interventions ou procédures d'assistance respiratoire ont été utilisées à tout moment pendant l'hospitalisation.,0,0,0,0,0,0
résultat,INTERVENTIONS : Enregistrer les interventions administrées ou prescrites entre le jour de la présentation et le jour de la sortie / l'issue.,inter_othersuppleo2_spec,Veuillez préciser les autres interventions ou procédures d'assistance respiratoire,,Il s'agit de toute autre intervention ou procédure spécifique d'assistance respiratoire non caractérisée autrement que vous jugez pertinente.,"Si « Oui », veuillez préciser les interventions ou procédures d'assistance respiratoire non caractérisées qui, selon vous, pourraient être pertinentes.",0,0,0,0,0,
résultat,INTERVENTIONS DE SOINS AVANCÉS : Enregistrer toutes les interventions de soins avancés administrées entre le jour de la présentation et le jour de la sortie / l'issue.,crito_critcare,Les interventions de soins intensifs ont-elles été administrées lors de l'admission?,"1, Oui | 0, Non | 99, Inconnu",Cela fait référence à des interventions thérapeutiques ou des procédures thérapeutiques des soins intensifs qui ont été administrés à tout moment pendant l'hospitalisation.,"Indiquez «oui», si des interventions de soins intensifs ont été administrées à tout moment pendant l'hospitalisation.",0,0,0,0,0,0
résultat,INTERVENTIONS DE SOINS AVANCÉS : Enregistrer toutes les interventions de soins avancés administrées entre le jour de la présentation et le jour de la sortie / l'issue.,crito_icu,Si oui: ICU / UIT / HDU / Unité de soins intermédiaires,"1, Oui | 0, Non | 99, Inconnu","Cela fait référence aux unités de soins intensifs (USI), aux unités de thérapie / traitement intensive (UIT), d'unités de soins intensifs, d'unités de haute dépendance (HDU) ou d'unité de niveau similaire.",Indiquez «oui» si le patient a été admis à l'USI (ou unité de niveau similaire) au moins une fois à tout moment pendant son hospitalisation.,0,0,0,0,0,0
résultat,INTERVENTIONS DE SOINS AVANCÉS : Enregistrer toutes les interventions de soins avancés administrées entre le jour de la présentation et le jour de la sortie / l'issue.,crito_icu_ongoing,Toujours en USI / UTI / UHD / unité de soins intermédiaires ?,"1, Oui | 0, Non | 99, Inconnu",Il s'agit de l'hospitalisation en cours dans l'USI / USI / USI / unité de soins intermédiaires.,Indiquez « Oui » si le patient est toujours admis en soins intensifs (ou dans une unité de niveau similaire).,0,0,0,0,0,0
résultat,INTERVENTIONS DE SOINS AVANCÉS : Enregistrer toutes les interventions de soins avancés administrées entre le jour de la présentation et le jour de la sortie / l'issue.,crito_icu_date,Date de première entrée d'unité de soins intensifs / UIT / HDU / Unité de soins intermédiaires,,Cela fait référence à la date de première admission à l'USI (ou unité de niveau similaire).,Écrivez la date au format DD / mm / Yyyy.,0,0,0,0,0,
résultat,INTERVENTIONS DE SOINS AVANCÉS : Enregistrer toutes les interventions de soins avancés administrées entre le jour de la présentation et le jour de la sortie / l'issue.,crito_icu_disdate,Date de la première sortie de l'USI,,Il s'agit de la date de la première sortie de l'USI (ou d'une unité de niveau similaire).,Inscrivez la date au format JJ/MM/AAAA.,0,0,0,0,0,
résultat,INTERVENTIONS DE SOINS AVANCÉS : Enregistrer toutes les interventions de soins avancés administrées entre le jour de la présentation et le jour de la sortie / l'issue.,crito_icu_dur,Durée de l'admission de l'unité de soins huitières / UIT / HDU / intermédiaire (jours),,Cela fait référence à la durée totale de la première admission à l'USI (ou unité de niveau similaire).,Écrivez le nombre total de jours civils le patient a été admis aux soins intensifs.,0,0,0,0,0,
résultat,INTERVENTIONS DE SOINS AVANCÉS : Enregistrer toutes les interventions de soins avancés administrées entre le jour de la présentation et le jour de la sortie / l'issue.,crito_icu_readm,"Le patient a-t-il été admis en USI / UTI / UHD / unité de soins intermédiaires plus d'une fois ? ","1, Oui | 0, Non | 99, Inconnu",Il s'agit de toute admission dans une unité de soins intensifs (ou unité de niveau similaire) à tout moment pendant l'hospitalisation du patient.,Indiquez « Oui » si le patient a été admis en soins intensifs plus d'une fois à tout moment au cours de son hospitalisation.,0,0,0,0,0,0
résultat,INTERVENTIONS DE SOINS AVANCÉS : Enregistrer toutes les interventions de soins avancés administrées entre le jour de la présentation et le jour de la sortie / l'issue.,crito_icu_findate,Date de la dernière admission en soins intensifs / unité de soins intensifs / unité de soins continus / unité de soins intermédiaires,,Il s'agit de la date de la première admission à l'USI (ou à une unité de niveau similaire).,Entrez la date au format JJ/MM/AAAA.,0,0,0,0,0,
résultat,INTERVENTIONS DE SOINS AVANCÉS : Enregistrer toutes les interventions de soins avancés administrées entre le jour de la présentation et le jour de la sortie / l'issue.,crito_icu_findur,Durée de la dernière admission en soins intensifs / unité de soins intensifs / unité de soins continus / unité de soins intermédiaires (jours),,Il s'agit de la durée totale de la dernière admission en USI (ou unité de niveau similaire).,Inscrivez le nombre total de jours civils pendant lesquels le patient a été admis en soins intensifs.,0,0,0,0,0,
résultat,INTERVENTIONS DE SOINS AVANCÉS : Enregistrer toutes les interventions de soins avancés administrées entre le jour de la présentation et le jour de la sortie / l'issue.,crito_neuromuscu,Agents de blocage neuromusculaires,"1, Oui | 0, Non | 99, Inconnu","Cela fait référence à l'utilisation de bloqueurs neuromusculaires. Les exemples incluent l'atracurium, le cisatracurium, le nimbex, le norcuron, le pancuronium, le pavulon, le rocuronium, le tracrium, le vecuronium, le zémuron.","Indiquez «oui», si des bloqueurs neuromusculaires étaient utilisés à tout moment pendant cette admission.",0,0,0,0,0,0
résultat,INTERVENTIONS DE SOINS AVANCÉS : Enregistrer toutes les interventions de soins avancés administrées entre le jour de la présentation et le jour de la sortie / l'issue.,crito_neuromuscu_reas,Raison des agents bloquants neuromusculaires,"1, Paralysie utilisée pour le contrôle ICP | 2, Pour améliorer la synchronisation du ventilateur | 88, autre",,,0,0,0,,,0
résultat,INTERVENTIONS DE SOINS AVANCÉS : Enregistrer toutes les interventions de soins avancés administrées entre le jour de la présentation et le jour de la sortie / l'issue.,crito_neuromuscu_dur,Nombre de jours calendaires sous agents bloquants neuromusculaires pendant l'admission,,,,0,0,0,,,
résultat,INTERVENTIONS DE SOINS AVANCÉS : Enregistrer toutes les interventions de soins avancés administrées entre le jour de la présentation et le jour de la sortie / l'issue.,crito_neurosed,Sédation neuroprotectrice,"1, oui | 0, Non | 99, Inconnu",,,0,0,0,,,0
résultat,INTERVENTIONS DE SOINS AVANCÉS : Enregistrer toutes les interventions de soins avancés administrées entre le jour de la présentation et le jour de la sortie / l'issue.,crito_neurosed_type,Agent sédatif neuroprotecteur,"1, perfusion de propofol | 2, perfusion de Midazolam",,,0,0,0,,,0
résultat,INTERVENTIONS DE SOINS AVANCÉS : Enregistrer toutes les interventions de soins avancés administrées entre le jour de la présentation et le jour de la sortie / l'issue.,crito_neurosed_dur,Nombre de jours calendaires sous sédation neuroprotectrice pendant l'admission,,,,0,0,0,,,
résultat,INTERVENTIONS DE SOINS AVANCÉS : Enregistrer toutes les interventions de soins avancés administrées entre le jour de la présentation et le jour de la sortie / l'issue.,crito_barbcoma,Coma barbiturique,"1, oui | 0, Non | 99, Inconnu",,,0,0,0,,,0
résultat,INTERVENTIONS DE SOINS AVANCÉS : Enregistrer toutes les interventions de soins avancés administrées entre le jour de la présentation et le jour de la sortie / l'issue.,crito_barbcoma_type,Agent de coma barbiturique,"1, perfusion de thiopentone/pentobarbital | 88, autre",,,0,0,0,,,0
résultat,INTERVENTIONS DE SOINS AVANCÉS : Enregistrer toutes les interventions de soins avancés administrées entre le jour de la présentation et le jour de la sortie / l'issue.,crito_barbcoma_dur,Nombre de jours calendaires sous coma barbiturique pendant l'admission,,,,0,0,0,,,
résultat,INTERVENTIONS DE SOINS AVANCÉS : Enregistrer toutes les interventions de soins avancés administrées entre le jour de la présentation et le jour de la sortie / l'issue.,crito_nitricoxid,Oxyde nitrique inhalé,"1, Oui | 0, Non | 99, Inconnu",Cela fait référence à l'oxyde nitrique comme dans l'inhalant généralement utilisé pour une insuffisance respiratoire hypoxique entre autres utilisations.,Indiquez «oui» si l'oxyde nitrique inhalé a été utilisé à tout moment pendant cette admission.,0,0,0,0,0,0
résultat,INTERVENTIONS DE SOINS AVANCÉS : Enregistrer toutes les interventions de soins avancés administrées entre le jour de la présentation et le jour de la sortie / l'issue.,crito_tracheosto,Trachéotomie insérée,"1, Oui | 0, Non | 99, Inconnu","Cela fait référence à la formation chirurgicale d'une ouverture dans la trachée à travers le cou, ou à l'ouverture ainsi créée.",Indiquez «oui» si une trachéotomie a été insérée sur le patient à tout moment pendant l'admission.,0,0,0,0,0,0
résultat,INTERVENTIONS DE SOINS AVANCÉS : Enregistrer toutes les interventions de soins avancés administrées entre le jour de la présentation et le jour de la sortie / l'issue.,crito_rtt,Thérapie de remplacement rénal (RRT) ou dialyse,"1, Oui | 0, Non | 99, Inconnu","Cela fait référence aux traitements qui se remplacent à la fonction de filtrage sanguin des reins. Il comprend la dialyse (hémodialyse ou dialyse péritonéale), l'hémofiltration et l'hémodiafiltration. La greffe de rein peut également être considérée comme une thérapie de remplacement rénale. Il peut être intermittent ou continu.","Indiquez «oui», si le patient a reçu un traitement de remplacement rénal continu ou une hémodialyse intermittente à tout moment pendant l'hospitalisation.",0,0,0,0,0,0
résultat,INTERVENTIONS DE SOINS AVANCÉS : Enregistrer toutes les interventions de soins avancés administrées entre le jour de la présentation et le jour de la sortie / l'issue.,crito_rtt_ongoing,Toujours en cours ?,"1, Oui | 0, Non | 99, Inconnu",Il s'agit d'un traitement de substitution rénale (TSR) ou d'une dialyse en cours.,Indiquez « Oui » si le patient est toujours sous traitement de remplacement rénal (TRR) ou sous dialyse.,0,0,0,0,0,0
résultat,INTERVENTIONS DE SOINS AVANCÉS : Enregistrer toutes les interventions de soins avancés administrées entre le jour de la présentation et le jour de la sortie / l'issue.,crito_rtt_dur,Nombre de jours civils sur la durée du RRT ou de la dialyse pendant l'admission,,Cela fait référence au nombre total de jours que le patient a reçu du RRT ou de la dialyse à tout moment lors de cette admission.,"Écrivez le nombre total de jours civils que le patient a reçu le RRT ou la dialyse à tout moment pendant cette admission. Même si le patient a reçu cela plus d'une fois dans un jour civil (c'est-à-dire entre 00h00 et 24h00), cela compte comme un pour le nombre total de jours.",0,0,0,0,0,
résultat,INTERVENTIONS DE SOINS AVANCÉS : Enregistrer toutes les interventions de soins avancés administrées entre le jour de la présentation et le jour de la sortie / l'issue.,crito_inotropesv,Inotropes / vasopresseurs,"1, Oui | 0, Non | 99, Inconnu","Cela fait référence à l'utilisation continue d'un vasopresseur ou d'un inotrope pendant au moins une heure. Les agents comprennent la noradrénaline, l'épinéphrine, la vasopressine, la terlipressine et la phényléphrine. Les inotropes «positifs» couramment utilisés comprennent la dobutamine, la dopamine, la milrinone et l'adrénaline (épinéphrine).","Indiquez «oui», si le patient a reçu des inotropes / vasopresseurs pendant au moins une heure à tout moment pendant l'hospitalisation.",0,0,0,0,0,0
résultat,INTERVENTIONS DE SOINS AVANCÉS : Enregistrer toutes les interventions de soins avancés administrées entre le jour de la présentation et le jour de la sortie / l'issue.,crito_inotropesv_ongoing,Toujours en cours ?,"1, Oui | 0, Non | 99, Inconnu",Il s'agit d'un traitement inotrope/vasoactif continu.,Indiquez « Oui » si le patient est toujours sous traitement inotrope/vasoactif.,0,0,0,0,0,0
résultat,INTERVENTIONS DE SOINS AVANCÉS : Enregistrer toutes les interventions de soins avancés administrées entre le jour de la présentation et le jour de la sortie / l'issue.,crito_inotropesv_type,Type de soutien vasopresseur / inotrope,"1, Dopamine < 5ug/kg/min OU dobutamine OU milrinone OU lévosimendan | 2, Dopamine 5-15ug/kg/min OU épinéphrine (adrénaline) / noradrénaline (noradrénaline) <=0,1ug/kg/min OU vasopressine OU phényléphrine | 3, Dopamine > 15 ug/kg/min OU épinéphrine (adrénaline) / noradrénaline (noradrénaline) > 0,1 ug/kg/min",,,0,0,0,,,0
résultat,INTERVENTIONS DE SOINS AVANCÉS : Enregistrer toutes les interventions de soins avancés administrées entre le jour de la présentation et le jour de la sortie / l'issue.,crito_inotropesv_dur,Durée totale des inotropes / vasopresseurs pendant l'admission (jours),,Il se réfère au nombre total de jours au cours de cette admission que le patient a reçu une thérapie inotrope / vasoactive.,Écrivez le nombre total de jours civils Le patient a reçu un traitement inotrope ou vasoactif à tout moment de cette admission.,0,0,0,0,0,
résultat,INTERVENTIONS DE SOINS AVANCÉS : Enregistrer toutes les interventions de soins avancés administrées entre le jour de la présentation et le jour de la sortie / l'issue.,crito_critcareunlst,Autres interventions ou procédures de soins intensifs,"1, Oui | 0, Non | 99, Inconnu","Cela fait référence à toute autre intervention thérapeutique ou procédure non caractéristique spécifique qui n'est pas caractérisée par ailleurs qui, selon vous, peut être pertinente.",Indiquez «oui» si d'autres interventions ou procédures de soins intensifs étaient utilisées à tout moment pendant l'hospitalisation.,0,0,0,0,0,0
résultat,INTERVENTIONS DE SOINS AVANCÉS : Enregistrer toutes les interventions de soins avancés administrées entre le jour de la présentation et le jour de la sortie / l'issue.,crito_critcareunlst_oth,Si autre: veuillez spécifier d'autres interventions ou procédures de soins intensifs ou procédures,,"Cela fait référence à toute autre intervention thérapeutique ou procédure non caractéristique spécifique qui n'est pas caractérisée par ailleurs qui, selon vous, peut être pertinente.","Si «oui», veuillez spécifier la ou les interventions thérapeutiques de soins intensifs ou les procédures non caractérisées par ailleurs que vous pensez être pertinentes.",0,0,0,0,0,
résultat,DIAGNOSTIC,diagn_primary,Diagnostic principal,,Désigne le diagnostic principal (principal) pour lequel le patient a consulté ou a été admis dans l'établissement.,Sélectionnez l'option la plus appropriée qui indique le diagnostic.,0,0,0,0,0,
résultat,DIAGNOSTIC,diagn_primary_type,Type de diagnostic,"1, Diagnostic clinique | 2, Confirmé en laboratoire | 3, Confirmé par radiographie (par exemple, radiographie thoracique, tomodensitométrie) | 99, Inconnu | 88, Autre",Désigne la méthode utilisée pour diagnostiquer l'affection. Le diagnostic clinique désigne le fait de se fier aux signes et symptômes cliniques. Confirmé en laboratoire désigne l'utilisation d'examens de laboratoire. Confirmé par radiologie désigne le fait de se fier à des techniques d'imagerie.,Sélectionnez l'option la plus appropriée qui indique le type de diagnostic.,0,0,0,0,0,0
résultat,DIAGNOSTIC,diagn_secondary,Diagnostic secondaire,,Désigne le diagnostic secondaire qui était présent au moment où le patient a sollicité des soins ou qui s'est développé pendant son admission.,Sélectionnez l'option la plus appropriée qui indique le diagnostic.,0,0,0,0,0,
résultat,DIAGNOSTIC,diagn_secondary_type,Type de diagnostic,"1, Diagnostic clinique | 2, Confirmé en laboratoire | 3, Confirmé par radiographie (par exemple, radiographie thoracique, tomodensitométrie) | 99, Inconnu |88, Autre",Désigne la méthode utilisée pour diagnostiquer l'affection. Le diagnostic clinique désigne le fait de se fier aux signes et symptômes cliniques. Confirmé en laboratoire désigne l'utilisation d'examens de laboratoire. Confirmé par radiologie désigne le fait de se fier à des techniques d'imagerie.,Sélectionnez l'option la plus appropriée qui indique le type de diagnostic.,0,0,0,0,0,0
résultat,DIAGNOSTIC,diagn_additional,Diagnostic supplémentaire,,Désigne le diagnostic supplémentaire qui était présent au moment où le patient a sollicité des soins ou qui s'est développé pendant son admission.,Sélectionnez l'option la plus appropriée qui indique le diagnostic.,0,0,0,0,0,0
résultat,DIAGNOSTIC,diagn_additional_list,Diagnostic supplémentaire,,Désigne le diagnostic supplémentaire qui était présent au moment où le patient a sollicité des soins ou qui s'est développé pendant son admission.,Sélectionnez l'option la plus appropriée qui indique le diagnostic.,0,0,0,0,0,
résultat,DIAGNOSTIC,diagn_additional_type,Type de diagnostic,"1, Diagnostic clinique | 2, Confirmé en laboratoire | 3, Confirmé par radiographie (par exemple, radiographie thoracique, tomodensitométrie) | 99, Inconnu |88, Autre",Désigne la méthode utilisée pour diagnostiquer l'affection. Le diagnostic clinique désigne le fait de se fier aux signes et symptômes cliniques. Confirmé en laboratoire désigne l'utilisation d'examens de laboratoire. Confirmé par radiologie désigne le fait de se fier à des techniques d'imagerie.,Sélectionnez l'option la plus appropriée qui indique le type de diagnostic.,0,0,0,0,0,0
résultat,DIAGNOSTIC,diagn_additional2,Diagnostic supplémentaire,,Désigne le diagnostic supplémentaire qui était présent au moment où le patient a sollicité des soins ou qui s'est développé pendant son admission.,Sélectionnez l'option la plus appropriée qui indique le diagnostic.,0,0,0,0,0,0
résultat,DIAGNOSTIC,diagn_additional2_list,Diagnostic supplémentaire,,Désigne le diagnostic supplémentaire qui était présent au moment où le patient a sollicité des soins ou qui s'est développé pendant son admission.,Sélectionnez l'option la plus appropriée qui indique le diagnostic.,0,0,0,0,0,
résultat,DIAGNOSTIC,diagn_additional2_type,Type de diagnostic,"1, diagnostic clinique | 2, confirmé en laboratoire | 3, confirmé par radiographie (par exemple, radiographie thoracique, tomodensitométrie) | 99, inconnu | 88, autre",Désigne la méthode utilisée pour diagnostiquer l'affection. Le diagnostic clinique désigne le fait de se fier aux signes et symptômes cliniques. Confirmé en laboratoire désigne l'utilisation d'examens de laboratoire. Confirmé par radiologie désigne le fait de se fier à des techniques d'imagerie.,Sélectionnez l'option la plus appropriée qui indique le type de diagnostic.,0,0,0,0,0,0
résultat,DIAGNOSTIC,diagn_mpox_clade,Clade mpox,"1, Ia | 2, Ib | 3, Sous-type I inconnu | 4, IIa | 5, IIb | 6, Sous-type II inconnu | 7, Non effectué | 99, Inconnu| 88, Autre",Fait référence au clade du virus MPOX identifié lors des tests MPOX.,Sélectionnez l'option la plus appropriée qui représente le clade du virus MPOX identifié lors des tests MPOX.,0,0,0,0,0,0
résultat,DIAGNOSTIC,diagn_mpox_cladeoth,Précisez autre clade Mpox,,Fait référence au clade du virus Mpox identifié lors du test de dépistage du mpox.,"Si « Autre », indiquez le clade du virus Mpox identifié lors du test de dépistage du virus Mpox.",0,0,0,0,0,
résultat,DIAGNOSTIC,diagn_ebola_type,Si le diagnostic est celui de la maladie à virus Ebola (MVE) : Souche,"1, virus Ebola du Zaïre (ZEBOV) | 2, virus Ebola du Soudan (SUDV) | 3, virus Ébola Reston (RESTV) | 4, Ebolavirus de la forêt de Taï (TAFV) | 5, virus Ébola Bundibugyo (BDBV) | 88, autre | 99, Inconnu",Il s’agit de la souche du virus Ebola.,"Si le « laboratoire a confirmé » l'infection par le virus Ebola, sélectionnez l'option la plus appropriée correspondant au type de virus Ebola détecté.",0,0,0,0,0,0
résultat,DIAGNOSTIC,diagn_ebola_type_oth,Préciser une autre souche de la maladie à virus Ebola (MVE),,Il s’agit de la souche du virus Ebola.,"Si « Autre », précisez le type de virus Ebola.",0,0,0,0,0,
résultat,DIAGNOSTIC,diagn_denguetyp,Si le diagnostic est la dengue : type,"1, DENV1 | 2, DENV2 | 3, DENV3 | 4, DENV4","Il s'agit du sérotype de l'espèce virale du virus de la dengue, qui est un virus à ARN simple brin de polarité positive de la famille des Flaviviridae et du genre Flavivirus, détecté à l'aide du test PCR.",Sélectionnez la seule option la plus appropriée qui représente le sérotype de l'espèce virale du virus de la dengue détectée à l'aide du test PCR.,0,0,0,0,0,0
résultat,DIAGNOSTIC,diagn_dengueclass,Quelle a été la classification finale de la dengue ?,"1, Dengue sans complication | 2, Dengue avec signes avant-coureurs | 3, Dengue sévère","Il s'agit de la classification de la dengue établie par l'Organisation mondiale de la santé en 2009. ",Sélectionnez l'option la plus appropriée correspondant à la classification finale de la dengue (basée sur la classification de la dengue de l'Organisation mondiale de la santé de 2009).,0,0,0,0,0,0
résultat,DIAGNOSTIC,diagn_dengueclass_dss,Syndrome de choc de la dengue,"1, Oui | 0, Non | 99, Inconnu",Le syndrome de choc de la dengue (DSS) désigne une fuite plasmatique grave entraînant un choc et/ou une accumulation de liquide accompagnée d'une détresse respiratoire.,Indiquez « Oui » si le patient présente cette complication de la dengue sévère dont il a souffert lors de cette hospitalisation.,0,0,0,0,0,0
résultat,DIAGNOSTIC,diagn_dengueclass_sevbl,Hémorragie grave,"1, Oui | 0, Non | 99, Inconnu",Il s'agit d'une hémorragie grave telle qu'évaluée par un clinicien.,Indiquez « Oui » si le patient présente cette complication de la dengue sévère dont il a souffert lors de cette hospitalisation.,0,0,0,0,0,0
résultat,DIAGNOSTIC,diagn_dengueclass_sevorgimp,Insuffisance organique grave,"1, Oui | 0, Non | 99, Inconnu","Il s'agit d'une atteinte grave des organes qui peut inclure : une atteinte hépatique indiquée par un taux d'AST ou d'ALT supérieur ou égal à 1 000 UI/L, une atteinte du système nerveux mise en évidence par une altération de la conscience.",Indiquez « Oui » si le patient présente cette complication de la dengue sévère dont il a souffert lors de cette hospitalisation.,0,0,0,0,0,0
résultat,DIAGNOSTIC,diagn_hepatitis_type,Type d'hépatite,"1, A | 2, B | 3, C | 4, D | 5, E | 88, Autre","Cela fait référence à la fois aux virus de l'ADN et de l'ARN ainsi que des virus des humains et des animaux, suite à une classification non taxonomique des virus non liés, qui provoquent une inflammation du foie et un dysfonctionnement.","Si l'infection par le virus de l'hépatite `` Lab a confirmé '', sélectionnez l'option la plus appropriée correspondant au type de virus de l'hépatite détectée.",0,0,0,0,0,0
résultat,DIAGNOSTIC,diagn_hepatitis_type_oth,Précisez autre type d'hépatite,,"Désigne à la fois les virus à ADN et à ARN, ainsi que les virus humains et animaux, selon une classification non taxonomique de virus non apparentés, qui provoquent une inflammation et un dysfonctionnement du foie.","Si « Autre », précisez le type de virus de l'hépatite. ",0,0,0,0,0,
résultat,DIAGNOSTIC,diagn_chick_type,Si le diagnostic est Chikungunya : Type,"1, Chikungunya (forme articulaire classique + fièvre) | 2, Chikungunya avec manifestations extra-articulaires | 3, Chikungunya sévère",,,0,0,0,,,0
résultat,DIAGNOSTIC,diagn_bacte,Infection bactérienne,,Fait référence à la méthode d'identification ou d'exclusion d'une infection bactérienne dans cette admission.,Sélectionnez l'option la plus appropriée qui représente la méthode d'identification ou d'exclusion d'une infection bactérienne dans cette admission.,0,0,0,0,0,
résultat,DIAGNOSTIC,diagn_bacte_cont,Infection bactérienne (si confirmée en laboratoire),"1, Acquis dans la communauté | 2, Acquis à l'hôpital | 99, Inconnu",Il s'agit de la méthode utilisée pour identifier ou exclure une infection bactérienne lors de cette admission.,Sélectionnez l'option la plus appropriée qui correspond à la méthode d'identification ou d'exclusion d'une infection bactérienne lors de cette admission.,0,0,0,0,0,0
résultat,DIAGNOSTIC,diagn_pathounlist,Autres pathogènes détectés,"1, Oui | 0, Non | 99, Inconnu","Il s'agit de la détection d'autres agents pathogènes, non répertoriés ci-dessus.","Spécifiez d'autres agents pathogènes détectés, non répertoriés ci-dessus.",0,0,0,0,0,0
résultat,DIAGNOSTIC,diagn_pathounlist_cont,Autre(s) agent(s) pathogène(s) (si confirmé(s) en laboratoire),"1, Acquis dans la communauté | 2, Acquis à l'hôpital | 99, Inconnu",Il s'agit de la méthode utilisée pour identifier ou exclure une infection bactérienne lors de cette admission.,Sélectionnez l'option la plus appropriée qui correspond à la méthode d'identification ou d'exclusion d'une infection bactérienne lors de cette admission.,0,0,0,0,0,0
résultat,ÉVALUATION ARTICULAIRE,joint_date,Date de l'évaluation (échelle CHICK-DAS),,,,0,0,0,,,
résultat,ÉVALUATION ARTICULAIRE,joint_tjtdsc,Mode d'emploi : Cochez chaque articulation sensible à la palpation. Les joints DAS28 sont répertoriés ci-dessous. Les articulations de cheville (non-DAS28) sont collectées séparément pour CHIK-DAS TJC30.,,,,0,0,0,,,
résultat,ÉVALUATION ARTICULAIRE,joint_tjt,Décompte des articulations tendres (joints DAS28) terminé,"1, oui | 0, non",,,0,0,0,,,0
résultat,ÉVALUATION ARTICULAIRE,joint_tjt_shoulder,Épaules (glénohumérales),"0, 0 | 1, 1 | 2, 2 | 99, Inconnu",,,0,0,0,,,0
résultat,ÉVALUATION ARTICULAIRE,joint_tjt_elbow,Coudes,"0, 0 | 1, 1 | 2, 2 | 99, Inconnu",,,0,0,0,,,0
résultat,ÉVALUATION ARTICULAIRE,joint_tjt_wrist,Poignets (radiocarpien),"0, 0 | 1, 1 | 2, 2 | 99, Inconnu",,,0,0,0,,,0
résultat,ÉVALUATION ARTICULAIRE,joint_tjt_mcp,Petites articulations de la main (articulations MCP),"0, 0 | 1, 1 | 2, 2 | 3, 3 | 4, 4 | 5, 5 | 6, 6 | 7, 7 | 8, 8 | 9, 9 | 10, 10 | 99, Inconnu",,,0,0,0,,,0
résultat,ÉVALUATION ARTICULAIRE,joint_tjt_pip,Petites articulations de la main (articulations PIP),"0, 0 | 1, 1 | 2, 2 | 3, 3 | 4, 4 | 5, 5 | 6, 6 | 7, 7 | 8, 8 | 9, 9 | 10, 10 | 99, Inconnu",,,0,0,0,,,0
résultat,ÉVALUATION ARTICULAIRE,joint_tjt_knee,Genoux,"0, 0 | 1, 1 | 2, 2 | 99, Inconnu",,,0,0,0,,,0
résultat,ÉVALUATION ARTICULAIRE,joint_tjt_descankle,Chevilles tendres (ajout CHIK-DAS),,,,0,0,0,,,
résultat,ÉVALUATION ARTICULAIRE,joint_tjt_ankle,Chevilles (pour CHIK-DAS TJC30),"0, 0 | 1, 1 | 2, 2 | 99, Inconnu",,,0,0,0,,,0
résultat,ÉVALUATION ARTICULAIRE,joint_tjt_calc28,TJC28 — Nombre de joints tendres (DAS28),"if([joint_tjt_shoulder]=99,0,[joint_tjt_shoulder]) + if([joint_tjt_elbow]=99,0,[joint_tjt_elbow]) + if([joint_tjt_wrist]=99,0,[joint_tjt_wrist]) + si([joint_tjt_mcp]=99,0,[joint_tjt_mcp]) + if([joint_tjt_pip]=99,0,[joint_tjt_pip]) + if([joint_tjt_knee]=99,0,[joint_tjt_knee])",,,0,0,0,,,0
résultat,ÉVALUATION ARTICULAIRE,joint_tjt_calc30,TJC30 — Nombre d'articulations tendres (CHIK-DAS),"[joint_tjt_calc28] +if([joint_tjt_ankle]=99,0,[joint_tjt_ankle])",,,0,0,0,,,0
résultat,ÉVALUATION ARTICULAIRE,joint_sjtdsc,Mode d'emploi : Cochez chaque articulation gonflée à l'examen.,,,,0,0,0,,,
résultat,ÉVALUATION ARTICULAIRE,joint_sjt,Dénombrement des articulations enflées (articulations DAS28) terminé,"1, oui | 0, non",,,0,0,0,,,0
résultat,ÉVALUATION ARTICULAIRE,joint_sjt_shoulder,Épaules (glénohumérales),"0, 0 | 1, 1 | 2, 2 | 99, Inconnu",,,0,0,0,,,0
résultat,ÉVALUATION ARTICULAIRE,joint_sjt_elbow,Coudes,"0, 0 | 1, 1 | 2, 2 | 99, Inconnu",,,0,0,0,,,0
résultat,ÉVALUATION ARTICULAIRE,joint_sjt_wrist,Poignets (radiocarpien),"0, 0 | 1, 1 | 2, 2 | 99, Inconnu",,,0,0,0,,,0
résultat,ÉVALUATION ARTICULAIRE,joint_sjt_mcp,Petites articulations de la main (articulations MCP),"0, 0 | 1, 1 | 2, 2 | 3, 3 | 4, 4 | 5, 5 | 6, 6 | 7, 7 | 8, 8 | 9, 9 | 10, 10 | 99, Inconnu",,,0,0,0,,,0
résultat,ÉVALUATION ARTICULAIRE,joint_sjt_pip,Petites articulations de la main (articulations PIP),"0, 0 | 1, 1 | 2, 2 | 3, 3 | 4, 4 | 5, 5 | 6, 6 | 7, 7 | 8, 8 | 9, 9 | 10, 10 | 99, Inconnu",,,0,0,0,,,0
résultat,ÉVALUATION ARTICULAIRE,joint_sjt_knee,Genoux,"0, 0 | 1, 1 | 2, 2 | 99, Inconnu",,,0,0,0,,,0
résultat,ÉVALUATION ARTICULAIRE,joint_sjt_calc28,SJC28 — Nombre d'articulations enflées (DAS28),"if([joint_sjt_shoulder]=99,0,[joint_sjt_shoulder]) + if([joint_sjt_elbow]=99,0,[joint_sjt_elbow]) + if([joint_sjt_wrist]=99,0,[joint_sjt_wrist]) + si([joint_sjt_mcp]=99,0,[joint_sjt_mcp]) + if([joint_sjt_pip]=99,0,[joint_sjt_pip]) + if([joint_sjt_knee]=99,0,[joint_sjt_knee])",,,0,0,0,,,0
résultat,ÉVALUATION ARTICULAIRE,joint_crp,CRP — Protéine C-réactive (mg/L),,,,0,0,0,,,
résultat,ÉVALUATION ARTICULAIRE,joint_vas,EVA de santé mondiale — Rapporté par le patient (0 = Très bien ; 100 = Très mauvais),,,,0,0,0,,,
résultat,ÉVALUATION ARTICULAIRE,joint_stiff,Raideur NRS – Rapporté par le patient (0–10),"0, 0 — Aucune rigidité | 1, 1 | 2, 2 | 3, 3 | 4, 4 | 5, 5 | 6, 6 | 7, 7 | 8, 8 | 9, 9 | 10, 10 — Pire rigidité",,,0,0,0,,,0
résultat,ÉVALUATION ARTICULAIRE,joint_nrs,ESR (mm/h) — si vous utilisez la variante DAS28-ESR,,,,0,0,0,,,
résultat,ÉVALUATION ARTICULAIRE,joint_calc_das28,Score DAS28,"if([joint_tjt]='1',0.56*sqrt(if([joint_tjt_calc28]=99,0,[joint_tjt_calc28]))+0.28*sqrt(if([joint_sjt_calc28]=99,0,[joint_sjt_calc28]))+0.36*log(if([joint_crp]='',0,[joint_crp])+1)+0.014*[joint_vas]+0.96,'')",,,0,0,0,,,0
résultat,ÉVALUATION ARTICULAIRE,joint_calc_chikdas,Score CHIK-DAS,"if([joint_tjt]='1',50+((-1.54+0.080*[joint_stiff]+0.119*if([joint_tjt_ankle]=99,0,[joint_tjt_ankle])+0.310*[joint_calc_das28])/0.0628),'')",,,0,0,0,,,0
résultat,RÉSULTAT,outco_date,Date de résultat,,Cela fait référence à la date du résultat.,Écrivez la date du résultat au format DD / mm / yyyy.,0,0,0,0,0,
résultat,RÉSULTAT,outco_outcome,Résultat,"1, Sorti vivant | 2, Toujours hospitalisé | 3, Transféré vers un autre établissement | 4, Décès | 5, Soins palliatifs | 6, Sorti contre l'avis médical | 7, En vie, non admis",Cela fait référence au résultat.,Sélectionnez le résultat qui est vrai à la date du résultat. Les soins palliatifs comprennent une conduite palliative.,0,0,0,0,0,0
résultat,RÉSULTAT,outco_selfcare,Capacité à s'auto-soins à la sortie par rapport à la maladie avant la maladie,"1, Identique à avant la maladie | 2, Aggravé | 3, Amélioré | 99, Inconnu",Cela fait référence à la capacité d'effectuer des activités de base de soins personnels et des activités instrumentales de la vie quotidienne à la sortie par rapport à la début de la maladie.,Sélectionnez l'option la plus appropriée qui représente la possibilité d'effectuer des activités de base de soins personnels et des activités instrumentales de la vie quotidienne à la sortie par rapport à la maladie avant la maladie.,0,0,0,0,0,0
résultat,RÉSULTAT,outco_oxyth,Oxygénothérapie après le traitement,"1, Oui | 0, Non | 99, Inconnu",Cela fait référence au besoin du patient en oxygénothérapie après la décharge de l'hôpital.,Indiquez «oui» si le patient a besoin d'oxygénothérapie après la décharge de l'hôpital.,0,0,0,0,0,0
résultat,RÉSULTAT,outco_carerel,Les besoins en soins de santé en cours relatifs à cette admission pour l'agent pathogène d'intérêt,"1, Oui | 0, Non | 99, Inconnu",Cela fait référence à la nécessité de soins de santé en cours relatifs à cette admission pour un agent d'agent d'intérêt,Indiquez «oui» si le patient a besoin de soins de santé en cours relatifs à cette admission pour un agent de pathogène d'intérêt.,0,0,0,0,0,0
résultat,RÉSULTAT,outco_carenonrel,Les besoins en soins de santé en cours n'étaient pas liés à l'épisode des agents pathogènes,"1, Oui | 0, Non | 99, Inconnu",Cela fait référence à la nécessité de soins de santé en cours sans rapport à cette admission pour l'agent pathogène d'intérêt,Indiquez «oui» si le patient a besoin de soins de santé continus ne concernant pas cette admission pour un agent d'agent d'intérêt.,0,0,0,0,0,0
résultat,RÉSULTAT,outco_carefordif,"Medicalement adapté à la sortie (pathogène résolu) mais reste à l'hôpital pour une autre raison (par exemple, en attente de soins alternatifs, résidant dans des soins de santé à long terme ou des établissements de santé mentale)","1, Oui | 0, Non | 99, Inconnu","Cela fait référence au patient adapté à la sortie médicale (l'infection des agents pathogènes a résolu) mais est resté à l'hôpital pour d'autres raisons (par exemple, en attente de soins alternatifs, résidant dans des soins de santé à long terme ou des établissements de santé mentale).","Indiquez «oui» si le patient est adapté à la sortie (infection des agents pathogènes a résolu) mais reste à l'hôpital pour d'autres raisons (par exemple, en attente de soins alternatifs, résidant dans les soins de santé à long terme ou dans un établissement de santé mentale)",0,0,0,0,0,0
résultat,RÉSULTAT,outco_transfersite,En cas de transfert vers un autre établissement : l'établissement de transfert est-il un site d'étude ?,"1, Oui | 0, Non | 99, Inconnu",Cela fait référence au fait que l'établissement de transfert est un site d'étude.,Indiquez « Oui » si l'établissement de transfert est un site d'étude.,0,0,0,0,0,0
résultat,RÉSULTAT,outco_transfersite_pin,Quel est le numéro d'identification du participant dans le nouvel établissement ?,"1, Oui | 0, Non | 99, Inconnu",Cela fait référence au numéro d'identification du participant dans l'établissement de transfert.,Indiquez le numéro d'identification du participant dans l'établissement de transfert.,0,0,0,0,0,0
résultat,RÉSULTAT,outco_ceiling,Un niveau maximal de prise en charge médicale (« plafond de soins ») a-t-il été fixé pour le patient pendant son admission ?,"1, Oui | 0, Non | 99, Inconnu",Cela fait référence au niveau maximal de soutien médical fixé pour le patient pendant l'hospitalisation en cours.,"Indiquez « Oui » si un niveau maximal de soutien médical a été fixé pour ce patient pendant l'hospitalisation en cours. ",0,0,0,0,0,0
résultat,RÉSULTAT,outco_ceiling_descri,"Décrivez ce niveau (par exemple, pas de ventilation invasive, pas d'unité de soins intensifs ou pas de réanimation cardio-pulmonaire)",,Cela fait référence au niveau maximal de soutien médical fixé pour le patient pendant l'hospitalisation en cours.,"Si « Oui », décrivez le niveau maximal de soutien médical fixé pour ce patient pendant l'hospitalisation en cours.",0,0,0,0,0,
grossesse,DÉTAILS DE LA GROSSESSE,preg_form,"Remplissez ce formulaire uniquement pour les patientes enceintes, les patientes en post-partum (≤ 28 jours après l'accouchement) ou les nouveau-nés dont les mères ne sont pas incluses dans l'étude.",,Date calendaire (JJ-MM-AAAA) à laquelle le CRF a été complété.,,0,0,0,0,,
grossesse,DÉTAILS DE LA GROSSESSE,preg_date,Date de remplissage du formulaire,,,,0,0,0,,,
grossesse,DÉTAILS DE LA GROSSESSE,pregdet_medirep,Procréation médicalement assistée ?,"1, oui | 0, Non | 99, Inconnu",Il s’agit de procédures médicales utilisées principalement pour traiter l’infertilité.,,0,0,0,0,,0
grossesse,DÉTAILS DE LA GROSSESSE,pregdet_edd,Date estimée de livraison (EDD),,"Il s’agit de la date prévue à laquelle une femme enceinte accouchera. Si non disponible, fournissez le LMP ci-dessous si possible",,0,0,0,0,,
grossesse,DÉTAILS DE LA GROSSESSE,pregdet_lmp,Date des dernières règles (LMP),,Il s'agit de la date du premier jour du cycle menstruel le plus récent.,,0,0,0,0,,
grossesse,DÉTAILS DE LA GROSSESSE,pregdet_parity,Parité,,"Il s'agit du nombre de grossesses qui ont atteint un âge gestationnel viable (généralement ≥ 20 semaines), que l'enfant soit né vivant ou mort-né. Les naissances multiples (par exemple des jumeaux) issues d'une même grossesse sont comptées comme un seul événement de parité.",,0,0,0,0,,
grossesse,DÉTAILS DE LA GROSSESSE,pregdet_gravidity,Gravidité,,"Il s'agit du nombre total de fois qu'une femme a été enceinte, quelle que soit l'issue de la grossesse. Cela inclut les grossesses en cours, les fausses couches, les avortements, les grossesses extra-utérines et les mortinaissances.",,0,0,0,0,,
grossesse,DÉTAILS DE LA GROSSESSE,pregdet_prevcs,Nombre d’accouchements chirurgicaux (césarienne) antérieurs.,,Il s'agit du nombre d'accouchements chirurgicaux antérieurs d'un ou plusieurs fœtus intra-utérins par une incision abdominale (césarienne).,,0,0,0,0,,
grossesse,DÉTAILS DE LA GROSSESSE,pregdet_fetnum,Nombre d'embryons/fœtus dans cette grossesse.,,Il s'agit du nombre d'embryons/fœtus dans cette grossesse,,0,0,0,0,,
grossesse,GROSSESSE-COMORBIDITÉS,preg_comor,Comorbidités au cours de la grossesse en cours,"1, oui | 0, Non | 99, Inconnu",Conditions médicales préexistantes ou liées à la grossesse présentes à tout moment au cours de la grossesse en cours et pouvant affecter la santé maternelle ou fœtale.,,0,0,0,0,,0
grossesse,GROSSESSE-COMORBIDITÉS,preg_diabetes,Diabète,"1, oui | 0, Non | 99, Inconnu","Troubles du métabolisme du glucose présents au cours de la grossesse en cours, y compris un diabète sucré préexistant de type 1 ou de type 2 ou un diabète diagnostiqué pour la première fois pendant la grossesse (diabète gestationnel).",,0,0,0,0,,0
grossesse,GROSSESSE-COMORBIDITÉS,preg_obesity,Obésité,"1, oui | 0, Non | 99, Inconnu",Une condition maternelle définie par un indice de masse corporelle (IMC) avant la grossesse ou en début de grossesse ≥ 30 kg/m².,,0,0,0,0,,0
grossesse,GROSSESSE-COMORBIDITÉS,preg_hypertension,Hypertension,"1, oui | 0, Non | 99, Inconnu","Pression artérielle élevée (≥140/90 mmHg) présente au cours de la grossesse en cours, qu'elle soit préexistante ou diagnostiquée pendant la grossesse",,0,0,0,0,,0
grossesse,GROSSESSE-COMORBIDITÉS,preg_sicklecell,Drépanocytose,"1, oui | 0, Non | 99, Inconnu","Trouble de l'hémoglobine caractérisé par la présence d'hémoglobine falciforme, y compris la drépanocytose ou le trait drépanocytaire, présente au cours de la grossesse en cours.",,0,0,0,0,,0
grossesse,GROSSESSE-COMORBIDITÉS,preg_renal,Maladies rénales,"1, oui | 0, Non | 99, Inconnu","Insuffisance aiguë ou chronique de la fonction rénale présente au cours de la grossesse en cours, y compris une maladie rénale chronique, une néphropathie ou un dysfonctionnement rénal associé à la grossesse",,0,0,0,0,,0
grossesse,GROSSESSE-COMORBIDITÉS,preg_immsup,Immunosuppression,"1, oui | 0, Non | 99, Inconnu","Un état de fonction immunitaire réduite en raison d'un traitement médical présent pendant la grossesse en cours, tel que des corticostéroïdes systémiques, des thérapies biologiques, une chimiothérapie ou des médicaments immunosuppresseurs post-greffe.",,0,0,0,0,,0
grossesse,GROSSESSE-COMORBIDITÉS,preg_immcom,Immunodéprimé,"1, oui | 0, Non | 99, Inconnu","Fonction immunitaire altérée en raison d'une condition médicale sous-jacente présente au cours de la grossesse en cours, telle qu'une infection par le VIH, une immunodéficience congénitale ou une tumeur maligne.",,0,0,0,0,,0
grossesse,GROSSESSE-COMORBIDITÉS,preg_othcomor,Autre,"1, oui | 0, Non | 99, Inconnu",Toute autre condition médicale maternelle présente au cours de la grossesse en cours et non répertoriée ci-dessus.,,0,0,0,0,,0
grossesse,GROSSESSE-COMORBIDITÉS,preg_othcomor_spec,"Si autre, précisez",,,,0,0,0,,,
grossesse,GROSSESSE-COMORBIDITÉS,preg_smoking,Statut de fumeur,"1, Fumeur actuel | 2, Ancienne fumeuse (arrêtée AVANT la grossesse) | 3, Ancienne fumeuse (arrêté PENDANT la grossesse) | 0, Jamais fumé",Consommation de tabac chez la mère,,0,0,0,0,,0
grossesse,GROSSESSE-COMORBIDITÉS,preg_substance,Consommation de substances pendant la grossesse,"1, oui | 0, Non | 99, Inconnu","Utilisation de substances psychoactives non prescrites (p. ex. alcool, cannabis, opioïdes, stimulants) à tout moment pendant la grossesse.",,0,0,0,0,,0
grossesse,COMPLICATIONS LIÉES À LA GROSSESSE,pregcomp_mat,Complications de grossesse maternelle ?,"1, oui | 0, Non | 99, Inconnu",,,0,0,0,,,0
grossesse,COMPLICATIONS LIÉES À LA GROSSESSE,pregcomp_preecl,Pré-éclampsie,"1, oui | 0, Non | 99, Inconnu",Nouvelle hypertension (≥ 140/90 mmHg) après 20 semaines de gestation avec protéinurie ou dysfonctionnement des organes cibles,,0,0,0,0,,0
grossesse,COMPLICATIONS LIÉES À LA GROSSESSE,pregcomp_preecl_week,Semaine de gestation du début,,Semaine de gestation terminée au cours de laquelle la maladie a été diagnostiquée ou documentée pour la première fois.,,0,0,0,0,,
grossesse,COMPLICATIONS LIÉES À LA GROSSESSE,pregcomp_ecl,Éclampsie,"1, oui | 0, Non | 99, Inconnu","Apparition de convulsions généralisées chez une femme atteinte de pré-éclampsie, non imputables à d'autres causes.",,0,0,0,0,,0
grossesse,COMPLICATIONS LIÉES À LA GROSSESSE,pregcomp_ecl_week,Semaine de gestation du début,,Semaine de gestation terminée au cours de laquelle la maladie a été diagnostiquée ou documentée pour la première fois.,,0,0,0,0,,
grossesse,COMPLICATIONS LIÉES À LA GROSSESSE,pregcomp_hellp,Syndrome HELLP,"1, oui | 0, Non | 99, Inconnu","Variante de pré-éclampsie sévère caractérisée par une hémolyse, des enzymes hépatiques élevées et",,0,0,0,0,,0
grossesse,COMPLICATIONS LIÉES À LA GROSSESSE,pregcomp_hellp_week,Semaine de gestation du début,,Semaine de gestation terminée au cours de laquelle la maladie a été diagnostiquée ou documentée pour la première fois.,,0,0,0,0,,
grossesse,COMPLICATIONS LIÉES À LA GROSSESSE,pregcomp_gdm,Diabète gestationnel,"1, oui | 0, Non | 99, Inconnu","Intolérance au glucose apparaissant ou étant détectée pour la première fois pendant la grossesse, diagnostiquée par un test de glucose standard.",,0,0,0,0,,0
grossesse,COMPLICATIONS LIÉES À LA GROSSESSE,pregcomp_gdm_week,Semaine de gestation du début,,Semaine de gestation terminée au cours de laquelle la maladie a été diagnostiquée ou documentée pour la première fois.,,0,0,0,0,,
grossesse,COMPLICATIONS LIÉES À LA GROSSESSE,pregcomp_pih,Hypertension induite par la grossesse,"1, oui | 0, Non | 99, Inconnu",Nouvelle hypertension après 20 semaines de gestation sans protéinurie ni caractéristiques systémiques.,,0,0,0,0,,0
grossesse,COMPLICATIONS LIÉES À LA GROSSESSE,pregcomp_pih_week,Semaine de gestation du début,,Semaine de gestation terminée au cours de laquelle la maladie a été diagnostiquée ou documentée pour la première fois.,,0,0,0,0,,
grossesse,COMPLICATIONS LIÉES À LA GROSSESSE,pregcomp_utbleed,Saignement utérin,"1, oui | 0, Non | 99, Inconnu","Saignements vaginaux survenant pendant la grossesse, à l'exclusion des saignements normaux d'implantation.",,0,0,0,0,,0
grossesse,COMPLICATIONS LIÉES À LA GROSSESSE,pregcomp_utbleed_week,Semaine de gestation du début,,Semaine de gestation terminée au cours de laquelle la maladie a été diagnostiquée ou documentée pour la première fois.,,0,0,0,0,,
grossesse,COMPLICATIONS LIÉES À LA GROSSESSE,pregcomp_malaria,Infection palustre pendant la grossesse,"1, oui | 0, Non | 99, Inconnu",Infection à Plasmodium confirmée en laboratoire pendant la grossesse.,,0,0,0,0,,0
grossesse,COMPLICATIONS LIÉES À LA GROSSESSE,pregcomp_malaria_week,Semaine de gestation du début,,Semaine de gestation terminée au cours de laquelle la maladie a été diagnostiquée ou documentée pour la première fois.,,0,0,0,0,,
grossesse,COMPLICATIONS LIÉES À LA GROSSESSE,pregcomp_oth,Autres complications de la grossesse maternelle,"1, oui | 0, Non | 99, Inconnu",Semaine de gestation terminée au cours de laquelle la maladie a été diagnostiquée ou documentée pour la première fois.,,0,0,0,0,,0
grossesse,COMPLICATIONS LIÉES À LA GROSSESSE,pregcomp_othspec,Préciser les autres complications de la grossesse maternelle,,,,0,0,0,,,
grossesse,COMPLICATIONS LIÉES À LA GROSSESSE,pregcomp_placfetab,Anomalies placentaires/liquide amniotique/fœtale identifiées avant la naissance,"1, oui | 0, Non | 99, Inconnu",Anomalies structurelles ou fonctionnelles détectées par échographie ou tests prénatals.,,0,0,0,0,,0
grossesse,COMPLICATIONS LIÉES À LA GROSSESSE,pregcomp_lowaf,Diminution du liquide amniotique,"1, oui | 0, Non | 99, Inconnu",Volume de liquide amniotique inférieur à la normale pour l'âge gestationnel.,,0,0,0,0,,0
grossesse,COMPLICATIONS LIÉES À LA GROSSESSE,pregcomp_lowaf_week,Semaine de gestation du début,,Semaine de gestation terminée au cours de laquelle la maladie a été diagnostiquée ou documentée pour la première fois.,,0,0,0,0,,
grossesse,COMPLICATIONS LIÉES À LA GROSSESSE,pregcomp_highaf,Liquide amniotique excessif,"1, oui | 0, Non | 99, Inconnu",Volume de liquide amniotique supérieur à la normale pour l’âge gestationnel.,,0,0,0,0,,0
grossesse,COMPLICATIONS LIÉES À LA GROSSESSE,pregcomp_highaf_week,Semaine de gestation du début,,Semaine de gestation terminée au cours de laquelle la maladie a été diagnostiquée ou documentée pour la première fois.,,0,0,0,0,,
grossesse,COMPLICATIONS LIÉES À LA GROSSESSE,pregcomp_pprevia,Placenta praevia,"1, oui | 0, Non | 99, Inconnu",Placenta recouvrant partiellement ou complètement l’orifice cervical interne.,,0,0,0,0,,0
grossesse,COMPLICATIONS LIÉES À LA GROSSESSE,pregcomp_pprevia_week,Semaine de gestation du début,,Semaine de gestation terminée au cours de laquelle la maladie a été diagnostiquée ou documentée pour la première fois.,,0,0,0,0,,
grossesse,COMPLICATIONS LIÉES À LA GROSSESSE,pregcomp_plowlying,Placenta bas,"1, oui | 0, Non | 99, Inconnu","Placenta situé à proximité de l'orifice cervical interne, mais ne le recouvrant pas.",,0,0,0,0,,0
grossesse,COMPLICATIONS LIÉES À LA GROSSESSE,pregcomp_plowlying_week,Semaine de gestation du début,,Semaine de gestation terminée au cours de laquelle la maladie a été diagnostiquée ou documentée pour la première fois.,,0,0,0,0,,
grossesse,COMPLICATIONS LIÉES À LA GROSSESSE,pregcomp_pinsuff,Insuffisance placentaire,"1, oui | 0, Non | 99, Inconnu",Fonction placentaire inadéquate entraînant une altération de la croissance ou du bien-être du fœtus.,,0,0,0,0,,0
grossesse,COMPLICATIONS LIÉES À LA GROSSESSE,pregcomp_pinsuff_week,Semaine de gestation du début,,Semaine de gestation terminée au cours de laquelle la maladie a été diagnostiquée ou documentée pour la première fois.,,0,0,0,0,,
grossesse,COMPLICATIONS LIÉES À LA GROSSESSE,pregcomp_iugr,Retard de croissance intra-utérin,"1, oui | 0, Non | 99, Inconnu",Poids fœtal estimé inférieur au 10e percentile pour l'âge gestationnel en raison de causes pathologiques.,,0,0,0,0,,0
grossesse,COMPLICATIONS LIÉES À LA GROSSESSE,pregcomp_iugr_week,Semaine de gestation du début,,Semaine de gestation terminée au cours de laquelle la maladie a été diagnostiquée ou documentée pour la première fois.,,0,0,0,0,,
grossesse,COMPLICATIONS LIÉES À LA GROSSESSE,pregcomp_othpyn,Autres anomalies placentaires/liquides amniotiques/fœtales identifiées avant la naissance,"1, oui | 0, Non | 99, Inconnu",,,0,0,0,,,0
grossesse,COMPLICATIONS LIÉES À LA GROSSESSE,pregcomp_othpspec,préciser les autres anomalies placentaires/liquides amniotiques/fœtales identifiées avant la naissance,,,,0,0,0,,,
grossesse,MÉDICAMENTS DE GROSSESSE,pregmed_immunosup,Un traitement immunosuppresseur pendant la grossesse ?,"1, oui | 0, Non | 99, Inconnu","Utilisation de médicaments qui réduisent la fonction immunitaire, notamment des corticostéroïdes systémiques, des produits biologiques, une chimiothérapie ou des médicaments liés à la transplantation.",,0,0,0,0,,0
grossesse,MÉDICAMENTS DE GROSSESSE,pregmed_immunosup_num,Combien de médicaments immunosuppresseurs ?,,Nombre d'agents immunosuppresseurs distincts pris simultanément ou séquentiellement pendant la grossesse.,,0,0,0,0,,
grossesse,MÉDICAMENTS DE GROSSESSE,pregmed_immunosup_name,Nom(s) du ou des médicaments immunosuppresseurs.,,Nom(s) générique(s) du ou des médicaments immunosuppresseurs utilisés.,,0,0,0,0,,
grossesse,MÉDICAMENTS DE GROSSESSE,pregmed_otheryn,Y a-t-il d'autres médicaments pour la grossesse ?,"1, oui | 0, Non | 99, Inconnu",Utilisation de tout médicament prescrit ou en vente libre (à l'exclusion des immunosuppresseurs) pendant la grossesse.,,0,0,0,0,,0
grossesse,MÉDICAMENTS DE GROSSESSE,pregmed_othernum,Combien de médicaments pour la grossesse ?,,Nombre de médicaments distincts pris pendant la grossesse.,,0,0,0,0,,
grossesse,MÉDICAMENTS DE GROSSESSE,pregmed_othername,Nom(s) du(des) médicament(s).,,Nom(s) générique(s) des médicaments utilisés.,,0,0,0,0,,
grossesse,VACCINS DE GROSSESSE,pregmed_antvacc,Vaccins prénatals administrés,"1, COVID-19 | 2, hépatite B | 3, Fièvre jaune | 4, varicelle | 88, autre","Vaccins reçus pendant la grossesse (p. ex. tétanos, grippe, COVID-19).",,0,0,0,0,,0
grossesse,VACCINS DE GROSSESSE,pregmed_antvacc_oth,"Si autre, précisez",,,,0,0,0,,,
grossesse,TESTS LIÉS À LA GROSSESSE,pregtest_yn,Les échantillons biologiques prélevés ont-ils été testés pendant la grossesse ?,"1, oui | 0, Non | 99, Inconnu",Tout échantillon biologique maternel collecté et analysé pendant la grossesse.,,0,0,0,0,,0
grossesse,TESTS LIÉS À LA GROSSESSE,pregtest_type,"Parmi les échantillons suivants, lesquels ont été prélevés ?","1, Liquide amniotique | 2, Placenta | 3, Sang de cordon | 4, écouvillon vaginal | 5, écouvillon fécal/rectal | 6, tissus de grossesse | 99, Inconnu | 88, autre",Tout échantillon biologique maternel collecté et analysé pendant la grossesse.,,0,0,0,0,,0
grossesse,TESTS LIÉS À LA GROSSESSE,pregtest_desc,Décrire les échantillons de tests et les résultats.,,Méthode de laboratoire utilisée et résultat qualitatif/quantitatif.,,0,0,0,0,,
grossesse,RÉSULTAT DE LA GROSSESSE,pregout_bboutc,Résultat de la grossesse,"1, naissance vivante (même si le nourrisson est décédé après la naissance) | 2, Fausse couche (<22 semaines) | 3, Résiliation par choix | 4, Résiliation - anomalie échographique | 5, Résiliation – autre/raison inconnue | 6, Mortinaissance (décès intra-utérin/intrapartum à partir de 22 semaines de gestation) | 7, Grossesse extra-utérine | 8, en cours | 99, Inconnu","Résultat final de la grossesse (naissance vivante, mortinatalité, fausse couche, interruption).",,0,0,0,0,,0
grossesse,RÉSULTAT DE LA GROSSESSE,pregout_weeks,Âge gestationnel au moment du résultat (semaines révolues),,"Âge gestationnel à l'accouchement ou à la fin de la grossesse, calculé en semaines révolues.",,0,0,0,0,,
grossesse,RÉSULTAT DE LA GROSSESSE,pregout_bbtest,Bébé testé pour l'infection de la mère qui vous intéresse ?,"1, oui | 0, Non | 99, Inconnu",Nourrisson testé pour l'agent pathogène affectant la mère.,,0,0,0,0,,0
grossesse,RÉSULTAT DE LA GROSSESSE,pregout_bbresl,Préciser le résultat du test de l'infection d'intérêt de la mère,"1, positif | 0, négatif | 99, Inconnu",Résultat de laboratoire des tests sur les nourrissons liés à une infection maternelle.,,0,0,0,0,,0
grossesse,RÉSULTAT DE LA GROSSESSE,pregout_bboutc_termreas,"En cas d'arrêt pour anomalie échographique ou autre raison, précisez",,Préciser l’indication clinique de l’interruption de grossesse.,,0,0,0,0,,
grossesse,RÉSULTAT DE LA GROSSESSE,pregout_bboutc_stillb,Si mortinaissance : macéré ou frais ?,"1, macéré | 2, frais | 99, Inconnu","Frais : décès survenu pendant le travail ou peu avant l'accouchement ; Macéré : décès survenu quelques jours avant l'accouchement, avec changement cutané",,0,0,0,0,,0
grossesse,RÉSULTAT DE LA GROSSESSE,pregout_matdeath,La mère est-elle morte pendant la grossesse ?,"1, oui | 0, Non | 99, Inconnu",Décès survenant pendant la grossesse ou dans les 42 jours suivant la fin de la grossesse.,,0,0,0,0,,0
grossesse,RÉSULTAT DE LA GROSSESSE,pregout_matdeath_age,Âge au décès,,Âge de la mère en années révolues au moment du décès.,,0,0,0,0,,
grossesse,RÉSULTAT DE LA GROSSESSE,pregout_matdeath_cause,Cause(s) du décès,,Causes médicales sous-jacentes et contributives.,,0,0,0,0,,
grossesse,RÉSULTAT DE LA GROSSESSE,pregout_matdeath_place,Lieu de décès,"1, À la maison | 2, Hôpital/établissement médical | 99, Inconnu","Lieu où le décès est survenu (par exemple, hôpital, domicile).",,0,0,0,0,,0
grossesse,RÉSULTAT DE LA GROSSESSE,pregout_matdeath_time,Heure du décès,"1, pré-livraison | 2, Pendant la livraison | 3, après livraison (sous 40 jours) | 99, Inconnu","Calendrier par rapport à la grossesse (prénatale, intrapartum, post-partum).",,0,0,0,0,,0
grossesse,RÉSULTAT DE LA GROSSESSE,pregout_othdet,"Autres détails sur la grossesse, non spécifiés ci-dessus.",,,,0,0,0,,,
grossesse,RÉSULTAT DE LA GROSSESSE,pregout_nbornincl,Le nouveau-né est-il inclus dans l’étude ?,"1, oui | 0, Non | 99, Inconnu",Indique si le nourrisson est officiellement inscrit.,,0,0,0,0,,0
grossesse,RÉSULTAT DE LA GROSSESSE,pregout_nborpin,Indiquer le numéro d'identification du participant (PIN) du nouveau-né,,Identifiant unique de l'étude pour le nouveau-né.,,0,0,0,0,,
nouveau-né,RÉSULTATS DU NOUVEAU-NÉ,nborn_sex,Sexe du nouveau-né à la naissance,"1, mâle | 2, Femme | 99, Inconnu | 88, autre",Cela fait référence aux caractéristiques sexuelles physiques à la naissance.,,0,0,0,0,,0
nouveau-né,RÉSULTATS DU NOUVEAU-NÉ,nborn_modedel,Mode de livraison,"1, vaginale | 2, vaginale assistée | 3, Césarienne élective (avant le travail, avant rupture des membranes) | 4, Césarienne d'urgence (après travail et/ou rupture des membranes)",Cela fait référence à la méthode par laquelle un fœtus est accouché.,,0,0,0,0,,0
nouveau-né,RÉSULTATS DU NOUVEAU-NÉ,nborn_placedel,Lieu de livraison,"1, À la maison | 2, Hôpital/établissement médical | 99, Inconnu",Il s'agit du lieu d'accouchement du fœtus.,,0,0,0,0,,0
nouveau-né,RÉSULTATS DU NOUVEAU-NÉ,nborn_ga,Âge gestationnel (semaines),,Il s'agit de l'âge gestationnel du fœtus (écrit en semaines révolues). Il peut être calculé à partir des dernières règles (LMP) de la femme ou calculé en utilisant la meilleure date d'accouchement obstétricale estimée (EDD) selon la formule suivante : Âge gestationnel = (28 - (EDD - Date de référence)) / 7. La date de référence est la date à laquelle vous essayez de déterminer l'âge gestationnel.,,0,0,0,0,,
nouveau-né,RÉSULTATS DU NOUVEAU-NÉ,nborn_gamethod,Comment la gestation a-t-elle été estimée ?,"1, LMP | 2, JED | 99, Inconnu",Il s'agit de la méthode d'estimation de l'âge gestationnel. LMP fait référence à la date du premier jour du cycle menstruel le plus récent. EDD fait référence à la date estimée de livraison.,,0,0,0,0,,0
nouveau-né,RÉSULTATS DU NOUVEAU-NÉ,nborn_birthweight,Poids du nouveau-né à la naissance,,"Il s'agit de la mesure du poids d'un nouveau-né immédiatement après la naissance, généralement enregistrée dans les premières minutes de sa vie.",,0,0,0,0,,
nouveau-né,RÉSULTATS DU NOUVEAU-NÉ,nborn_birthweight_units,Poids du nouveau-né à la naissance (certaines unités),"1, g | 2, livres",Poids mesuré à la naissance (g ou lb).,,0,0,0,0,,0
nouveau-né,RÉSULTATS DU NOUVEAU-NÉ,nborn_birthweight_g,Poids du nouveau-né à la naissance (g),,"Il s'agit de la mesure du poids d'un nouveau-né immédiatement après la naissance, généralement enregistrée dans les premières minutes de sa vie.",,0,0,0,0,,
nouveau-né,RÉSULTATS DU NOUVEAU-NÉ,nborn_birthweight_lb,Poids du nouveau-né à la naissance (lb),,"Il s'agit de la mesure du poids d'un nouveau-né immédiatement après la naissance, généralement enregistrée dans les premières minutes de sa vie.",,0,0,0,0,,
nouveau-né,RÉSULTATS DU NOUVEAU-NÉ,nborn_length,Longueur du nouveau-né à la naissance,,Il s'agit de la mesure de la longueur d'un nouveau-né du haut de sa tête jusqu'au bas de l'un de ses talons.,,0,0,0,0,,
nouveau-né,RÉSULTATS DU NOUVEAU-NÉ,nborn_length_units,Longueur du nouveau-né à la naissance (certaines unités),"1, cm | 2, dans",Longueur couronne-talon à la naissance (pouces ou cm).,,0,0,0,0,,0
nouveau-né,RÉSULTATS DU NOUVEAU-NÉ,nborn_length_cm,Longueur du nouveau-né à la naissance (cm),,Il s'agit de la mesure de la longueur d'un nouveau-né du haut de sa tête jusqu'au bas de l'un de ses talons.,,0,0,0,0,,
nouveau-né,RÉSULTATS DU NOUVEAU-NÉ,nborn_length_in,Longueur du nouveau-né à la naissance (po),,Il s'agit de la mesure de la longueur d'un nouveau-né du haut de sa tête jusqu'au bas de l'un de ses talons.,,0,0,0,0,,
nouveau-né,RÉSULTATS DU NOUVEAU-NÉ,nborn_infhc,Tour de tête à la naissance,,Il s’agit de la mesure de la plus grande zone de la tête (distance depuis l’arrière de la tête jusqu’au-dessus des sourcils et des oreilles).,,0,0,0,0,,
nouveau-né,RÉSULTATS DU NOUVEAU-NÉ,nborn_infhc_units,Tour de tête à la naissance (certaines unités),"1, cm | 2, dans",Circonférence occipito-frontale à la naissance (cm).,,0,0,0,0,,0
nouveau-né,RÉSULTATS DU NOUVEAU-NÉ,nborn_infhc_cm,Tour de tête à la naissance (cm),,Il s’agit de la mesure de la plus grande zone de la tête (distance depuis l’arrière de la tête jusqu’au-dessus des sourcils et des oreilles).,,0,0,0,0,,
nouveau-né,RÉSULTATS DU NOUVEAU-NÉ,nborn_infhc_in,Tour de tête à la naissance (po),,Il s’agit de la mesure de la plus grande zone de la tête (distance depuis l’arrière de la tête jusqu’au-dessus des sourcils et des oreilles).,,0,0,0,0,,
nouveau-né,RÉSULTATS DU NOUVEAU-NÉ,nborn_apgar,Score APGAR à 5 minutes (1-1),,"Il s'agit d'un score permettant d'évaluer l'adaptation d'un nouveau-né à la vie extra-utérine. Cinq éléments - fréquence cardiaque, effort respiratoire, tonus musculaire, irritabilité réflexe et couleur - sont évalués 6 secondes après la naissance et de nouveau cinq minutes plus tard sur une échelle de -2, étant le plus bas, 2 étant normal. Les cinq nombres sont additionnés pour le score d'Apgar. Un score de -3 représente une détresse sévère, un score de 4 à 7 indique une détresse modérée et un score de 7 à 1 prédit une absence de difficulté d'adaptation à la vie extra-utérine.",,0,0,0,0,,
nouveau-né,RÉSULTATS DU NOUVEAU-NÉ,nborn_resusc,Réanimation nécessaire après l'accouchement,"1, oui | 0, Non | 99, Inconnu",Il s’agit de mesures appliquées pour redonner la vie à un nouveau-né.,,0,0,0,0,,0
nouveau-né,RÉSULTATS DU NOUVEAU-NÉ,nborn_resuscdet,Donnez des détails,,Il s’agit de mesures appliquées pour redonner la vie à un nouveau-né.,,0,0,0,0,,
nouveau-né,RÉSULTATS DU NOUVEAU-NÉ,nborn_nicu,Admission à l'USIN,"1, Oui, lié à l'agent pathogène d'intérêt | 2, Oui, sans rapport avec l'agent pathogène d'intérêt | 3, Non, en raison de la non-disponibilité des USIN | 0, Non | 4, sans objet | 99, Inconnu",Il s’agit de l’admission du nouveau-né à l’unité de soins intensifs néonatals.,,0,0,0,0,,0
nouveau-né,RÉSULTATS DU NOUVEAU-NÉ,nborn_hospdur,Durée du séjour à l'hôpital,,Il s'agit de la durée totale du séjour hospitalier au cours de l'admission en cours (en jours).,,0,0,0,0,,
nouveau-né,RÉSULTATS DU NOUVEAU-NÉ,nborn_outc,Résultat néonatal,"1, libéré en bonne santé | 2, libéré avec complications/séquelles | 3, Toujours en service néonatal | 4, référé à un autre hôpital | 5, Mort | 99, Inconnu | 6, sans objet",Cela fait référence à l’issue du nouveau-né.,,0,0,0,0,,0
nouveau-né,RÉSULTATS DU NOUVEAU-NÉ,nborn_compyn,Des complications néonatales sont-elles survenues ?,"1, oui | 0, Non | 99, Inconnu",Cela fait référence à toutes les complications survenues pendant la période néonatale.,,0,0,0,0,,0
nouveau-né,RÉSULTATS DU NOUVEAU-NÉ,nborn_compsel,Sélectionnez tout ce qui s'applique.,"1, Syndrome de détresse respiratoire | 2, Hémorragie intraventriculaire | 3, Entérocolite nécrosante | 4, Encéphalopathie néonatale | 5, Maladie pulmonaire chronique | 6, Ictère sévère nécessitant une photothérapie | 7, Anomalie congénitale majeure |  8, infection/septicémie grave |  9, méningite | 10, échange transfusionnel | 99, Inconnu | 88, autre",Cela fait référence à toutes les complications survenues pendant la période néonatale.,,0,0,0,0,,0
nouveau-né,RÉSULTATS DU NOUVEAU-NÉ,nborn_compoth,Si autre : Précisez,,Cela fait référence à toutes les complications survenues pendant la période néonatale.,,0,0,0,0,,
nouveau-né,RÉSULTATS DU NOUVEAU-NÉ,nborn_death,Décès du nouveau-né ou du nourrisson,"1, oui | 0, Non | 99, Inconnu",Cela fait référence au décès du nouveau-né ou du nourrisson,,0,0,0,0,,0
nouveau-né,RÉSULTATS DU NOUVEAU-NÉ,nborn_deathage,Âge au décès,,Il s'agit de l'âge du nouveau-né ou du nourrisson au moment du décès.,,0,0,0,0,,
nouveau-né,RÉSULTATS DU NOUVEAU-NÉ,nborn_deathage_units,Âge au décès (certaines unités),"1, jours | 2, mois",,,0,0,0,,,0
nouveau-né,RÉSULTATS DU NOUVEAU-NÉ,nborn_deathage_days,Âge au décès (jours),,Il s'agit de l'âge du nouveau-né ou du nourrisson au moment du décès.,,0,0,0,0,,
nouveau-né,RÉSULTATS DU NOUVEAU-NÉ,nborn_deathage_months,Âge au décès (mois),,Il s'agit de l'âge du nouveau-né ou du nourrisson au moment du décès.,,0,0,0,0,,
nouveau-né,RÉSULTATS DU NOUVEAU-NÉ,nborn_deathcause,Cause(s) du décès,,Il s’agit de la cause du décès du nouveau-né ou du nourrisson.,,0,0,0,0,,
nouveau-né,RÉSULTATS DU NOUVEAU-NÉ,nborn_birthdefectyn,Anomalie congénitale présente ?,"1, oui | 0, Non | 99, Inconnu",Il s'agit d'anomalies structurelles ou fonctionnelles du fœtus survenues au cours du développement in utero.,,0,0,0,0,,0
nouveau-né,RÉSULTATS DU NOUVEAU-NÉ,nborn_birthdefectnum,Combien?,,Il s'agit d'anomalies structurelles ou fonctionnelles du fœtus survenues au cours du développement in utero.,,0,0,0,0,,
nouveau-né,RÉSULTATS DU NOUVEAU-NÉ,nborn_birthdefect1,Décrire une anomalie congénitale,,Il s'agit d'anomalies structurelles ou fonctionnelles du fœtus survenues au cours du développement in utero.,,0,0,0,0,,
nouveau-né,RÉSULTATS DU NOUVEAU-NÉ,nborn_birthdefect1_date,Date du diagnostic d'anomalie congénitale,,Il s'agit d'anomalies structurelles ou fonctionnelles du fœtus survenues au cours du développement in utero.,,0,0,0,0,,
nouveau-né,RÉSULTATS DU NOUVEAU-NÉ,nborn_birthdefect2,Décrire une anomalie congénitale,,Il s'agit d'anomalies structurelles ou fonctionnelles du fœtus survenues au cours du développement in utero.,,0,0,0,0,,
nouveau-né,RÉSULTATS DU NOUVEAU-NÉ,nborn_birthdefect2_date,Date du diagnostic d'anomalie congénitale,,Il s'agit d'anomalies structurelles ou fonctionnelles du fœtus survenues au cours du développement in utero.,,0,0,0,0,,
nouveau-né,RÉSULTATS DU NOUVEAU-NÉ,nborn_birthdefect3,Décrire une anomalie congénitale,,Il s'agit d'anomalies structurelles ou fonctionnelles du fœtus survenues au cours du développement in utero.,,0,0,0,0,,
nouveau-né,RÉSULTATS DU NOUVEAU-NÉ,nborn_birthdefect3_date,Date du diagnostic d'anomalie congénitale,,Il s'agit d'anomalies structurelles ou fonctionnelles du fœtus survenues au cours du développement in utero.,,0,0,0,0,,
nouveau-né,LÉSIONS DU NOUVEAU-NÉ,nborn_lesion,Lésions néonatales de la peau ou des muqueuses,"1, oui | 0, Non | 99, Inconnu",Il s’agit de la présence de lésions cutanées ou muqueuses observées chez le nouveau-né.,,0,0,0,0,,0
nouveau-né,LÉSIONS DU NOUVEAU-NÉ,nborn_lesion_age,Âge d'apparition des lésions (semaines révolues),,Il s’agit de l’âge (en semaines révolues) auquel les lésions sont apparues pour la première fois.,,0,0,0,0,,
nouveau-né,LÉSIONS DU NOUVEAU-NÉ,nborn_lesion_num,Nombre maximum de lésions observées,"1, léger (< 25 lésions cutanées) | 2, modéré (25-99 lésions cutanées) | 3, sévère (100-250 lésions cutanées) | 4, Très sévère (> 250 lésions cutanées) | 99, Inconnu",Il s’agit du nombre maximum de lésions observées.,,0,0,0,0,,0
nouveau-né,LÉSIONS DU NOUVEAU-NÉ,nborn_lesion_site,Site(s) de lésion et score de douleur (0 = aucune douleur 10 = pire douleur),"1, Tête/visage/cou | 2, intérieur de la bouche | 3, torse | 4, Bras et/ou mains | 5, Jambes et/ou pieds | 6, organes génitaux externes | 7, périanale | 8, Canal vaginal | 9, rectum | 88, autre",Localisation anatomique des lésions et sévérité de la douleur notées de 0 à 10.,,0,0,0,0,,0
nouveau-né,LÉSIONS DU NOUVEAU-NÉ,nborn_lesion_site_oth,"Si autre, précisez le site de la lésion",,Il s'agit de sites de lésions non répertoriés ci-dessus.,,0,0,0,0,,
nouveau-né,LÉSIONS DU NOUVEAU-NÉ,nborn_lesion_type,Type(s) de lésions actuellement présentes,"1, vésicule | 2, Pustules | 3, Lésion ulcérée | 4, Lésion mature croûteuse/croûtée | 5, Preuve résiduelle de lésions résolues (cicatrice/décoloration) | 6, Lésions hémorragiques/hémorragiques",Il s’agit du ou des types morphologiques de lésions présentes aujourd’hui.,,0,0,0,0,,0
nouveau-né,SIGNES ET SYMPTÔMES DU NOUVEAU-NÉ,nborn_sympt,Symptômes néonatals à l'examen clinique,"1, oui | 0, Non | 99, Inconnu",Il s’agit des signes ou symptômes identifiés lors de l’examen clinique néonatal.,,0,0,0,0,,0
nouveau-né,SIGNES ET SYMPTÔMES DU NOUVEAU-NÉ,nborn_fever,Fièvre,"1, oui | 0, Non | 99, Inconnu","Chez les nouveau-nés, la fièvre fait référence à une température corporelle mesurée d'environ 38,0 °C, et l'hypothermie peut également indiquer une infection.",,0,0,0,0,,0
nouveau-né,SIGNES ET SYMPTÔMES DU NOUVEAU-NÉ,nborn_cough,Toux,"1, oui | 0, Non | 99, Inconnu",Cela fait référence à la présence d’une toux.,,0,0,0,0,,0
nouveau-né,SIGNES ET SYMPTÔMES DU NOUVEAU-NÉ,nborn_wheezing,Une respiration sifflante,"1, oui | 0, Non | 99, Inconnu",Défini comme un bruit respiratoire aigu résultant d’un rétrécissement ou d’une obstruction des petites voies respiratoires.,,0,0,0,0,,0
nouveau-né,SIGNES ET SYMPTÔMES DU NOUVEAU-NÉ,nborn_rhinorrhoe,Nez qui coule (rhinorrhée),"1, oui | 0, Non | 99, Inconnu",Défini comme une augmentation de l'écoulement muqueux du nez.,,0,0,0,0,,0
nouveau-né,SIGNES ET SYMPTÔMES DU NOUVEAU-NÉ,nborn_respdistress,Détresse respiratoire,"1, oui | 0, Non | 99, Inconnu",Il s’agit d’une augmentation pathologique de l’effort et de la fréquence des mouvements respiratoires.,,0,0,0,0,,0
nouveau-né,SIGNES ET SYMPTÔMES DU NOUVEAU-NÉ,nborn_tachypnoea,Respiration rapide (tachypnée),"1, oui | 0, Non | 99, Inconnu","Chez le nouveau-né, la tachypnée est définie comme une fréquence respiratoire supérieure à 60 respirations par minute.",,0,0,0,0,,0
nouveau-né,SIGNES ET SYMPTÔMES DU NOUVEAU-NÉ,nborn_nasalflar,Flasque nasal,"1, oui | 0, Non | 99, Inconnu","Chez les nouveau-nés, l’évasement nasal fait référence à l’élargissement des narines pendant l’inspiration et constitue un signe clinique d’un travail respiratoire accru.",,0,0,0,0,,0
nouveau-né,SIGNES ET SYMPTÔMES DU NOUVEAU-NÉ,nborn_grunt,Grognement,"1, oui | 0, Non | 99, Inconnu","Chez le nouveau-né, le grognement fait référence à un bruit expiratoire produit par la fermeture partielle de la glotte et est un signe de détresse respiratoire.",,0,0,0,0,,0
nouveau-né,SIGNES ET SYMPTÔMES DU NOUVEAU-NÉ,nborn_apnoea,Apnée,"1, oui | 0, Non | 99, Inconnu",Défini comme une absence transitoire de respiration spontanée.,,0,0,0,0,,0
nouveau-né,SIGNES ET SYMPTÔMES DU NOUVEAU-NÉ,nborn_nasalcongestion,Congestion nasale,"1, oui | 0, Non | 99, Inconnu","Défini comme une capacité réduite à faire passer l’air à travers la cavité nasale, conduisant souvent à une respiration buccale.",,0,0,0,0,,0
nouveau-né,SIGNES ET SYMPTÔMES DU NOUVEAU-NÉ,nborn_vomit,Vomissement,"1, oui | 0, Non | 99, Inconnu",Défini comme l’expulsion de l’estomac ou de l’intestin grêle par la bouche.,,0,0,0,0,,0
nouveau-né,SIGNES ET SYMPTÔMES DU NOUVEAU-NÉ,nborn_diarrhoea,Diarrhée,"1, oui | 0, Non | 99, Inconnu","Chez les nouveau-nés, la diarrhée fait référence à un changement dans la fréquence ou la consistance des selles par rapport au schéma normal du nourrisson.",,0,0,0,0,,0
nouveau-né,SIGNES ET SYMPTÔMES DU NOUVEAU-NÉ,nborn_consti,Constipation,"1, oui | 0, Non | 99, Inconnu","Chez les nouveau-nés, la constipation fait référence à un passage des selles peu fréquent, difficile ou douloureux par rapport au transit intestinal habituel du nouveau-né.",,0,0,0,0,,0
nouveau-né,SIGNES ET SYMPTÔMES DU NOUVEAU-NÉ,nborn_lowurine,Diminution du débit urinaire,"1, oui | 0, Non | 99, Inconnu","Chez les nouveau-nés, une diminution du débit urinaire est définie comme un débit urinaire < 1 ml/kg/heure.",,0,0,0,0,,0
nouveau-né,SIGNES ET SYMPTÔMES DU NOUVEAU-NÉ,nborn_jaund,Jaunisse,"1, oui | 0, Non | 99, Inconnu","Défini comme une manifestation clinique de l'hyperbilirubinémie, caractérisée par une coloration jaunâtre de la peau, des muqueuses et/ou de la sclère.",,0,0,0,0,,0
nouveau-né,SIGNES ET SYMPTÔMES DU NOUVEAU-NÉ,nborn_skinpallor,Pâleur de la peau,"1, oui | 0, Non | 99, Inconnu",Cela fait référence à une apparence pâle et non naturelle de la peau.,,0,0,0,0,,0
nouveau-né,SIGNES ET SYMPTÔMES DU NOUVEAU-NÉ,nborn_ftt,Incapacité de prospérer,"1, oui | 0, Non | 99, Inconnu","Chez les nouveau-nés, le retard de croissance fait référence à un gain de poids insuffisant ou à une perte de poids au-delà des limites physiologiques attendues.",,0,0,0,0,,0
nouveau-né,SIGNES ET SYMPTÔMES DU NOUVEAU-NÉ,nborn_hypotonia,Diminution du tonus / hypotonie,"1, oui | 0, Non | 99, Inconnu",Il s’agit d’un tonus musculaire réduit par rapport à ce qui est attendu en fonction de l’âge gestationnel et de l’état clinique du nouveau-né.,,0,0,0,0,,0
nouveau-né,SIGNES ET SYMPTÔMES DU NOUVEAU-NÉ,nborn_bulgefont,Fontanelle bombée,"1, oui | 0, Non | 99, Inconnu","Chez les nouveau-nés, la fontanelle bombée fait référence à un renflement vers l'extérieur ou à la plénitude de la fontanelle antérieure lorsque le nourrisson est calme et en position verticale, et peut indiquer une augmentation de la pression intracrânienne.",,0,0,0,0,,0
nouveau-né,SIGNES ET SYMPTÔMES DU NOUVEAU-NÉ,nborn_hypotherm,Hypothermie,"1, oui | 0, Non | 99, Inconnu",Il s’agit d’une température corporelle anormalement réduite en raison d’un échec de la thermorégulation.,,0,0,0,0,,0
nouveau-né,SIGNES ET SYMPTÔMES DU NOUVEAU-NÉ,nborn_feedingdiff,Difficulté d'alimentation,"1, oui | 0, Non | 99, Inconnu","Chez les nouveau-nés, les difficultés d'alimentation comprennent une mauvaise succion, une prise du sein faible, de la fatigue pendant l'alimentation ou une incapacité à terminer les tétées.",,0,0,0,0,,0
nouveau-né,SIGNES ET SYMPTÔMES DU NOUVEAU-NÉ,nborn_hepatomegally,Hépatomégalie,"1, oui | 0, Non | 99, Inconnu",Défini comme une hypertrophie pathologique du foie,,0,0,0,0,,0
nouveau-né,SIGNES ET SYMPTÔMES DU NOUVEAU-NÉ,nborn_anaemia,Anémie,"1, oui | 0, Non | 99, Inconnu","Cela fait référence à une réduction du nombre de globules rouges, de la quantité d'hémoglobine et/ou du volume de concentré de globules rouges par rapport aux plages de référence néonatales.",,0,0,0,0,,0
nouveau-né,SIGNES ET SYMPTÔMES DU NOUVEAU-NÉ,nborn_seizconv,Saisies,"1, oui | 0, Non | 99, Inconnu","Défini comme une anomalie intermittente de la physiologie du système nerveux caractérisée par l'apparition transitoire d'un mouvement soudain, violent et irrégulier du corps, provoqué par une contraction involontaire des muscles due à une activité neuronale anormale, excessive ou synchrone dans le cerveau.",,0,0,0,0,,0
nouveau-né,SIGNES ET SYMPTÔMES DU NOUVEAU-NÉ,nborn_keratitis,Kératite,"1, oui | 0, Non | 99, Inconnu",Il s'agit d'une inflammation de la cornée de l'œil.,,0,0,0,0,,0
nouveau-né,SIGNES ET SYMPTÔMES DU NOUVEAU-NÉ,nborn_conjunctiv,Conjonctivite,"1, oui | 0, Non | 99, Inconnu",Défini comme une inflammation de la conjonctive,,0,0,0,0,,0
nouveau-né,SIGNES ET SYMPTÔMES DU NOUVEAU-NÉ,nborn_ocularother,Autres résultats oculaires,"1, oui | 0, Non | 99, Inconnu",Tout résultat oculaire anormal au-delà du diagnostic primaire.,,0,0,0,0,,0
nouveau-né,SIGNES ET SYMPTÔMES DU NOUVEAU-NÉ,nborn_ocularother_spec,Veuillez préciser,,,,0,0,0,,,
nouveau-né,SIGNES ET SYMPTÔMES DU NOUVEAU-NÉ,nborn_lymph,Lymphadénopathie,"1, Oui-douloureux | 2, Oui-pas douloureux | 0, Non | 99, Inconnu",Défini comme un résultat clinique d’hypertrophie anormale des ganglions lymphatiques.,,0,0,0,0,,0
nouveau-né,SIGNES ET SYMPTÔMES DU NOUVEAU-NÉ,nborn_lymph_site,Préciser le(s) site(s) de lymphadénopathie,"1, axillaire (aisselles) | 2, cervical (cou)| 3, inguinal (aine) | 99, Inconnu | 88, autre",Il s'agit de l'endroit où la lymphadénopathie a été identifiée.,,0,0,0,0,,0
nouveau-né,SIGNES ET SYMPTÔMES DU NOUVEAU-NÉ,nborn_lymph_site_oth,Préciser les autres sites de lymphadénopathie,,Il s'agit de l'endroit où la lymphadénopathie a été identifiée.,,0,0,0,0,,
nouveau-né,SIGNES ET SYMPTÔMES DU NOUVEAU-NÉ,nborn_haemorrhag,Saignement (hémorragie),"1, oui | 0, Non | 99, Inconnu","Défini comme la présence de sang dans un endroit où il n'est pas physiologiquement normal ou une perte de sang par la circulation, interne ou externe. Cela peut inclure une épistaxis (sang du nez), un saignement gingival (sang des gencives/gencive), du sang provenant de n'importe quelle partie du tractus gastro-intestinal (saignement gastro-intestinal) ou des voies génito-urinaires (vagin ou urètre), y compris l'hématurie.",,0,0,0,0,,0
nouveau-né,SIGNES ET SYMPTÔMES DU NOUVEAU-NÉ,nborn_haemorrhag_site,Préciser le(s) site(s) de saignement,,Il s’agit de l’emplacement du ou des sites de saignement/hémorragie.,,0,0,0,0,,
nouveau-né,SIGNES ET SYMPTÔMES DU NOUVEAU-NÉ,nborn_haemorrhag_site_oth,Préciser les autres sites de saignement/hémorragie,,"Il s’agit de l’emplacement du ou des sites de saignement/hémorragie. Les pétéchies font référence à de petites taches rougeâtres ou violacées sur la peau ou les muqueuses résultant d'une hémorragie localisée. Le saignement de nez fait référence à une hémorragie localisée au niveau du nez. Le saignement des gencives fait référence à une hémorragie touchant la gencive. Les hémorragies gastro-intestinales (GI) font référence à une hémorragie dans n’importe quel segment du tractus gastro-intestinal, de l’œsophage au rectum. Les saignements des voies urinaires font référence à une hémorragie provenant de n’importe quelle partie du système urinaire. Les saignements vaginaux font référence à une hémorragie provenant du vagin, sans rapport avec les règles normales.",,0,0,0,0,,
nouveau-né,SIGNES ET SYMPTÔMES DU NOUVEAU-NÉ,nborn_other,Autre(s) symptôme(s),"1, oui | 0, Non | 99, Inconnu",Cela fait référence à la présence d’un signe alternatif ou d’une anomalie non répertoriée ci-dessus.,,0,0,0,0,,0
nouveau-né,SIGNES ET SYMPTÔMES DU NOUVEAU-NÉ,nborn_other_spec,"Si oui, précisez autre",,,,0,0,0,,,
nouveau-né,SIGNES ET SYMPTÔMES DU NOUVEAU-NÉ,nborn_imaging,Imagerie réalisée,"1, Échographie crânienne | 2, IRM | 88, autre | 0, aucun","Toute étude radiologique réalisée (par exemple, échographie, IRM, radiographie).",,0,0,0,0,,0
nouveau-né,SIGNES ET SYMPTÔMES DU NOUVEAU-NÉ,nborn_imaging_oth,Spécifier,,,,0,0,0,,,
nouveau-né,SIGNES ET SYMPTÔMES DU NOUVEAU-NÉ,nborn_imaging_res,Résultats d'imagerie,"1, résultats normaux | 2, résultats anormaux",Résumé des conclusions.,,0,0,0,0,,0
nouveau-né,SIGNES ET SYMPTÔMES DU NOUVEAU-NÉ,nborn_imaging_res_det,"En cas de résultats anormaux, fournir des détails",,Description des résultats anormaux de l’imagerie.,,0,0,0,0,,
nouveau-né,SIGNES ET SYMPTÔMES DU NOUVEAU-NÉ,nborn_conginfectyn,Infections congénitales,"1, oui | 0, Non | 99, Inconnu","Il s’agit d’infections suspectées ou confirmées chez le nouveau-né, contractées in utero et persistant après la naissance.",,0,0,0,0,,0
nouveau-né,SIGNES ET SYMPTÔMES DU NOUVEAU-NÉ,nborn_conginfecttype,Type d'infections congénitales,"1, VMC | 2, Syphilis | 3, Toxoplasmose | 4, VIH | 5, VHC | 6, VHB | 7, HSV-1 | 8, HSV-2 | 99, Inconnu | 88, autre","Il s'agit de types d'infections suspectées ou confirmées chez le nouveau-né, contractées in utero et persistant après la naissance.",,0,0,0,0,,0
nouveau-né,SIGNES ET SYMPTÔMES DU NOUVEAU-NÉ,nborn_conginfectother,Préciser les autres infections congénitales,,"Il s’agit d’autres infections suspectées ou confirmées, non précisées ci-dessus, chez le nouveau-né, contractées in utero et persistant après la naissance.",,0,0,0,0,,
nouveau-né,SIGNES ET SYMPTÔMES DU NOUVEAU-NÉ,nborn_breastfed,Bébé a-t-il déjà été allaité ?,"1, oui | 0, Non | 99, Inconnu",Le nourrisson a reçu du lait maternel au moins une fois après la naissance.,,0,0,0,0,,0
nouveau-né,SIGNES ET SYMPTÔMES DU NOUVEAU-NÉ,nborn_breastfed_status,Statut d'allaitement,"1, actuellement allaitée | 0, allaitement interrompu","Statut d'allaitement actuel du nourrisson au moment de l'évaluation, quelle que soit l'exclusivité.",,0,0,0,0,,0
nouveau-né,SIGNES ET SYMPTÔMES DU NOUVEAU-NÉ,nborn_breastfed_dur,"Si l’allaitement est interrompu, combien de temps l’allaitement a-t-il duré ? (en semaines)",,Nombre total de semaines d'allaitement avant l'arrêt définitif.,,0,0,0,0,,
nouveau-né,TESTS DE LABORATOIRE NOUVEAU-NÉS,nborn_labtestyn,Tests de Mpox chez le nourrisson effectués ?,"1, oui | 0, Non | 99, Inconnu",Tests de laboratoire effectués pour détecter le virus Mpox chez le nourrisson.,,0,0,0,0,,0
nouveau-né,TESTS DE LABORATOIRE NOUVEAU-NÉS,nborn_specimen,Type d'échantillon Mpox,"1, Liquide amniotique | 2, Sang de cordon pendant la grossesse | 3, Sang de cordon après l'accouchement | 4, Échantillon placentaire pendant la grossesse | 5, échantillon placentaire après l'accouchement | 6, lésion cutanée | 7, sang | 8, écouvillon nasopharyngé | 9, Urine |88, Autre","Échantillon biologique utilisé (par exemple, écouvillon de lésion, sang).",,0,0,0,0,,0
nouveau-né,TESTS DE LABORATOIRE NOUVEAU-NÉS,nborn_specimenother,Spécifier,,,,0,0,0,,,
nouveau-né,TESTS DE LABORATOIRE NOUVEAU-NÉS,nborn_labmethod,Méthode de laboratoire Mpox,"1, RAP | 2, Ortho-PCR | 3, Sérologie | 999, Autre",Technique de diagnostic utilisée (par exemple PCR).,,0,0,0,0,,0
nouveau-né,TESTS DE LABORATOIRE NOUVEAU-NÉS,nborn_pcrres,Résultat PCR,"1, positif | 0, négatif",Résultat qualitatif de la PCR (positif/négatif).,,0,0,0,0,,0
nouveau-né,TESTS DE LABORATOIRE NOUVEAU-NÉS,nborn_pcrct,Seuil du cycle PCR (CT),,Nombre de cycles d'amplification requis pour détecter l'ADN viral ; un CT inférieur indique une charge virale plus élevée.,,0,0,0,0,,
nouveau-né,DÉTAILS DU NOUVEAU-NÉ,nborn_motherincl,La mère est-elle incluse dans l'étude ?,"1, oui | 0, Non | 99, Inconnu",Cela fait référence à l'inclusion de la mère dans la même étude.,,0,0,0,0,,0
nouveau-né,DÉTAILS DU NOUVEAU-NÉ,nborn_motherpin,préciser son code PIN,,Il s'agit du numéro d'identification du participant attribué à la mère d'un nouveau-né dans l'étude.,,0,0,0,0,,
suivi,ÉVALUATION DE SUIVI,follow_date,Date du suivi,,Il s'agit de la date du suivi du patient.,Inscrivez la date du suivi. Utilisez le format JJ/MM/AAAA.,0,0,0,0,0,
suivi,ÉVALUATION DE SUIVI,follow_outcome,Résultat pour le patient,,Il s'agit d'une évaluation des résultats du patient lors du suivi.,Sélectionnez l'option la plus appropriée qui représente l'issue pour le patient.,0,0,0,0,0,
suivi,ÉVALUATION DE SUIVI,follow_outcome_date,Première date à laquelle le résultat sélectionné s'est produit,,Il s'agit de la première/plus ancienne date à laquelle le résultat sélectionné était vrai.,Inscrivez la première ou la plus ancienne date à laquelle l'issue sélectionnée s'est produite. Utilisez le format JJ/MM/AAAA.,0,0,0,0,0,
suivi,ÉVALUATION DE SUIVI,follow_outcome_reas,Raison du résultat,,Il s'agit d'une réhospitalisation due à une infection par l'agent pathogène d'intérêt.,Inscrivez la date d'hospitalisation. Utilisez le format JJ/MM/AAAA.,0,0,0,0,0,
suivi,ÉVALUATION DE SUIVI,follow_skindamage,La peau du patient est-elle endommagée après la guérison de la maladie aiguë ?,"1, Oui | 0, Non | 99, Inconnu","Il s'agit de la présence de cicatrices, d'une altération de la pigmentation, de contractures ou d'autres déformations secondaires à des lésions cutanées résolues.",Indiquez « Oui » si le patient présente des lésions cutanées liées à la résolution de lésions cutanées actives.,0,0,0,0,0,0
suivi,ÉVALUATION DE SUIVI,follow_skindamage_type,Si oui: sélectionnez tout ce qui s'applique,"1, Cicatrices atrophiques | 2, Cicatrices hypertrophiques | 3, Déformations | 4, Hypopigmentation | 5, Hyperpigmentation | 6, Contractures | 88, Autre ","Cela fait référence à la présence de cicatrices, de pigmentation altérée, de contractures ou d'autres déformations secondaires aux lésions cutanées résolues. Les cicatrices atrophiques se réfèrent à des cicatrices qui forment une dépression par rapport au niveau de la peau environnante en raison de dommages au collagène, aux graisses ou à d'autres tissus sous la peau. La cicatrice hypertrophique fait référence à une marque permanente sur la peau causée par des dépôts de quantités excessives de collagène pendant la cicatrisation des plaies. Il est élevé et ne s'étend pas au-delà des limites d'origine de la blessure; L'élévation peut stabiliser ou régresser spontanément.  Les déformations se réfèrent aux modifications ou aux écarts de la forme ou de la taille normale qui entraînent une défiguration aux structures corporelles normales. L'hypopigmentation fait référence à un éclairage anormal de la peau en raison d'une diminution de la production ou d'un dépôt de mélanine. L'hyperpigmentation fait référence à l'assombrissement de la peau en raison d'un dépôt excessif de mélanine. La contracture fait référence à un raccourcissement prolongé du muscle ou d'autres tissus mous autour d'une articulation, empêchant le mouvement de l'articulation.",Sélectionnez tous les types de dommages cutanés après la résolution de la maladie aiguë.,0,0,0,0,0,0
suivi,ÉVALUATION DE SUIVI,follow_skindamage_type_oth,Précisez le type de lésion cutanée,,Il s'agit de la présence de tout autre type de lésion cutanée que vous estimez secondaire à l'infection par l'agent pathogène concerné et qu'il convient d'inclure ici.,Indiquez les autres types de lésions cutanées consécutives à la résolution d'une maladie aiguë.,0,0,0,0,0,
suivi,ÉVALUATION DE SUIVI,follow_seque,Le patient a-t-il des séquelles?,"1, Oui | 0, Non | 99, Inconnu","Cela fait référence à toute autre complication (s) ou Sequalae, non spécifiée ci-dessus.",Indiquez «oui» si le patient a d'autres complications ou Sequalae non spécifiés ci-dessus.,0,0,0,0,0,0
suivi,ÉVALUATION DE SUIVI,follow_seque_type,Si oui: sélectionnez tout ce qui s'applique,,"Cela fait référence à toute autre complication (s) ou Sequalae, non spécifiée ci-dessus. La diminution de la vision se réfère à la vision considérée comme inférieure à la vision normale telle que représentée par les normes acceptées d'acuité, de champ de vision ou de motilité. La cécité fait référence à l'incapacité de voir ou à la perte ou à l'absence de perception des stimuli visuels. La sténose urétrale fait référence au rétrécissement de l'urètre associé à l'inflammation ou au tissu cicatriciel. La sténose vaginale fait référence au rétrécissement du vagin en raison de la formation de cicatrices. La sténose rectale fait référence au rétrécissement du rectum secondaire à la formation de cicatrices. La dyspareunie fait référence à des douleurs génitales récurrentes se produisant pendant, avant ou après les rapports sexuels chez les mâles ou les femmes. La dépression se réfère à un trouble affectif manifesté par une humeur dysphorique ou une perte d'intérêt ou un plaisir dans les activités habituelles et la perturbation de l'humeur est proéminente et relativement persistante.","Sélectionnez toutes les autres complications ou séquelles non spécifiées ci-dessus. ",0,0,0,0,0,
suivi,SCORE DE L'INDICE DE BARTHEL,follow_barthel,L'indice de Barthel est-il évalué pour ce patient afin de recueillir des données sur ses capacités quotidiennes ?,"1, Oui | 0, Non | 99, Inconnu",Les questions suivantes sont utilisées pour calculer le score de l'indice de Barthel : L'indice de Barthel pour les activités de la vie quotidienne est une échelle ordinale qui mesure la capacité d'une personne à accomplir les activités de la vie quotidienne.,Indiquez « Oui » si ce score est évalué lors de la visite de suivi afin de déterminer la qualité de vie.,0,0,0,0,0,0
suivi,SCORE DE L'INDICE DE BARTHEL,follow_barthel_feeding,Êtes-vous capable de vous nourrir seul ?,"1, Indépendant | 2, Besoin d'aide | 3, Besoin d'aide importante | 4, Incapable de se nourrir seul",Il s'agit de la capacité du patient à se nourrir seul.,"Sélectionnez l'option la plus appropriée qui correspond le mieux au niveau actuel de capacité du patient. Enregistrez le fonctionnement réel, et non potentiel.",0,0,0,0,0,0
suivi,SCORE DE L'INDICE DE BARTHEL,follow_barthel_bathing,Êtes-vous capable de vous laver seul ?,"1, Indépendant | 2, Besoin d'aide | 3, Besoin d'aide importante | 4, Incapable de se laver seul",Il s'agit de la capacité du patient à se laver seul.,"Sélectionnez l'option la plus appropriée qui correspond le mieux au niveau actuel de capacité du patient. Enregistrez le fonctionnement réel, et non potentiel.",0,0,0,0,0,0
suivi,SCORE DE L'INDICE DE BARTHEL,follow_barthel_grooming,Êtes-vous capable de vous toiletter seul ?,"1, Indépendant | 2, A besoin d'aide | 3, A besoin d'aide importante | 4, Incapable de faire sa toilette",Il s'agit de la capacité du patient à faire sa toilette.,"Sélectionnez l'option la plus appropriée qui correspond le mieux au niveau actuel de capacité du patient. Enregistrez le fonctionnement réel, et non potentiel.",0,0,0,0,0,0
suivi,SCORE DE L'INDICE DE BARTHEL,follow_barthel_dressing,Êtes-vous capable de vous habiller seul ?,"1, Indépendant | 2, A besoin d'aide | 3, A besoin d'aide importante | 4, Incapable de s'habiller",Il s'agit de la capacité du patient à s'habiller seul.,"Sélectionnez l'option la plus appropriée qui correspond le mieux au niveau actuel de capacité du patient. Enregistrez le fonctionnement réel, et non potentiel.",0,0,0,0,0,0
suivi,SCORE DE L'INDICE DE BARTHEL,follow_barthel_bowel,Contrôlez-vous vos intestins ?,"1, Continent | 2, Incontinence occasionnelle | 3, Incontinence fréquente | 4, Incontinence","Il s'agit du contrôle volontaire des selles. La continence désigne le contrôle volontaire complet. L'incontinence occasionnelle désigne la perte du contrôle volontaire une fois par semaine. L'incontinence fréquente désigne la perte du contrôle volontaire plus d'une fois par semaine. L'incontinence désigne l'absence totale de contrôle volontaire, l'incapacité à se débrouiller seul ou la nécessité d'utiliser des lavements pour aller à la selle.","Sélectionnez l'option la plus appropriée qui correspond le mieux au niveau actuel de capacité du patient. Enregistrez le fonctionnement réel, et non potentiel.",0,0,0,0,0,0
suivi,SCORE DE L'INDICE DE BARTHEL,follow_barthel_bladder,Contrôlez-vous votre vessie ?,"1, Continence | 2, Incontinence occasionnelle | 3, Incontinence fréquente | 4, Incontinence","Il s'agit du contrôle volontaire des selles. La continence désigne le contrôle volontaire complet. L'incontinence occasionnelle désigne la perte du contrôle volontaire une fois par semaine. L'incontinence fréquente désigne la perte du contrôle volontaire plus d'une fois par semaine. L'incontinence désigne l'absence totale de contrôle volontaire, l'incapacité à se débrouiller seul ou la nécessité d'un cathétérisme.","Sélectionnez l'option la plus appropriée qui correspond le mieux au niveau actuel de capacité du patient. Enregistrez le fonctionnement réel, et non potentiel.",0,0,0,0,0,0
suivi,SCORE DE L'INDICE DE BARTHEL,follow_barthel_toilet,Êtes-vous capable d'aller aux toilettes seul ?,"1, Indépendant | 2, A besoin d'aide | 3, A besoin d'aide importante | 4, Incapable d'utiliser les toilettes",Il s'agit de la capacité à utiliser les toilettes de manière autonome.,"Sélectionnez l'option la plus appropriée qui correspond le mieux au niveau actuel de capacité du patient. Enregistrez le fonctionnement réel, et non potentiel.",0,0,0,0,0,0
suivi,SCORE DE L'INDICE DE BARTHEL,follow_barthel_transfer,Êtes-vous capable de vous transférer du lit à une chaise et inversement ?,"1, Indépendant | 2, A besoin d'aide | 3, A besoin d'aide importante | 4, Incapable de se déplacer",Il s'agit de la capacité à se transférer du lit à une chaise et inversement.,"Sélectionnez l'option la plus appropriée qui correspond le mieux au niveau actuel de capacité du patient. Enregistrez le fonctionnement réel, et non potentiel.",0,0,0,0,0,0
suivi,SCORE DE L'INDICE DE BARTHEL,follow_barthel_walking,Êtes-vous capable de marcher sur une surface plane ?,"1, Indépendant | 2, A besoin d'aide | 3, Utilise un fauteuil roulant de manière autonome | 4, Incapable de marcher",Il s'agit de la capacité à marcher sur des surfaces planes.,"Sélectionnez l'option la plus appropriée qui correspond le mieux au niveau actuel de capacité du patient. Enregistrez le fonctionnement réel, et non potentiel.",0,0,0,0,0,0
suivi,SCORE DE L'INDICE DE BARTHEL,follow_barthel_stairs,Êtes-vous capable de monter et descendre des escaliers ?,"1, Indépendant | 2, A besoin d'aide | 3, Incapable d'utiliser les escaliers",Il s'agit de la capacité à monter et descendre un escalier.,"Sélectionnez l'option la plus appropriée qui correspond le mieux au niveau actuel de capacité du patient. Enregistrez le fonctionnement réel, et non potentiel.",0,0,0,0,0,0
retrait,RETRAIT,withd_date,Date de retrait,,Il s'agit du retrait du consentement du patient.,Écrivez la date de retrait du consentement du patient. Utilisez le format DD / MM / YYYY.,0,0,0,0,0,
retrait,RETRAIT,withd_reas,Raison du retrait,,Il s'agit du retrait du consentement du patient.,"Inscrivez la raison du retrait du consentement du patient. ",0,0,0,0,0,
retrait,RETRAIT,withd_active,Le participant s'est-il retiré de la participation active à l'étude?,"1, Oui | 0, Non | 99, Inconnu",Il s'agit du retrait du consentement du patient.,Indiquez «oui» si le participant s'est retiré de la participation active à l'étude.,0,0,0,0,0,0
retrait,RETRAIT,withd_datacoll,Le participant a-t-il retiré son consentement à utiliser les données collectées jusqu'au point de retrait?,"1, Oui | 0, Non | 99, Inconnu",Il s'agit du retrait du consentement du patient.,Indiquez «oui» si le participant a retiré son consentement à utiliser les données collectées jusqu'au point de retrait.,0,0,0,0,0,0
retrait,RETRAIT,withd_datasample,Le participant a-t-il retiré son consentement à utiliser des échantillons prélevés jusqu'au point de retrait?,"1, Oui | 0, Non | 99, Inconnu","Il s'agit du retrait du consentement du patient. ",Indiquez «oui» si le participant a retiré son consentement à utiliser des échantillons prélevés jusqu'au point de retrait.,0,0,0,0,0,0